entity_id,name,cluster_id,issue_community_id,relationship_community_id,cluster_label
firm_7257,"BROWNSTEIN HYATT FARBER SCHRECK, LLP",0,0,62,Other / Multi-sector
firm_682,AKIN GUMP STRAUSS HAUER & FELD,0,0,62,Other / Multi-sector
firm_5357,BGR GOVERNMENT AFFAIRS,0,0,62,Other / Multi-sector
firm_75557,"CORNERSTONE GOVERNMENT AFFAIRS, INC.",0,0,62,Other / Multi-sector
firm_18466,HOLLAND & KNIGHT LLP,0,0,62,Other / Multi-sector
firm_314237,INVARIANT LLC,0,0,62,Other / Multi-sector
firm_401104288,BALLARD PARTNERS,0,0,91,Other / Multi-sector
firm_313715,CAPITOL COUNSEL LLC,0,0,62,Other / Multi-sector
firm_30906,SQUIRE PATTON BOGGS,0,0,62,Other / Multi-sector
firm_284950,"MEHLMAN CONSULTING, INC.",0,0,62,Other / Multi-sector
firm_400976792,FORBES-TATE,0,0,62,Other / Multi-sector
firm_400534596,THORN RUN PARTNERS,0,0,62,Other / Multi-sector
firm_8453,"CASSIDY & ASSOCIATES, INC.",0,0,62,Other / Multi-sector
firm_20744,TIBER CREEK GROUP,0,0,62,Other / Multi-sector
firm_400531586,"CROSSROADS STRATEGIES, LLC",0,0,62,Other / Multi-sector
firm_32098,"K&L GATES, LLP",0,0,62,Other / Multi-sector
firm_401108853,LOC COMMUNITY ASSOCIATION,2,2,79,Other / Multi-sector
firm_39837,VAN SCOYOC ASSOCIATES,0,0,62,Other / Multi-sector
firm_313271,"AVOQ, LLC",0,0,62,Other / Multi-sector
firm_1171,"ALPINE GROUP PARTNERS, LLC.",0,0,62,Other / Multi-sector
firm_401104313,"MILLER STRATEGIES, LLC",0,0,62,Other / Multi-sector
firm_41454,"WILLIAMS AND JENSEN, PLLC",0,0,62,Other / Multi-sector
firm_304736,"TARPLIN, DOWNS & YOUNG, LLC",3,3,62,Other / Multi-sector
firm_65976,"CAPITOL TAX PARTNERS, LLP",4,4,62,Other / Multi-sector
firm_11195,COVINGTON & BURLING LLP,0,0,62,Other / Multi-sector
firm_400774330,S-3 GROUP,0,0,62,Other / Multi-sector
firm_401103500,FIERCE GOVERNMENT RELATIONS,0,0,62,Other / Multi-sector
firm_48827,OGR,0,0,62,Other / Multi-sector
firm_401103523,"HARBINGER STRATEGIES, LLC",4,4,62,Other / Multi-sector
firm_308775,MONUMENT ADVOCACY,0,0,62,Other / Multi-sector
firm_2057,ACG ADVOCACY,0,0,62,Other / Multi-sector
firm_70175,"MERCURY PUBLIC AFFAIRS, LLC",0,0,0,Other / Multi-sector
firm_18422,HOGAN LOVELLS US LLP,0,0,62,Other / Multi-sector
firm_60550,STRATEGIC MARKETING INNOVATIONS,5,5,676,Other / Multi-sector
firm_39941,VENABLE LLP,0,0,62,Other / Multi-sector
firm_76855,DLA PIPER LLP (US),0,0,62,Other / Multi-sector
firm_296271,"MINDSET ADVOCACY, LLC",4,4,62,Other / Multi-sector
firm_4301,ARNOLD & PORTER KAYE SCHOLER LLP,0,0,62,Other / Multi-sector
firm_1182,ALSTON & BIRD LLP,3,3,62,Other / Multi-sector
firm_6837,BRACEWELL LLP,0,0,62,Other / Multi-sector
firm_86196,FGS GLOBAL (US) LLC (FKA FGH HOLDINGS LLC),0,0,62,Other / Multi-sector
firm_65191,VENN STRATEGIES,0,0,603,Other / Multi-sector
firm_320918,"KOUNTOUPES DENHAM CARR & REID, LLC",0,0,62,Other / Multi-sector
firm_76992,"CGCN GROUP, LLC",0,0,62,Other / Multi-sector
firm_12675,THE DUBERSTEIN GROUP INC.,0,0,62,Other / Multi-sector
firm_36710,STEPTOE LLP,0,0,62,Other / Multi-sector
firm_401103321,TODD STRATEGY GROUP,3,3,62,Other / Multi-sector
firm_401103475,"VENTURE GOVERNMENT STRATEGIES, LLC (FKA HOBART HALLAWAY & QUAYLE VENTURES, LLC)",0,0,62,Other / Multi-sector
firm_293335,"THE NICKLES GROUP, LLC",0,0,62,Other / Multi-sector
firm_313511,J.A. GREEN AND COMPANY,5,5,62,Other / Multi-sector
firm_401104734,THE VOGEL GROUP,0,0,62,Other / Multi-sector
firm_22688,"THE RUSSELL GROUP, INC.",6,6,62,Other / Multi-sector
firm_5153,BAKER DONELSON BEARMAN CALDWELL & BERKOWITZ,0,0,62,Other / Multi-sector
firm_16896,"GREENBERG TRAURIG, LLP",0,0,62,Other / Multi-sector
firm_307730,"POLARIS GOVERNMENT RELATIONS, LLC",4,4,62,Other / Multi-sector
firm_400532589,PRIME POLICY GROUP,0,0,62,Other / Multi-sector
firm_84775,RICH FEUER ANDERSON,4,4,62,Other / Multi-sector
firm_14451,THE FERGUSON GROUP,7,7,582,Other / Multi-sector
firm_22781,"LEWIS-BURKE ASSOCIATES, LLC",0,0,62,Other / Multi-sector
firm_72111,AVENUE SOLUTIONS,3,3,62,Other / Multi-sector
firm_401103938,FARRAGUT PARTNERS LLP,3,3,62,Other / Multi-sector
firm_400459252,COZEN O'CONNOR PUBLIC STRATEGIES,0,0,62,Other / Multi-sector
firm_401103834,"THEGROUP DC, LLC",0,0,62,Other / Multi-sector
firm_36105,DENTONS US LLP,0,0,62,Other / Multi-sector
firm_400918672,PENN AVENUE PARTNERS,0,0,62,Other / Multi-sector
firm_72053,CAPITOL HILL CONSULTING GROUP,3,3,62,Other / Multi-sector
firm_400762305,"ROBERTI GLOBAL (F/K/A ROBERTI WHITE, LLC)",0,0,62,Other / Multi-sector
firm_57475,ERNST & YOUNG LLP (WASHINGTON COUNCIL ERNST & YOUNG),4,4,112,Other / Multi-sector
firm_400886595,THE ROOSEVELT GROUP,5,5,988,Other / Multi-sector
firm_76833,"NVG, LLC",3,3,62,Other / Multi-sector
firm_294930,THE WASHINGTON TAX & PUBLIC POLICY GROUP,4,4,62,Other / Multi-sector
firm_21632,KING & SPALDING LLP,3,3,62,Other / Multi-sector
firm_401103565,MICHAEL BEST STRATEGIES LLC,0,0,62,Other / Multi-sector
firm_85071,"NAVIGATORS GLOBAL LLC (FORMERLY DC NAVIGATORS, LLC)",0,0,62,Other / Multi-sector
firm_401104718,HB STRATEGIES,0,0,62,Other / Multi-sector
firm_10800,"INNOVATIVE FEDERAL STRATEGIES, LLC",8,8,62,Other / Multi-sector
firm_40013096,"FRANKLIN SQUARE GROUP, LLC",25,25,62,Other / Multi-sector
firm_401105417,"ELEVATE GOVERNMENT AFFAIRS, LLC",0,0,62,Other / Multi-sector
firm_24486,MCGUIREWOODS CONSULTING (A SUBSIDIARY OF MCGUIREWOODS LLP),0,0,62,Other / Multi-sector
firm_305054,"PORTERFIELD, FETTIG & SEARS, LLC",4,4,62,Other / Multi-sector
firm_15042,FOLEY & LARDNER LLP,3,3,62,Other / Multi-sector
firm_2194,"AMERICAN DEFENSE INTERNATIONAL, INC.",5,5,62,Other / Multi-sector
firm_401054971,FTI GOVERNMENT AFFAIRS,0,0,62,Other / Multi-sector
firm_35800,"THE SMITH-FREE GROUP, LLC",0,0,62,Other / Multi-sector
firm_54734,"TOWNSEND PUBLIC AFFAIRS, INC",27,27,62,Other / Multi-sector
firm_285871,NELSON MULLINS RILEY & SCARBOROUGH,0,0,62,Other / Multi-sector
firm_401104646,"FEDERAL HALL POLICY ADVISORS, LLC",4,4,62,Other / Multi-sector
firm_41534,WILMER CUTLER PICKERING HALE AND DORR LLP,0,0,62,Other / Multi-sector
firm_5131,BAKER & HOSTETLER LLP,0,0,62,Other / Multi-sector
firm_314911,POLSINELLI PC,3,3,1119,Other / Multi-sector
firm_286096,THE MCMANUS GROUP,3,3,62,Other / Multi-sector
firm_50796,WINNING STRATEGIES WASHINGTON,3,3,62,Other / Multi-sector
firm_401104322,"MERCHANT MCINTYRE & ASSOCIATES, LLC",216,216,62,Other / Multi-sector / Healthcare & Pharma
firm_401104556,BOUNDARY STONE PARTNERS,0,0,62,Other / Multi-sector
firm_8316,CARMEN GROUP INCORPORATED,0,0,62,Other / Multi-sector
firm_8511,"CAVAROCCHI RUSCIO DENNIS ASSOCIATES, L.L.C.",0,0,535,Other / Multi-sector
firm_289773,"BOCKORNY GROUP, INC.",0,0,62,Other / Multi-sector
firm_292573,"MCALLISTER & QUINN, LLC",0,0,62,Other / Multi-sector
firm_35230,SIDLEY AUSTIN LLP,4,4,62,Other / Multi-sector
firm_283696,"BECKER & POLIAKOFF, P.A.",0,0,62,Other / Multi-sector
firm_4208,ARENTFOX SCHIFF LLP,0,0,62,Other / Multi-sector
firm_32008,"POWERS PYLES SUTTER & VERVILLE, P.C.",3,3,62,Other / Multi-sector
firm_6325,BLANK ROME GOVERNMENT RELATIONS,0,0,62,Other / Multi-sector
firm_46038,"JEFFREY J. KIMBELL & ASSOCIATES, INC.",3,3,62,Other / Multi-sector
firm_401104641,LOT SIXTEEN LLC,0,0,12,Other / Multi-sector
firm_157,"ADAMS AND REESE, LLP",0,0,62,Other / Multi-sector
firm_32486,"PUBLIC STRATEGIES WASHINGTON, INC.",0,0,62,Other / Multi-sector
firm_13836,"ERVIN GRAVES STRATEGY GROUP, LLC",152,152,62,Other / Multi-sector
firm_5404,"BARNES & THORNBURG, LLP",0,0,62,Other / Multi-sector
firm_29777,C2 STRATEGIES,5,5,189,Other / Multi-sector
firm_12631,FAEGRE DRINKER BIDDLE & REATH LLP,3,3,255,Other / Multi-sector
firm_307114,KELLEY DRYE & WARREN LLP,0,0,62,Other / Multi-sector
firm_818,ALCALDE & FAY,0,0,1463,Other / Multi-sector
firm_401104716,KLEIN/JOHNSON GROUP,0,0,62,Other / Multi-sector
firm_66773,"THE CORMAC GROUP, LLC",0,0,62,Other / Multi-sector
firm_401106285,"CONTINENTAL STRATEGY, LLC",0,0,62,Other / Multi-sector
firm_401104684,COGENT STRATEGIES LLC,0,0,62,Other / Multi-sector
firm_401105159,FULCRUM PUBLIC AFFAIRS LLC,0,0,62,Other / Multi-sector
firm_284050,THE MADISON GROUP,0,0,62,Other / Multi-sector
firm_30495,"PACE, LLP",0,0,62,Other / Multi-sector
firm_400605842,"W STRATEGIES, LLC",3,3,62,Other / Multi-sector
firm_400458208,STERNHELL GROUP,195,195,62,Other / Multi-sector / Finance & Banking
firm_287771,"CLARK HILL, PLC",0,0,62,Other / Multi-sector
firm_400703105,EMPIRE CONSULTING GROUP,0,0,62,Other / Multi-sector
firm_401103493,WEST FRONT STRATEGIES LLC,0,0,62,Other / Multi-sector
firm_401103287,MCDERMOTT+ LLC,3,3,62,Other / Multi-sector
firm_82135,OWEN EVANS INGOLS,0,0,62,Other / Multi-sector
firm_297294,BOSE PUBLIC AFFAIRS GROUP,0,0,186,Other / Multi-sector
firm_401104703,"FEDERAL STREET STRATEGIES, LLC",0,0,62,Other / Multi-sector
firm_401104428,"GUIDEPOSTSTRATEGIES, LLC",0,0,62,Other / Multi-sector
firm_35640,"CARPI & CLAY, INC",27,27,752,Other / Multi-sector
firm_401104769,FEROX STRATEGIES,0,0,62,Other / Multi-sector
firm_401104100,VANTAGEKNIGHT LLC,0,0,62,Other / Multi-sector
firm_401103077,LINCOLN POLICY GROUP,3,3,62,Other / Multi-sector
firm_400693064,RED+BLUE STRATEGIES,3,3,62,Other / Multi-sector
firm_24123,MAYER BROWN LLP,14,14,62,Other / Multi-sector
firm_401105040,"A10 ASSOCIATES, LLC",15,15,928,Other / Multi-sector
firm_401105068,"RESOLUTION PUBLIC AFFAIRS, LLC",4,4,62,Other / Multi-sector
firm_400713141,"THE MAJORITY GROUP, LLC",16,16,224,Other / Multi-sector
firm_401109039,CHECKMATE GOVERNMENT RELATIONS,0,0,62,Other / Multi-sector
firm_39815,"VAN NESS FELDMAN, LLP",0,0,62,Other / Multi-sector
firm_401104256,"JIM MASSIE & PARTNERS, LLC",0,0,62,Other / Multi-sector
firm_297033,"TORREY ADVISORY GROUP (FORMERLY MICHAEL TORREY ASSOCIATES, LLC)",6,6,62,Other / Multi-sector
firm_25306,MILLER & CHEVALIER CHARTERED,4,4,62,Other / Multi-sector
firm_55291,BUCHANAN INGERSOLL & ROONEY PC,0,0,586,Other / Multi-sector
firm_321555,NATURAL RESOURCE RESULTS LLC,17,17,12,Other / Multi-sector
firm_40011081,"KADESH & ASSOCIATES, LLC",18,18,62,Other / Multi-sector
firm_401103295,ALIGNMENT GOVERNMENT STRATEGIES,0,0,62,Other / Multi-sector
firm_401103550,SUMMIT STRATEGIES GOVERNMENT AFFAIRS LLC,19,19,556,Other / Multi-sector
client_00039,AMERICAN ISRAEL PUBLIC AFFAIRS COMMITTEE,20,20,111,Other / Multi-sector / Education & Research
firm_25603,"ML STRATEGIES, LLC",0,0,62,Other / Multi-sector
firm_400923683,DALY CONSULTING GROUP,195,195,62,Other / Multi-sector / Finance & Banking
firm_400685041,PENN HILL GROUP,21,21,62,Other / Multi-sector / Education & Research
firm_73271,"SIGNAL GROUP CONSULTING, LLC",0,0,62,Other / Multi-sector
firm_49635,"THE LIVINGSTON GROUP, LLC",0,0,62,Other / Multi-sector
firm_401105121,"MARSHALL & POPP, LLC",0,0,62,Other / Multi-sector
firm_401104408,KELLER PARTNERS & COMPANY,22,22,965,Other / Multi-sector
firm_20881,"JONES WALKER, LLP",0,0,62,Other / Multi-sector
firm_401103235,"THE SIMMONS & RUSSELL GROUP, LLC",0,0,438,Other / Multi-sector
firm_35002,PILLSBURY WINTHROP SHAW PITTMAN LLP,5,5,62,Other / Multi-sector
firm_400275281,"LIBERTY PARTNERS GROUP, LLC",3,3,62,Other / Multi-sector
firm_401057986,"SBL STRATEGIES, LLC",23,23,62,Other / Multi-sector / Energy & Environment
firm_319756,TRIBUTARY LLP,24,24,1625,Other / Multi-sector
firm_400493431,"TWINLOGIC STRATEGIES, LLP",25,25,62,Other / Multi-sector
firm_81511,TROUTMAN STATEGIES,0,0,62,Other / Multi-sector
firm_306636,"THE NORMANDY GROUP, LLC",26,26,79,Other / Multi-sector
firm_84673,HART HEALTH STRATEGIES,3,3,62,Other / Multi-sector
firm_401104906,ATLAS CROSSING LLC,0,0,603,Other / Multi-sector
firm_287394,PUTALASTRATEGIES,0,0,62,Other / Multi-sector
firm_35707,SMITH GARSON FKA SMITH DAWSON & ANDREWS,27,27,1114,Other / Multi-sector
firm_401105148,FS VECTOR,4,4,62,Other / Multi-sector
firm_63451,WASHINGTON2 ADVOCATES,0,0,172,Other / Multi-sector
firm_401104582,SPLITOAK STRATEGIES LLC,3,3,62,Other / Multi-sector
firm_400711132,"THE PICARD GROUP, LLC",3,3,255,Other / Multi-sector
firm_401105514,SALT POINT STRATEGIES,25,25,62,Other / Multi-sector
firm_17443,HANCE SCARBOROUGH,0,0,62,Other / Multi-sector
firm_14223,"MARCUS G. FAUST, PC",28,28,62,Other / Multi-sector
firm_401106319,"ACTUM I, LLC",0,0,62,Other / Multi-sector
firm_401103585,MCLARTY INBOUND LLC,0,0,62,Other / Multi-sector
firm_401046942,"BANNER PUBLIC AFFAIRS, LLC",0,0,62,Other / Multi-sector
firm_400599826,THORSEN FRENCH ADVOCACY LLC,0,0,62,Other / Multi-sector
firm_401053970,GRAYROBINSON PA,4,4,62,Other / Multi-sector
firm_305932,"THE PETRIZZO GROUP, INC.",3,3,62,Other / Multi-sector
firm_401105259,"PLATINUM ADVISORS DC, LLC",0,0,319,Other / Multi-sector
firm_90250,TREMONT STRATEGIES GROUP LLC (F/K/A ADS VENTURES),0,0,62,Other / Multi-sector
firm_400745228,"PORTER GROUP, LLC",27,27,62,Other / Multi-sector
firm_400507495,SPIRIT ROCK CONSULTING,30,30,66,Other / Multi-sector
firm_79175,STRATEGIES 360,0,0,62,Other / Multi-sector
firm_400348604,"TAFT STETTINIUS & HOLLISTER LLP DBA TAFT ADVISORS LLC FKA (TAFT, STETTINIUS & HO",31,31,542,Other / Multi-sector
firm_10478,CFM STRATEGIC COMMUNICATIONS (CONKLING FISKUM & MCCORMICK),27,27,60,Other / Multi-sector
firm_401104750,CHARTWELL STRATEGY GROUP LLC,4,4,62,Other / Multi-sector
firm_292892,"WHITMER & WORRALL, LLC",0,0,62,Other / Multi-sector
firm_401104778,EMERGENT STRATEGIES,4,4,62,Other / Multi-sector
firm_400712135,"TIBER CREEK HEALTH STRATEGIES, INC.",3,3,62,Other / Multi-sector
firm_401016871,"REPUBLIC CONSULTING, LLC",5,5,62,Other / Multi-sector
firm_400646949,"EAST END GROUP, LLC",3,3,62,Other / Multi-sector
firm_401104285,"WELSH ROSE, LLC",3,3,62,Other / Multi-sector
firm_401104785,CAPITOL HILL POLICY GROUP LLC,32,32,62,Other / Multi-sector / Legal & Lobbying
firm_11377,CROWELL & MORING LLP,0,0,62,Other / Multi-sector
firm_401106546,DGA GROUP GOVERNMENT RELATIONS LLC,0,0,62,Other / Multi-sector
firm_285255,STRATEGIC HEALTH CARE,3,3,1119,Other / Multi-sector
firm_36914,BRADLEY ARANT BOULT CUMMINGS LLP,8,8,358,Other / Multi-sector
firm_72975,"FEDERAL POLICY GROUP, LLC",4,4,62,Other / Multi-sector
firm_400290378,RAFFANIELLO & ASSOCIATES,4,4,62,Other / Multi-sector
firm_400434103,"WATER STRATEGIES, LLC",33,33,542,Other / Multi-sector / Government & Nonprofit
firm_12868,"DUTKO WORLDWIDE, LLC",0,0,62,Other / Multi-sector
firm_401020884,"HOOPER, LUNDY & BOOKMAN, P.C.",3,3,1938,Other / Multi-sector
firm_401105888,PIONEER PUBLIC AFFAIRS,0,0,62,Other / Multi-sector
firm_62778,RICCHETTI INCORPORATED,0,0,62,Other / Multi-sector
firm_41408,WILEY REIN LLP,0,0,62,Other / Multi-sector
firm_310938,"CJ LAKE, LLC",0,0,62,Other / Multi-sector
firm_10764,PRICEWATERHOUSECOOPERS,34,34,62,Other / Multi-sector
firm_61458,THE RABEN GROUP,0,0,62,Other / Multi-sector
firm_29802,"THE OB-C GROUP, LLC",0,0,79,Other / Multi-sector
firm_11674,DAVIS & HARMAN LLP,4,4,62,Other / Multi-sector
firm_401105392,"BLUE RIDGE LAW & POLICY, P.C.",195,195,62,Other / Multi-sector / Finance & Banking
firm_401103598,"THE MCKEON GROUP, INC.",35,35,62,Other / Multi-sector / Healthcare & Pharma
firm_400645947,CHAMBER HILL STRATEGIES,3,3,62,Other / Multi-sector
firm_401104869,"O'KEEFFE SHAHMORADI STRATEGIES, LLC",36,36,62,Other / Multi-sector
firm_401103221,KASOWITZ LLP,15,15,62,Other / Multi-sector
firm_47110,THOMPSON COBURN LLP,37,37,1906,Other / Multi-sector / Education & Research
firm_317754,"SORINI, SAMET & ASSOCIATES, LLC",0,0,62,Other / Multi-sector
firm_315592,HORIZON GOVERNMENT AFFAIRS,3,3,62,Other / Multi-sector
firm_315717,GEPHARDT GROUP GOVERNMENT AFFAIRS,0,0,62,Other / Multi-sector
firm_86210,TELEMEDIA POLICY CORP.,25,25,257,Other / Multi-sector
firm_401104682,"TAI GINSBERG & ASSOCIATES, LLC",27,27,951,Other / Multi-sector
firm_83717,STANTON PARK GROUP,3,3,62,Other / Multi-sector
firm_400862528,SUSTAINABLE STRATEGIES DC,39,39,459,Other / Multi-sector
firm_400980803,RISING TIDE ASSOCIATES,5,5,1000,Other / Multi-sector
firm_18978,HUNTON ANDREWS KURTH LLP,0,0,2101,Other / Multi-sector
firm_38643,DAVID TURCH & ASSOC.,36,36,1014,Other / Multi-sector
firm_401103494,SIRONA STRATEGIES LLC,3,3,392,Other / Multi-sector
firm_74135,"HEALTH POLICY SOURCE, INC.",3,3,62,Other / Multi-sector
firm_401104432,"MILNE, WIENER & SHOFE GLOBAL STRATEGIES (FKA M & W GOVERNMENT AFFAIRS, LLC)",0,0,62,Other / Multi-sector
firm_24338,MCDERMOTT WILL & SCHULTE LLP,0,0,62,Other / Multi-sector
firm_308811,LNE GROUP,0,0,603,Other / Multi-sector
firm_400487397,LOBBYIT.COM,40,40,62,Other / Multi-sector / Legal & Lobbying
firm_401104539,VIKING NAVIGATION LLC,41,41,542,Other / Multi-sector
firm_401104049,THE WILLIAMS GROUP,4,4,62,Other / Multi-sector
firm_60116,MAYNARD NEXSEN PC,8,8,519,Other / Multi-sector
firm_304315,POTOMAC PARTNERS DC,27,27,1463,Other / Multi-sector
firm_401103311,FEDERAL SCIENCE PARTNERS LLC,0,0,79,Other / Multi-sector
firm_400689052,"NORTH SOUTH GOVERNMENT STRATEGIES, FKA JDM PUBLIC STRATEGIES, LLC",30,30,62,Other / Multi-sector
firm_401104546,"SIMS STRATEGIES, LLC",3,3,62,Other / Multi-sector
firm_401105638,H&M STRATEGIES LLP,43,43,62,Other / Multi-sector
firm_401025893,KIT BOND STRATEGIES,0,0,319,Other / Multi-sector
firm_401103568,ROCK CREEK COUNSEL,4,4,62,Other / Multi-sector
firm_401057985,ATLANTIC STRATEGIES GROUP LLC,8,8,1319,Other / Multi-sector
firm_401104281,A1.9 STRATEGIES LLC,5,5,542,Other / Multi-sector
firm_308172,"FEDERAL ADVOCATES, INC.",45,45,1691,Other / Multi-sector
firm_70131,"MERCURY STRATEGIES, LLC",25,25,62,Other / Multi-sector
firm_21563,KILPATRICK TOWNSEND AND STOCKTON,0,0,79,Other / Multi-sector
firm_23645,"MANATT, PHELPS, AND PHILLIPS",0,0,62,Other / Multi-sector
firm_300195,FREEMYER & ASSOCIATES P.C.,17,17,547,Other / Multi-sector
firm_401106062,"LSN PARTNERS, LLC",152,152,62,Other / Multi-sector
firm_400459241,CAPITOL HILL PARTNERS,37,37,62,Other / Multi-sector / Education & Research
firm_400797392,"STEWART STRATEGIES AND SOLUTIONS, LLC",47,47,62,Other / Multi-sector
firm_76252,CARBONLEAF LLC,48,48,112,Other / Multi-sector
firm_316057,ICE MILLER STRATEGIES LLC,24,24,62,Other / Multi-sector
firm_401105491,TIGER HILL PARTNERS LLC,195,195,62,Other / Multi-sector / Finance & Banking
firm_17000,"GROOM LAW GROUP, CHARTERED",3,3,172,Other / Multi-sector
firm_56417,"TIMOTHY R. RUPLI & ASSOCIATES, INC.",24,24,1433,Other / Multi-sector
firm_401104678,"HILL EAST GROUP, LLC",31,31,62,Other / Multi-sector
firm_66090,"NATIONAL GROUP, LLP",8,8,1558,Other / Multi-sector
firm_400713140,KYLE HOUSE GROUP,49,49,62,Other / Multi-sector / Healthcare & Pharma
firm_401107432,AXADVOCACY GOVERNMENT RELATIONS,0,0,62,Other / Multi-sector
firm_401105130,"BRIDGE PUBLIC AFFAIRS, LLC",0,0,542,Other / Multi-sector
firm_75570,J M BURKMAN & ASSOCIATES,50,50,62,Other / Multi-sector
firm_401105189,STONINGTON GLOBAL,43,43,1837,Other / Multi-sector
firm_400704112,"CORLEY CONSULTING, LLC",51,51,62,Other / Multi-sector / Legal & Lobbying
firm_30212,"OLSSON, FRANK, WEEDA, TERMAN & MATZ, PC",3,3,62,Other / Multi-sector
firm_401105461,"1607 STRATEGIES, LLC",4,4,62,Other / Multi-sector
firm_401106646,CR FEDERAL,52,52,62,Other / Multi-sector
firm_401103693,WAXMAN STRATEGIES,115,115,542,Other / Multi-sector
firm_401104425,"PLURUS STRATEGIES, LLC",0,0,79,Other / Multi-sector
firm_85014,MARLA GROSSMAN LLC,45,45,1239,Other / Multi-sector
firm_401105692,CLARK STREET ASSOCIATES,8,8,62,Other / Multi-sector
firm_294198,"COMBEST, SELL & ASSOCIATES, LLC",6,6,2000,Other / Multi-sector
firm_53174,"CAPITOL RESOURCES, LLC",52,52,62,Other / Multi-sector
firm_73635,GEOFFREY P. GRAY,4,4,62,Other / Multi-sector
firm_401104228,TEAM HALLAHAN LLC,54,54,62,Other / Multi-sector / Government & Nonprofit
firm_11834,"DEBRUNNER & ASSOCIATES, INC.",3,3,669,Other / Multi-sector
firm_35684,SMITHBUCKLIN CORPORATION,0,0,1528,Other / Multi-sector
firm_305852,AMERICAN CAPITOL GROUP,55,55,62,Other / Multi-sector / Energy & Environment
firm_401105906,"535 GROUP, LLC",8,8,62,Other / Multi-sector
firm_401103144,CAPITOL INTEGRATION,8,8,62,Other / Multi-sector
firm_11628,"DAVIDOFF HUTCHER & CITRON, LLP",56,56,1394,Other / Multi-sector
firm_401104683,MCCARTHY ADVANCED CONSULTING LLC,27,27,62,Other / Multi-sector
firm_294234,"GOVBIZ ADVANTAGE, INC.",0,0,62,Other / Multi-sector
firm_400944730,"38 NORTH SOLUTIONS, LLC",61,61,2036,Other / Multi-sector
firm_400598824,MAPETSI POLICY GROUP,58,58,542,Other / Multi-sector
firm_401105996,MG HOUSING STRATEGIES LLC,59,59,62,Other / Multi-sector / Real Estate & Construction
firm_87814,CT GROUP FKA CTF GLOBAL LLC,55,55,62,Other / Multi-sector / Energy & Environment
firm_315091,"RUBICON ADVISORS, LLC",60,60,62,Other / Multi-sector / Healthcare & Pharma
firm_400400892,"ATS COMMUNICATIONS, INC. (DBA SILBEY STRATEGIES)",5,5,317,Other / Multi-sector
firm_11526,"DC LEGISLATIVE AND REGULATORY SERVICES, INC.",61,61,62,Other / Multi-sector
firm_401104657,"ALLON ADVOCACY, LLC",4,4,404,Other / Multi-sector
firm_401104435,STATE FEDERAL STRATEGIES,0,0,62,Other / Multi-sector
firm_318994,SC PARTNERS LLC,0,0,62,Other / Multi-sector
firm_401104696,IMPACT HEALTH POLICY PARTNERS,62,62,255,Healthcare & Pharma / Other / Multi-sector
firm_88256,"GUIDE CONSULTING SERVICES, INC.",3,3,239,Other / Multi-sector
firm_17352,"HALL, RENDER, KILLIAN, HEATH & LYMAN, P.C.",3,3,513,Other / Multi-sector
firm_401108299,"DB3, LLC (FKA THE DASCHLE GROUP)",3,3,62,Other / Multi-sector
firm_400658980,"BLUESTONE STRATEGIES, LLC",3,3,62,Other / Multi-sector
firm_400552654,BALLARD SPAHR LLP,0,0,62,Other / Multi-sector
firm_40020141,BREAUX LOTT LEADERSHIP GROUP,54,54,62,Other / Multi-sector / Government & Nonprofit
firm_84217,"CARD & ASSOCIATES, LLC",3,3,62,Other / Multi-sector
firm_42752,"O'NEILL, ATHY & CASEY, P.C.",0,0,62,Other / Multi-sector
firm_400577737,THE INGRAM GROUP LLC,0,0,62,Other / Multi-sector
firm_400547641,"MISSY EDWARDS STRATEGIES, LLC",63,63,62,Other / Multi-sector / Legal & Lobbying
firm_401105021,VECTIS DC,145,145,769,Other / Multi-sector / Education & Research
firm_299913,CARDINAL INFRASTRUCTURE LLC,27,27,62,Other / Multi-sector
firm_401104247,MEGUIRE WHITNEY,115,115,542,Other / Multi-sector
firm_400336564,THE DOERRER GROUP LLC,24,24,62,Other / Multi-sector
firm_400432093,CAPITOL LEGISLATIVE STRATEGIES LLC,43,43,111,Other / Multi-sector
firm_401103955,DOWNS GOVERNMENT AFFAIRS,55,55,132,Other / Multi-sector / Energy & Environment
firm_288613,"THE JOSEPH GROUP, LLC",25,25,62,Other / Multi-sector
firm_51753,I STREET ADVOCATES,25,25,91,Other / Multi-sector
firm_26227,"MURRAY, MONTGOMERY & O'DONNELL",7,7,2186,Other / Multi-sector
firm_401104213,"BC CONSULTING, LLC",36,36,76,Other / Multi-sector
firm_33454,"ROBERTSON, MONAGLE & EASTAUGH LLC",40,40,164,Other / Multi-sector / Legal & Lobbying
firm_401103289,RAMPY NORTHRUP LLC,3,3,62,Other / Multi-sector
firm_401103524,"ADVANCED POLICY CONSULTING, LLC",0,0,62,Other / Multi-sector
firm_314738,GORDON THOMAS HONEYWELL GOVERNMENTAL AFFAIRS,65,65,466,Other / Multi-sector / Transportation & Auto
firm_401104114,IMPERIUM GLOBAL ADVISORS,25,25,228,Other / Multi-sector
firm_401106196,FEDERAL HEALTH POLICY STRATEGIES,62,62,62,Healthcare & Pharma / Other / Multi-sector
firm_307832,"ETHERTON AND ASSOCIATES, INC.",8,8,1677,Other / Multi-sector
firm_401105372,THE KPM GROUP DC LLC,239,239,62,Other / Multi-sector / Healthcare & Pharma
firm_7304,BRYAN CAVE LEIGHTON PAISNER LLP,3,3,62,Other / Multi-sector
firm_401104982,"AQUIA GROUP, LLC",0,0,62,Other / Multi-sector
firm_401106132,"RUBIN, TURNBULL & ASSOCIATES",0,0,62,Other / Multi-sector
firm_308070,THE WESSEL GROUP INCORPORATED,14,14,62,Other / Multi-sector
firm_61414,"NEXXUS CONSULTING, LLC",7,7,62,Other / Multi-sector
firm_32715,R A RAPOZA ASSOCIATES INC,67,67,557,Other / Multi-sector
firm_13610,"ENS RESOURCES, INC.",115,115,1033,Other / Multi-sector
firm_401103367,"LEAVITT PARTNERS, LLC",3,3,62,Other / Multi-sector
firm_54984,"TONIO BURGOS & ASSOCIATES, INC.",62,62,438,Healthcare & Pharma / Other / Multi-sector
firm_401103355,BRAMER GROUP LLC,8,8,62,Other / Multi-sector
firm_400390817,CONSTANTINOPLE & VALLONE CONSULTING LLC,37,37,674,Other / Multi-sector / Education & Research
firm_40020147,"STAPLETON & ASSOCIATES, LLC",5,5,62,Other / Multi-sector
firm_49214,MR. ROBERT TALLEY,17,17,857,Other / Multi-sector
firm_401107574,"ICEBREAKER STRATEGIES, LLC",5,5,62,Other / Multi-sector
firm_310370,DELTA STRATEGY GROUP,195,195,62,Other / Multi-sector / Finance & Banking
firm_73134,O'NEILL AND ASSOCIATES,68,68,62,Other / Multi-sector
firm_400794388,"SCONSET STRATEGIES, LLC",25,25,2174,Other / Multi-sector
firm_401103535,"ENVISION STRATEGY, LLC",69,69,436,Other / Multi-sector
firm_401103327,OFF HILL STRATEGIES L.L.C.,0,0,62,Other / Multi-sector
firm_287270,AKERMAN LLP,67,67,1132,Other / Multi-sector
firm_400931695,"DESIMONE CONSULTING, LLC",70,70,62,Other / Multi-sector / Energy & Environment
firm_401103483,BURRELL INTERNATIONAL GROUP LLC,5,5,221,Other / Multi-sector
firm_34295,"SANDLER, TRAVIS & ROSENBERG, P.A.",25,25,62,Other / Multi-sector
firm_400703107,"THE GIBSON GROUP, LLC",0,0,62,Other / Multi-sector
firm_401104742,HOLLY STRATEGIES INCORPORATED,8,8,62,Other / Multi-sector
firm_35376,"COVINO SMITH & SIMON, INC. (FORMERLY SIMON AND COMPANY, INC.)",71,71,1132,Other / Multi-sector
firm_17818,"HEALTH AND MEDICINE COUNSEL, LLC",3,3,835,Other / Multi-sector
firm_401103249,LESTER HEALTH LAW PLLC,3,3,62,Other / Multi-sector
firm_401107154,BRUMIDI GROUP,216,216,656,Other / Multi-sector / Healthcare & Pharma
firm_38687,"TWENTY-FIRST CENTURY GROUP, INC.",72,72,467,Other / Multi-sector
firm_41682,WINSTON & STRAWN LLP,41,41,62,Other / Multi-sector
firm_29846,NOSSAMAN LLP,27,27,62,Other / Multi-sector
firm_401105196,CONGRESSIONAL PARTNERS,49,49,1929,Other / Multi-sector / Healthcare & Pharma
firm_401106373,WHEAT SHROYER GOVERNMENT RELATIONS LLC,0,0,1119,Other / Multi-sector
firm_401103503,SULLIVAN STRATEGIES LLC (FKA SB CAPITOL SOLUTIONS),72,72,62,Other / Multi-sector
firm_321874,"VAN HEUVELEN STRATEGIES, LLC",0,0,62,Other / Multi-sector
firm_401103486,"COMMONWEALTH STRATEGIC PARTNERS, LLC",74,74,744,Other / Multi-sector
firm_320793,JST STRATEGIES LLC (JOCHUM SHORE & TROSSEVIN PC),75,75,62,Other / Multi-sector / Legal & Lobbying
firm_401104430,"EFB ADVOCACY, LLC",3,3,438,Other / Multi-sector
firm_25498,"MINTZ LEVIN COHN FERRIS GLOVSKY AND POPEO, P.C.",131,131,2355,Other / Multi-sector / Legal & Lobbying
firm_400374717,THE CONSILIO GROUP,40,40,1921,Other / Multi-sector / Legal & Lobbying
firm_401106638,GORDON SMITH,194,194,464,Other / Multi-sector / Legal & Lobbying
firm_401104571,"VNF SOLUTIONS, LLC",78,78,62,Other / Multi-sector / Energy & Environment
firm_401103767,"O'CONNELL & DEMPSEY, LLC",33,33,380,Other / Multi-sector / Government & Nonprofit
firm_400424029,"POLARIS-HUTTON GROUP, LLC",79,79,62,Other / Multi-sector
firm_32896,MR. ROBERT L. REDDING JR.,80,80,79,Other / Multi-sector
firm_307956,VITELLO CONSULTING,81,81,242,Other / Multi-sector / Healthcare & Pharma
firm_401105150,"MASON STREET CONSULTING, LLC",3,3,62,Other / Multi-sector
firm_401104475,"NEALE CREEK, LLC",0,0,62,Other / Multi-sector
firm_401106159,HORIZONS GLOBAL SOLUTIONS LLC,5,5,62,Other / Multi-sector
firm_294495,"THE HOBBS GROUP, LLC",82,82,62,Other / Multi-sector
firm_401103348,MCCAULLEY&COMPANY,83,83,79,Other / Multi-sector
firm_52903,"CAPITOL CITY GROUP, LTD.",0,0,62,Other / Multi-sector
firm_401104254,PRISM GROUP,84,84,1119,Other / Multi-sector
firm_317732,FRANKLIN CREEK CONSULTING,58,58,66,Other / Multi-sector
firm_400382761,"RED MAPLE CONSULTING, LLC",0,0,62,Other / Multi-sector
firm_401105835,"TIDES GROUP, LLC",85,85,974,Other / Multi-sector / Healthcare & Pharma
firm_31895,PRASAM,5,5,1437,Other / Multi-sector
firm_34158,FAEGRE BAKER DANIELS CONSULTING,3,3,255,Other / Multi-sector
firm_323136,G2G CONSULTING,40,40,615,Other / Multi-sector / Legal & Lobbying
firm_400431088,COVE STRATEGIES,25,25,62,Other / Multi-sector
firm_292538,"BARKER LEAVITT, PLLC (SKA MR. JAMES C. BARKER)",36,36,854,Other / Multi-sector
firm_401104937,CAPITOL CONSULTING GROUP LLC (DC),25,25,62,Other / Multi-sector
firm_79610,FOLEY HOAG LLP,3,3,62,Other / Multi-sector
firm_323318,BRODY GROUP L.L.C. PUBLIC AFFAIRS,27,27,62,Other / Multi-sector
firm_313533,HOLLIER & ASSOCIATES,86,86,12,Other / Multi-sector
firm_401104738,PETER DAMON GROUP LLC,87,87,159,Other / Multi-sector
firm_401105877,PRIMACY STRATEGY GROUP,88,88,62,Other / Multi-sector
firm_55165,"CAPITOL DECISIONS, INC.",0,0,62,Other / Multi-sector
firm_400395867,"BELL & LINDSAY, INC.",37,37,508,Other / Multi-sector / Education & Research
firm_400740216,THE LUGAR GROUP (FKA LUGAR HELLMANN GROUP),0,0,62,Other / Multi-sector
firm_303575,"JENKINS HILL CONSULTING, LLC",0,0,62,Other / Multi-sector
firm_401104783,CLAUSE LAW P.L.L.C.,28,28,190,Other / Multi-sector
firm_7268,BROYDRICK & ASSOCIATES,89,89,1333,Other / Multi-sector
firm_6848,MARSHALL BRACHMAN,0,0,983,Other / Multi-sector
firm_400426039,"CAPITOLINE CONSULTING, LLC",8,8,842,Other / Multi-sector
firm_401105192,KEEFE STRATEGIES LLC (FKA KEEFE SINGISER PARTNERS),216,216,62,Other / Multi-sector / Healthcare & Pharma
firm_25317,BEST BEST & KRIEGER LLP,91,91,605,Other / Multi-sector
firm_401109653,THE BERNHARDT GROUP LLC,17,17,62,Other / Multi-sector
firm_82170,BLUEWATER STRATEGIES,0,0,62,Other / Multi-sector
firm_401108637,"PHRONESISDC, LLC",4,4,62,Other / Multi-sector
firm_286017,ASSOCIATION OF EQUIPMENT MANUFACTURERS,92,92,542,Government & Nonprofit / Other / Multi-sector
firm_288293,"THE CJR GROUP, INC.",93,93,79,Other / Multi-sector
firm_401105075,MUNK POLICY & LAW,0,0,62,Other / Multi-sector
firm_36127,"SONOSKY, CHAMBERS, SACHSE, ENDRESON & PERRY, LLP",67,67,190,Other / Multi-sector
firm_400584784,"URBAN SWIRSKI & ASSOCIATES, LLC",4,4,302,Other / Multi-sector
firm_78072,EHRLICH & ASSOCIATES,6,6,294,Other / Multi-sector
firm_401109292,"TSG ADVOCATES DC, LLC",0,0,928,Other / Multi-sector
firm_8830,"CHAMBERS, CONLON & HARTWELL, LLC",27,27,951,Other / Multi-sector
firm_401103952,RIVENDELL GROUP LLP,25,25,62,Other / Multi-sector
firm_400359670,HBW RESOURCES,4,4,462,Other / Multi-sector
firm_400493432,"CAPITALEDGE ADVOCACY INC. (FORMERLY CAPITALEDGE ADVOCACY, LLC)",39,39,771,Other / Multi-sector
firm_298158,"SONORAN POLICY GROUP, LLC D/B/A STRYK GLOBAL DIPLOMACY, FORMERLY KNOWN AS SONORA",94,94,438,Other / Multi-sector
firm_9911,"THE COLLING GROUP, LLC T/A COLLING SWIFT & HYNES",115,115,62,Other / Multi-sector
firm_12664,DUANE MORRIS LLP,37,37,1623,Other / Multi-sector / Education & Research
firm_85936,"WAYPOINT CONSULTING, LLC",95,95,725,Other / Multi-sector
firm_43560,"THE ICKES AND ENRIGHT GROUP, INC.",96,96,1453,Other / Multi-sector / Energy & Environment
firm_20562,JENNER & BLOCK LLP,95,95,62,Other / Multi-sector
firm_401108016,COLTON STREET GROUP,0,0,62,Other / Multi-sector
firm_401107502,"MORAN GLOBAL STRATEGIES, INC.",0,0,62,Other / Multi-sector
firm_401104717,"UNITED BY INTEREST, LLC.",0,0,62,Other / Multi-sector
firm_8214,CAPSTONE NATIONAL PARTNERS,25,25,546,Other / Multi-sector
firm_306135,"MCKINNON GROUP, LLC, FORMERLY DOING BUSINESS AS RR&G, LLC",4,4,62,Other / Multi-sector
firm_400786367,TAUZIN STRATEGIC NETWORKS,3,3,2054,Other / Multi-sector
firm_401105341,"BL PARTNERS GROUP, LLC",25,25,62,Other / Multi-sector
firm_18980,"HURT, NORTON & ASSOCIATES, INC.",5,5,62,Other / Multi-sector
firm_401104224,"PERRY BAYLISS GOVERNMENT RELATIONS, LLC",109,109,62,Other / Multi-sector
firm_400586788,"FIFESTRATEGIES, LLC",12,12,66,Other / Multi-sector
firm_401107393,CORRIGAN & USSERY LLC,40,40,2103,Other / Multi-sector / Legal & Lobbying
firm_8101,"CAPITOL ASSOCIATES, INC.",3,3,1090,Other / Multi-sector
firm_401104690,BLACK DIAMOND STRATEGIES LLC,78,78,62,Other / Multi-sector / Energy & Environment
firm_401104422,ZIRKELBACH STRATEGIES,3,3,62,Other / Multi-sector
firm_401100069,ATLAS ADVOCACY,36,36,1014,Other / Multi-sector
firm_401106712,"MAYNOR & STIERS, LLC",8,8,519,Other / Multi-sector
firm_401105764,WILSON & ROME LLP,99,99,1494,Legal & Lobbying / Energy & Environment
firm_400581776,RIDGE POLICY GROUP,23,23,62,Other / Multi-sector / Energy & Environment
firm_401104210,GOLDSTEIN POLICY SOLUTIONS LLC,109,109,2223,Other / Multi-sector
firm_401105973,ALB SOLUTIONS,3,3,438,Other / Multi-sector
firm_400903639,MABRY PUBLIC AFFAIRS LLC,27,27,62,Other / Multi-sector
firm_401074020,"THE JERRY COSTELLO GROUP, LLC",27,27,62,Other / Multi-sector
firm_401105253,"MCHUGH LEMAY ASSOC., LLC",5,5,48,Other / Multi-sector
firm_401106545,HSA STRATEGIES,0,0,62,Other / Multi-sector
firm_401029902,JAKE PERRY + PARTNERS,4,4,79,Other / Multi-sector
firm_401051964,KAMINS CONSULTING,30,30,535,Other / Multi-sector
firm_401106662,PASSAGE CONSULTING GROUP LLC,5,5,1180,Other / Multi-sector
firm_401105158,TOWER 19,40,40,236,Other / Multi-sector / Legal & Lobbying
firm_25077,MEYERS AND ASSOCIATES,100,100,717,Other / Multi-sector / Healthcare & Pharma
firm_401105070,"GOVERNMENT COUNSEL, LLC",3,3,62,Other / Multi-sector
firm_401104651,"NORTH STAR STRATEGIES, LLC",40,40,54,Other / Multi-sector / Legal & Lobbying
firm_401104787,SLAIMAN CONSULTING LLC,24,24,62,Other / Multi-sector
firm_400783359,THE O TEAM LLC,4,4,79,Other / Multi-sector
firm_401104374,LINCOLN PARK GROUP L.L.C.,0,0,1523,Other / Multi-sector
firm_293370,"CLYBURN CONSULTING, LLC",109,109,62,Other / Multi-sector
firm_400637926,ARMORY HILL ADVOCATES (FORMERLY KNOWN AS RAWLSON POLICY GROUP),216,216,497,Other / Multi-sector / Healthcare & Pharma
firm_401103092,"PLAYMAKER STRATEGIES, LLC",102,102,153,Other / Multi-sector / Energy & Environment
firm_40726,PARAGON GOVERNMENT RELATIONS,17,17,1029,Other / Multi-sector
firm_795,"ALBERTINE ENTERPRISES, INC.",36,36,337,Other / Multi-sector
firm_401105569,RYAN COSTELLO STRATEGIES,0,0,62,Other / Multi-sector
firm_401004840,"THE CONAFAY GROUP, LLC",3,3,62,Other / Multi-sector
firm_401103162,THE D MAJOR GROUP,3,3,62,Other / Multi-sector
firm_401036920,BLOOM STRATEGIC COUNSEL,103,103,62,Other / Multi-sector
firm_77754,"OLDAKER & WILLISON, LLP",216,216,62,Other / Multi-sector / Healthcare & Pharma
firm_88278,"UPSTREAM CONSULTING, INC.",152,152,62,Other / Multi-sector
firm_401104722,SPANGLER STRATEGIES LLC,104,104,62,Other / Multi-sector / Healthcare & Pharma
firm_297410,"RASKY PARTNERS, INC.",4,4,12,Other / Multi-sector
firm_400694066,"DS2 GROUP, LLC",75,75,62,Other / Multi-sector / Legal & Lobbying
firm_304337,DUNKEL GOVERNMENT RELATIONS,109,109,91,Other / Multi-sector
firm_401103562,"9B GROUP, INC.",80,80,62,Other / Multi-sector
firm_401105896,CROSS POTOMAC CONSULTING LLC,5,5,62,Other / Multi-sector
firm_5197,"BALCH & BINGHAM, LLP",115,115,582,Other / Multi-sector
firm_12915,DYKEMA GOSSETT PLLC,0,0,79,Other / Multi-sector
firm_400493433,"CAPITALEDGE STRATEGIES, LLC",39,39,1463,Other / Multi-sector
firm_300971,LOCKE LORD PUBLIC POLICY GROUP LLC,0,0,62,Other / Multi-sector
firm_401109307,RIDGELINE ADVOCACY GROUP LLC,0,0,62,Other / Multi-sector
firm_401105551,CAPITOL 6 ADVISORS,8,8,62,Other / Multi-sector
firm_401103846,"EDGEPOINT, LLC",40,40,2195,Other / Multi-sector / Legal & Lobbying
firm_401104751,CENTER ROAD SOLUTIONS,105,105,1029,Other / Multi-sector
firm_305236,WASHINGTON STRATEGIC CONSULTING,3,3,62,Other / Multi-sector
firm_401105127,IPOLICY SOLUTIONS,3,3,535,Other / Multi-sector
firm_400984809,"KEYS GROUP, LLC",80,80,1365,Other / Multi-sector
firm_298091,THE FRANKLIN PARTNERSHIP,106,106,617,Other / Multi-sector
firm_401104488,"POTOMAC INTERNATIONAL PARTNERS, INC.",0,0,62,Other / Multi-sector
firm_401106595,ALPINE ADVISORS,0,0,62,Other / Multi-sector
firm_295053,"GRAY GLOBAL ADVISORS, LLC",216,216,2002,Other / Multi-sector / Healthcare & Pharma
firm_51478,"TCH GROUP, LLC",0,0,62,Other / Multi-sector
firm_53163,"C. BAKER CONSULTING, INC.",5,5,62,Other / Multi-sector
firm_21676,"KINGHORN, HILBERT & ASSOCIATES",0,0,79,Other / Multi-sector
firm_401105955,"CONAWAY GRAVES GROUP, LLC",107,107,62,Other / Multi-sector / Government & Nonprofit
firm_401104143,CARPENTER STRATEGIC CONSULTING LLC,25,25,62,Other / Multi-sector
firm_51104,"THE FEDERAL GROUP, INC.",3,3,840,Other / Multi-sector
firm_400971786,KEY IMPACT STRATEGIES,67,67,62,Other / Multi-sector
firm_53312,"LEMUNYON GROUP, LLC",12,12,62,Other / Multi-sector
firm_401105597,FORWARD GLOBAL,41,41,62,Other / Multi-sector
firm_401104543,THE PRENDA GROUP LLC,108,108,62,Other / Multi-sector / Government & Nonprofit
firm_295452,DEBORAH HOHLT,131,131,2061,Other / Multi-sector / Legal & Lobbying
firm_400951748,PEYSER ASSOCIATES LLC,36,36,571,Other / Multi-sector
firm_315898,KRL INTERNATIONAL LLC,229,229,542,Other / Multi-sector
firm_401103542,HETTINGER STRATEGY GROUP LLC,8,8,992,Other / Multi-sector
firm_21084,"KANNER & ASSOCIATES, LLC",0,0,1384,Other / Multi-sector
firm_45414,"GHAZAL & ASSOCIATES, LLC",0,0,1868,Other / Multi-sector
firm_401104888,JTR STRATEGIES LLC,72,72,62,Other / Multi-sector
firm_30792,"PARRY, ROMANI, DECONCINI & SYMMS",110,110,582,Other / Multi-sector / Healthcare & Pharma
firm_401105219,CONFLUENCE GOVERNMENT RELATIONS,34,34,62,Other / Multi-sector
firm_33875,THE ROYER LAW FIRM (FORMERLY ROYER & BROOKS),111,111,745,Other / Multi-sector / Finance & Banking
firm_27775,NATIONAL ENVIRONMENTAL STRATEGIES,0,0,62,Other / Multi-sector
firm_401105792,"MCCARTER & ENGLISH, LLP",239,239,1387,Other / Multi-sector / Healthcare & Pharma
firm_401103150,HEALTHSPERIEN,3,3,62,Other / Multi-sector
firm_304554,"D&P CREATIVE STRATEGIES, LLC",78,78,542,Other / Multi-sector / Energy & Environment
firm_401104188,DMM STRATEGIES,112,112,62,Other / Multi-sector / Legal & Lobbying
firm_401079030,"MELTSNER STRATEGIES, LLC",25,25,79,Other / Multi-sector
firm_22883,FBB FEDERAL RELATIONS,40,40,707,Other / Multi-sector / Legal & Lobbying
firm_401105307,COLLECTIVE STRATEGIES & COMMUNICATIONS,113,113,62,Other / Multi-sector
firm_291572,"RUFFALO AND ASSOCIATES, LLC",18,18,12,Other / Multi-sector
firm_400695072,"FROGUECLARK, LLC",3,3,1179,Other / Multi-sector
firm_17966,"HECHT LATHAM SPENCER & ASSOCIATES, INC., FORMERLY KNOWN AS HECHT SPENCER & ASSOC",27,27,550,Other / Multi-sector
firm_308833,"R&R PARTNERS, INC.",41,41,1859,Other / Multi-sector
firm_401104802,"WESTMORELAND160, LLC",5,5,988,Other / Multi-sector
firm_401105539,"GOODLATTE GROUP, LLC F.K.A. ROBERT GOODLATTE",25,25,62,Other / Multi-sector
firm_400816427,"D SQUARED TAX STRATEGIES, LLC",0,0,62,Other / Multi-sector
firm_37403,EVERSHEDS SUTHERLAND (US) LLP,48,48,581,Other / Multi-sector
firm_308992,CARDINAL POINT PARTNERS,18,18,976,Other / Multi-sector
firm_401103206,"STRATEGICS CONSULTING, LLC",40,40,432,Other / Multi-sector / Legal & Lobbying
firm_91774,"CAPITOL HILL STRATEGIES,  LLC",0,0,62,Other / Multi-sector
firm_401105389,SCHAERR JAFFE LLP,75,75,62,Other / Multi-sector / Legal & Lobbying
firm_401105474,DUNHAM LAW & POLICY PLLC,48,48,1101,Other / Multi-sector
firm_401105617,ARTEMIS POLICY GROUP LLC,3,3,535,Other / Multi-sector
firm_316571,"LINCHPIN STRATEGIES, LLC",37,37,2279,Other / Multi-sector / Education & Research
firm_323114,"THE KEELEN GROUP, LLC",80,80,62,Other / Multi-sector
firm_82055,ERIS GROUP,4,4,62,Other / Multi-sector
firm_283572,FROST BROWN TODD LLC,6,6,62,Other / Multi-sector
firm_40874,MR. ROBERT K WEIDNER,114,114,1944,Other / Multi-sector
firm_21847,"KOGOVSEK & ASSOCIATES, INC.",115,115,62,Other / Multi-sector
firm_288954,TASSEY & ASSOCIATES,111,111,1785,Other / Multi-sector / Finance & Banking
firm_307034,MILLER & WENHOLD CAPITOL STRATEGIES,27,27,62,Other / Multi-sector
firm_16566,GORDLEY ASSOCIATES,116,116,285,Other / Multi-sector
firm_312758,HUTTON STRATEGIES,117,117,62,Other / Multi-sector / Healthcare & Pharma
firm_400383768,"JOHNSTON GROUP, LLC",83,83,79,Other / Multi-sector
firm_401103582,ISEMAN & ASSOCIATES LLC,72,72,720,Other / Multi-sector
firm_401104454,FOCUS DC LLC,0,0,62,Other / Multi-sector
firm_401018874,"RUBIN HEALTH POLICY CONSULTING, LLC",216,216,124,Other / Multi-sector / Healthcare & Pharma
firm_35150,THE SHERIDAN GROUP,21,21,0,Other / Multi-sector / Education & Research
firm_401103700,ROSEMONT GROUP,41,41,66,Other / Multi-sector
firm_401104909,"SHUMAKER ADVISORS, LLC",40,40,36,Other / Multi-sector / Legal & Lobbying
firm_401109009,"CORCORAN & ASSOCIATES, INC. DBA CORCORAN PARTNERS",0,0,62,Other / Multi-sector
firm_401104889,"BUTERA, ISRAEL & BECKER PLLC",111,111,979,Other / Multi-sector / Finance & Banking
firm_401104653,"BOLD STRATEGIES, LLC",118,118,111,Other / Multi-sector
firm_401106165,PODESTA.COM,102,102,1305,Other / Multi-sector / Energy & Environment
firm_401105727,"ESP ADVISORS, LLC",119,119,393,Other / Multi-sector / Legal & Lobbying
firm_401106172,"T CAP SOLUTIONS, LLC",195,195,62,Other / Multi-sector / Finance & Banking
firm_401104626,ARDENT STRATEGIES,120,120,1360,Other / Multi-sector / Energy & Environment
firm_58432,"PARK STRATEGIES, LLC",0,0,79,Other / Multi-sector
firm_401103604,EPPLIN STRATEGIC PLANNING,8,8,304,Other / Multi-sector
firm_401105637,CAPITOL VENTURE LLC,121,121,172,Other / Multi-sector
firm_8987,CHESAPEAKE ENTERPRISES,122,122,1806,Other / Multi-sector
firm_44674,"WARD AND SMITH, P.A.",8,8,79,Other / Multi-sector
firm_401012859,EFRUS FEDERAL ADVISORS LLC,8,8,62,Other / Multi-sector
firm_305635,"MONUMENT STRATEGIES, LLC",123,123,745,Other / Multi-sector
firm_401104434,KEVIN KAYES,24,24,62,Other / Multi-sector
firm_401104140,"REARDON CONSULTING, LLC",34,34,302,Other / Multi-sector
firm_44914,"THE LAURIN BAKER GROUP, LLC",48,48,1273,Other / Multi-sector
firm_400320506,ORION ADVOCATES,116,116,62,Other / Multi-sector
firm_401104581,"TURNBERRY SOLUTIONS, LLC",95,95,1047,Other / Multi-sector
firm_401106355,"LONGBOW PUBLIC POLICY GROUP, LLC",119,119,450,Other / Multi-sector / Legal & Lobbying
firm_316217,"POTOMAC STRATEGIC DEVELOPMENT COMPANY, LLC",62,62,438,Healthcare & Pharma / Other / Multi-sector
firm_18444,HOLLAND & HART LLP,17,17,62,Other / Multi-sector
firm_71837,"DAVID L. HORNE, LLC",195,195,614,Other / Multi-sector / Finance & Banking
firm_401105297,"CLINE STRATEGIC CONSULTING, LLC",27,27,62,Other / Multi-sector
firm_401103600,US POLICY STRATEGIES,124,124,1266,Other / Multi-sector / Legal & Lobbying
firm_401105318,CO2EFFICIENT,78,78,2222,Other / Multi-sector / Energy & Environment
firm_400865534,"CAPGOV, LLC",8,8,1186,Other / Multi-sector
firm_400564686,"MASIELLO MARTUCCI HUGHES KULPA (FKA MASIELLO, MARTUCCI & ASSOCIATES",37,37,1851,Other / Multi-sector / Education & Research
firm_401103808,"COLLIER COLLECTIVE, LLC",67,67,582,Other / Multi-sector
firm_297237,"CONGRESSIONAL SOLUTIONS, INC (CSI)",8,8,911,Other / Multi-sector
firm_401103400,"O'ROURKE & NAPPI, LLP",4,4,11,Other / Multi-sector
firm_401104727,LAVENDER CONSULTANTS,125,125,62,Other / Multi-sector
firm_401107367,MISSION STRATEGIES LLC (ENERGY),102,102,62,Other / Multi-sector / Energy & Environment
firm_401104885,"THE GABOTON GROUP, LLC",126,126,598,Other / Multi-sector
firm_400665998,SIFF & ASSOCIATES PLLC,119,119,1839,Other / Multi-sector / Legal & Lobbying
firm_401108974,"THE ARTEMIS GROUP, LLC (OKLAHOMA)",12,12,62,Other / Multi-sector
firm_400337566,"M.J. BRADLEY & ASSOCIATES, LLC",61,61,1752,Other / Multi-sector
firm_401105820,DIROMA ECK & CO. LLP,119,119,1342,Other / Multi-sector / Legal & Lobbying
firm_401106074,"RESTON STRATEGY GROUP, LLC",40,40,1308,Other / Multi-sector / Legal & Lobbying
firm_40025213,"ALEXANDER, BOROVICKA & O'SHEA GOVERNMENT SOLUTIONS (FKA ALEXANDER & BOROVICKA GO",40,40,2180,Other / Multi-sector / Legal & Lobbying
firm_40006051,"JBS COMMUNICATIONS, LLC",41,41,1225,Other / Multi-sector
firm_401104914,"CAPITOL ADVOCACY & GOVERNMENT AFFAIRS, LLC",62,62,840,Healthcare & Pharma / Other / Multi-sector
firm_401105493,HILLNORTH LLC,0,0,62,Other / Multi-sector
firm_400715150,C.A.R. CONSULTING SERVICES,62,62,1681,Healthcare & Pharma / Other / Multi-sector
firm_20414,"JAMISON AND SULLIVAN, INC.",17,17,62,Other / Multi-sector
firm_401105133,"JOHN LADD & ASSOCIATES, INC.",111,111,62,Other / Multi-sector / Finance & Banking
firm_401104492,SCULLY ROSKEY AND MISSMAR,3,3,1954,Other / Multi-sector
firm_401109020,JAVELIN ADVISORS LLC,127,127,1829,Other / Multi-sector / Legal & Lobbying
firm_401106416,THE PETERSON GROUP INC,6,6,863,Other / Multi-sector
firm_401103471,MIKE WILLIAMS CAPITOL STRATEGIES LLC (F/K/A MW CAPITOL STRATEGIES LLC),0,0,62,Other / Multi-sector
firm_401106073,REVERE FEDERAL STRATEGIES,40,40,91,Other / Multi-sector / Legal & Lobbying
firm_401105181,"INNOVATIVE POLICY, PLLC",119,119,1001,Other / Multi-sector / Legal & Lobbying
firm_40486,WASHINGTON ALLIANCE GROUP,5,5,62,Other / Multi-sector
firm_400677020,MR. DOYCE BOESCH,40,40,1838,Other / Multi-sector / Legal & Lobbying
firm_401104431,"PIRRO GROUP, LLC",62,62,79,Healthcare & Pharma / Other / Multi-sector
client_00549,YMCA OF THE USA,6,6,946,Other / Multi-sector
firm_401103363,"ARMITAGE CONSULTING, LLC",0,0,62,Other / Multi-sector
firm_401105703,INTEGRATED STRATEGY GROUP,129,129,542,Other / Multi-sector / Energy & Environment
firm_68376,THE HARRIS FIRM,5,5,737,Other / Multi-sector
firm_401104218,THE NIMITZ GROUP LLC,34,34,73,Other / Multi-sector
firm_401104762,DAVID RUDD & ASSOCIATES LLC,4,4,62,Other / Multi-sector
firm_401109332,RAGNAR GROUP LLC,119,119,336,Other / Multi-sector / Legal & Lobbying
firm_401104445,"ALPHA STRATEGIES, LLC",145,145,1029,Other / Multi-sector / Education & Research
firm_5142,"BAKER & MCKENZIE, LLP",0,0,62,Other / Multi-sector
firm_6850,"BRACY TUCKER BROWN & VALANZANO, INC.",0,0,542,Other / Multi-sector
firm_5415,BEN BARNES GROUP LP,27,27,1357,Other / Multi-sector
firm_91411,"FAHMY HUDOME INTERNATIONAL, LLC",131,131,803,Other / Multi-sector / Legal & Lobbying
firm_401105554,OAK GROVE STRATEGIES,132,132,1483,Legal & Lobbying / Other / Multi-sector
firm_55438,"THOMAS WALTERS & ASSOCIATES, INC.",50,50,1017,Other / Multi-sector
firm_401103482,WINDWARD STRATEGIES,40,40,62,Other / Multi-sector / Legal & Lobbying
firm_40036301,KNIGHT CAPITOL CONSULTANTS,119,119,1632,Other / Multi-sector / Legal & Lobbying
firm_401105537,BRIDGEWAY ADVOCACY,127,127,62,Other / Multi-sector / Legal & Lobbying
firm_401105227,BRIAN GLACKIN & ASSOCIATES LLC,5,5,62,Other / Multi-sector
firm_401105105,"DOTCHIN & ASSOCIATES, LLC",0,0,1383,Other / Multi-sector
firm_17328,HALEY & ASSOCIATES,40,40,1983,Other / Multi-sector / Legal & Lobbying
firm_400971785,"TOMPKINS STRATEGIES, LLC",216,216,62,Other / Multi-sector / Healthcare & Pharma
firm_316797,"SOBBA PUBLIC, LLC",80,80,62,Other / Multi-sector
firm_291993,"CAPCITY ADVOCATES, LLC",30,30,66,Other / Multi-sector
firm_26318,MWW GROUP,41,41,251,Other / Multi-sector
firm_401104274,ROWLAND STRATEGY GROUP LLC,87,87,62,Other / Multi-sector
firm_7166,BRACY TUCKER BROWN & VALANZANO DBA BROWN & ASSOCIATES,133,133,1883,Other / Multi-sector / Transportation & Auto
firm_401107294,VALCOUR LLC,216,216,62,Other / Multi-sector / Healthcare & Pharma
firm_25818,"MORGAN, LEWIS & BOCKIUS, LLP",3,3,62,Other / Multi-sector
firm_73772,"TATE STRATEGIES, INC",102,102,2051,Other / Multi-sector / Energy & Environment
firm_401105139,"FORETHOUGHT ADVISORS, LLC",24,24,62,Other / Multi-sector
firm_401105987,"LAURA WOOD PETERSON CONSULTING, INC.",80,80,62,Other / Multi-sector
firm_401104071,NEW CENTURY GOVERNMENT AFFAIRS (F/K/A TERRENCE C. WOLFE),40,40,834,Other / Multi-sector / Legal & Lobbying
firm_89350,RICK MALDONADO & ASSOCIATES INC.,133,133,1250,Other / Multi-sector / Transportation & Auto
firm_400478358,"SB STRATEGIC CONSULTING, INC.",134,134,62,Other / Multi-sector
firm_35560,"SKADDEN, ARPS, SLATE, MEAGHER & FLOM LLP",131,131,62,Other / Multi-sector / Legal & Lobbying
firm_401104749,VELOCITY GOVERNMENT RELATIONS,5,5,62,Other / Multi-sector
firm_304975,"THE FARLEY GROUP, INC.",7,7,1029,Other / Multi-sector
firm_401108183,LMH STRATEGIC SOLUTIONS,3,3,62,Other / Multi-sector
firm_400498453,WATERSHED RESULTS LLC,17,17,62,Other / Multi-sector
firm_400713139,THE BENNETT CONSULTING GROUP,36,36,132,Other / Multi-sector
firm_314498,GREEN CAPITOL LLC,6,6,1333,Other / Multi-sector
firm_401104101,B+S STRATEGIES,113,113,62,Other / Multi-sector
firm_43343,CASCADE ASSOCIATES,0,0,111,Other / Multi-sector
firm_400579747,"ENDGAME STRATEGIES, LLC",135,135,62,Legal & Lobbying / Other / Multi-sector
firm_312190,"BAY BRIDGE STRATEGIES, INC.",23,23,62,Other / Multi-sector / Energy & Environment
firm_401091050,LIZ WILLIAMS AND COMPANY,0,0,62,Other / Multi-sector
firm_401103774,BURTON STRATEGY GROUP,136,136,438,Other / Multi-sector / Legal & Lobbying
firm_14438,"JACK FERGUSON ASSOC., INC.",41,41,79,Other / Multi-sector
firm_401109283,"MO STRATEGIES, INC.",137,137,62,Legal & Lobbying / Other / Multi-sector
firm_18364,"HOBBS, STRAUS, DEAN & WALKER, LLP",138,138,66,Other / Multi-sector
firm_400927689,CRANE STRATEGIES,0,0,62,Other / Multi-sector
firm_401103211,CAPITOL ADVOCACY PARTNERS,40,40,565,Other / Multi-sector / Legal & Lobbying
firm_294291,"TIBER CREEK ASSOCIATES OF CAPITOL HILL, INC.",61,61,844,Other / Multi-sector
firm_40012089,SUMMIT HEALTH CARE CONSULTING,100,100,906,Other / Multi-sector / Healthcare & Pharma
firm_67854,ICE MILLER LLP,30,30,1293,Other / Multi-sector
firm_306011,FIDELIS GOVERNMENT RELATIONS,25,25,62,Other / Multi-sector
firm_400531585,"ALLEGIANCE STRATEGIES, LLC",139,139,655,Legal & Lobbying / Other / Multi-sector
firm_401103255,TAYLOR STRATEGIES,3,3,62,Other / Multi-sector
firm_401106383,LOCKE LORD LLP,0,0,62,Other / Multi-sector
firm_400424026,"TIM YEHL, LLC",216,216,62,Other / Multi-sector / Healthcare & Pharma
firm_74556,JAMES P. KEESE,216,216,1726,Other / Multi-sector / Healthcare & Pharma
firm_40021155,"GALILEO CONSULTING GROUP, INC.",140,140,1792,Legal & Lobbying / Other / Multi-sector
firm_401105818,"MEEKS, BUTERA & ISRAEL PLLC",5,5,62,Other / Multi-sector
firm_401104249,BLUE MOUNTAIN STRATEGIES,141,141,62,Other / Multi-sector / Technology & Telecom
firm_400531587,MR. ROBERT ZIMMER,195,195,111,Other / Multi-sector / Finance & Banking
firm_401106670,CLARK HILL PUBLIC STRATEGIES LLC,6,6,62,Other / Multi-sector
firm_401106683,"INTEGER, LLC",34,34,302,Other / Multi-sector
firm_4117,APCO WORLDWIDE LLC,40,40,1576,Other / Multi-sector / Legal & Lobbying
firm_67193,MORRISON PUBLIC AFFAIRS GROUP,0,0,438,Other / Multi-sector
firm_400427058,MR. WILLIAM BALL,72,72,2152,Other / Multi-sector
firm_401105811,CAPITOL TRANSPORTATION CONSULTING,40,40,943,Other / Multi-sector / Legal & Lobbying
firm_401104468,"SHUMAKER ADVISORS FLORIDA, LLC",40,40,838,Other / Multi-sector / Legal & Lobbying
firm_400407927,"FLAGSHIP GOVERNMENT RELATIONS, INC.",142,142,2221,Other / Multi-sector / Finance & Banking
firm_318298,CHRISTOPHER HEINZ,3,3,112,Other / Multi-sector
firm_401106013,"OSCAR POLICY GROUP, LLC",40,40,230,Other / Multi-sector / Legal & Lobbying
firm_401104403,WATKINS & EAGER PLLC,40,40,486,Other / Multi-sector / Legal & Lobbying
firm_400568701,"DININO ASSOCIATES, LLC",123,123,62,Other / Multi-sector
firm_400894609,"COMMONWEALTH RESEARCH ASSOCIATES, LLC",143,143,62,Education & Research / Government & Nonprofit
firm_401105827,"ARTICLE ONE GROUP, LLC",94,94,62,Other / Multi-sector
firm_400671007,"TAUZIN CONSULTANTS, LLC",95,95,1714,Other / Multi-sector
firm_13118,"EDINGTON, PEEL & ASSOCIATES, INC.",67,67,421,Other / Multi-sector
firm_401106072,ABI ASSOCIATES,134,134,132,Other / Multi-sector
firm_400850504,"THE HAMM CONSULTING GROUP, LLC",40,40,2335,Other / Multi-sector / Legal & Lobbying
firm_261,THE ADVOCACY GROUP,0,0,1383,Other / Multi-sector
firm_400635921,"SIXKILLER CONSULTING, LLC",67,67,62,Other / Multi-sector
firm_401107972,ACORN CONSULTING,0,0,62,Other / Multi-sector
firm_401105899,LUCAS | COMPTON,36,36,542,Other / Multi-sector
firm_400625900,"CAPITOL STRATEGIES, LLC",40,40,1271,Other / Multi-sector / Legal & Lobbying
firm_16178,"GIBSON, DUNN & CRUTCHER LLP",0,0,62,Other / Multi-sector
client_00244,ULTRA MARITIME LLC (FORMERLY REPORTED AS ULTRA ELECTRONICS DEFENSE INC),8,8,1614,Other / Multi-sector
firm_400428066,NWG ADVOCACY LLC,62,62,62,Healthcare & Pharma / Other / Multi-sector
firm_14052,CAPITOL METEOROLOGICS,8,8,1035,Other / Multi-sector
firm_41113,"WEXLER | WALKER, A UNIT OF HILL+KNOWLTON STRATEGIES, LLC",4,4,111,Other / Multi-sector
firm_84376,BORSKI ASSOCIATES,146,146,206,Other / Multi-sector / Energy & Environment
firm_401104189,BIGHORN PUBLIC AFFAIRS GROUP,40,40,2259,Other / Multi-sector / Legal & Lobbying
firm_401107774,O'NEIL BRADLEY CONSULTING LLC,195,195,326,Other / Multi-sector / Finance & Banking
firm_400414963,FEDERAL BUSINESS GROUP,40,40,1106,Other / Multi-sector / Legal & Lobbying
firm_400427057,WOODBERRY ASSOCIATES,20,20,778,Other / Multi-sector / Education & Research
firm_401103307,"AGM CONSULTING SERVICES, INC.",5,5,62,Other / Multi-sector
firm_401104700,CORDONE CONSULTING LLC,80,80,1060,Other / Multi-sector
firm_401104005,"KEY ADVOCATES, INC.",40,40,2095,Other / Multi-sector / Legal & Lobbying
firm_401104418,"DOUCET CONSULTING SOLUTIONS, LLC",40,40,2090,Other / Multi-sector / Legal & Lobbying
firm_401104541,"ATRIO CONSULTING GROUP, LLC",3,3,62,Other / Multi-sector
firm_45835,MR. RICHARD GOODSTEIN,147,147,1821,Other / Multi-sector
firm_400829463,LONE ROCK STRATEGIES,40,40,700,Other / Multi-sector / Legal & Lobbying
firm_400490410,"CAPITOL VENTURES GOVERNMENT RELATIONS, LLC",40,40,90,Other / Multi-sector / Legal & Lobbying
firm_401106120,"SCHERTZ STRATEGIES, LLC",148,148,2034,Legal & Lobbying / Agriculture & Food
firm_9090,"CLS STRATEGIES (FORMERLY CHLOPAK, LEONARD, SCHECHTER AND ASSOCIATES, INC.)",5,5,62,Other / Multi-sector
firm_401106003,"CAPITOL SOLUTIONS, LLC (DC)",119,119,147,Other / Multi-sector / Legal & Lobbying
firm_311371,"FEDERAL SOLUTIONS, LLC",149,149,930,Technology & Telecom / Other / Multi-sector
firm_401105975,HOLLIS PUBLIC AFFAIRS,152,152,841,Other / Multi-sector
firm_401106902,"OCULUS STRATEGIES, LLC",119,119,1217,Other / Multi-sector / Legal & Lobbying
firm_86777,"AJW, INC.",6,6,62,Other / Multi-sector
firm_310095,ULMAN PUBLIC POLICY & FEDERAL RELATIONS,0,0,62,Other / Multi-sector
firm_400833471,OLSON ADVOCACY GROUP LLC,59,59,111,Other / Multi-sector / Real Estate & Construction
firm_401105870,"FORZA DC, LLC",67,67,62,Other / Multi-sector
firm_401105220,DAVID W JONES,77,77,1618,Other / Multi-sector / Legal & Lobbying
firm_401106802,PERSPECTIVE STRATEGIES,0,0,62,Other / Multi-sector
firm_400384769,OTTERSON LLC,151,151,49,Other / Multi-sector
firm_400384779,"AUX INITIATIVES, LLC",50,50,2082,Other / Multi-sector
firm_401070011,"SMITH ADVOCACY GROUP, LLC",40,40,642,Other / Multi-sector / Legal & Lobbying
firm_401103265,THE KIDD GROUP LLC,36,36,1346,Other / Multi-sector
firm_401103705,THE CHERTOFF GROUP,8,8,1180,Other / Multi-sector
firm_400384772,KENNETH GEAR,77,77,268,Other / Multi-sector / Legal & Lobbying
firm_8395,"CARTWRIGHT & RILEY, INC.",131,131,62,Other / Multi-sector / Legal & Lobbying
firm_308970,"FEDERAL HILL GROUP, LLC",152,152,1164,Other / Multi-sector
firm_401107690,PATEL PARTNERS LLC,120,120,62,Other / Multi-sector / Energy & Environment
firm_84456,"SHL AND ASSOCIATES, INC.",153,153,1730,Other / Multi-sector / Energy & Environment
firm_3630,AMERICAN VETERINARY MEDICAL ASSOCIATION,194,194,62,Other / Multi-sector / Legal & Lobbying
firm_14690,FISHER CONSULTING,151,151,79,Other / Multi-sector
firm_400867541,DUANE MORRIS GOVERNMENT STRATEGIES,36,36,139,Other / Multi-sector
firm_401104378,"THE LIAISON GROUP, LLC",155,155,62,Other / Multi-sector
firm_80350,THE MARGOLIN GROUP,216,216,909,Other / Multi-sector / Healthcare & Pharma
firm_21610,CALMETTO MANAGEMENT GROUP,187,187,755,Other / Multi-sector / Legal & Lobbying
firm_401105512,ECHELON GOVERNMENT AFFAIRS,40,40,1901,Other / Multi-sector / Legal & Lobbying
firm_5448,"SIVON NATTER & WECHSLER, P.C. (FKA BARNETT SIVON & NATTER, P.C.)",155,155,111,Other / Multi-sector
firm_401104726,10-SQUARE SOLUTIONS,157,157,62,Other / Multi-sector / Education & Research
firm_401104033,YORKTOWN SOLUTIONS,6,6,542,Other / Multi-sector
firm_401104301,MWR CONSULTING,117,117,62,Other / Multi-sector / Healthcare & Pharma
firm_290811,MS. ELIZABETH LAVACH,40,40,1719,Other / Multi-sector / Legal & Lobbying
firm_47850,LAW OFFICES OF KEVIN G. CURTIN,149,149,62,Technology & Telecom / Other / Multi-sector
firm_401105094,THE MCSWANE GROUP,104,104,1352,Other / Multi-sector / Healthcare & Pharma
firm_16657,"GOVERNMENTAL STRATEGIES, INC.",158,158,62,Other / Multi-sector / Energy & Environment
firm_401105898,"LARRY PUCCIO, LLC",78,78,117,Other / Multi-sector / Energy & Environment
firm_11481,CUNEO GILBERT & LADUCA,0,0,62,Other / Multi-sector
firm_400428072,CSA STRATEGY GROUP LLC (FORMERLY CSA STRATEGIES LLC),216,216,339,Other / Multi-sector / Healthcare & Pharma
firm_400840483,PEEBLES BERGIN FKA PEEBLES KIDDER,159,159,1652,Other / Multi-sector / Legal & Lobbying
firm_61174,"DCI GROUP, L.L.C.",94,94,62,Other / Multi-sector
firm_11388,CROWELL GLOBAL ADVISORS,119,119,828,Other / Multi-sector / Legal & Lobbying
firm_400683034,"DC STRATEGIES GROUP, LLC",111,111,1743,Other / Multi-sector / Finance & Banking
firm_400878571,TG&C GROUP,3,3,667,Other / Multi-sector
firm_283732,"PAUL MARCONE & ASSOCIATES, LLC",21,21,62,Other / Multi-sector / Education & Research
firm_22746,THE MICHAEL LEWAN COMPANY,30,30,2291,Other / Multi-sector
firm_400421010,"H.A. CUMBER & COMPANY, INC.",0,0,62,Other / Multi-sector
firm_401105683,LIVE OAK STRATEGIES,131,131,142,Other / Multi-sector / Legal & Lobbying
firm_12516,DORSEY & WHITNEY LLP,40,40,2104,Other / Multi-sector / Legal & Lobbying
firm_401103702,CASCADE STRATEGIES,109,109,62,Other / Multi-sector
firm_12994,UNITED SPINAL ASSOCIATION,187,187,542,Other / Multi-sector / Legal & Lobbying
firm_401038925,"MORRISSEY STRATEGIC PARTNERS, LLC",109,109,66,Other / Multi-sector
firm_401103852,THUNDERBIRD STRATEGIC LLC,40,40,1145,Other / Multi-sector / Legal & Lobbying
firm_82215,"KEARNEY, DONOVAN & MCGEE",109,109,62,Other / Multi-sector
firm_76412,"MAYFORTH GROUP, LLC.",40,40,1417,Other / Multi-sector / Legal & Lobbying
firm_400508502,NORTHFORK STRATEGIES,95,95,62,Other / Multi-sector
firm_401107033,"RBW GROUP, LLC",0,0,62,Other / Multi-sector
firm_401109030,"COVENANT GOVERNMENT AFFAIRS, LLC",5,5,1180,Other / Multi-sector
firm_401105111,ANWAY LONG GROUP,3,3,62,Other / Multi-sector
firm_401104878,"BROWN & FORTUNATO, P.C.",62,62,62,Healthcare & Pharma / Other / Multi-sector
firm_401031906,"BROOKS BAWDEN MOORE, LLC, FORMERLY REPORTED AS BROOKS BAWDEN, LLC",160,160,1029,Transportation & Auto / Government & Nonprofit
firm_401104020,THE NARDELLI GROUP,41,41,308,Other / Multi-sector
firm_401105447,BLUEBIRD STRATEGIES,136,136,62,Other / Multi-sector / Legal & Lobbying
firm_400545627,LOPER CONSULTING LLC,3,3,62,Other / Multi-sector
firm_401105212,PARK&K PUBLIC AFFAIRS LLC,100,100,79,Other / Multi-sector / Healthcare & Pharma
firm_401104606,"PAUL V. BEDDOE GOVERNMENT AFFAIRS, LLC",100,100,1151,Other / Multi-sector / Healthcare & Pharma
firm_23452,MADISON GOVERNMENT AFFAIRS,161,161,438,Other / Multi-sector / Transportation & Auto
firm_401105938,"ALVA ELLIOTT PARTNERS, LLC",102,102,62,Other / Multi-sector / Energy & Environment
firm_400421012,BUTLER SNOW LLP,0,0,111,Other / Multi-sector
firm_401105700,PATTERSON REAL BIRD & RASMUSSEN LLP,159,159,1652,Other / Multi-sector / Legal & Lobbying
firm_401109033,THOLOS GOVERNMENT RELATIONS,25,25,62,Other / Multi-sector
firm_401107217,ORIGIN ADVOCACY LLC,109,109,62,Other / Multi-sector
firm_37232,SULLIVAN & CROMWELL LLP,4,4,62,Other / Multi-sector
firm_401109282,"S2R, LLC",15,15,62,Other / Multi-sector
firm_400933698,WYMAN ASSOCIATES,162,162,2004,Other / Multi-sector / Energy & Environment
firm_55256,"THE GALLAGHER GROUP, LLC",119,119,1455,Other / Multi-sector / Legal & Lobbying
firm_18433,RICHARD F. HOHLT,24,24,1741,Other / Multi-sector
firm_9476,CLEARY GOTTLIEB STEEN & HAMILTON LLP,4,4,62,Other / Multi-sector
firm_16681,EDMUND GRABER,40,40,238,Other / Multi-sector / Legal & Lobbying
firm_21426,"KENT & O'CONNOR, INC.",163,163,62,Other / Multi-sector
firm_400559668,PAVLUCHUK & ASSOCIATES,19,19,62,Other / Multi-sector
firm_401106268,KILEY & ASSOCIATES,83,83,79,Other / Multi-sector
firm_319610,THOMPSON ADVISORY GROUP,131,131,160,Other / Multi-sector / Legal & Lobbying
firm_401107308,LODESTONE DC,21,21,62,Other / Multi-sector / Education & Research
firm_401103105,"JONES GROUP INTERNATIONAL, LLC",109,109,62,Other / Multi-sector
firm_298012,"REINECKE STRATEGIC SOLUTIONS, INC.",164,164,1338,Other / Multi-sector
firm_33124,"GRAY & OSCAR, LLC (FORMERLY BOB GRAY, LLC)",165,165,626,Other / Multi-sector / Government & Nonprofit
firm_401106174,"OLD NORTH STRATEGIES, LLC",216,216,2119,Other / Multi-sector / Healthcare & Pharma
firm_11914,GLENN DELANEY,45,45,62,Other / Multi-sector
firm_401103651,DGSR LLC,119,119,2056,Other / Multi-sector / Legal & Lobbying
firm_52880,"FORSCEY, PLLC",30,30,1361,Other / Multi-sector
firm_287350,ADVANCED CAPITOL CONSULTING,74,74,639,Other / Multi-sector
firm_296293,BRAVO GROUP,167,167,100,Other / Multi-sector
firm_301334,MAYNOR LLC,5,5,2359,Other / Multi-sector
firm_401104741,ACG ANALYTICS,4,4,62,Other / Multi-sector
firm_40026223,"M.J. SIMON & COMPANY, LLC",168,168,422,Other / Multi-sector / Healthcare & Pharma
firm_401103784,FLYWHEEL GOVERNMENT SOLUTIONS,0,0,62,Other / Multi-sector
firm_400751249,JOHN MCKECHNIE LLC,40,40,2191,Other / Multi-sector / Legal & Lobbying
firm_401103619,"WARWICK GROUP CONSULTANTS, LLC",40,40,1470,Other / Multi-sector / Legal & Lobbying
firm_400944725,DOGWOOD STRATEGIES,119,119,1372,Other / Multi-sector / Legal & Lobbying
firm_400954758,SCHOENING STRATEGIES,169,169,622,Other / Multi-sector / Healthcare & Pharma
firm_13461,"EMANUEL & ASSOCIATES, INC. (FKA ADAM EMANUEL)",40,40,62,Other / Multi-sector / Legal & Lobbying
firm_6757,BEAU BOULTER LLC,8,8,549,Other / Multi-sector
firm_31213,PERKINS COIE LLP,170,170,79,Other / Multi-sector / Legal & Lobbying
firm_304213,"ZIEBART CONSULTING, LLC",23,23,496,Other / Multi-sector / Energy & Environment
firm_401103521,"GAVEL RESOURCES, LLC",131,131,62,Other / Multi-sector / Legal & Lobbying
firm_401103359,HANKA ADVISOR LLC,40,40,265,Other / Multi-sector / Legal & Lobbying
firm_48760,GENESIS GROUP LLC,171,171,199,Other / Multi-sector
firm_401107315,ONMESSAGE PUBLIC STRATEGIES,131,131,1727,Other / Multi-sector / Legal & Lobbying
firm_291914,"LAW OFFICES OF FREDERICK H. GRAEFE, PLLC",0,0,1954,Other / Multi-sector
firm_401108914,RIDGE PATH STRATEGIES,0,0,62,Other / Multi-sector
firm_23053,"LOCKRIDGE, GRINDAL, NAUEN, PLLP",173,173,217,Other / Multi-sector
client_00167,"INTERNATIONAL MOTORS, LLC (FORMERLY NAVISTAR, INC)",18,18,218,Other / Multi-sector
firm_401104939,"CAPITOL POINT GROUP, LLC",74,74,420,Other / Multi-sector
firm_401106028,"CUMBERLAND GAP CONSULTING, LLC",80,80,743,Other / Multi-sector
firm_401108685,WASHINGTON GLOBAL ADVISORS LLC,50,50,1390,Other / Multi-sector
firm_40022172,"ALTRIUS GROUP, LLC",167,167,269,Other / Multi-sector
firm_400510505,"RWC, INC",187,187,817,Other / Multi-sector / Legal & Lobbying
firm_40047364,THE PENNSYLVANIA AVENUE GROUP,40,40,1857,Other / Multi-sector / Legal & Lobbying
firm_400419998,THE BRIGHTUP GROUP LLC,40,40,66,Other / Multi-sector / Legal & Lobbying
firm_401105210,"WISE CAPITAL STRATEGY, LLC",175,175,1363,Other / Multi-sector
firm_401107496,GREEN MOUNTAIN STRATEGIES LLC DC,119,119,701,Other / Multi-sector / Legal & Lobbying
firm_401027897,JAMES EDWARDS,119,119,1232,Other / Multi-sector / Legal & Lobbying
firm_400958768,"POLICY INTEGRATION PARTNERS, LLC",96,96,1453,Other / Multi-sector / Energy & Environment
firm_401104345,"ATCITTY & VAN NORMAN LAW, LLC",119,119,441,Other / Multi-sector / Legal & Lobbying
firm_401103886,SCRIVNER LEON GROUP LLC,119,119,663,Other / Multi-sector / Legal & Lobbying
firm_401105233,"IQOM STRATEGIC ADVISORS, LLC",45,45,62,Other / Multi-sector
firm_401107188,"YC CONSULTING, LLC",167,167,363,Other / Multi-sector
firm_401108172,ANCHOR & ARROW STRATEGIES,131,131,1511,Other / Multi-sector / Legal & Lobbying
firm_11548,DA VINCI GROUP,40,40,1386,Other / Multi-sector / Legal & Lobbying
firm_314215,"MATTOON & ASSOCIATES, LLC",109,109,860,Other / Multi-sector
firm_401103935,"SARAH BLACKWOOD GOVERNMENT RELATIONS, LLC",176,176,1010,Other / Multi-sector
firm_401106938,TELEGRAPH AVENUE ADVISORS,177,177,583,Other / Multi-sector / Legal & Lobbying
firm_300071,THE LEONARD GROUP,127,127,438,Other / Multi-sector / Legal & Lobbying
firm_401047954,"S. VACA & ASSOCIATES, LLC",72,72,1260,Other / Multi-sector
firm_13882,ETKA CONSULTING,178,178,359,Other / Multi-sector
firm_400427054,"BEDROCK STRATEGIES, LLC",5,5,1315,Other / Multi-sector
firm_15838,THE GARRISON GROUP LLC,6,6,264,Other / Multi-sector
firm_401105258,UNCORKED ADVOCATES,0,0,62,Other / Multi-sector
firm_401106433,STUMPTOWN STRATEGIES,100,100,62,Other / Multi-sector / Healthcare & Pharma
firm_313794,THE DLM GROUP,40,40,1891,Other / Multi-sector / Legal & Lobbying
firm_401104056,SPINNAKER GOVERNMENT RELATIONS FKA C.H. FISHER LLC,119,119,1557,Other / Multi-sector / Legal & Lobbying
firm_401107297,CONSTITUTION PARTNERS,102,102,62,Other / Multi-sector / Energy & Environment
firm_62255,MR. JOHN A. DEVIERNO,36,36,750,Other / Multi-sector
firm_401103272,NORM DICKS AND ASSOCIATES LLC,172,172,1040,Other / Multi-sector / Legal & Lobbying
firm_401104283,"PUBLIC POLICY ADVISORS, INC.",180,180,1407,Legal & Lobbying / Healthcare & Pharma
firm_401104930,"KAE STRATEGIC, LLC",8,8,542,Other / Multi-sector
firm_401105977,"MZ ADVISING, LLC",131,131,1243,Other / Multi-sector / Legal & Lobbying
firm_401104600,ALTA CREST LLC,119,119,406,Other / Multi-sector / Legal & Lobbying
firm_401105054,LIPPES MATHIAS LLP (FKA LIPPES MATHIAS WEXLER FRIEDMAN LLP),58,58,428,Other / Multi-sector
firm_401103963,"PTSA FORMERLY KNOWN AS ""MARK S. MORGAN",181,181,62,Other / Multi-sector / Energy & Environment
firm_400749244,JAMES CALLAN ASSOCIATES LLC,80,80,62,Other / Multi-sector
firm_3878,"MORRIS J. AMITAY, PC",194,194,888,Other / Multi-sector / Legal & Lobbying
firm_401105420,"O'ROURKE AND ASSOCIATES, LLC",119,119,600,Other / Multi-sector / Legal & Lobbying
firm_89895,CAPITOL CONSULTANTS LLC,70,70,62,Other / Multi-sector / Energy & Environment
firm_317776,CREATIVE GOVERNMENT SOLUTIONS LLC,149,149,62,Technology & Telecom / Other / Multi-sector
firm_401105777,EASTPORT STRATEGIES LLC,119,119,2035,Other / Multi-sector / Legal & Lobbying
firm_400498459,MR. DANIEL DELICH,50,50,451,Other / Multi-sector
firm_309275,THE FRITTS GROUP,25,25,62,Other / Multi-sector
firm_401103720,"CONNECT 4 STRATEGIES, LLC",60,60,82,Other / Multi-sector / Healthcare & Pharma
firm_401103849,"R2P STRATEGIES, LLC",182,182,1418,Other / Multi-sector / Legal & Lobbying
firm_401104385,WASHINGTON ADVOCACY GROUP,25,25,229,Other / Multi-sector
firm_400791383,"PUBLIC STRATEGIES 360, LLC",119,119,1935,Other / Multi-sector / Legal & Lobbying
firm_401104284,SEXTONS CREEK,106,106,438,Other / Multi-sector
firm_400454181,MR. MARK REY,40,40,542,Other / Multi-sector / Legal & Lobbying
firm_400813422,THE SUMMERILL GROUP LLC,131,131,2154,Other / Multi-sector / Legal & Lobbying
firm_401108050,SKYLINE CAPITOL LLC,8,8,1039,Other / Multi-sector
firm_82272,"FOX POTOMAC RESOURCES, LLC",78,78,169,Other / Multi-sector / Energy & Environment
firm_401103704,PALLADIAN HILL STRATEGIES,25,25,62,Other / Multi-sector
firm_1650,AMERICAN ASSOCIATION OF NURSE ANESTHETISTS,183,183,438,Other / Multi-sector / Healthcare & Pharma
firm_39928,THE VECTRE CORPORATION,50,50,722,Other / Multi-sector
firm_401104679,CURA STRATEGIES,119,119,16,Other / Multi-sector / Legal & Lobbying
firm_401108712,INTERSECTION,119,119,212,Other / Multi-sector / Legal & Lobbying
firm_401106330,WASHINGTON NAVIGATORS,21,21,603,Other / Multi-sector / Education & Research
client_01103,"NATIONAL GUARD ASSOCIATION OF THE UNITED STATES, INC.",5,5,79,Other / Multi-sector
firm_401104328,"CAMERON KRIER MASSEY, INC. DBA SCOUT GR",62,62,1179,Healthcare & Pharma / Other / Multi-sector
firm_401105249,AVANT BISHOP WASHINGTON & BLACK LLC,50,50,1790,Other / Multi-sector
firm_401109383,CONVERGE PUBLIC STRATEGIES,184,184,542,Other / Multi-sector / Legal & Lobbying
firm_401105663,EQV STRATEGIC,119,119,824,Other / Multi-sector / Legal & Lobbying
firm_400940714,MR. JAIME STEVE,119,119,2260,Other / Multi-sector / Legal & Lobbying
firm_401103747,SACHEM STRATEGIES,119,119,652,Other / Multi-sector / Legal & Lobbying
firm_21916,THEODORE KRONMILLER,72,72,62,Other / Multi-sector
firm_31918,THE POTOMAC GROUP,131,131,1682,Other / Multi-sector / Legal & Lobbying
firm_401106905,JEFFRIES STRATEGIES LLC,185,185,438,Other / Multi-sector
firm_40006040,SCOFES & ASSOCIATES CONSULTING INC,186,186,202,Other / Multi-sector
firm_401109669,"B HALL STRATEGIES, LLC",3,3,1560,Other / Multi-sector
firm_292094,POLICY NAVIGATION GROUP,129,129,542,Other / Multi-sector / Energy & Environment
firm_401104449,BASSGLP LLC,24,24,1820,Other / Multi-sector
firm_401104823,INTEREL US,168,168,62,Other / Multi-sector / Healthcare & Pharma
firm_86356,MERIDIAN HILL STRATEGIES FORMERLY KNOWN AS ERNEST C. BAYNARD IV,40,40,1840,Other / Multi-sector / Legal & Lobbying
firm_400856517,THE CONNOLLY GROUP,119,119,1828,Other / Multi-sector / Legal & Lobbying
firm_401105134,ACUMENDC LLC,131,131,1205,Other / Multi-sector / Legal & Lobbying
firm_401105251,THE FERRARO GROUP,168,168,1124,Other / Multi-sector / Healthcare & Pharma
firm_400704110,MIDFIELD CONSULTING LLC,181,181,62,Other / Multi-sector / Energy & Environment
firm_401104735,"INSIGHT PUBLIC AFFAIRS, INC.",4,4,62,Other / Multi-sector
firm_401106624,CROSSWINDS SOLUTIONS,7,7,723,Other / Multi-sector
firm_400458209,MR. PETER SNELL,30,30,1796,Other / Multi-sector
firm_400411947,WASHINGTON HEALTH STRATEGIES GROUP,187,187,256,Other / Multi-sector / Legal & Lobbying
firm_401062995,"C6 STRATEGIES, LLC (FKA MS. DANA W. HUDSON)",8,8,62,Other / Multi-sector
firm_401103459,DAVID A. BRADLEY,67,67,1924,Other / Multi-sector
firm_401106149,"BATIE & ASSOCIATES, LLC",131,131,1744,Other / Multi-sector / Legal & Lobbying
firm_401104680,"CALFEE, HALTER & GRISWOLD LLP",91,91,2011,Other / Multi-sector
firm_401104895,"RIVERSIDE STRATEGIC SOLUTIONS, LLC",106,106,42,Other / Multi-sector
firm_401106818,"GOVERNMENT AFFAIRS SOLUTIONS, LLC",188,188,2330,Other / Multi-sector / Education & Research
firm_400658979,"ANNDYL POLICY GROUP, LLC",115,115,111,Other / Multi-sector
firm_317275,INTEGRATED SOLUTIONS GROUP,172,172,133,Other / Multi-sector / Legal & Lobbying
firm_38676,TUTTLE TAYLOR AND HERON,189,189,1053,Other / Multi-sector
firm_305338,BERNSTEIN STRATEGY GROUP,40,40,1227,Other / Multi-sector / Legal & Lobbying
firm_401106035,THE COMPLETE AGENCY,0,0,62,Other / Multi-sector
firm_401103766,"COOLEY, LLP",37,37,1021,Other / Multi-sector / Education & Research
firm_401104327,AVENUE STRATEGIES,78,78,664,Other / Multi-sector / Energy & Environment
firm_401105055,"BERQUAM VENTURES, LLC",119,119,1941,Other / Multi-sector / Legal & Lobbying
firm_89133,BLANK ROME LLP,151,151,62,Other / Multi-sector
firm_401104329,DAVE KOLBE CONSULTING,239,239,1735,Other / Multi-sector / Healthcare & Pharma
firm_401109225,NESTPOINT ASSOCIATES LLC,131,131,809,Other / Multi-sector / Legal & Lobbying
firm_401103260,"E2 STRATEGIES, LLC",40,40,2037,Other / Multi-sector / Legal & Lobbying
firm_401104623,SINHA ASSOCIATES LLC,190,190,79,Other / Multi-sector
firm_401105112,RANDALL DAVIS ASSOCIATES LLC,0,0,62,Other / Multi-sector
firm_23838,MARKLEY AND COMPANY,131,131,1166,Other / Multi-sector / Legal & Lobbying
firm_401103662,FEDERAL CITY STRATEGIES,191,191,2102,Other / Multi-sector / Legal & Lobbying
firm_401107227,"CAPROCK STRATEGIES, LLC",192,192,62,Other / Multi-sector / Agriculture & Food
firm_401105216,EVOLVE STRATEGIES LLC,71,71,1474,Other / Multi-sector
firm_15020,"FLYNN & ASSOCIATES, INC.",239,239,1574,Other / Multi-sector / Healthcare & Pharma
firm_401105865,MERKAVA STRATEGIES CORPORATION,187,187,977,Other / Multi-sector / Legal & Lobbying
firm_401107461,"LINDA MAYNOR, INC.",5,5,543,Other / Multi-sector
firm_295510,GREYSTONE GROUP LLC,8,8,79,Other / Multi-sector
firm_401107844,"AZ DC CONSULTING, LLC",131,131,1073,Other / Multi-sector / Legal & Lobbying
firm_5062,CML CONSULTING SERVICES INC. (FORMERLY L.A. SKIP BAFALIS),40,40,1089,Other / Multi-sector / Legal & Lobbying
firm_14963,FLORIDA SUGAR CANE LEAGUE,80,80,62,Other / Multi-sector
firm_401104200,ECONOMIC POLICY STRATEGIES,24,24,920,Other / Multi-sector
firm_401105264,ARDEIDAE GROUP LLC,57,57,62,Other / Multi-sector / Energy & Environment
firm_401106745,QUILL ADVISERS LLC,34,34,62,Other / Multi-sector
firm_401104271,"CAPITOL PARTNERS, LLC",119,119,1617,Other / Multi-sector / Legal & Lobbying
firm_401103533,IVY GREEN CONSULTING,35,35,2287,Other / Multi-sector / Healthcare & Pharma
firm_401106604,INLET STRATEGIES,3,3,62,Other / Multi-sector
firm_401103511,"MAGILL ASSOCIATES, LLC",134,134,62,Other / Multi-sector
firm_401106507,SMART POLICY GROUP LLC,131,131,1766,Other / Multi-sector / Legal & Lobbying
firm_29403,CONSUMER HEALTHCARE PRODUCTS ASSOCIATION,194,194,62,Other / Multi-sector / Legal & Lobbying
firm_295031,"COMPASS CONSULTING GROUP, LLC",158,158,62,Other / Multi-sector / Energy & Environment
firm_401104048,HILLTOP ADVOCACY,40,40,97,Other / Multi-sector / Legal & Lobbying
firm_401105310,JOCELYN HONG & ASSOCIATES,119,119,827,Other / Multi-sector / Legal & Lobbying
firm_79596,"FENNEL CONSULTING, LLC",111,111,62,Other / Multi-sector / Finance & Banking
firm_401103116,CALFEE STRATEGIC SOLUTIONS,26,26,2011,Other / Multi-sector
firm_401106567,PHOENIX STRATEGIES INC.,119,119,1517,Other / Multi-sector / Legal & Lobbying
firm_400482378,"RUNYAN PUBLIC AFFAIRS, LLC",24,24,1986,Other / Multi-sector
firm_313998,"PENDULUM STRATEGIES, LLC",0,0,1111,Other / Multi-sector
firm_401108659,ARK STRATEGY,8,8,62,Other / Multi-sector
firm_401105460,HAWLEY LLC,85,85,1718,Other / Multi-sector / Healthcare & Pharma
firm_400418985,MR. MICHAEL ROMANSKY,62,62,922,Healthcare & Pharma / Other / Multi-sector
firm_401104372,CGA STRATEGIES LLC,0,0,62,Other / Multi-sector
firm_401109306,"DRAKE VENTURES, LLC",194,194,606,Other / Multi-sector / Legal & Lobbying
firm_401106236,EXIGENT GOVERNMENT RELATIONS,131,131,2385,Other / Multi-sector / Legal & Lobbying
firm_401103312,HILL STRATEGY LLC,195,195,62,Other / Multi-sector / Finance & Banking
firm_23463,MR. CLIFF MADISON,0,0,62,Other / Multi-sector
firm_401103451,MILESTONE FEDERAL SOLUTIONS,119,119,2328,Other / Multi-sector / Legal & Lobbying
firm_401107899,9TH STREET STRATEGIES,4,4,62,Other / Multi-sector
firm_8293,CARLYLE CONSULTING,34,34,1029,Other / Multi-sector
firm_401104134,ROBERT ROZEN,119,119,27,Other / Multi-sector / Legal & Lobbying
firm_33545,ROCK & ASSOCIATES,40,40,582,Other / Multi-sector / Legal & Lobbying
firm_401108359,ACCELERATE STRATEGIES,119,119,1763,Other / Multi-sector / Legal & Lobbying
firm_401106407,RUSHMORE STRATEGIC ADVISORS LLC,196,196,1218,Other / Multi-sector
firm_400500471,GOTHAM GOVERNMENT RELATIONS,131,131,1487,Other / Multi-sector / Legal & Lobbying
firm_11402,IKON PUBLIC AFFAIRS,131,131,1323,Other / Multi-sector / Legal & Lobbying
firm_400265210,DICKINSON WRIGHT PLLC,195,195,858,Other / Multi-sector / Finance & Banking
firm_400478356,SEWARD SQUARE GROUP,239,239,62,Other / Multi-sector / Healthcare & Pharma
firm_401068005,"DYNAMIC CHANGE GROUP, LLC",131,131,1024,Other / Multi-sector / Legal & Lobbying
firm_400703103,"LJ CONSULTING, LLC",197,197,438,Other / Multi-sector
firm_401106353,THE HALCROW GROUP LLC,8,8,802,Other / Multi-sector
firm_401105146,"SIX-7 STRATEGIES, LLC",159,159,542,Other / Multi-sector / Legal & Lobbying
firm_400498457,"ROSEMONT ASSOCIATES, LLC",198,198,2350,Other / Multi-sector
firm_58636,CONGRESSIONAL STRATEGIES LLC,85,85,62,Other / Multi-sector / Healthcare & Pharma
firm_401109637,BREAKAWAY,4,4,111,Other / Multi-sector
firm_57533,MR. KHALIL SALIBA,87,87,1385,Other / Multi-sector
firm_40830,"WEBSTER, CHAMBERLAIN & BEAN, LLP",36,36,1222,Other / Multi-sector
firm_401104343,"THE COLOR NINE GROUP, LLC",119,119,1236,Other / Multi-sector / Legal & Lobbying
firm_401096059,MR. GREGORY COHEN,0,0,62,Other / Multi-sector
firm_34592,"SCHRAMM, WILLIAMS & ASSOCIATES, INC.",119,119,2310,Other / Multi-sector / Legal & Lobbying
firm_401105108,"ALEXANDRIA VENTURES, LLC",30,30,2039,Other / Multi-sector
firm_401108944,LILETTE ADVISORS,25,25,112,Other / Multi-sector
firm_400887597,"HILLSTAFFER, LLC",119,119,377,Other / Multi-sector / Legal & Lobbying
firm_40002020,QUADRIPOINT STRATEGIES LLC,200,200,438,Other / Multi-sector
firm_400445137,LESIC AND CAMPER COMMUNICATIONS,167,167,940,Other / Multi-sector
firm_401103314,LUNGREN LOPINA LLC,60,60,729,Other / Multi-sector / Healthcare & Pharma
firm_401103558,CYRRUS ANALYTICS LLC,40,40,1050,Other / Multi-sector / Legal & Lobbying
firm_401103692,"BRIDGE STREET GROUP, LLC",201,201,1951,Other / Multi-sector / Education & Research
firm_303597,"CAPITOL CONNECTIONS, LLC",40,40,1091,Other / Multi-sector / Legal & Lobbying
firm_313750,MR. THAD HUGULEY,202,202,648,Other / Multi-sector / Energy & Environment
firm_401103132,"PERRY, WHITE, ROSS & JACOBSON, LLC",119,119,484,Other / Multi-sector / Legal & Lobbying
firm_401103745,"COASPIRE, LLC",119,119,350,Other / Multi-sector / Legal & Lobbying
firm_401104667,"BAILEY STRATEGIC ADVISORS, LLC",120,120,1847,Other / Multi-sector / Energy & Environment
firm_69071,AGVANTAGE LLC,80,80,1699,Other / Multi-sector
firm_401103224,VANTAGE POINT STRATEGIES LLC,87,87,2358,Other / Multi-sector
firm_401108770,CAPITOL PATH CONSULTING LLC FKA CULTON CONSULTING LLC,40,40,1263,Other / Multi-sector / Legal & Lobbying
firm_400471327,"CONSERVATION PATHWAYS, LLC",119,119,2125,Other / Multi-sector / Legal & Lobbying
firm_310791,THE MONDELLO GROUP LLC,27,27,366,Other / Multi-sector
firm_73670,THOMPSON CONSULTING GROUP,40,40,490,Other / Multi-sector / Legal & Lobbying
firm_401105872,MICHAEL POWELSON,119,119,1803,Other / Multi-sector / Legal & Lobbying
firm_401103779,HIGH STREET STRATEGIES LLC,40,40,1626,Other / Multi-sector / Legal & Lobbying
firm_400783358,MS. MICHELLE NAWAR,131,131,2231,Other / Multi-sector / Legal & Lobbying
firm_401103157,"POTOMAC GOVERNMENT RELATIONS, LLC",48,48,691,Other / Multi-sector
firm_40025211,"CONFRERE STRATEGIES, LLC",119,119,1732,Other / Multi-sector / Legal & Lobbying
firm_400660986,"MASON CONSULTING, LLC",21,21,1029,Other / Multi-sector / Education & Research
firm_401103630,SACKLER BRINKMANN & HUGHES LLC,119,119,708,Other / Multi-sector / Legal & Lobbying
firm_401104426,KENT CAPERTON CONSULTING,119,119,152,Other / Multi-sector / Legal & Lobbying
firm_401006842,"WINN STRATEGIES, LLC",119,119,1395,Other / Multi-sector / Legal & Lobbying
firm_401104724,"CSS PARTNERS, LLC",203,203,898,Other / Multi-sector
firm_401106364,THE ANGLE,131,131,1809,Other / Multi-sector / Legal & Lobbying
firm_40002018,"CANSLER CONSULTING, LLC",119,119,566,Other / Multi-sector / Legal & Lobbying
firm_400428070,"NATIONAL HEALTH ADVISORS, LLC",62,62,1393,Healthcare & Pharma / Other / Multi-sector
firm_401105838,"STARZYK & ASSOCIATES, LLC",131,131,541,Other / Multi-sector / Legal & Lobbying
firm_401109668,"CRAVATH, SWAINE & MOORE LLP",34,34,1140,Other / Multi-sector
firm_401104417,BLUE MARBLE STRATEGY LLC,40,40,394,Other / Multi-sector / Legal & Lobbying
firm_401105363,ACUITY STRATEGIC PARTNERS LLC,131,131,1099,Other / Multi-sector / Legal & Lobbying
firm_401105570,PROVENTURE CONSULTANTS LLC,119,119,134,Other / Multi-sector / Legal & Lobbying
firm_401104348,"FIRST PRINCIPLES STRATEGIES, LLC",119,119,2106,Other / Multi-sector / Legal & Lobbying
firm_400359637,"RICHARD J. LEIDL, P.C.",40,40,2392,Other / Multi-sector / Legal & Lobbying
firm_400396870,MICHAEL STRACHN,7,7,1168,Other / Multi-sector
client_02192,COUNCIL FOR A LIVABLE WORLD,8,8,726,Other / Multi-sector
firm_60537,"IETAN CONSULTING, LLC",36,36,62,Other / Multi-sector
firm_401105154,CULTIVATING CONSERVATION,131,131,2009,Other / Multi-sector / Legal & Lobbying
firm_284471,"CAPITOL IMPACT, LLC",119,119,1629,Other / Multi-sector / Legal & Lobbying
firm_401104132,PINE STREET STRATEGIES,50,50,62,Other / Multi-sector
firm_400361684,"RICHARD J. SCHOLZ, P.A. (FKA JACOBS SCHOLZ & WYLER, LLC)",119,119,1720,Other / Multi-sector / Legal & Lobbying
firm_401103520,THE ESTELL GROUP LLC,119,119,1550,Other / Multi-sector / Legal & Lobbying
firm_401104386,KTE COMMUNICATIONS LLC,172,172,447,Other / Multi-sector / Legal & Lobbying
firm_401106238,"CAPITOL ENERGY ADVOCACY, LLC",131,131,311,Other / Multi-sector / Legal & Lobbying
firm_22438,"LEDGE COUNSEL, INC.",119,119,645,Other / Multi-sector / Legal & Lobbying
firm_25897,"MORRISON & FOERSTER, LLP",187,187,2015,Other / Multi-sector / Legal & Lobbying
firm_401107311,"STRATEGIC CAPITOL GROUP, LLC",119,119,1297,Other / Multi-sector / Legal & Lobbying
firm_89097,"PREWITT GROUP, P.A.",172,172,2088,Other / Multi-sector / Legal & Lobbying
firm_401108081,"TIDAL BASIN ADVISORS, INC.",95,95,62,Other / Multi-sector
firm_91091,FIRST STRATEGIC,85,85,2237,Other / Multi-sector / Healthcare & Pharma
firm_401104753,"WANETA STRATEGIES, LLC",119,119,711,Other / Multi-sector / Legal & Lobbying
firm_401104311,TIMOTHY A. GLASSCO CONSULTING LLC,78,78,62,Other / Multi-sector / Energy & Environment
firm_401106351,BRICK STREET STRATEGY,188,188,1128,Other / Multi-sector / Education & Research
firm_401107332,"THE JACKSON GROUP, LLC",194,194,866,Other / Multi-sector / Legal & Lobbying
firm_294212,"G S PROCTOR AND ASSOCIATES, INC",119,119,1853,Other / Multi-sector / Legal & Lobbying
firm_24624,WATKINSON MILLER PLLC,206,206,611,Other / Multi-sector
firm_72598,BUSINESS GOVERNMENT SOLUTIONS,178,178,560,Other / Multi-sector
firm_401105534,"ALPEX INTERNATIONAL, LLC",96,96,718,Other / Multi-sector / Energy & Environment
firm_401107703,FONTENOT HEALTH POLICY LLC,131,131,14,Other / Multi-sector / Legal & Lobbying
firm_302290,"BOLTON-ST. JOHNS, LLC",8,8,1638,Other / Multi-sector
firm_401105907,PARK ROAD TRADE LLC,45,45,685,Other / Multi-sector
firm_401103555,"ARENA STRATEGIES, LLC",119,119,1351,Other / Multi-sector / Legal & Lobbying
firm_401017872,"JGB & ASSOCIATES, LLC",207,207,438,Other / Multi-sector
firm_401105567,CHRISTIE 55 SOLUTIONS LLC,49,49,62,Other / Multi-sector / Healthcare & Pharma
firm_401108472,VALIANT STRATEGIES LLC,161,161,62,Other / Multi-sector / Transportation & Auto
firm_305032,"HOLCH & ERICKSON, LLP",58,58,556,Other / Multi-sector
firm_305098,"ADUSTON CONSULTING, LLC",208,208,62,Other / Multi-sector / Technology & Telecom
firm_401103966,THE KUTLER GROUP,100,100,62,Other / Multi-sector / Healthcare & Pharma
firm_401105113,"DOMER CONSULTING, LLC",119,119,62,Other / Multi-sector / Legal & Lobbying
firm_400911656,KENNETH BROWN,39,39,459,Other / Multi-sector
firm_401103356,CORREIA & OSOLINIK,216,216,472,Other / Multi-sector / Healthcare & Pharma
firm_401105336,GIRARD GOVERNMENT RELATIONS,131,131,254,Other / Multi-sector / Legal & Lobbying
firm_401103858,"THINKP3, LLC",158,158,2177,Other / Multi-sector / Energy & Environment
firm_401105123,MOONWALKER ASSOCIATES,131,131,1880,Other / Multi-sector / Legal & Lobbying
firm_400670003,"LEBLANC GOVERNMENT RELATIONS, LLC",119,119,1165,Other / Multi-sector / Legal & Lobbying
firm_401105651,GROUNDSWELL STRATEGY LLC,209,209,62,Other / Multi-sector
firm_401103578,STALLMER CONSULTING LLC,40,40,632,Other / Multi-sector / Legal & Lobbying
firm_401105585,FOREST HILL CONSULTING,172,172,1928,Other / Multi-sector / Legal & Lobbying
firm_401103573,FORESIGHT LAW + POLICY PLLC,138,138,287,Other / Multi-sector
firm_401109131,MARBLE ARCH,155,155,62,Other / Multi-sector
firm_401103384,BRIMLEY GROUP INC.,40,40,62,Other / Multi-sector / Legal & Lobbying
firm_400549647,GPSLLC,133,133,1684,Other / Multi-sector / Transportation & Auto
firm_308731,"HUDSON COOK, LLP",155,155,1438,Other / Multi-sector
firm_401103251,GOVERNMENT SOLUTIONS LLC,5,5,62,Other / Multi-sector
firm_401109560,ANKURA ADVOCACY LLC,77,77,477,Other / Multi-sector / Legal & Lobbying
firm_40009064,"MR. BALTAZAR SERNA, JR.",119,119,1285,Other / Multi-sector / Legal & Lobbying
firm_401103443,ANN WARNER LLC,119,119,1649,Other / Multi-sector / Legal & Lobbying
firm_401106757,AND PARTNERS LLC,78,78,62,Other / Multi-sector / Energy & Environment
firm_401104948,RICHARD SAWAYA,102,102,2169,Other / Multi-sector / Energy & Environment
firm_401103640,THE FEIGHAN TEAM,119,119,2057,Other / Multi-sector / Legal & Lobbying
firm_400319495,"POTOMAC CURRENTS, LLC",119,119,719,Other / Multi-sector / Legal & Lobbying
firm_401105467,SUMMIT PUBLIC AFFAIRS,131,131,475,Other / Multi-sector / Legal & Lobbying
client_00659,CITGO PETROLEUM CORPORATION,181,181,62,Other / Multi-sector / Energy & Environment
firm_401109141,THE RESERVE COMPONENT,74,74,744,Other / Multi-sector
firm_401108978,HARPER & BAILEY GOVERNMENTAL SOLUTIONS LLC,131,131,1805,Other / Multi-sector / Legal & Lobbying
firm_401103732,ROKALA PUBLIC AFFAIRS (FKA MR MARK ROKALA),119,119,1793,Other / Multi-sector / Legal & Lobbying
firm_400661993,THE LANDE GROUP,172,172,2337,Other / Multi-sector / Legal & Lobbying
firm_400805408,"DEFENSE CONSULTING GROUP, LLC",5,5,1131,Other / Multi-sector
firm_401103236,PETER TURZA,210,210,554,Other / Multi-sector
firm_401106367,TOTAL SPECTRUM/STEVE GORDON & ASSOCIATES,131,131,1004,Other / Multi-sector / Legal & Lobbying
firm_25988,KATE MOSS,0,0,62,Other / Multi-sector
firm_401105391,CRESTVIEW STRATEGY US LLC,131,131,794,Other / Multi-sector / Legal & Lobbying
firm_401104776,MGD STRATEGIES LLC,119,119,235,Other / Multi-sector / Legal & Lobbying
firm_400298404,EDUCATIONCOUNSEL LLC,21,21,500,Other / Multi-sector / Education & Research
firm_400748240,BOYDEN GRAY & ASSOCIATES PLLC,211,211,62,Other / Multi-sector / Agriculture & Food
firm_401104528,"MADISON LAW & POLICY, P.C.",195,195,62,Other / Multi-sector / Finance & Banking
firm_401104815,RML STRATEGIES,194,194,810,Other / Multi-sector / Legal & Lobbying
firm_401107117,"LANGLEY CONSULTING, LLC",212,212,1723,Other / Multi-sector / Agriculture & Food
firm_401105317,JD LISS ASSOCIATES FORMERLY KNOWN AS JONATHAN DAVID LISS,3,3,630,Other / Multi-sector
firm_401107028,BONDI PARTNERS ADVOCACY CORP. (FKA PACIFIC PARTNERS),45,45,1275,Other / Multi-sector
firm_401104837,KELSAY STRATEGIES LLC,30,30,62,Other / Multi-sector
firm_401103855,LINCOLN CONCEPTS,78,78,1906,Other / Multi-sector / Energy & Environment
firm_401106573,GRV STRATEGIES LLC,94,94,66,Other / Multi-sector
firm_401104804,STRATEGIC POLICY COUNSEL PLLC,213,213,2136,Other / Multi-sector / Education & Research
firm_401105014,NEOGENOMICS LABORATORIES,187,187,62,Other / Multi-sector / Legal & Lobbying
firm_401108647,HOGAN POLICY ADVISORS,0,0,604,Other / Multi-sector
firm_400430084,"LUCAS | COMPTON, LLC FORMERLY MADISON POLICY GROUP, LLC",131,131,1242,Other / Multi-sector / Legal & Lobbying
firm_322911,THE MATHIS HARPLE GROUP,40,40,1937,Other / Multi-sector / Legal & Lobbying
firm_89155,GRANT CONSULTING GROUP,27,27,752,Other / Multi-sector
firm_315318,"NORTH BRIDGE COMMUNICATIONS, INC.",206,206,2000,Other / Multi-sector
firm_401107041,"PATINO BREWSTER & PARTNERS, LLC",45,45,1103,Other / Multi-sector
firm_400962773,"BEN NIGHTHORSE CONSULTANTS, INC.",24,24,1261,Other / Multi-sector
firm_401109488,"ERL FEDERAL CONSULTANTS, LLC",194,194,1778,Other / Multi-sector / Legal & Lobbying
firm_401109491,"ADVOCUS PARTNERS, LLC",15,15,62,Other / Multi-sector
firm_401105913,JEFF MILLER GROUP,77,77,913,Other / Multi-sector / Legal & Lobbying
firm_401103556,MEREVIR CONSULTING,54,54,2006,Other / Multi-sector / Government & Nonprofit
firm_401104596,YELLOWSTONE STRATEGIES,119,119,495,Other / Multi-sector / Legal & Lobbying
firm_401107384,IUS IMPACT LLC,187,187,473,Other / Multi-sector / Legal & Lobbying
firm_33432,LIZ ROBBINS ASSOCIATES,187,187,2060,Other / Multi-sector / Legal & Lobbying
firm_401105775,"RUTLEDGE POLICY GROUP, LLC",187,187,62,Other / Multi-sector / Legal & Lobbying
client_00150,AMERICAN ACADEMY OF NEUROLOGY,169,169,154,Other / Multi-sector / Healthcare & Pharma
firm_401103903,BECKER LAW FIRM PLLC,109,109,62,Other / Multi-sector
firm_400315471,"PRINCE GLOBAL SOLUTIONS, LLC",119,119,1874,Other / Multi-sector / Legal & Lobbying
firm_401105009,"LEHMAN NILON & ASSOCIATES, LLC",163,163,559,Other / Multi-sector
firm_401105607,"ROBERT A. BRADY CONSULTING, LLC",187,187,1093,Other / Multi-sector / Legal & Lobbying
firm_13324,ELECTRIC DRIVE TRANSPORTATION ASSOCIATION,194,194,920,Other / Multi-sector / Legal & Lobbying
firm_40013101,THE POLICY GROUP,61,61,1403,Other / Multi-sector
firm_63110,DALEY POLICY GROUP,119,119,323,Other / Multi-sector / Legal & Lobbying
firm_401106022,BLOUNT STRATEGIC INITIATIVES,119,119,1484,Other / Multi-sector / Legal & Lobbying
firm_401105214,RUTTENKERN POLICY GROUP,119,119,573,Other / Multi-sector / Legal & Lobbying
firm_401106286,"STEPHEN WARD CONSULTING, LLC",187,187,476,Other / Multi-sector / Legal & Lobbying
firm_401105543,FJD STRATEGIES LLC,187,187,1645,Other / Multi-sector / Legal & Lobbying
firm_18182,HICKS-RICHARDSON ASSOCIATES,40,40,1287,Other / Multi-sector / Legal & Lobbying
firm_20777,"JOHNSTON & ASSOCIATES, LLC",172,172,494,Other / Multi-sector / Legal & Lobbying
firm_283878,"VERITAS ADVISORS, LLP",40,40,1506,Other / Multi-sector / Legal & Lobbying
firm_401105522,"PCH STRATEGIES, LLC",152,152,62,Other / Multi-sector
firm_40033289,MR. DAN PERRIN,119,119,174,Other / Multi-sector / Legal & Lobbying
firm_401104358,THE LAW OFFICE OF WILLIAM J. DONOVAN,77,77,384,Other / Multi-sector / Legal & Lobbying
firm_401104362,"SMW PARTNERS, LLC",77,77,2075,Other / Multi-sector / Legal & Lobbying
firm_401108186,CORBIN STRATEGIES LLC,214,214,62,Other / Multi-sector
firm_401105805,BARLOON.CO,95,95,2313,Other / Multi-sector
firm_401105965,"ELIAS WALKER, INC.",214,214,62,Other / Multi-sector
firm_298898,"THE ROSE COMPANY, LLC",119,119,278,Other / Multi-sector / Legal & Lobbying
firm_401104415,HR STRATEGIES LLC,172,172,2320,Other / Multi-sector / Legal & Lobbying
firm_401104567,JIM GOULD STRATEGIES LLC,215,215,12,Other / Multi-sector
firm_401105846,"SCARINCI & HOLLENBECK, LLC",172,172,1519,Other / Multi-sector / Legal & Lobbying
firm_314432,"WHITAKER STRATEGIES (STEPHEN B. WHITAKER DBA WHITAKER SRATEGIES, FORMERLY WHITAK",187,187,1120,Other / Multi-sector / Legal & Lobbying
firm_401105366,THE TOLMAN GROUP,127,127,62,Other / Multi-sector / Legal & Lobbying
firm_315158,THE FIORENTINO GROUP,36,36,1867,Other / Multi-sector
firm_401104199,STRATEGOS PUBLIC AFFAIRS,195,195,62,Other / Multi-sector / Finance & Banking
firm_400679025,"THE RANDEL GROUP, LLC",119,119,602,Other / Multi-sector / Legal & Lobbying
firm_68478,BABBAGE COFOUNDER,131,131,2214,Other / Multi-sector / Legal & Lobbying
firm_48782,"JEFFERSON BUSINESS CONSULTING, LLC",131,131,1904,Other / Multi-sector / Legal & Lobbying
firm_400761275,"REPUBLIC CONSULTANTS, LLC",172,172,1860,Other / Multi-sector / Legal & Lobbying
firm_401108410,"CONVERGENCE STRATEGIES, LLC",109,109,62,Other / Multi-sector
firm_30941,PAYNE SHEA & ASSOCIATES,131,131,398,Other / Multi-sector / Legal & Lobbying
firm_400458211,MR. MATTHEW R. SIMMONS,216,216,62,Other / Multi-sector / Healthcare & Pharma
firm_400718159,CARTERMCCLEAN LLC,131,131,785,Other / Multi-sector / Legal & Lobbying
firm_400432094,"THE ROSS GROUP, LLC",62,62,929,Healthcare & Pharma / Other / Multi-sector
firm_86697,HICKS-RAY ASSOCIATES,119,119,779,Other / Multi-sector / Legal & Lobbying
firm_292777,HOBOKEN STRATEGY GROUP,119,119,657,Other / Multi-sector / Legal & Lobbying
firm_401106795,"ROSEWOOD GLOBAL ADVISORS, LLC",194,194,2297,Other / Multi-sector / Legal & Lobbying
firm_401106551,"TIDAL STRATEGIES, LLC",131,131,28,Other / Multi-sector / Legal & Lobbying
firm_401105370,COMMONWEALTH CONSULTING PARTNERS,40,40,715,Other / Multi-sector / Legal & Lobbying
firm_401103346,"EDNEXUS ADVISORS, LLC",37,37,1869,Other / Multi-sector / Education & Research
firm_401107756,MODERN FORTIS LLC,131,131,653,Other / Multi-sector / Legal & Lobbying
firm_401108536,MEDSECUREAN.COM,217,217,849,Other / Multi-sector / Healthcare & Pharma
firm_6303,"HUSCH BLACKWELL, LLP",218,218,62,Legal & Lobbying / Energy & Environment
firm_285610,TONIO BURGOS & ASSOCIATES OF NEW JERSEY LLC,34,34,910,Other / Multi-sector
firm_401105615,"BROADWATER INTERNATIONAL, INC.",5,5,535,Other / Multi-sector
firm_401103599,"WEST & WEST, LLC",131,131,1643,Other / Multi-sector / Legal & Lobbying
firm_401104830,PUBLIC PRIVATE STRATEGIES,109,109,62,Other / Multi-sector
firm_401106049,"CAPITOL ALLIANCE GROUP, INC",219,219,2182,Other / Multi-sector
firm_400849500,THE SUMMERILL LAW FIRM,77,77,389,Other / Multi-sector / Legal & Lobbying
firm_13200,THE MACON EDWARDS COMPANY,17,17,62,Other / Multi-sector
firm_18318,MR.RICHARD HIRN,131,131,1355,Other / Multi-sector / Legal & Lobbying
firm_40236,"VORYS, SATER, SEYMOUR AND PEASE LLP",131,131,333,Other / Multi-sector / Legal & Lobbying
firm_81351,"OBADAL, FILLER, MACLEOD & KLEIN, P.L.C.",220,220,955,Other / Multi-sector
firm_302517,"HAMMER ASSOCIATES, LLC",131,131,787,Other / Multi-sector / Legal & Lobbying
firm_401103740,ALYCIA FARRELL,8,8,415,Other / Multi-sector
firm_401105006,VICTORY COALITION STRATEGIES LLC,194,194,2096,Other / Multi-sector / Legal & Lobbying
firm_401105261,VAN BUSKIRK AND ASSOCIATES LLC,72,72,409,Other / Multi-sector
firm_401106227,SALINAS STRATEGIES LLC,155,155,62,Other / Multi-sector
firm_401108916,"THE HARPLE GROUP, LLC",0,0,62,Other / Multi-sector
firm_401108954,"INSIDE THE BELTWAY SOLUTIONS, LLC",106,106,617,Other / Multi-sector
firm_401109357,BELLWETHER GOVERNMENT AFFAIRS LLC,109,109,62,Other / Multi-sector
firm_400705117,ROY RAMTHUN,187,187,1069,Other / Multi-sector / Legal & Lobbying
firm_401105992,AURORA STRATEGIC ADVISORS,40,40,2305,Other / Multi-sector / Legal & Lobbying
firm_16327,"GLOBAL COMMUNICATORS, HARFF COMMUNICATIONS INC D/B/A GLOBAL COMMUNI",14,14,62,Other / Multi-sector
firm_400447142,MR. EDWARD MERLIS,19,19,62,Other / Multi-sector
firm_401104104,E3 STRATEGIC CONSULTING GROUP,239,239,125,Other / Multi-sector / Healthcare & Pharma
firm_401107847,HOWARD LAW & POLICY GROUP PLLC,221,221,62,Other / Multi-sector
firm_401105553,MAGGI LAZARUS,119,119,2159,Other / Multi-sector / Legal & Lobbying
firm_401104113,"J.A.HILL GROUP, LLC",119,119,1058,Other / Multi-sector / Legal & Lobbying
firm_71917,HARTWELL CAPITOL CONSULTING,131,131,2134,Other / Multi-sector / Legal & Lobbying
firm_401105435,"HODGKINS CONSULTING, LLC",131,131,1875,Other / Multi-sector / Legal & Lobbying
firm_401106104,THE BRIDGE ADVISORY GROUP,131,131,1646,Other / Multi-sector / Legal & Lobbying
firm_401105923,J.SULLIVAN ADVOCACY,222,222,62,Other / Multi-sector
firm_33512,"ROBISON INTERNATIONAL, INC.",119,119,203,Other / Multi-sector / Legal & Lobbying
firm_401104729,"GRANITE PEAK STRATEGIES, LLC",131,131,1698,Other / Multi-sector / Legal & Lobbying
firm_284356,PHILIP BECHTEL,111,111,62,Other / Multi-sector / Finance & Banking
firm_323557,"SABISTON CONSULTANTS, LLC",54,54,62,Other / Multi-sector / Government & Nonprofit
firm_400761276,"THE JBH GROUP, LLC",194,194,220,Other / Multi-sector / Legal & Lobbying
firm_401103350,JAMES W SEGEL LLC,172,172,2073,Other / Multi-sector / Legal & Lobbying
firm_401105394,"PORT SIDE STRATEGIES, LLC",131,131,1421,Other / Multi-sector / Legal & Lobbying
firm_401107683,"CAPITOL SOUTH, LLC",80,80,62,Other / Multi-sector
firm_401109721,DUTKO GOVERNMENT RELATIONS,0,0,62,Other / Multi-sector
firm_400563685,POYNER SPRUILL LLP,131,131,1375,Other / Multi-sector / Legal & Lobbying
firm_22440,"LEE & SMITH, PC",8,8,1186,Other / Multi-sector
firm_401103818,EYMAN PARTNERS LLC (FKA EYMAN ASSOCIATES PC),216,216,62,Other / Multi-sector / Healthcare & Pharma
firm_400943723,MRS. LAURA EUGSTER DOYLE,131,131,1256,Other / Multi-sector / Legal & Lobbying
firm_401106346,LXR GROUP,131,131,2380,Other / Multi-sector / Legal & Lobbying
firm_59411,SUSAN PLATT,24,24,452,Other / Multi-sector
firm_401104782,"GALLANT GOVERNMENT & LAW GROUP, LLC",119,119,855,Other / Multi-sector / Legal & Lobbying
firm_401106585,LGL ADVISORS LLC,14,14,1199,Other / Multi-sector
firm_401105810,"BIG FIRE LAW & POLICY GROUP, LLP",131,131,191,Other / Multi-sector / Legal & Lobbying
firm_401105116,ORGANIZATION MANAGEMENT GROUP (DBA LEGISLATIVE STRATEGIES GROUP),223,223,1671,Legal & Lobbying / Real Estate & Construction
firm_310255,HOWELLS GOVERNMENT RELATIONS,131,131,2356,Other / Multi-sector / Legal & Lobbying
firm_401105026,"THE ONEILL GROUP, LLC",216,216,62,Other / Multi-sector / Healthcare & Pharma
client_03365,FREEDOM FROM RELIGION FOUNDATION,41,41,1208,Other / Multi-sector
firm_287895,BROWN RUDNICK LLP,3,3,62,Other / Multi-sector
firm_314374,"MJ CAPITOL CONSULTING, LLC",172,172,262,Other / Multi-sector / Legal & Lobbying
firm_400745232,HARLOW GOVERNMENT RELATIONS LLC,0,0,438,Other / Multi-sector
firm_400566695,"NATIONAL STRATEGIES, LLC",48,48,753,Other / Multi-sector
firm_401105200,"GONRING, SPAHN & ASSOCIATES, INC.",109,109,62,Other / Multi-sector
firm_401106780,STIERS LLC,187,187,1747,Other / Multi-sector / Legal & Lobbying
firm_401105100,MWMURRAY CONSULTING LLC,119,119,1062,Other / Multi-sector / Legal & Lobbying
firm_70392,"MADISON ASSOCIATES, LLC",131,131,1446,Other / Multi-sector / Legal & Lobbying
firm_401105998,"GRIFFIN STRATEGIES, LLC",172,172,792,Other / Multi-sector / Legal & Lobbying
firm_401106126,"BECKY SHIPP CONSULTING, LLC",172,172,1336,Other / Multi-sector / Legal & Lobbying
firm_401107629,METANOIC STRATEGIES,30,30,62,Other / Multi-sector
firm_300936,MCCARTHY STRATEGIC SOLUTIONS,119,119,62,Other / Multi-sector / Legal & Lobbying
firm_401105361,"POTOMAC SOUTH, LLC",172,172,1855,Other / Multi-sector / Legal & Lobbying
firm_401105685,"HARGAN STRATEGIES, FORMERLY REPORTED AS HARGAN AND ASSOCIATES",187,187,623,Other / Multi-sector / Legal & Lobbying
firm_401106006,RB CROWE LLC FORMERLY KNOWN AS ROBERT CROWE,187,187,1575,Other / Multi-sector / Legal & Lobbying
firm_41955,LAW OFFICES OF BERNARD WUNDER (FKA WUNDER & LILLEY),95,95,1751,Other / Multi-sector
firm_400804406,THE JONES FIRM,78,78,597,Other / Multi-sector / Energy & Environment
firm_31851,PORTER WRIGHT MORRIS & ARTHUR LLP,77,77,971,Other / Multi-sector / Legal & Lobbying
firm_46095,THE OUTLAW GROUP,216,216,1123,Other / Multi-sector / Healthcare & Pharma
firm_75810,MR. SEBASTIAN O'KELLY,158,158,66,Other / Multi-sector / Energy & Environment
firm_30928,PAUL HASTINGS LLP,119,119,328,Other / Multi-sector / Legal & Lobbying
firm_401107944,"HARBOR POLICY, LLC",77,77,102,Other / Multi-sector / Legal & Lobbying
firm_401105797,"AGORA CONSULTING, LLC",119,119,1027,Other / Multi-sector / Legal & Lobbying
client_01127,UNITE HERE!,224,224,542,Other / Multi-sector
firm_40024191,MR. BRIAN KELLY,23,23,62,Other / Multi-sector / Energy & Environment
firm_323216,"SAYRE CONSULTING, INC",62,62,1496,Healthcare & Pharma / Other / Multi-sector
firm_400391825,MR. MICHAEL COOPER,5,5,643,Other / Multi-sector
firm_401105412,MR. DANIEL WEISS,77,77,1927,Other / Multi-sector / Legal & Lobbying
firm_401106439,WHO DAT STRATEGIES LLC,172,172,2394,Other / Multi-sector / Legal & Lobbying
firm_401109872,"CM STRATEGIC, LLC",4,4,62,Other / Multi-sector
firm_400701097,STEVE BUYER GROUP,157,157,62,Other / Multi-sector / Education & Research
firm_401105918,"BROWN & WEINRAUB ADVISORS, LLC",131,131,280,Other / Multi-sector / Legal & Lobbying
firm_400713137,"ARNALL GOLDEN GREGORY, LLP",77,77,62,Other / Multi-sector / Legal & Lobbying
firm_401103718,"MKW GROUP, LLC",78,78,2010,Other / Multi-sector / Energy & Environment
firm_401104807,"GLAZE CONSULTING, LLC",131,131,1195,Other / Multi-sector / Legal & Lobbying
firm_40028244,"LIONEL ""LEO"" AGUIRRE",172,172,1107,Other / Multi-sector / Legal & Lobbying
firm_312213,TIBER CREEK,194,194,1989,Other / Multi-sector / Legal & Lobbying
firm_401105004,COMMONWEALTH POLICY SOLUTIONS,172,172,1079,Other / Multi-sector / Legal & Lobbying
firm_401105089,GLOBAL BUSINESS POLICY-DC,187,187,2153,Other / Multi-sector / Legal & Lobbying
firm_401106622,"HYPERFOCAL COMMUNICATIONS, LLC",187,187,1215,Other / Multi-sector / Legal & Lobbying
firm_400871553,"LAW OFFICES OF GEORGE HARRIS, LLC",119,119,1931,Other / Multi-sector / Legal & Lobbying
firm_401106086,MR. STEPHEN RYAN,131,131,2250,Other / Multi-sector / Legal & Lobbying
firm_312133,"HEARTLAND SOLUTIONS GROUP, INC.",119,119,62,Other / Multi-sector / Legal & Lobbying
firm_400882581,"ACTIVE POLICY SOLUTIONS, LLC",119,119,2354,Other / Multi-sector / Legal & Lobbying
firm_401106034,CONNECT STRATEGY LLC,187,187,1434,Other / Multi-sector / Legal & Lobbying
firm_32932,REED SMITH LLP,62,62,1693,Healthcare & Pharma / Other / Multi-sector
firm_47187,PAULEY MANAGEMENT INC.,40,40,259,Other / Multi-sector / Legal & Lobbying
firm_302051,"MESSERLI & KRAMER, P.A.",119,119,945,Other / Multi-sector / Legal & Lobbying
firm_400384776,GRIFFIN GLOBAL OUTREACH LLC,119,119,580,Other / Multi-sector / Legal & Lobbying
firm_401108962,"CARLOUGH SOLUTIONS, LLC",0,0,62,Other / Multi-sector
firm_401105640,ANZU STRATEGIES,187,187,751,Other / Multi-sector / Legal & Lobbying
firm_74795,"MADISON SERVICES GROUP, INC",131,131,1993,Other / Multi-sector / Legal & Lobbying
firm_401103115,NEXUS GOVERNMENT RELATIONS,119,119,2085,Other / Multi-sector / Legal & Lobbying
firm_401106676,INSESSION STRATEGIES LLC,187,187,1006,Other / Multi-sector / Legal & Lobbying
firm_401104482,"LONGVIEW GLOBAL, LLC",172,172,1210,Other / Multi-sector / Legal & Lobbying
firm_401107169,"CATALYST GLOBAL STRATEGIES, LLC",45,45,558,Other / Multi-sector
firm_401105603,STEP UP ADVOCACY,131,131,1708,Other / Multi-sector / Legal & Lobbying
firm_401108234,DEFAZIO AND ASSOCIATES CONSULTING LLC,172,172,505,Other / Multi-sector / Legal & Lobbying
firm_401108302,SAUNDERS GLOBAL DIPLOMACY,77,77,1381,Other / Multi-sector / Legal & Lobbying
firm_401103711,"NEXA STRATEGIES, LLC",119,119,1748,Other / Multi-sector / Legal & Lobbying
firm_401105809,"NEW LANTERN, LLC",172,172,1602,Other / Multi-sector / Legal & Lobbying
firm_400302419,LONE STAR CONSULTING,119,119,405,Other / Multi-sector / Legal & Lobbying
firm_401106369,CAROL G HOLLADAY & ASSOCIATES,131,131,463,Other / Multi-sector / Legal & Lobbying
firm_401104002,KIM KRENIK,216,216,1884,Other / Multi-sector / Healthcare & Pharma
firm_400359656,MS. MISSY BRANSON,106,106,79,Other / Multi-sector
firm_400881577,VENG GROUP,131,131,1881,Other / Multi-sector / Legal & Lobbying
firm_401103592,CASCADE PUBLIC AFFAIRS,7,7,723,Other / Multi-sector
firm_401104405,MS. TAMI WAHL,119,119,582,Other / Multi-sector / Legal & Lobbying
firm_401105204,BACHNER GROUP,77,77,900,Other / Multi-sector / Legal & Lobbying
firm_311633,"COMPETITION ADVOCATES, LLC",48,48,112,Other / Multi-sector
firm_32522,QUARLES & BRADY LLP,81,81,1652,Other / Multi-sector / Healthcare & Pharma
firm_401103979,CORDIA COMPANIES,8,8,0,Other / Multi-sector
firm_33625,MS. BARBARA ROHDE,226,226,542,Other / Multi-sector
firm_401106778,"NEW FRONT STRATEGIES GROUP, LLC",191,191,329,Other / Multi-sector / Legal & Lobbying
firm_401109795,"SIGHTLINE ADVOCACY, LLC",0,0,62,Other / Multi-sector
firm_34980,"SHAW, BRANSFORD & ROTH, P.C. (FORMERLY SHAW, BRANSFORD, VEILLEUX & ROTH, P.C.)",40,40,735,Other / Multi-sector / Legal & Lobbying
firm_401104643,"TUELL LAW, P.C.",172,172,1686,Other / Multi-sector / Legal & Lobbying
firm_15667,THE FURMAN GROUP,147,147,62,Other / Multi-sector
firm_401104861,WOMBLE BOND DICKINSON US LLP,77,77,1979,Other / Multi-sector / Legal & Lobbying
firm_401109091,NORTH BRIDGE STRATEGIC (FORMERLY KNOWN AS SCISSORTAIL STRATEGIC CONSULTING PARTN,172,172,1877,Other / Multi-sector / Legal & Lobbying
firm_46084,CAPITOL HILL ADVOCATES LLC,131,131,1746,Other / Multi-sector / Legal & Lobbying
firm_322716,"CHAPMAN CAPITOL CONSULTING, INC.",7,7,62,Other / Multi-sector
firm_400445139,PACIFIC ATLANTIC PARTNERS,7,7,1464,Other / Multi-sector
firm_400998832,"WELLS HEALTH GROUP, LLC",187,187,1454,Other / Multi-sector / Legal & Lobbying
firm_401104043,C. ANNAND LLC,187,187,10,Other / Multi-sector / Legal & Lobbying
firm_401106102,CAPITOL CHAMBERS STRATEGIES,131,131,1344,Other / Multi-sector / Legal & Lobbying
firm_401107177,MISSION STRATEGIES LLC,172,172,470,Other / Multi-sector / Legal & Lobbying
firm_401109300,THE DIONNE COMPANY,8,8,1319,Other / Multi-sector
firm_401103528,GARRETT JEMISON,131,131,1409,Other / Multi-sector / Legal & Lobbying
firm_320292,WANNER ASSOCIATES,172,172,1274,Other / Multi-sector / Legal & Lobbying
firm_17226,HAAKE & ASSOCIATES,131,131,874,Other / Multi-sector / Legal & Lobbying
firm_294690,"COMMUNITIES IN SCHOOLS, INC.",21,21,62,Other / Multi-sector / Education & Research
firm_314033,"MISSION GOVERNMENT RELATIONS (FORMERLY KNOWN AS MUROFF LAW FIRM, LLC)",119,119,1202,Other / Multi-sector / Legal & Lobbying
firm_400749242,THOMAS CHAMPION,23,23,568,Other / Multi-sector / Energy & Environment
firm_401106542,OXFORD STRATEGIES,117,117,62,Other / Multi-sector / Healthcare & Pharma
firm_401107334,"KED STRATEGIES, LLC",227,227,621,Other / Multi-sector / Energy & Environment
firm_401109343,"MCKINNON GROUP, LLC",8,8,519,Other / Multi-sector
firm_311850,"TURNER POLLARD STRATEGIES, LLC",131,131,1597,Other / Multi-sector / Legal & Lobbying
firm_401103761,WILLIAM SWEETNAM,34,34,62,Other / Multi-sector
firm_401104155,ODONNELL & SON LLC,0,0,62,Other / Multi-sector
firm_400406918,VISION AMERICAS LLC,172,172,1693,Other / Multi-sector / Legal & Lobbying
client_04519,AMERICAN SOCIETY FOR BIOCHEMISTRY AND MOLECULAR BIOLOGY,2,2,488,Other / Multi-sector
firm_401104266,THE INSTITUTE FOR FAMILY HEALTH,67,67,62,Other / Multi-sector
firm_401104391,MULLEN CONSULTING LLC,77,77,1330,Other / Multi-sector / Legal & Lobbying
firm_284493,MR. PHILIP MAGGI,5,5,1160,Other / Multi-sector
firm_400362688,"CAPEDC ADVISORS, LLC",187,187,2383,Other / Multi-sector / Legal & Lobbying
firm_401104907,"SECOND CAPITAL CONSULTING, LLC",172,172,263,Other / Multi-sector / Legal & Lobbying
firm_401105540,STRATEGIC GOVERNMENT AFFAIRS,119,119,1601,Other / Multi-sector / Legal & Lobbying
firm_401105725,"MCKINLEY STRATEGIES, LLC",131,131,1452,Other / Multi-sector / Legal & Lobbying
firm_401106031,HILLCREST STRATEGIES LLC (FKA NICHOLAS FLOCKEN),131,131,683,Other / Multi-sector / Legal & Lobbying
firm_401107007,JPC STRATEGIES,131,131,1043,Other / Multi-sector / Legal & Lobbying
firm_32635,RAILS-TO-TRAILS CONSERVANCY,77,77,62,Other / Multi-sector / Legal & Lobbying
firm_401104304,MR. LANDON FULMER,119,119,1147,Other / Multi-sector / Legal & Lobbying
firm_36300,THE SPECTRUM GROUP,119,119,1317,Other / Multi-sector / Legal & Lobbying
firm_401103385,JWF CONSULTING LLC,119,119,757,Other / Multi-sector / Legal & Lobbying
firm_40038308,"ALEXANDER J. BECKLES, L.L.C.",167,167,1958,Other / Multi-sector
firm_401103564,STUNTZ STRATEGIES LLC,131,131,1358,Other / Multi-sector / Legal & Lobbying
firm_401107458,MR. SEBASTIAN MANHART,57,57,305,Other / Multi-sector / Energy & Environment
firm_304452,"ROETZEL & ANDRESS, LPA",131,131,982,Other / Multi-sector / Legal & Lobbying
firm_315991,"MALONEY GOVERNMENT RELATIONS, LLC",228,228,1666,Other / Multi-sector / Agriculture & Food
firm_401103245,STINSON LLP,187,187,205,Other / Multi-sector / Legal & Lobbying
firm_401103690,MCLUCKIE PARTNERS LLC,77,77,704,Other / Multi-sector / Legal & Lobbying
firm_314818,CALLWOOD AND ASSOCIATES LLC,194,194,931,Other / Multi-sector / Legal & Lobbying
firm_400405908,ALLISON + PARTNERS,194,194,1443,Other / Multi-sector / Legal & Lobbying
firm_401103241,MACK STRATEGIES,131,131,1011,Other / Multi-sector / Legal & Lobbying
firm_401109611,"CANFIELD CONSULTING, LLC",5,5,62,Other / Multi-sector
firm_401103123,"CAPITOL KNOWLEDGE, LLC",131,131,1138,Other / Multi-sector / Legal & Lobbying
firm_401103250,CANNAE POLICY GROUP LLC,131,131,1641,Other / Multi-sector / Legal & Lobbying
firm_401109481,FRONTLINE GOVERNMENT RELATIONS,194,194,1314,Other / Multi-sector / Legal & Lobbying
firm_400861526,MARIA FREESE,157,157,438,Other / Multi-sector / Education & Research
firm_44971,"DAWSON & ASSOCIATES, INC.",67,67,1606,Other / Multi-sector
firm_322578,"THE MALLARD GROUP, LLC",119,119,87,Other / Multi-sector / Legal & Lobbying
firm_400435107,"SURMONT, LLC",70,70,1642,Other / Multi-sector / Energy & Environment
firm_401104692,CAPITAL PARK PARTNERS LLC,229,229,62,Other / Multi-sector
firm_401104786,THE PATAKI-CAHILL GROUP,194,194,1759,Other / Multi-sector / Legal & Lobbying
firm_401105787,PAVEA LLC,187,187,1245,Other / Multi-sector / Legal & Lobbying
firm_401104124,THE ROTUNDA GROUP LLC,119,119,724,Other / Multi-sector / Legal & Lobbying
firm_284436,"THE TOMHAVE GROUP, INC.",131,131,286,Other / Multi-sector / Legal & Lobbying
firm_401104846,BLUEPOINT DC,131,131,2005,Other / Multi-sector / Legal & Lobbying
firm_12061,GEORGE H. DENISON,194,194,1754,Other / Multi-sector / Legal & Lobbying
firm_401107418,OXFORD STRATEGIES LLC-MD,67,67,1525,Other / Multi-sector
firm_401104297,MCCARTY FINANCIAL LLC,172,172,1567,Other / Multi-sector / Legal & Lobbying
firm_401104798,MS. GWENDOLYN O'BRIEN DONALDSON,119,119,1194,Other / Multi-sector / Legal & Lobbying
firm_401108563,HARO SOLUTIONS LLC,21,21,62,Other / Multi-sector / Education & Research
firm_306170,CAPITOL REPRESENTATIVES,131,131,163,Other / Multi-sector / Legal & Lobbying
firm_400520535,JASON UNDERWOOD,4,4,1547,Other / Multi-sector
firm_50375,"JAY B. LEVIN, LEVIN,PAOLINO & CHRIST GOVENMENT REALTIONS CONSULTING",230,230,542,Legal & Lobbying / Government & Nonprofit
firm_401103743,"CAPITOL CORE GROUP, INC.",119,119,274,Other / Multi-sector / Legal & Lobbying
firm_401106409,ALAN PASETSKY,77,77,641,Other / Multi-sector / Legal & Lobbying
firm_401104777,"CHOHARIS LAW GROUP, PLLC",194,194,276,Other / Multi-sector / Legal & Lobbying
firm_5118,"BAKER BOTTS, L.L.P.",36,36,62,Other / Multi-sector
firm_401105819,VON BATTEN-MONTAGUE-YORK,187,187,1178,Other / Multi-sector / Legal & Lobbying
firm_401107303,CAPCVENTURES LLC,222,222,62,Other / Multi-sector
firm_40009066,"SAMUELS INTERNATIONAL ASSOCIATES, INC.",119,119,369,Other / Multi-sector / Legal & Lobbying
firm_401066001,"DELAHUNT GROUP, LLC",194,194,780,Other / Multi-sector / Legal & Lobbying
firm_401103091,GROSSMANHEINZ,239,239,1066,Other / Multi-sector / Healthcare & Pharma
firm_401104709,MCGINN AND COMPANY,111,111,113,Other / Multi-sector / Finance & Banking
firm_401105639,"POINT52 GROUP, LLC",77,77,489,Other / Multi-sector / Legal & Lobbying
firm_401109179,INVOKE LLC,194,194,1234,Other / Multi-sector / Legal & Lobbying
firm_74476,"RM2 CONSULTANTS, INC.",131,131,1377,Other / Multi-sector / Legal & Lobbying
firm_401106403,MCCOLL STRATEGIES LLC,187,187,582,Other / Multi-sector / Legal & Lobbying
firm_401108556,BURKE CONSULTING LLC,77,77,537,Other / Multi-sector / Legal & Lobbying
firm_400930694,"STRATEGIC POLICIES, LLC",131,131,9,Other / Multi-sector / Legal & Lobbying
firm_53403,"THE VELASQUEZ GROUP, L.L.C.",5,5,79,Other / Multi-sector
firm_400798394,WEXFORD STRATEGIES,131,131,335,Other / Multi-sector / Legal & Lobbying
firm_401104363,CAUSEY LAW FIRM,231,231,62,Legal & Lobbying / Other / Multi-sector
firm_401104922,SLIPSTREAM STRATEGIES,131,131,1276,Other / Multi-sector / Legal & Lobbying
firm_401104494,MR. PHILIP KLEIN,131,131,2301,Other / Multi-sector / Legal & Lobbying
firm_401109056,CREST HILL ADVISORS LLC,232,232,66,Other / Multi-sector / Legal & Lobbying
firm_16635,GOVERNMENT RELATIONS INC,194,194,2300,Other / Multi-sector / Legal & Lobbying
firm_401105465,"JEAN MARIE CONSULTING, LLC",187,187,713,Other / Multi-sector / Legal & Lobbying
firm_401103158,MS. CHARITY BRACY,216,216,2269,Other / Multi-sector / Healthcare & Pharma
firm_401104461,"IMPACT PUBLIC AFFAIRS (FORMERLY MASSEY, WATSON & HEMBREE LLC",131,131,1593,Other / Multi-sector / Legal & Lobbying
firm_401104949,"PETSMART, INC.",194,194,62,Other / Multi-sector / Legal & Lobbying
firm_401106246,ORION STRATEGIES,131,131,1554,Other / Multi-sector / Legal & Lobbying
firm_400323519,MR. H.R. BERT PENA,119,119,1399,Other / Multi-sector / Legal & Lobbying
firm_401104918,SJB STRATEGIES LLC,172,172,1831,Other / Multi-sector / Legal & Lobbying
firm_401104531,LIBERTY GOVERNMENT AFFAIRS,5,5,62,Other / Multi-sector
firm_401107261,DAVENPORT POLICY,172,172,499,Other / Multi-sector / Legal & Lobbying
firm_283594,MR. JOHN NAPIER,216,216,81,Other / Multi-sector / Healthcare & Pharma
firm_401103587,MR. GAYLORD KENT CONRAD,117,117,62,Other / Multi-sector / Healthcare & Pharma
firm_401105321,"TGA ASSOCIATION MANAGEMENT SOLUTIONS, LLC",233,233,951,Other / Multi-sector / Transportation & Auto
firm_401107625,CRESTWOOD STRATEGIES,194,194,529,Other / Multi-sector / Legal & Lobbying
firm_401108704,PORTFOLIO STRATEGIES LLC,131,131,456,Other / Multi-sector / Legal & Lobbying
firm_401107677,LIGHTHOUSE POINT GOVERNMENT RELATIONS,187,187,1414,Other / Multi-sector / Legal & Lobbying
firm_40041336,VALERIE MORSE WHITE CONSULTING,195,195,1582,Other / Multi-sector / Finance & Banking
firm_401105753,AVISE SOLUTIONS,131,131,5,Other / Multi-sector / Legal & Lobbying
firm_401109261,"VERITAS HEALTH POLICY, LLC",3,3,62,Other / Multi-sector
firm_400558667,WASHINGTON PREMIER GROUP,131,131,1914,Other / Multi-sector / Legal & Lobbying
firm_31257,JACK C. PETERSON,194,194,2012,Other / Multi-sector / Legal & Lobbying
firm_401105848,EDGE CREEK PARTNERS,172,172,736,Other / Multi-sector / Legal & Lobbying
firm_30837,JIM PASCO AND ASSOCIATES,234,234,1683,Other / Multi-sector
firm_316811,MR. GEORGE WATERS,131,131,1072,Other / Multi-sector / Legal & Lobbying
firm_400710128,"JACOBSON, MAGNUSON, ANDERSON & HALLORAN P.C.",119,119,2047,Other / Multi-sector / Legal & Lobbying
firm_400775334,GARDINER POLICY GROUP,194,194,2307,Other / Multi-sector / Legal & Lobbying
firm_401105380,"GLOBAL TECH STRATEGIES, LLC",5,5,932,Other / Multi-sector
firm_401103800,MATHIS STRATEGIES,77,77,520,Other / Multi-sector / Legal & Lobbying
firm_36344,SPIEGEL & MCDIARMID LLP,172,172,1583,Other / Multi-sector / Legal & Lobbying
firm_40043341,CONRAD LAW & POLICY COUNSEL,87,87,1479,Other / Multi-sector
firm_400458236,PIKE ASSOCIATES LLC,151,151,111,Other / Multi-sector
firm_401103079,"VIRTUAL OPERATIONS, LLC",77,77,962,Other / Multi-sector / Legal & Lobbying
firm_401104260,"POLITICAL CAPITAL, LLC",172,172,1339,Other / Multi-sector / Legal & Lobbying
firm_401104694,DAHLBERG STRATEGIC,172,172,70,Other / Multi-sector / Legal & Lobbying
firm_81156,"APPO-G, LLC",95,95,62,Other / Multi-sector
firm_400287371,"BOYAGIAN CONSULTING, LLC",131,131,1559,Other / Multi-sector / Legal & Lobbying
firm_401103967,WSQUARED STRATEGIES LLC,119,119,1688,Other / Multi-sector / Legal & Lobbying
firm_75876,MR. CRAIG CROTTEAU,119,119,1327,Other / Multi-sector / Legal & Lobbying
firm_400713145,MR. DAVID BIEGING,187,187,2323,Other / Multi-sector / Legal & Lobbying
firm_401106291,WINDWARD STRATEGIES LLC,194,194,353,Other / Multi-sector / Legal & Lobbying
firm_401108017,TRACTION STRATEGIC,4,4,62,Other / Multi-sector
firm_401108688,AEGIS LLC,167,167,187,Other / Multi-sector
firm_401109159,CAPITOL67 STRATEGIES,36,36,337,Other / Multi-sector
firm_401103760,"CALIFORNIA STRATEGIES & ADVOCACY, LLC",172,172,148,Other / Multi-sector / Legal & Lobbying
firm_401103489,CC LAW & POLICY,80,80,309,Other / Multi-sector
firm_46585,"LIEBMAN & ASSOCIATES, INC.",197,197,438,Other / Multi-sector
firm_401107669,UPTOWN STRATEGIES INC. (FKA UPTOWN SOLUTIONS LLC),127,127,62,Other / Multi-sector / Legal & Lobbying
firm_79951,"TRIANGLE ASSOCIATES, INC.",131,131,2322,Other / Multi-sector / Legal & Lobbying
firm_400604838,BLUE STAR STRATEGIES LLC,4,4,62,Other / Multi-sector
firm_400871551,FRINZI & ASSOCIATES,194,194,987,Other / Multi-sector / Legal & Lobbying
firm_401078027,"O'KEEFFE STRATEGIES, LLC",36,36,467,Other / Multi-sector
firm_401108857,ZERO ONE STRATEGIES,77,77,1999,Other / Multi-sector / Legal & Lobbying
firm_16987,GRIZZLE COMPANY,0,0,62,Other / Multi-sector
firm_307375,WAVERLY GROUP,77,77,1843,Other / Multi-sector / Legal & Lobbying
firm_401103547,EIS SOLUTIONS,0,0,62,Other / Multi-sector
firm_401107682,"HITHER CREEK STRATEGIES, LLC",72,72,2311,Other / Multi-sector
firm_40022170,121 STRATEGIES & GOVERNMENT RELATIONS,131,131,15,Other / Multi-sector / Legal & Lobbying
firm_401105586,PLAY-BOOK POLICY LLC,0,0,62,Other / Multi-sector
firm_401108444,PLATFORM GOVERNMENT STRATEGIES,77,77,1675,Other / Multi-sector / Legal & Lobbying
firm_401107792,EAST CAPITOL ADVISORS LLC,131,131,662,Other / Multi-sector / Legal & Lobbying
firm_401103216,"STEVE AUSTRIA AND ASSOCIATES, LLC",187,187,183,Other / Multi-sector / Legal & Lobbying
firm_401104892,"GREAT POINT STRATEGIES, LLC",187,187,616,Other / Multi-sector / Legal & Lobbying
client_00185,SERVICE EMPLOYEES INTERNATIONAL UNION CTW-CLC,235,235,156,Other / Multi-sector
firm_26078,THE MOYER GROUP,8,8,62,Other / Multi-sector
firm_401103233,"CAPITOL-CONTEXT,LLC",34,34,302,Other / Multi-sector
firm_401103789,DAN BURTON INTERNATIONAL LLC,77,77,2188,Other / Multi-sector / Legal & Lobbying
firm_401104321,"THE ESTOPINAN GROUP, LLC",172,172,2230,Other / Multi-sector / Legal & Lobbying
firm_401104490,TIMOTHY LOVAIN,119,119,1812,Other / Multi-sector / Legal & Lobbying
firm_401105388,HARVEY RUN STRATEGIES LLC,131,131,1259,Other / Multi-sector / Legal & Lobbying
firm_401106115,"GORMAN STRATEGY GROUP, TOO",121,121,62,Other / Multi-sector
firm_401108693,LEDYARD GROUP,194,194,2360,Other / Multi-sector / Legal & Lobbying
firm_401106672,CURRENTSTRATEGIC LLC,21,21,2110,Other / Multi-sector / Education & Research
firm_401105635,BEACON STRATEGIES,131,131,2268,Other / Multi-sector / Legal & Lobbying
firm_41181,"SUSAN J. WHITE & ASSOCIATES, INC.",172,172,297,Other / Multi-sector / Legal & Lobbying
firm_401103374,LILLSTROM CHENG STRATEGIES,187,187,1797,Other / Multi-sector / Legal & Lobbying
firm_42240,ZIONTZ CHESTNUT,187,187,481,Other / Multi-sector / Legal & Lobbying
firm_48394,"BROOKS, PIERCE, MCLENDON, HUMPHREY & LEONARD, L.L.P.",131,131,1148,Other / Multi-sector / Legal & Lobbying
firm_67535,"CONSENSUS COMMUNICATIONS, INC.",172,172,1117,Other / Multi-sector / Legal & Lobbying
firm_401104613,"THE GUTMAN GROUP, LLC",119,119,1020,Other / Multi-sector / Legal & Lobbying
firm_401105175,"LAND CONSERVATION UNLIMITED, LLC",187,187,2255,Other / Multi-sector / Legal & Lobbying
firm_401105495,STEVE LENKART,77,77,1167,Other / Multi-sector / Legal & Lobbying
firm_401106224,EZRA SILK,77,77,185,Other / Multi-sector / Legal & Lobbying
firm_401107835,"RK STRATEGIES, INC.",131,131,284,Other / Multi-sector / Legal & Lobbying
firm_40025200,"JOHN DUNCAN AND ASSOCIATES, LLC",119,119,820,Other / Multi-sector / Legal & Lobbying
firm_300355,JENNIFER BERZOK,172,172,1108,Other / Multi-sector / Legal & Lobbying
firm_73715,MS. REBECCA HALKIAS,41,41,62,Other / Multi-sector
firm_401105383,"POLICY AZ, LLC",131,131,2041,Other / Multi-sector / Legal & Lobbying
firm_38302,THE TRADE PARTNERSHIP,45,45,685,Other / Multi-sector
firm_51651,MICHAEL PIEPER,131,131,609,Other / Multi-sector / Legal & Lobbying
firm_401106328,ASCEND CONSULTING,131,131,2158,Other / Multi-sector / Legal & Lobbying
firm_20926,MR. THEODORE (TED) JONES,85,85,255,Other / Multi-sector / Healthcare & Pharma
firm_29516,NORTH SHORE CONSULTANTS,172,172,2261,Other / Multi-sector / Legal & Lobbying
firm_311291,"HARPLEY CS, LLC",119,119,388,Other / Multi-sector / Legal & Lobbying
firm_400271253,MR. THOMAS WILSON,187,187,659,Other / Multi-sector / Legal & Lobbying
firm_401105330,SWEENEY & ASSOCIATES LLC LLC,77,77,2382,Other / Multi-sector / Legal & Lobbying
firm_401105416,GREATER AMERICA LLC,77,77,1661,Other / Multi-sector / Legal & Lobbying
firm_401105661,VA SOLUTIONS LLC,77,77,355,Other / Multi-sector / Legal & Lobbying
firm_401105706,"SUNDAY CREEK HORIZONS, LLC",119,119,1968,Other / Multi-sector / Legal & Lobbying
firm_401103584,OTT BIELITZKI & O'NEILL PLLC,119,119,1411,Other / Multi-sector / Legal & Lobbying
firm_401105076,"S2C PACIFIC, LLC",187,187,524,Other / Multi-sector / Legal & Lobbying
firm_401104317,"LAMONT CONSULTING SERVICES, LLC",187,187,1586,Other / Multi-sector / Legal & Lobbying
firm_5756,MR. STEVEN BECKHAM,172,172,2321,Other / Multi-sector / Legal & Lobbying
firm_83012,PROVIDENT STRATEGIES LLC,172,172,1739,Other / Multi-sector / Legal & Lobbying
firm_311314,"FRANCIS EDWARD & CRONIN, INC.",172,172,1457,Other / Multi-sector / Legal & Lobbying
firm_401104232,COLUMBIA STRATEGIC COUNSEL,119,119,150,Other / Multi-sector / Legal & Lobbying
firm_401107478,JENNA HAMILTON,187,187,234,Other / Multi-sector / Legal & Lobbying
firm_401103736,"MOONEY, GREEN, SAINDON, MURPHY & WELCH, P.C.",187,187,902,Other / Multi-sector / Legal & Lobbying
firm_400297400,KELLEN COMPANY,172,172,1690,Other / Multi-sector / Legal & Lobbying
firm_301573,"DUETTO GROUP, LLC",172,172,1631,Other / Multi-sector / Legal & Lobbying
firm_306374,PHB PUBLIC AFFAIRS,131,131,2029,Other / Multi-sector / Legal & Lobbying
firm_6256,"BIRCH, HORTON, BITTNER & CHEROT",159,159,542,Other / Multi-sector / Legal & Lobbying
firm_401105883,CHRIS KATOPIS,77,77,379,Other / Multi-sector / Legal & Lobbying
firm_20937,"PATRICIA JORDAN & ASSOCIATES, INC.",119,119,539,Other / Multi-sector / Legal & Lobbying
firm_76217,"SCHUMACHER PARTNERS INTERNATIONAL, LLC",118,118,111,Other / Multi-sector
firm_401103223,"QORVIS COMMUNICATIONS LLC (FORMERLY MSLGROUP AMERICAS, INC., D/B/A QORVIS MSLGROUP)",194,194,423,Other / Multi-sector / Legal & Lobbying
firm_401103987,MULLETT STRATEGIES LLC,131,131,1376,Other / Multi-sector / Legal & Lobbying
firm_400425031,PAUL UNGER PLLC,187,187,1364,Other / Multi-sector / Legal & Lobbying
firm_400618875,ALAN REUTHER,131,131,1822,Other / Multi-sector / Legal & Lobbying
firm_401105143,"THE CACTUS GROUP, LLC",172,172,418,Other / Multi-sector / Legal & Lobbying
firm_78733,CAPITOL NETWORK LLC(FKA MR. DAVID DISTEFANO),131,131,1340,Other / Multi-sector / Legal & Lobbying
firm_288098,"PARKER, POE, ADAMS & BERNSTEIN LLP",131,131,2184,Other / Multi-sector / Legal & Lobbying
firm_401103326,KINETIC SOLUTIONS GROUP,77,77,1507,Other / Multi-sector / Legal & Lobbying
firm_401107462,MCCARTIN PUBLIC POLICY GROUP LLC,178,178,542,Other / Multi-sector
firm_401106746,AU STRATEGIES LLC,34,34,62,Other / Multi-sector
firm_30930,"PAUL, WEISS, RIFKIND, WHARTON & GARRISON LLP",194,194,41,Other / Multi-sector / Legal & Lobbying
client_01306,TRANSFORM SR HOLDINGS LLC,109,109,1531,Other / Multi-sector
firm_306294,CONLON PUBLIC STRATEGIES,131,131,1943,Other / Multi-sector / Legal & Lobbying
firm_401105466,SLATTERY STRATEGY LLC,77,77,1466,Other / Multi-sector / Legal & Lobbying
firm_401105780,ASCENDANT STRATEGIC PARTNERS,77,77,1097,Other / Multi-sector / Legal & Lobbying
firm_401103689,ZHF CONSULTING LLC,21,21,965,Other / Multi-sector / Education & Research
firm_401105190,THE CAMPBELL CONSULTING GROUP,172,172,1326,Other / Multi-sector / Legal & Lobbying
firm_87858,J.C. WATTS COMPANIES,187,187,428,Other / Multi-sector / Legal & Lobbying
firm_401103446,MARSHALL MCLEAN LLC,194,194,1026,Other / Multi-sector / Legal & Lobbying
firm_401105752,WP RIVERS AND ASSOCIATES,77,77,856,Other / Multi-sector / Legal & Lobbying
firm_89213,POLISPACE-JAMES A.M. MUNCY,67,67,62,Other / Multi-sector
firm_400912661,GRANT PARK STRATEGIES,77,77,1706,Other / Multi-sector / Legal & Lobbying
firm_401103948,"MLT CONSULTING, LLC",131,131,370,Other / Multi-sector / Legal & Lobbying
firm_401104230,BAYR AND ASSOCIATES LLC,172,172,694,Other / Multi-sector / Legal & Lobbying
firm_401105104,GILLILAND & MCKINNEY INTERNATIONAL COUNSELLORS (D/B/A GMI COUNSEL),131,131,1522,Other / Multi-sector / Legal & Lobbying
firm_401105723,FINDARO ASSOCIATES LLC,131,131,2018,Other / Multi-sector / Legal & Lobbying
firm_401109606,FFG GROUP,236,236,62,Other / Multi-sector / Energy & Environment
firm_400537609,TRUCKER HUSS APC,77,77,1313,Other / Multi-sector / Legal & Lobbying
firm_401107305,HNI CORPORATION,194,194,62,Other / Multi-sector / Legal & Lobbying
firm_400498452,DEBBIE WEATHERLY,187,187,1600,Other / Multi-sector / Legal & Lobbying
firm_401104810,"GARNER GROUP INTERNATIONAL, LLC",194,194,2327,Other / Multi-sector / Legal & Lobbying
firm_401104699,THE BLACKOAK GROUP FORMERLY KNOW AS JOHN COLLISON,77,77,208,Other / Multi-sector / Legal & Lobbying
firm_401105478,"EJK, LLC",187,187,2219,Other / Multi-sector / Legal & Lobbying
firm_316753,THE CRISCOM COMPANY,119,119,1413,Other / Multi-sector / Legal & Lobbying
firm_91650,"THE MITCHELL FIRM, INC.",172,172,95,Other / Multi-sector / Legal & Lobbying
firm_401103817,WILLIAMSON LAW + POLICY PLLC,165,165,62,Other / Multi-sector / Government & Nonprofit
firm_401107213,"OMEGA STRATEGIES, LLC.",187,187,258,Other / Multi-sector / Legal & Lobbying
firm_401107271,"ROBERTI ASSOCIATES CONSULTING, LLC",183,183,62,Other / Multi-sector / Healthcare & Pharma
firm_77993,NATIONAL ADVOCACY CENTER OF THE SISTERS OF THE GOOD SHEPHERD,187,187,527,Other / Multi-sector / Legal & Lobbying
firm_401105868,MR. THOMAS MARQUEZ,131,131,1779,Other / Multi-sector / Legal & Lobbying
firm_248,ADVANTAGE ASSOCIATES INTERNATIONAL,172,172,806,Other / Multi-sector / Legal & Lobbying
firm_29733,"NUTTER & HARRIS, INC",77,77,2336,Other / Multi-sector / Legal & Lobbying
firm_48598,METCALF FEDERAL RELATIONS,172,172,53,Other / Multi-sector / Legal & Lobbying
firm_400701095,MS. PATRICIA LEWIS,77,77,1644,Other / Multi-sector / Legal & Lobbying
firm_400708124,FEDERAL RESOURCES GROUP,172,172,1717,Other / Multi-sector / Legal & Lobbying
firm_401105950,FREDERICK BOUCHER,194,194,485,Other / Multi-sector / Legal & Lobbying
firm_401105694,"BRENDAN NEAL STRATEGIES, LLC",131,131,561,Other / Multi-sector / Legal & Lobbying
firm_400883583,"WEINREICH STRATEGIC GROUP, INC.",172,172,1923,Other / Multi-sector / Legal & Lobbying
firm_401104216,"TODD SMITH & ASSOCIATES, LLC",187,187,1588,Other / Multi-sector / Legal & Lobbying
firm_401104590,"AKF STRATEGIES, LLC",187,187,1655,Other / Multi-sector / Legal & Lobbying
firm_401105630,MCKECHNIE & COMPANY,187,187,1481,Other / Multi-sector / Legal & Lobbying
client_00720,OAK STREET HEALTH,62,62,17,Healthcare & Pharma / Other / Multi-sector
firm_89873,GIBBONS P.C.,172,172,382,Other / Multi-sector / Legal & Lobbying
firm_40044351,GRASSROOTS POLITICAL CONSULTING LLC,187,187,45,Other / Multi-sector / Legal & Lobbying
firm_401104665,KERRIE RUSHTON,131,131,1456,Other / Multi-sector / Legal & Lobbying
firm_401105265,"EDGE ADVOCACY SOLUTIONS, LLC",187,187,531,Other / Multi-sector / Legal & Lobbying
firm_401109617,DLG PARTNERS (FKA DRAGON LIST GLOBAL),194,194,1913,Other / Multi-sector / Legal & Lobbying
firm_400823440,ACCESS PARTNERSHIP CORP,194,194,2108,Other / Multi-sector / Legal & Lobbying
firm_401103939,GM STRATEGIES,21,21,434,Other / Multi-sector / Education & Research
firm_401104610,BOUSUM CONSULTING LLC,131,131,375,Other / Multi-sector / Legal & Lobbying
firm_401105118,THE WATTS GROUP PLLC,194,194,1158,Other / Multi-sector / Legal & Lobbying
firm_401105240,"POWELL CONSULTING DC, LLC",172,172,688,Other / Multi-sector / Legal & Lobbying
firm_401105781,NORTON ROSE FULBRIGHT US LLP,237,237,62,Technology & Telecom / Legal & Lobbying
firm_401108145,NATURAL STATE CONSULTING AND STRATEGIES,131,131,1367,Other / Multi-sector / Legal & Lobbying
firm_401108287,CLAREO,194,194,613,Other / Multi-sector / Legal & Lobbying
firm_401105048,"COMMAND SOLUTIONS, LLC",77,77,1412,Other / Multi-sector / Legal & Lobbying
firm_21962,KUTAK ROCK LLP,172,172,891,Other / Multi-sector / Legal & Lobbying
firm_77550,MR. DEAN MARTILLI,131,131,387,Other / Multi-sector / Legal & Lobbying
firm_307171,"STIEFEL & JONES CONSULTING, LLC",5,5,62,Other / Multi-sector
firm_401105926,TOLLHOUSE ENTERPRIZE LLC,194,194,1721,Other / Multi-sector / Legal & Lobbying
firm_401105223,"FDJ SOLUTIONS, LLC",131,131,381,Other / Multi-sector / Legal & Lobbying
firm_37141,"STUNTZ DAVIS & STAFFIER, P.C.",0,0,62,Other / Multi-sector
firm_401104162,ORLIE YANIV STRATEGIES LLC,187,187,2272,Other / Multi-sector / Legal & Lobbying
firm_401108082,ALKI STRATEGIES LLC,194,194,1533,Other / Multi-sector / Legal & Lobbying
firm_401108130,CAPITOL PILLAR LLC,172,172,2071,Other / Multi-sector / Legal & Lobbying
firm_401108852,ELITE STRATEGIC SERVICES,187,187,1126,Other / Multi-sector / Legal & Lobbying
firm_400915666,ARONNAX PUBLIC STRATEGIES LLC,77,77,933,Other / Multi-sector / Legal & Lobbying
firm_401104905,"THIRDCIRCLE, INC.",194,194,710,Other / Multi-sector / Legal & Lobbying
firm_401105333,"LINDEN GOVERNMENT SOLUTIONS, LLC",194,194,2112,Other / Multi-sector / Legal & Lobbying
firm_401105978,MS. ALEXIS TKACHUK,187,187,1742,Other / Multi-sector / Legal & Lobbying
firm_401108462,SEIDEN LAW LLP,194,194,1435,Other / Multi-sector / Legal & Lobbying
firm_401109425,MERIDIAN 535 STRATEGIES,77,77,1005,Other / Multi-sector / Legal & Lobbying
firm_400599828,MR. WILLIAM SPENCER,172,172,1098,Other / Multi-sector / Legal & Lobbying
firm_401068007,MR. JOE MIKLOSI,119,119,599,Other / Multi-sector / Legal & Lobbying
firm_317355,JOSE FUENTES,172,172,2078,Other / Multi-sector / Legal & Lobbying
firm_401104209,SKLADANY CONSULTING LLC,172,172,103,Other / Multi-sector / Legal & Lobbying
firm_401106011,GREYSTONE GLOBAL STRATEGIES LLC,187,187,1061,Other / Multi-sector / Legal & Lobbying
firm_401106744,ROBIN & ASSOCIATES,77,77,2232,Other / Multi-sector / Legal & Lobbying
firm_401103518,"THE POLICY GROUP, INC.",187,187,1936,Other / Multi-sector / Legal & Lobbying
firm_401106873,TENPENNY LAW LLC,131,131,507,Other / Multi-sector / Legal & Lobbying
firm_82990,ARTEMIS STRATEGIES,187,187,747,Other / Multi-sector / Legal & Lobbying
firm_401108432,BICE POLICY GROUP,77,77,2319,Other / Multi-sector / Legal & Lobbying
firm_71792,RISSING STRATEGIC LLC,187,187,1447,Other / Multi-sector / Legal & Lobbying
firm_401104720,JLV STRATEGIES LLC,187,187,1442,Other / Multi-sector / Legal & Lobbying
firm_401105034,LOP STRATEGIES,172,172,1669,Other / Multi-sector / Legal & Lobbying
firm_401107448,STATE STREET STRATEGIES DBA ONE+ STRATEGIES,131,131,104,Other / Multi-sector / Legal & Lobbying
firm_401108148,CANNON|PEARCE FKA MR. MATT PEARCE,172,172,2278,Other / Multi-sector / Legal & Lobbying
firm_316616,POLICYWORKS,131,131,1872,Other / Multi-sector / Legal & Lobbying
firm_53664,"ORRICK, HERRINGTON & SUTCLIFFE LLP",194,194,1240,Other / Multi-sector / Legal & Lobbying
firm_290398,"POLICY COMMUNICATONS, INC.",194,194,2368,Other / Multi-sector / Legal & Lobbying
firm_400858522,OAKLEY CAPITOL CONSULTING LLC,35,35,438,Other / Multi-sector / Healthcare & Pharma
firm_401099066,PETRA STRATEGIES LLC,172,172,957,Other / Multi-sector / Legal & Lobbying
firm_401107148,PONTIFEX STRATEGIES LLC,194,194,796,Other / Multi-sector / Legal & Lobbying
firm_60572,ROSENTHAL & ASSOCIATES,77,77,1608,Other / Multi-sector / Legal & Lobbying
firm_401104854,GDR STRATEGIES,172,172,628,Other / Multi-sector / Legal & Lobbying
firm_401106054,POTOMAC CONSULTING LLC,131,131,1710,Other / Multi-sector / Legal & Lobbying
firm_297773,"LOEWS PUBLIC AFFAIRS SERVICES, INC.  (FORMERLY MLBA SERVICES, INC)",238,238,62,Other / Multi-sector / Energy & Environment
firm_400326528,MS. BRENDA VIEHE-NAESS,119,119,2105,Other / Multi-sector / Legal & Lobbying
firm_401103811,"MEHLMAN CAPITOL STRATEGIES, LLC",121,121,62,Other / Multi-sector
firm_401105929,"TEN GOVERNMENT STRATEGIES, LLC",187,187,1382,Other / Multi-sector / Legal & Lobbying
firm_36776,STEWART AND STEWART,172,172,2156,Other / Multi-sector / Legal & Lobbying
firm_400635920,"JOHN T. DOOLITTLE, LLC",187,187,686,Other / Multi-sector / Legal & Lobbying
firm_401104523,NANCY ZIRKIN,119,119,530,Other / Multi-sector / Legal & Lobbying
firm_401104687,"DAKOTA STRATEGIES, LLC (F/N/A ODNEY, INC.)",131,131,1122,Other / Multi-sector / Legal & Lobbying
firm_401105833,AWSOM ASSOC,172,172,1722,Other / Multi-sector / Legal & Lobbying
firm_401106093,"CAPITOL HILL & FRIENDS, LLC",187,187,1104,Other / Multi-sector / Legal & Lobbying
firm_401107777,TWO BRANCH STRATEGIES,194,194,1224,Other / Multi-sector / Legal & Lobbying
firm_401108725,"JTI MARKETING & COMMUNICATIONS, INC. DBA JTI, INC.",131,131,1791,Other / Multi-sector / Legal & Lobbying
firm_401105459,BPO STRATEGIES,172,172,1157,Other / Multi-sector / Legal & Lobbying
firm_304474,VIANOVO,187,187,1830,Other / Multi-sector / Legal & Lobbying
firm_401104382,"EMC STRATEGY GROUP, LLC",40,40,1329,Other / Multi-sector / Legal & Lobbying
firm_11297,THE CRANE GROUP INC,109,109,901,Other / Multi-sector
firm_400740217,THE POTOMAC ALLIANCE,194,194,2115,Other / Multi-sector / Legal & Lobbying
firm_401103685,DEBRA CARNAHAN,187,187,1947,Other / Multi-sector / Legal & Lobbying
firm_401107087,"MAVERICK STRATEGIES, LLC",149,149,1596,Technology & Telecom / Other / Multi-sector
firm_401108772,KEELEY LAW AND POLICY,208,208,62,Other / Multi-sector / Technology & Telecom
firm_401109550,PUZZLE BOX GOVERNMENT RELATIONS,194,194,1341,Other / Multi-sector / Legal & Lobbying
firm_401107443,RIVER PUBLIC AFFAIRS GROUP,187,187,62,Other / Multi-sector / Legal & Lobbying
firm_23202,"LPI CONSULTING, INC.",77,77,1563,Other / Multi-sector / Legal & Lobbying
firm_401103436,VELOS (FORMERLY PINNACLE ENGINEERING AND MANAGEMENT SOLUTIONS),172,172,140,Other / Multi-sector / Legal & Lobbying
firm_12254,"DIGENOVA & TOENSING, LLP",94,94,438,Other / Multi-sector
firm_401095057,CAMERON COMPANIES,77,77,647,Other / Multi-sector / Legal & Lobbying
firm_401103201,THOMPSON & HORTON LLP,194,194,2338,Other / Multi-sector / Legal & Lobbying
firm_401103368,"HEROUX & ASSOCIATES, PLLC",8,8,62,Other / Multi-sector
firm_401105023,"PRINCIPAL TO PRINCIPAL, LLC (P2P)",157,157,62,Other / Multi-sector / Education & Research
firm_401107330,H4 ADVISORS LLC,77,77,1636,Other / Multi-sector / Legal & Lobbying
firm_401107404,SUNUNU ENTERPRISES LLC,194,194,1959,Other / Multi-sector / Legal & Lobbying
firm_401108740,"DUE SOUTH ADVOCACY, LLC",168,168,0,Other / Multi-sector / Healthcare & Pharma
firm_13712,"EOP GROUP, INC.",115,115,112,Other / Multi-sector
firm_400706118,MR. CHARLES MONFORT,187,187,646,Other / Multi-sector / Legal & Lobbying
firm_401104226,CHAIN LINK SOLUTIONS LLC,216,216,1264,Other / Multi-sector / Healthcare & Pharma
firm_401104416,WILDHORSE CONSULTING,77,77,2133,Other / Multi-sector / Legal & Lobbying
firm_401105587,WILLIAM WATSON GROUP LLC,172,172,2181,Other / Multi-sector / Legal & Lobbying
firm_44322,MS. LYDIA HOFER,187,187,994,Other / Multi-sector / Legal & Lobbying
firm_83411,WSB LLC,187,187,589,Other / Multi-sector / Legal & Lobbying
firm_40036305,WASHINGTON MATTERS LLC,77,77,1650,Other / Multi-sector / Legal & Lobbying
firm_400866538,"MICHAEL DOUGLAS FERRELL, LLC",187,187,2024,Other / Multi-sector / Legal & Lobbying
firm_401103156,"UNIFIED SOLUTIONS, LLC",131,131,1269,Other / Multi-sector / Legal & Lobbying
firm_401105411,PLATT STRATEGIC CONSULTING LLC,45,45,62,Other / Multi-sector
firm_401108969,"INTERSECT PUBLIC AFFAIRS, LLC",0,0,62,Other / Multi-sector
firm_400470324,LARRY BLANCHARD,131,131,563,Other / Multi-sector / Legal & Lobbying
firm_18114,DENNIS M. HERTEL & ASSOCIATES,239,239,617,Other / Multi-sector / Healthcare & Pharma
firm_401104026,ALYSON PARKER,172,172,207,Other / Multi-sector / Legal & Lobbying
firm_401107279,PAT WILLIAMS AND ASSOCIATES,95,95,2247,Other / Multi-sector
firm_400381749,"LHD & ASSOCIATES, INC.",187,187,88,Other / Multi-sector / Legal & Lobbying
firm_15918,DAVID GENCARELLI,131,131,94,Other / Multi-sector / Legal & Lobbying
firm_38530,"TROUTMAN PEPPER LOCKE, LLP (FKA TROUTMAN PEPPER HAMILTON SANDERS, LLP)",172,172,1782,Other / Multi-sector / Legal & Lobbying
firm_77812,"NORTHPOINT STRATEGIES, LLC",8,8,316,Other / Multi-sector
firm_401103366,"LEGER STRATEGIES, LLC",194,194,2284,Other / Multi-sector / Legal & Lobbying
firm_401109532,AVIVA STRATEGIES (FKA MGB CONSULTING),168,168,62,Other / Multi-sector / Healthcare & Pharma
firm_401106277,INDUSTRY COUNCIL FOR EMERGENCY RESPONSE TECHNOLOGIES,77,77,1833,Other / Multi-sector / Legal & Lobbying
firm_286872,THE TIM HUGO GROUP,131,131,2374,Other / Multi-sector / Legal & Lobbying
firm_401108306,CORCORAN STREET GROUP,0,0,62,Other / Multi-sector
firm_401105613,"TRAUTWEIN & ASSOCIATES, LLC",240,240,66,Other / Multi-sector / Technology & Telecom
firm_400313458,MR. RAY CHAMBERS,172,172,161,Other / Multi-sector / Legal & Lobbying
firm_400556664,"CLEAVES BIOMASS SERVICES, LLC",194,194,2111,Other / Multi-sector / Legal & Lobbying
firm_400607847,"GOVERNMENTAL CONSULTANT SERVICES, INC.",187,187,1640,Other / Multi-sector / Legal & Lobbying
firm_401103940,THE MCGRATH GROUP LLLC,77,77,772,Other / Multi-sector / Legal & Lobbying
firm_401104664,MS. MOLLY NIX,172,172,2317,Other / Multi-sector / Legal & Lobbying
firm_401105770,AMERICAN STRATEGIC PARTNERS,77,77,2258,Other / Multi-sector / Legal & Lobbying
firm_400323518,"HPS GROUP, LLC",172,172,1515,Other / Multi-sector / Legal & Lobbying
firm_401104763,KEYSTONE STRATEGY + ADVOCACY,194,194,2168,Other / Multi-sector / Legal & Lobbying
firm_401106956,"GRACE BAY STRATEGIES, LLC",194,194,1237,Other / Multi-sector / Legal & Lobbying
firm_401106917,TECHNOLOGY STRATEGIES LLC,77,77,948,Other / Multi-sector / Legal & Lobbying
firm_296497,PAULA TIMMONS,194,194,2079,Other / Multi-sector / Legal & Lobbying
firm_401105260,"SIGNIFICANT CONSULTING, LLP",77,77,2238,Other / Multi-sector / Legal & Lobbying
firm_24533,"MCINTYRE & LEMON, PLLC",131,131,789,Other / Multi-sector / Legal & Lobbying
firm_401105368,EASTERSEALS NEW JERSEY,172,172,1692,Other / Multi-sector / Legal & Lobbying
firm_13448,MR. GARY ELMESTAD,172,172,801,Other / Multi-sector / Legal & Lobbying
firm_69696,MJWT CONSULTING,187,187,1987,Other / Multi-sector / Legal & Lobbying
firm_324137,ERIC MONDERO,77,77,2375,Other / Multi-sector / Legal & Lobbying
firm_401105329,SKDKNICKERBOCKER,194,194,937,Other / Multi-sector / Legal & Lobbying
firm_401106666,"MORAN STRATEGIC CONSULTING, LLC.",77,77,638,Other / Multi-sector / Legal & Lobbying
firm_401108903,ACUMEN STRATEGIES LLC,48,48,62,Other / Multi-sector
firm_401106099,2020 STRATEGIES LLC,187,187,75,Other / Multi-sector / Legal & Lobbying
firm_401107706,FIRST AMENDMENT PARTNERS LLC,187,187,149,Other / Multi-sector / Legal & Lobbying
firm_401105267,EDMONDSON HOPKINS GROUP,172,172,1331,Other / Multi-sector / Legal & Lobbying
firm_401107055,"JMS NATURAL RESOURCE STRATEGIES, LLC",187,187,338,Other / Multi-sector / Legal & Lobbying
firm_400619882,"LANNY J. DAVIS & ASSOCIATES, LLC",194,194,437,Other / Multi-sector / Legal & Lobbying
firm_401103286,"ROBERT WHITE ASSOCIATES, INC.",172,172,1508,Other / Multi-sector / Legal & Lobbying
firm_401104167,MIRRAM GROUP,194,194,61,Other / Multi-sector / Legal & Lobbying
firm_401105107,"ZARRELLI STRATEGIES, INC.",187,187,52,Other / Multi-sector / Legal & Lobbying
firm_401105206,WATER AND POWER LAW GROUP,172,172,1573,Other / Multi-sector / Legal & Lobbying
firm_401106450,ABT USA LLC,194,194,71,Other / Multi-sector / Legal & Lobbying
firm_401107560,"THE 51 GROUP, LLC",235,235,960,Other / Multi-sector
firm_401107856,"TENAGRITY SOLUTIONS, LLC",77,77,1591,Other / Multi-sector / Legal & Lobbying
firm_401109892,JOHN MCENTEE,45,45,1086,Other / Multi-sector
firm_401103085,MR. JONATHAN MOORE,119,119,1990,Other / Multi-sector / Legal & Lobbying
firm_315477,BUTTERFIELD EVANS & ASSOCIATES LLC,227,227,1322,Other / Multi-sector / Energy & Environment
firm_401104963,"FOURTH STREET ADVOCACY (CORSA POTOMAC, LLC)",172,172,2059,Other / Multi-sector / Legal & Lobbying
firm_401108698,AUBREY MATURIN LLC,8,8,62,Other / Multi-sector
firm_401107434,"TERRAPIN STRATEGY, INC",172,172,1773,Other / Multi-sector / Legal & Lobbying
firm_401107988,VALENTINE STRATEGIES,194,194,62,Other / Multi-sector / Legal & Lobbying
firm_400460281,"OGLETHORPE PUBLIC AFFAIRS GROUP, INC.",131,131,832,Other / Multi-sector / Legal & Lobbying
firm_401105488,HUTTON-TRANSCON JOINT VENTURE,194,194,1272,Other / Multi-sector / Legal & Lobbying
firm_401106337,"MCB CONSULTING, INC.",131,131,2240,Other / Multi-sector / Legal & Lobbying
firm_401107390,"DC ADVOCACY, LLC",77,77,89,Other / Multi-sector / Legal & Lobbying
firm_401109103,CONNICK AND ASSOCIATES,194,194,1703,Other / Multi-sector / Legal & Lobbying
firm_401109805,ZERO MILE STRATEGIES,194,194,260,Other / Multi-sector / Legal & Lobbying
firm_316514,"AGWORKS SOLUTIONS, LLC",194,194,826,Other / Multi-sector / Legal & Lobbying
firm_401104514,HEALY CONSULTING GROUP,172,172,1910,Other / Multi-sector / Legal & Lobbying
firm_400275302,PAUL SUPLIZIO ASSOCIATES,131,131,1366,Other / Multi-sector / Legal & Lobbying
firm_401106018,ASIAN AMERICAN ADVISORS LLC,194,194,590,Other / Multi-sector / Legal & Lobbying
firm_45232,DEKIEFFER & HORGAN,172,172,182,Other / Multi-sector / Legal & Lobbying
firm_401106427,MILLS BLACK LLP,172,172,2120,Other / Multi-sector / Legal & Lobbying
firm_401108173,WOODLAND RESOURCES,172,172,2190,Other / Multi-sector / Legal & Lobbying
firm_24271,MR. JAMES F. MCCONNELL,172,172,1536,Other / Multi-sector / Legal & Lobbying
firm_321577,ALLIANCE ONE,77,77,1819,Other / Multi-sector / Legal & Lobbying
firm_401104211,"SHANK PUBLIC POLICY, LLC",72,72,62,Other / Multi-sector
firm_401104992,WEXFORD SOLUTIONS LLC,187,187,1116,Other / Multi-sector / Legal & Lobbying
firm_401108855,"QUICKEL CONSULTING SERVICES, LLC",172,172,1257,Other / Multi-sector / Legal & Lobbying
firm_401109289,"BASELINE STRATEGIES, LLC",187,187,310,Other / Multi-sector / Legal & Lobbying
firm_401104068,"TIAHRT ENTERPRISES, LLC",77,77,1520,Other / Multi-sector / Legal & Lobbying
firm_21244,MS. MIRIAM A. KAZANJIAN,131,131,2253,Other / Multi-sector / Legal & Lobbying
firm_401106075,HMU CONSULTING LLC,194,194,1253,Other / Multi-sector / Legal & Lobbying
firm_401104634,CAPITOL INNOVATIONS,77,77,371,Other / Multi-sector / Legal & Lobbying
firm_401108326,RESEARCH SERVICE BUREAU,194,194,1096,Other / Multi-sector / Legal & Lobbying
firm_401103257,"STRATFORD STRATEGIES, LLC FORMERLY KNOWN AS CB ANDERSON PARTNERS, LLC",119,119,2241,Other / Multi-sector / Legal & Lobbying
firm_401104466,"BUTZEL LONG, P.C.",131,131,1621,Other / Multi-sector / Legal & Lobbying
firm_319836,MICHAEL SOLON-CAPITOL LEGISTICS,172,172,893,Other / Multi-sector / Legal & Lobbying
firm_400935705,GOLDHABER POLICY SERVICES LLC,187,187,356,Other / Multi-sector / Legal & Lobbying
firm_401103826,"ECA STRATEGIES, INC.",187,187,1337,Other / Multi-sector / Legal & Lobbying
firm_401104407,SMIRNOW LAW,194,194,455,Other / Multi-sector / Legal & Lobbying
firm_401105385,MARK SMITH PUBLIC AFFAIRS,131,131,525,Other / Multi-sector / Legal & Lobbying
firm_401108691,SARAH CHRISTOPHERSON,77,77,1397,Other / Multi-sector / Legal & Lobbying
firm_401105340,EMMETT STRATEGIES LLC,20,20,506,Other / Multi-sector / Education & Research
firm_401104913,ROSEMONT STRATEGIES,187,187,1603,Other / Multi-sector / Legal & Lobbying
firm_401106336,LINDEN GROVE STRATEGIES LLC,77,77,35,Other / Multi-sector / Legal & Lobbying
firm_47336,LOWRY STRATEGIES,194,194,2315,Other / Multi-sector / Legal & Lobbying
firm_401104860,VS STRATEGIES LLC,30,30,503,Other / Multi-sector
firm_401106284,"THE HEALTH EQUITY STRATEGIES GROUP, LLC",187,187,862,Other / Multi-sector / Legal & Lobbying
firm_39781,VAN FLEET ASSOCIATES,187,187,1888,Other / Multi-sector / Legal & Lobbying
firm_400674015,U.S. GOVERNMENT RELATIONS INTL.,172,172,1975,Other / Multi-sector / Legal & Lobbying
firm_401104996,HODGKINS AND ASSOCIATES,187,187,1998,Other / Multi-sector / Legal & Lobbying
firm_401108650,FEROX STRATEGIES II,194,194,407,Other / Multi-sector / Legal & Lobbying
firm_22325,THE PAUL LAXALT GROUP,168,168,1124,Other / Multi-sector / Healthcare & Pharma
firm_293610,AVANCER HEALTH POLICY,62,62,62,Healthcare & Pharma / Other / Multi-sector
firm_400275283,PUBLIC POLICY MANAGEMENT GROUP,194,194,354,Other / Multi-sector / Legal & Lobbying
firm_401031909,MR. ROBERT SCHWARZ,27,27,62,Other / Multi-sector
firm_401103804,"RUHLEN STRATEGIES, LLC",77,77,2069,Other / Multi-sector / Legal & Lobbying
client_04216,MILLENNIUM HEALTH,216,216,62,Other / Multi-sector / Healthcare & Pharma
firm_401105878,MS. CAROL BROWNER,194,194,696,Other / Multi-sector / Legal & Lobbying
firm_401106611,"WOOLPERT, INC.",194,194,1180,Other / Multi-sector / Legal & Lobbying
firm_401106076,HILLIARD SMITH & HUNT,194,194,1676,Other / Multi-sector / Legal & Lobbying
firm_400459248,ADVOCACY ASSOCIATES,131,131,1190,Other / Multi-sector / Legal & Lobbying
firm_401103325,"IRA SHAPIRO GLOBAL STRATEGIES, LLC",194,194,555,Other / Multi-sector / Legal & Lobbying
firm_401106315,SAKURA CONSERVATION STRATEGIES,131,131,360,Other / Multi-sector / Legal & Lobbying
firm_401063997,GRTYREE CONSULTING LLC,131,131,786,Other / Multi-sector / Legal & Lobbying
firm_401104352,SIEKMAN AND SIEKMAN LLC,131,131,1180,Other / Multi-sector / Legal & Lobbying
firm_401105138,"BERNI CONSULTING, LLC",172,172,2389,Other / Multi-sector / Legal & Lobbying
firm_401107665,WINDON GLOBAL STRATEGIES,187,187,368,Other / Multi-sector / Legal & Lobbying
firm_71655,"LEE CONSULTING, KENNETH G.",172,172,2199,Other / Multi-sector / Legal & Lobbying
firm_401106325,TOM BRADLEY HEALTH POLICY LLC,194,194,2100,Other / Multi-sector / Legal & Lobbying
firm_401106767,"INVIVYD, INC.",194,194,62,Other / Multi-sector / Legal & Lobbying
firm_401107561,"GLASSMAN ENTERPRISES, LLC",194,194,978,Other / Multi-sector / Legal & Lobbying
firm_401108124,HOLLINGER GROUP CONSULTING,131,131,577,Other / Multi-sector / Legal & Lobbying
firm_401109596,MAVEN ADVOCACY PARTNERS LLC,194,194,444,Other / Multi-sector / Legal & Lobbying
firm_401104314,REDROCK GOVERNMENT RELATIONS,187,187,1187,Other / Multi-sector / Legal & Lobbying
firm_401108161,"PADDOCK ASSOCIATES, LLC",194,194,2192,Other / Multi-sector / Legal & Lobbying
firm_18375,"GEORGE J. HOCHBRUECKNER & ASSOCIATES, INC.",172,172,1532,Other / Multi-sector / Legal & Lobbying
firm_400323516,FOXLEY & PIGNANELLI,131,131,321,Other / Multi-sector / Legal & Lobbying
firm_313178,"THE BREWER GROUP, LLC (FORMALLY POWERS BREWER, LLC)",172,172,345,Other / Multi-sector / Legal & Lobbying
firm_322693,MR. DONALD KANIEWSKI,187,187,588,Other / Multi-sector / Legal & Lobbying
firm_401105176,CHRISTINE POLLACK,187,187,162,Other / Multi-sector / Legal & Lobbying
firm_401105566,CONSILIUM CONSULTING,77,77,1663,Other / Multi-sector / Legal & Lobbying
firm_401105940,TORRES CONSULTING AND LAW GROUP,172,172,411,Other / Multi-sector / Legal & Lobbying
firm_401109454,"MOUNTAIN VIEW PARTNERS DC, LLC",194,194,2245,Other / Multi-sector / Legal & Lobbying
firm_400535604,THE FRIEDLANDER GROUP,187,187,1794,Other / Multi-sector / Legal & Lobbying
firm_86050,"LEGISLATIVE STRATEGIES, INC.",77,77,818,Other / Multi-sector / Legal & Lobbying
firm_400920675,PETERSON GROUP (FL),62,62,438,Healthcare & Pharma / Other / Multi-sector
firm_401047953,VECTIS STRATEGIES,145,145,769,Other / Multi-sector / Education & Research
firm_401104413,"PRIME TRANSATLANTIC, LLC",77,77,1012,Other / Multi-sector / Legal & Lobbying
firm_401105166,PETER PITSCH,194,194,1905,Other / Multi-sector / Legal & Lobbying
firm_401105302,THE BURNHAM GROUP LLC,172,172,1203,Other / Multi-sector / Legal & Lobbying
firm_401105507,LEWIS BRISBOIS BISGAARD & SMITH LLP,129,129,542,Other / Multi-sector / Energy & Environment
firm_401107628,MZLS LLC,194,194,861,Other / Multi-sector / Legal & Lobbying
firm_401107869,MCWILLIAMS GOVERNMENTAL AFFAIRS CONSULTANTS,77,77,1873,Other / Multi-sector / Legal & Lobbying
firm_400953755,"PATTEN & ASSOCIATES, LLC",187,187,1184,Other / Multi-sector / Legal & Lobbying
firm_401107212,SILVER LEGAL SERVICES LLC,131,131,981,Other / Multi-sector / Legal & Lobbying
firm_401105860,COHEN & GRESSER LLP,172,172,322,Other / Multi-sector / Legal & Lobbying
firm_401106266,"OCEAN SPRAY CRANBERRIES, INC",77,77,501,Other / Multi-sector / Legal & Lobbying
firm_401108747,SECOND CURVE STRATEGIES LLC,194,194,59,Other / Multi-sector / Legal & Lobbying
firm_401104808,MS. PATRICIA M. SOLDANO,131,131,2028,Other / Multi-sector / Legal & Lobbying
firm_401106361,"PATRIOT STRATEGIES, LLC",172,172,515,Other / Multi-sector / Legal & Lobbying
firm_401106512,PENN STRATEGIES,119,119,1850,Other / Multi-sector / Legal & Lobbying
firm_24087,"ALAN MAUK ASSOCIATES, LTD",194,194,1316,Other / Multi-sector / Legal & Lobbying
firm_45790,BASS BERRY & SIMS,77,77,709,Other / Multi-sector / Legal & Lobbying
firm_46437,VIKKI COOPER & ASSOCIATES,172,172,1823,Other / Multi-sector / Legal & Lobbying
firm_313692,TOM LUCE CONSULTING,172,172,1570,Other / Multi-sector / Legal & Lobbying
firm_400416982,SCOTT CANADY,77,77,480,Other / Multi-sector / Legal & Lobbying
firm_400644944,WILLIAM HAMILTON,194,194,2298,Other / Multi-sector / Legal & Lobbying
firm_401071014,"THINK POLICY CONSULTING, LLC",131,131,1973,Other / Multi-sector / Legal & Lobbying
firm_19888,"RED FLAG CONSULTING USA(FORMALLY KNOWN AS INTERNATIONAL BUSINESS-GOVERNMENT COUNSELLORS, INC)",241,241,62,Other / Multi-sector
firm_400278334,MICHAEL A. INGRAO,176,176,1010,Other / Multi-sector
firm_400933697,JORDAN WICKER,131,131,1895,Other / Multi-sector / Legal & Lobbying
firm_401106208,MR. GRANT CARLISLE,194,194,732,Other / Multi-sector / Legal & Lobbying
firm_401104871,DAVID KILIAN,187,187,682,Other / Multi-sector / Legal & Lobbying
firm_401106396,MICHAEL HARIDOPOLOS,194,194,2023,Other / Multi-sector / Legal & Lobbying
firm_401106918,"IBEX2 SOLUTIONS, LLC",5,5,1369,Other / Multi-sector
firm_401107730,"KILEY CAPITOL SOLUTIONS, LLC",77,77,241,Other / Multi-sector / Legal & Lobbying
firm_401108288,"SCARLET SOLUTIONS, LLC",194,194,74,Other / Multi-sector / Legal & Lobbying
firm_401106554,SANDHILLS STRATEGIC SOLUTIONS,172,172,340,Other / Multi-sector / Legal & Lobbying
client_00652,HENKEL OF AMERICA INC.,113,113,47,Other / Multi-sector
firm_63017,"COYNE, JESERNIG, LLC",172,172,1458,Other / Multi-sector / Legal & Lobbying
firm_401103467,"MELODY CLARK CONSULTING, LLC.",77,77,1784,Other / Multi-sector / Legal & Lobbying
firm_401103647,MXM CONSULTING LLC,77,77,2116,Other / Multi-sector / Legal & Lobbying
firm_401104030,DAVID RADI,187,187,449,Other / Multi-sector / Legal & Lobbying
client_00815,"SUPERNAL, LLC (FKA GENESIS AIR MOBILITY)",242,242,168,Other / Multi-sector / Energy & Environment
firm_401106421,LEMMA STRATEGIES INC,172,172,62,Other / Multi-sector / Legal & Lobbying
firm_401107239,ELK CREEK RESOURCES CORP.,194,194,1934,Other / Multi-sector / Legal & Lobbying
firm_401107752,MJS ADVISORS LLC,194,194,1627,Other / Multi-sector / Legal & Lobbying
firm_401107930,VARYAG LLC,77,77,1311,Other / Multi-sector / Legal & Lobbying
firm_400581774,"FOOD DIRECTIONS, LLC",243,243,62,Other / Multi-sector / Agriculture & Food
firm_401106231,SOUTHWEST STRATEGIES,194,194,540,Other / Multi-sector / Legal & Lobbying
firm_401105542,"RPN ADVOCACY, LLC",131,131,1445,Other / Multi-sector / Legal & Lobbying
firm_401106477,HAGGERTY POLICY SOLUTIONS,3,3,62,Other / Multi-sector
firm_401109290,PATTERSON & MEEK,100,100,1976,Other / Multi-sector / Healthcare & Pharma
firm_401108156,ROSE GROUP ADVISORS,231,231,62,Legal & Lobbying / Other / Multi-sector
firm_401104015,CDB PROJX LLC,131,131,1953,Other / Multi-sector / Legal & Lobbying
firm_25066,THE LAW OFFICE OF MICHAEL R. KLIPPER,172,172,431,Other / Multi-sector / Legal & Lobbying
firm_400458206,TEAM BUILDERS,194,194,1424,Other / Multi-sector / Legal & Lobbying
firm_401107207,DONOVAN STRATEGIES LLC,20,20,467,Other / Multi-sector / Education & Research
firm_401104011,LUCY CALAUTTI,94,94,62,Other / Multi-sector
firm_299115,PLASTER AND ASSOCIATES LLC,77,77,397,Other / Multi-sector / Legal & Lobbying
firm_401105017,MARGARET STRAND CONSULTING LLC,194,194,1200,Other / Multi-sector / Legal & Lobbying
firm_401105119,EXEL ADVISORS,172,172,1044,Other / Multi-sector / Legal & Lobbying
firm_401105698,BURT ROSEN STRATEGIES,187,187,1607,Other / Multi-sector / Legal & Lobbying
firm_401105959,DISTRICT CATALYST,172,172,1529,Other / Multi-sector / Legal & Lobbying
firm_401106162,MR. PETER KNIGHT,187,187,2366,Other / Multi-sector / Legal & Lobbying
firm_401106200,VINCENT BRANDYS,77,77,1176,Other / Multi-sector / Legal & Lobbying
firm_401106816,"ERA GOVERNMENT AFFAIRS, LLC",172,172,924,Other / Multi-sector / Legal & Lobbying
firm_401107923,"BARSA STRATEGIES, LLC",194,194,1419,Other / Multi-sector / Legal & Lobbying
firm_401108248,"LAW OFFICE OF JOHN J. FASO, P.C",172,172,833,Other / Multi-sector / Legal & Lobbying
firm_401109974,CURRENT STRATEGIES,244,244,62,Legal & Lobbying / Government & Nonprofit
firm_40008055,GLOBAL POLICY INITIATIVES,194,194,192,Other / Multi-sector / Legal & Lobbying
firm_401106114,2359 STRATEGIES,77,77,907,Other / Multi-sector / Legal & Lobbying
firm_401109081,INDIGO HILL STRATEGIES,180,180,1407,Legal & Lobbying / Healthcare & Pharma
firm_400767312,"TRIMPA GROUP, LLC",187,187,2367,Other / Multi-sector / Legal & Lobbying
firm_9864,COLEX AND ASSOCIATES,187,187,2140,Other / Multi-sector / Legal & Lobbying
firm_401106391,"T A BUSINESS DEVELOPMENT, LLC",172,172,1548,Other / Multi-sector / Legal & Lobbying
firm_33682,"ROPES & GRAY, LLP",194,194,523,Other / Multi-sector / Legal & Lobbying
firm_36801,MR. JOHN STINSON,194,194,681,Other / Multi-sector / Legal & Lobbying
firm_87392,CCMSC CORPORATION,40,40,1985,Other / Multi-sector / Legal & Lobbying
firm_286052,HICKS PARTNERS,194,194,395,Other / Multi-sector / Legal & Lobbying
firm_296316,MR. PETER DICKINSON,131,131,120,Other / Multi-sector / Legal & Lobbying
firm_308593,RTK CONSULTING GROUP LLC,194,194,1724,Other / Multi-sector / Legal & Lobbying
firm_401103337,MR. MIKE WASSENAAR,131,131,158,Other / Multi-sector / Legal & Lobbying
firm_401103504,KEITH JOHNSON,131,131,2022,Other / Multi-sector / Legal & Lobbying
firm_401104006,THE JOE DAVIS COMPANY LLC,131,131,1141,Other / Multi-sector / Legal & Lobbying
firm_401104394,"GRAND CANYON STATE ELECTRIC COOPERATIVE ASSOCIATION, INC.",131,131,315,Other / Multi-sector / Legal & Lobbying
firm_401105205,FIRST RULE,194,194,1696,Other / Multi-sector / Legal & Lobbying
firm_401105234,"GRIFFIN CONSULTING, LLC",49,49,62,Other / Multi-sector / Healthcare & Pharma
firm_401105565,LJ STRATEGIES LLC,245,245,62,Education & Research / Other / Multi-sector
firm_401106394,O'DONNELL & ASSOCIATES LLC,194,194,448,Other / Multi-sector / Legal & Lobbying
firm_401106711,"THE ELEVATION ASSOCIATION, LLC",194,194,798,Other / Multi-sector / Legal & Lobbying
firm_401107452,"CONGRESSIONAL COLLEAGUES, LLC",194,194,33,Other / Multi-sector / Legal & Lobbying
firm_401107742,CAPITOL HILL COMMUNICATIONS,77,77,487,Other / Multi-sector / Legal & Lobbying
firm_401108723,SAXA INNOVATION LLC,194,194,572,Other / Multi-sector / Legal & Lobbying
firm_401110000,THE GALLERY HOSPITALITY CORP,194,194,62,Other / Multi-sector / Legal & Lobbying
firm_401104410,"WELLINGTON STRATEGIES, LLC.",131,131,32,Other / Multi-sector / Legal & Lobbying
firm_401106898,EB CONSULTING,34,34,79,Other / Multi-sector
firm_2310,AMERICAN FEDERATION OF MUSICIANS,194,194,763,Other / Multi-sector / Legal & Lobbying
firm_401104903,"REM STRATEGIES, LLC",131,131,1991,Other / Multi-sector / Legal & Lobbying
firm_50295,JOHN GRZEBIEN,131,131,1672,Other / Multi-sector / Legal & Lobbying
firm_401105255,BASS PUBLIC AFFAIRS,194,194,958,Other / Multi-sector / Legal & Lobbying
firm_401110112,STERLINGTON PLLC,194,194,509,Other / Multi-sector / Legal & Lobbying
firm_401104251,"TUSK STRATEGIES, LLC",145,145,62,Other / Multi-sector / Education & Research
firm_70437,HOLLRAH LLC,131,131,1587,Other / Multi-sector / Legal & Lobbying
firm_83490,"EDENS ADVISORY, LLC",172,172,1054,Other / Multi-sector / Legal & Lobbying
firm_313418,PETTUS CONSULTING,131,131,1634,Other / Multi-sector / Legal & Lobbying
firm_319472,"WESTERN SKIES STRATEGIES, INC.",131,131,77,Other / Multi-sector / Legal & Lobbying
firm_400520537,"KOZAK & SALINA, LLC",131,131,1207,Other / Multi-sector / Legal & Lobbying
firm_401103117,"B3 STRATEGIES, LLC",131,131,1980,Other / Multi-sector / Legal & Lobbying
firm_401103956,EARTH & WATER GROUP,34,34,62,Other / Multi-sector
firm_401104173,RNL CONSULTING LLC,77,77,1391,Other / Multi-sector / Legal & Lobbying
firm_401106302,DUDDINGTON GLOBAL STRATEGIES LLC,246,246,62,Technology & Telecom / Legal & Lobbying
firm_401107355,FORA PARTNERS,41,41,62,Other / Multi-sector
firm_401109047,SIDEPRIZE LLC D/B/A PRIZEPICKS,194,194,1800,Other / Multi-sector / Legal & Lobbying
firm_401109379,"RAAB GOVERNMENT STRATEGIES, LLC",117,117,2353,Other / Multi-sector / Healthcare & Pharma
firm_40038312,MR. CHARLES SCHOLZ,77,77,2141,Other / Multi-sector / Legal & Lobbying
firm_401104990,MS. ANNA AURILIO,77,77,170,Other / Multi-sector / Legal & Lobbying
firm_401103200,"D&D STRATEGIES, LLC",194,194,341,Other / Multi-sector / Legal & Lobbying
firm_401105182,R & B STRATEGIES,194,194,1303,Other / Multi-sector / Legal & Lobbying
firm_401105892,HJ TOBIN POLICY CONSULTING,187,187,1925,Other / Multi-sector / Legal & Lobbying
firm_401106066,DUFFY&SHANLEY,194,194,2325,Other / Multi-sector / Legal & Lobbying
firm_401105382,QUINELLA GLOBAL LLC,131,131,2142,Other / Multi-sector / Legal & Lobbying
firm_401103100,"JORDAN LAW FIRM, LLC",187,187,144,Other / Multi-sector / Legal & Lobbying
firm_401105296,KEY BRIDGE ADVISORS,194,194,2084,Other / Multi-sector / Legal & Lobbying
firm_44696,"GIS ASSOCIATES, INC",77,77,813,Other / Multi-sector / Legal & Lobbying
firm_45243,MR. WILLIAM ZAVARELLO,194,194,146,Other / Multi-sector / Legal & Lobbying
firm_67570,DANEA KEHOE,131,131,332,Other / Multi-sector / Legal & Lobbying
firm_69550,MR. PATRICK TUCKER,227,227,2324,Other / Multi-sector / Energy & Environment
firm_309971,"H. M. RILEY ASSOCIATES, LLC",131,131,1952,Other / Multi-sector / Legal & Lobbying
firm_322990,APPIAN,131,131,343,Other / Multi-sector / Legal & Lobbying
firm_401104616,"WATSON & COMPANY GOVERNMENT SERVICES, INC",194,194,2211,Other / Multi-sector / Legal & Lobbying
firm_401105939,"CARMEN GUZMAN, LLC",77,77,800,Other / Multi-sector / Legal & Lobbying
firm_401105960,CHW ADVISORS,187,187,915,Other / Multi-sector / Legal & Lobbying
firm_401106755,ELLEN FERN,131,131,314,Other / Multi-sector / Legal & Lobbying
firm_401106952,IKYR LLC,77,77,872,Other / Multi-sector / Legal & Lobbying
firm_401107348,"PRINCE STREET STRATEGIES, LLC",247,247,542,Energy & Environment / Other / Multi-sector
firm_401108409,"STOICK CONSULTING, LLC",48,48,79,Other / Multi-sector
firm_401109270,TALLEY STRATEGIES LLC,194,194,594,Other / Multi-sector / Legal & Lobbying
firm_400468314,"BROMELKAMP GOVERNMENT RELATIONS, LLC",131,131,1462,Other / Multi-sector / Legal & Lobbying
client_00164,AMERICAN SOCIETY OF CIVIL ENGINEERS,249,249,79,Other / Multi-sector
firm_400706119,"CULTURAL HERITAGE PARTNERS, LLC",172,172,2176,Other / Multi-sector / Legal & Lobbying
firm_401103271,SPECTRUM PUBLIC AFFAIRS,27,27,79,Other / Multi-sector
firm_401105022,SPLYSS LLC,131,131,383,Other / Multi-sector / Legal & Lobbying
firm_401106276,ROCK SPRING PUBLIC POLICY,194,194,1115,Other / Multi-sector / Legal & Lobbying
firm_401106794,GTB PARTNERS,120,120,111,Other / Multi-sector / Energy & Environment
firm_401109537,NEXUSONE CONSULTING,194,194,1568,Other / Multi-sector / Legal & Lobbying
firm_401108728,CAPITOL HILL ASSOCIATES,58,58,13,Other / Multi-sector
firm_315490,"FEDERAL STRATEGIES GROUP, INC.",187,187,887,Other / Multi-sector / Legal & Lobbying
firm_88154,VPR ASSOCIATES,194,194,1183,Other / Multi-sector / Legal & Lobbying
firm_294952,"TRADEWINS, LLC",23,23,825,Other / Multi-sector / Energy & Environment
firm_40029250,"DONNA M. FIORENTINO, LLC",77,77,166,Other / Multi-sector / Legal & Lobbying
firm_401105024,MULIUFI (MUFI) FRANCIS HANNEMANN,194,194,1516,Other / Multi-sector / Legal & Lobbying
firm_401105080,O'HARE INFRASTRUCTURE STRATEGIES LLC,131,131,2203,Other / Multi-sector / Legal & Lobbying
firm_401106026,MGV LLC,131,131,1939,Other / Multi-sector / Legal & Lobbying
firm_401106467,KLEIN LAW GROUP PLLC,194,194,855,Other / Multi-sector / Legal & Lobbying
firm_401107053,DOGWOOD STRATEGIES INC,194,194,1302,Other / Multi-sector / Legal & Lobbying
firm_401108056,4TH ST COMMUNICATIONS,194,194,232,Other / Multi-sector / Legal & Lobbying
firm_401108407,PERSPECTIVE PARTNERS LLC,194,194,1013,Other / Multi-sector / Legal & Lobbying
firm_401109661,CRUCE CAPITOL CONSULTING LLC,194,194,1289,Other / Multi-sector / Legal & Lobbying
firm_401105099,LAWRENCE JAMES GROUP PROFESSIONALS LLC,172,172,243,Other / Multi-sector / Legal & Lobbying
firm_401104744,OLIVERSTRATEGIES,194,194,2055,Other / Multi-sector / Legal & Lobbying
firm_40043340,CAPITOL RESOURCE GROUP,77,77,417,Other / Multi-sector / Legal & Lobbying
firm_401010852,SJSOLUTIONS PLLC,87,87,62,Other / Multi-sector
firm_401104307,"GULF SOUTH STRATEGIES USA, LLC",131,131,1392,Other / Multi-sector / Legal & Lobbying
firm_401105518,MIRSONIA GROUP,77,77,728,Other / Multi-sector / Legal & Lobbying
firm_401106904,56 CAPITALS LLC,77,77,1654,Other / Multi-sector / Legal & Lobbying
firm_401105071,MR. JOSEPH HUANG-RACALTO,77,77,1512,Other / Multi-sector / Legal & Lobbying
firm_401105946,GLENCOE STRATEGIES LLC,187,187,2381,Other / Multi-sector / Legal & Lobbying
firm_15075,"FONTHEIM INTERNATIONAL, LLC",194,194,2166,Other / Multi-sector / Legal & Lobbying
firm_287111,DAVID LEACH,194,194,1768,Other / Multi-sector / Legal & Lobbying
firm_401103148,"FRANZ CONSULTING, LLC",131,131,1281,Other / Multi-sector / Legal & Lobbying
firm_401103621,"LESCHI GROUP, LLC",77,77,1786,Other / Multi-sector / Legal & Lobbying
firm_401105081,INTEGRITAS BY BONO LLC,194,194,2021,Other / Multi-sector / Legal & Lobbying
firm_401105531,"FINN STRATEGIES, LLC",187,187,1389,Other / Multi-sector / Legal & Lobbying
firm_401106309,GORMAN STRATEGY GROUP,77,77,675,Other / Multi-sector / Legal & Lobbying
firm_401109417,FOXHOUND ADVISORS,152,152,62,Other / Multi-sector
firm_401105927,"SAPPHIRE STRATEGIES, LLC",172,172,1745,Other / Multi-sector / Legal & Lobbying
firm_88531,MR. RON MCMURRAY,131,131,949,Other / Multi-sector / Legal & Lobbying
firm_401107922,SYNCHRONICITY STRATEGIES LLC,172,172,1764,Other / Multi-sector / Legal & Lobbying
firm_401105193,"THE BLC GROUP, LLC",194,194,1182,Other / Multi-sector / Legal & Lobbying
firm_401108921,MVP STRATEGIES,109,109,1334,Other / Multi-sector
firm_401106596,ROSEWOOD STRATEGIES LLC,194,194,504,Other / Multi-sector / Legal & Lobbying
firm_77834,THE MAGNATE GROUP LLC,187,187,2283,Other / Multi-sector / Legal & Lobbying
firm_401105806,PROFECTUS INVESTMENTS LLC,77,77,240,Other / Multi-sector / Legal & Lobbying
firm_401106708,ARCURI WARD LLC,194,194,261,Other / Multi-sector / Legal & Lobbying
firm_400406915,TRILOGY ADVISORS LLC,194,194,129,Other / Multi-sector / Legal & Lobbying
firm_57772,THE WIGGLESWORTH COMPANY (TERESA N. WIGGLESWORTH),172,172,2216,Other / Multi-sector / Legal & Lobbying
firm_401104479,"WISE ADVICE, INC.",194,194,1081,Other / Multi-sector / Legal & Lobbying
firm_401104986,GRANITE PUBLIC AFFAIRS,194,194,2072,Other / Multi-sector / Legal & Lobbying
firm_401105177,ENERGY ADVANCE CENTER,194,194,2101,Other / Multi-sector / Legal & Lobbying
firm_401105271,MILLENNIAL GR & PUBLIC AFFAIRS PARTNERS,194,194,1042,Other / Multi-sector / Legal & Lobbying
firm_401105684,G7 REPUTATION ADVISORY LLC,77,77,1967,Other / Multi-sector / Legal & Lobbying
firm_401105691,"DUNCANCOUNTS, LLC",187,187,2044,Other / Multi-sector / Legal & Lobbying
firm_401106295,"HATTON PARTNERS, LLC",194,194,2129,Other / Multi-sector / Legal & Lobbying
firm_401106593,MR. RALPH JOHNSON,194,194,216,Other / Multi-sector / Legal & Lobbying
firm_401106713,MERIDIAN GOVERNMENT RELATIONS,172,172,2236,Other / Multi-sector / Legal & Lobbying
firm_401107996,"LEE SANDERS STRATEGY GROUP, LLC",212,212,671,Other / Multi-sector / Agriculture & Food
firm_401107576,ARCH STREET,77,77,631,Other / Multi-sector / Legal & Lobbying
firm_401106225,EAGLE6 CONSULTING,194,194,2345,Other / Multi-sector / Legal & Lobbying
firm_401108803,G SQUARED STRATEGIES LLC,194,194,281,Other / Multi-sector / Legal & Lobbying
firm_53538,SUSAN STOHR,131,131,993,Other / Multi-sector / Legal & Lobbying
client_00000,CHAMBER OF COMMERCE OF THE U.S.A.,250,250,112,Other / Multi-sector
client_00001,BUSINESS ROUNDTABLE INC,251,251,438,Other / Multi-sector
client_00002,"META PLATFORMS, INC. AND VARIOUS SUBSIDIARIES",252,252,438,Other / Multi-sector
client_00003,STATE OF LOC NATION GLOBAL PUBLIC BENEFIT CORPORATION,2,2,79,Other / Multi-sector
client_00004,OPEN SOCIETY ACTION FUND,50,50,62,Other / Multi-sector
client_00005,AMERICA'S HEALTH INSURANCE PLANS INC (AHIP),117,117,438,Other / Multi-sector / Healthcare & Pharma
client_00006,BAYER CORPORATION (CONSOLIDATED REPORT),253,253,111,Other / Multi-sector
client_00007,TOYOTA MOTOR NORTH AMERICA INC (TMA),224,224,79,Other / Multi-sector
client_00008,NATIONAL MULTIFAMILY HOUSING COUNCIL INC,0,0,111,Other / Multi-sector
client_00009,DOW CHEMICAL COMPANY DBA DOW,254,254,111,Other / Multi-sector
client_00010,"AMERICAN ELECTRIC POWER COMPANY, INC. AND AFFILIATED CORPORATIONS",255,255,0,Other / Multi-sector
client_00011,U S CHAMBER INSTITUTE FOR LEGAL REFORM,201,201,112,Other / Multi-sector / Education & Research
client_00012,"SHELL USA, INC. (FKA SHELL OIL COMPANY)",99,99,66,Legal & Lobbying / Energy & Environment
client_00013,NATIONAL SHOOTING SPORTS FOUNDATION,256,256,12,Other / Multi-sector / Government & Nonprofit
client_00014,"HEALTH CARE SERVICE CORPORATION, A MUTUAL LEGAL RESERVE COMPANY (HCSC)",239,239,62,Other / Multi-sector / Healthcare & Pharma
client_00015,"AIR TRANSPORT ASSOCIATION OF AMERICA, INC. (D/B/A AIRLINES FOR AMERICA)",149,149,438,Technology & Telecom / Other / Multi-sector
client_00016,PMI US CORPORATE SERVICES INC. (FKA PMI GLOBAL SERVICES INC.),8,8,79,Other / Multi-sector
client_00017,AFLAC INCORPORATED,24,24,62,Other / Multi-sector
client_00018,GENERAL ELECTRIC COMPANY (INCLUDING SUBSIDIARIES),257,257,66,Other / Multi-sector / Energy & Environment
client_00019,GSK (FKA GLAXOSMITHKLINE INC.),239,239,438,Other / Multi-sector / Healthcare & Pharma
client_00020,NATIONAL ASSOCIATION OF CHILDREN'S HOSPITALS (N.A.C.H.),183,183,438,Other / Multi-sector / Healthcare & Pharma
client_00021,PHILLIPS 66,184,184,66,Other / Multi-sector / Legal & Lobbying
client_00022,"DISTILLED SPIRITS COUNCIL OF THE U.S., INC.",152,152,66,Other / Multi-sector
client_00023,UNION PACIFIC CORPORATION,188,188,111,Other / Multi-sector / Education & Research
client_00024,CORTEVA AGRISCIENCE LLC (FKA E I DU PONT DE NEMOURS AND COMPANY),258,258,282,Other / Multi-sector
client_00025,"HORIZON THERAPEUTICS USA, INC. (FKA HORIZON PHARMA USA, INC.)",104,104,79,Other / Multi-sector / Healthcare & Pharma
client_00026,LYONDELL CHEMICAL COMPANY,18,18,112,Other / Multi-sector
client_00027,KAISER FOUNDATION HEALTH PLAN INC,183,183,1849,Other / Multi-sector / Healthcare & Pharma
client_00028,DISNEY WORLDWIDE SERVICES INC,87,87,112,Other / Multi-sector
client_00029,EXELON BUSINESS SERVICES LLC,259,259,79,Other / Multi-sector
client_00030,"ADVANCED MICRO DEVICES, INC.",175,175,79,Other / Multi-sector
client_00031,NATIONWIDE MUTUAL INSURANCE COMPANY,19,19,66,Other / Multi-sector
client_00032,CONSUMER BRANDS ASSOCIATION (PKA: GROCERY MANUFACTURERS ASSOCIATION),260,260,79,Agriculture & Food / Other / Multi-sector
client_00033,"H&R BLOCK MANAGEMENT, LLC, A SUBSIDIARY OF H&R BLOCK, INC.",4,4,1964,Other / Multi-sector
client_00034,HEWLETT PACKARD ENTERPRISE COMPANY & AFFILIATES,0,0,79,Other / Multi-sector
client_00035,ELECTRONIC PAYMENTS COALITION INC.,195,195,2390,Other / Multi-sector / Finance & Banking
client_00036,MILITARY OFFICERS ASSOCIATION OF AMERICA,261,261,79,Other / Multi-sector
client_00037,AFL-CIO,21,21,542,Other / Multi-sector / Education & Research
client_00038,ADVANCED MEDICAL TECHNOLOGY ASSN,183,183,2093,Other / Multi-sector / Healthcare & Pharma
client_00040,GOLDMAN SACHS GROUP INC,109,109,112,Other / Multi-sector
client_00041,"LUMEN TECHNOLOGIES, INC.",30,30,2197,Other / Multi-sector
client_00042,MOTION PICTURE ASSOCIATION INC,145,145,66,Other / Multi-sector / Education & Research
client_00043,SEMPRA,262,262,66,Other / Multi-sector
client_00044,"SALESFORCE, INC.",21,21,62,Other / Multi-sector / Education & Research
client_00045,ARCHER DANIELS MIDLAND COMPANY,6,6,111,Other / Multi-sector
client_00046,AMERICAN FED OF GOVERNMENT EMPLOYEES AFL-CIO,263,263,79,Other / Multi-sector / Government & Nonprofit
client_00047,GILA RIVER INDIAN COMMUNITY,50,50,438,Other / Multi-sector
client_00048,ASSOCIATED BUILDERS AND CONTRACTORS INC,21,21,438,Other / Multi-sector / Education & Research
client_00049,MARATHON PETROLEUM COMPANY LP,247,247,542,Energy & Environment / Other / Multi-sector
client_00050,AMERICAN TOWER CORPORATION,109,109,62,Other / Multi-sector
client_00051,WALGREEN COMPANY,94,94,62,Other / Multi-sector
client_00052,"THE TRAVELERS COS., INC. AND SUBSIDIARIES",221,221,1911,Other / Multi-sector
client_00053,AMERICAN CLINICAL LABORATORY ASSN,157,157,66,Other / Multi-sector / Education & Research
client_00054,INTERNATIONAL ASSOCIATION OF MACHINISTS AND AEROSPACE WORKERS,188,188,542,Other / Multi-sector / Education & Research
client_00055,AMERICAN CRYSTAL SUGAR COMPANY,80,80,112,Other / Multi-sector
client_00056,"HCA HEALTHCARE, INC.",100,100,62,Other / Multi-sector / Healthcare & Pharma
client_00057,MCKESSON CORPORATION & AFFILIATES U.S. ONCOLOGY AND RX SAVINGS SOLUTIONS,239,239,1248,Other / Multi-sector / Healthcare & Pharma
client_00058,PWC US GROUP LLP (FKA PRICEWATERHOUSECOOPERS),0,0,419,Other / Multi-sector
client_00059,HR POLICY ASSOCIATION,24,24,1625,Other / Multi-sector
client_00060,CHUBB INA HOLDINGS INC.,109,109,79,Other / Multi-sector
client_00061,U.S. BEET SUGAR ASSOCIATION,6,6,62,Other / Multi-sector
client_00062,SELECT MEDICAL HOLDINGS CORPORATION,62,62,1619,Healthcare & Pharma / Other / Multi-sector
client_00063,AMERICAN FEDERATION OF STATE COUNTY AND MUNICIPAL EMPLOYEES,259,259,1897,Other / Multi-sector
client_00064,HOME DEPOT,41,41,79,Other / Multi-sector
client_00065,CHENIERE ENERGY INC.,102,102,542,Other / Multi-sector / Energy & Environment
client_00066,AMERICAN INVESTMENT COUNCIL F/K/A PEGCC,109,109,690,Other / Multi-sector
client_00067,"UNILEVER UNITED STATES, INC.",229,229,62,Other / Multi-sector
client_00068,TRUIST FINANCIAL CORPORATION (FORMERLY KNOWN AS BB&T),264,264,1866,Other / Multi-sector
client_00069,UNIVERSAL MUSIC GROUP,30,30,1537,Other / Multi-sector
client_00070,"SB GROUP US, INC. DBA SOFTBANK GROUP US, INC.",102,102,62,Other / Multi-sector / Energy & Environment
client_00071,AMERICAN FARM BUREAU FED,228,228,542,Other / Multi-sector / Agriculture & Food
client_00073,GUN OWNERS OF AMERICA INC,256,256,1029,Other / Multi-sector / Government & Nonprofit
client_00074,VANGUARD GROUP,264,264,62,Other / Multi-sector
client_00075,AEROSPACE INDUSTRIES ASSOCIATION OF AMERICA INC,106,106,79,Other / Multi-sector
client_00076,UNITED STATES TELECOM ASSN,4,4,1432,Other / Multi-sector
client_00077,"ALLIANCE OF COMMUNITY HEALTH PLANS, INC.",62,62,1149,Healthcare & Pharma / Other / Multi-sector
client_00078,JETBLUE AIRWAYS CORPORATION,152,152,112,Other / Multi-sector
client_00079,ZURICH AMERICAN INSURANCE COMPANY (FKA ZURICH),164,164,285,Other / Multi-sector
client_00080,GROWTH ENERGY INC,18,18,111,Other / Multi-sector
client_00081,AZOA SERVICES CORP(ALLIANZ OF AMERICA) AND AFFILIATES,4,4,285,Other / Multi-sector
client_00082,"ADVOCATE AURORA HEALTH, INC.",239,239,413,Other / Multi-sector / Healthcare & Pharma
client_00083,FIRSTENERGY CORP,181,181,112,Other / Multi-sector / Energy & Environment
client_00084,GUARDIAN LIFE INSURANCE COMPANY OF AMERICA,117,117,62,Other / Multi-sector / Healthcare & Pharma
client_00085,REINSURANCE ASSN OF AMERICA,265,265,111,Other / Multi-sector
client_00086,UNITED LAUNCH ALLIANCE LLC,5,5,542,Other / Multi-sector
client_00087,HARTFORD INSURANCE GROUP (FKA HARTFORD FINANCIAL SERVICES GROUP),24,24,536,Other / Multi-sector
client_00088,"EDWARD D. JONES & CO., L.P.",4,4,62,Other / Multi-sector
client_00089,STATE FARM MUTUAL AUTOMOBILE INSURANCE COMPANY,233,233,66,Other / Multi-sector / Transportation & Auto
client_00090,AMERICAN COLLEGE OF CARDIOLOGY,62,62,438,Healthcare & Pharma / Other / Multi-sector
client_00091,DISCOVER FINANCIAL SERVICES,122,122,112,Other / Multi-sector
client_00092,PRIMERICA LIFE INSURANCE COMPANY,117,117,689,Other / Multi-sector / Healthcare & Pharma
client_00093,"INTERDIGITAL, INC.",109,109,79,Other / Multi-sector
client_00094,COGNIZANT TECHNOLOGY SOLUTIONS U.S. CORPORATION,266,266,62,Other / Multi-sector
client_00095,XCEL ENERGY INC,267,267,1029,Other / Multi-sector
client_00096,SOFTWARE & INFORMATION INDUSTRY ASSOCIATION,268,268,79,Technology & Telecom / Other / Multi-sector
client_00097,NATIONAL COMMUNITY PHARMACISTS ASSOCIATION,183,183,438,Other / Multi-sector / Healthcare & Pharma
client_00098,"RBC CAPITAL MARKETS, LLC",109,109,112,Other / Multi-sector
client_00099,AIRCRAFT OWNERS & PILOTS ASSOCIATION,149,149,438,Technology & Telecom / Other / Multi-sector
client_00100,CAMBIA HEALTH SOLUTIONS,117,117,109,Other / Multi-sector / Healthcare & Pharma
client_00101,"THE CAPITAL GROUP COMPANIES, INC. AND ITS AFFILIATES",109,109,62,Other / Multi-sector
client_00102,AMERICAN ASSOCIATION OF ORTHOPAEDIC SURGEONS,216,216,1255,Other / Multi-sector / Healthcare & Pharma
client_00103,ALCOA CORP,48,48,79,Other / Multi-sector
client_00104,HSBC TECHNOLOGY AND SERVICES USA INC.,109,109,1705,Other / Multi-sector
client_00105,"SMITH & NEPHEW, INC.",183,183,62,Other / Multi-sector / Healthcare & Pharma
client_00106,UNIVERSITY OF CALIFORNIA,145,145,79,Other / Multi-sector / Education & Research
client_00107,"ASSOCIATION OF NATIONAL ADVERTISERS, INC.",24,24,66,Other / Multi-sector
client_00108,TAIWAN SEMICONDUCTOR MANUFACTURING COMPANY (TSMC),208,208,918,Other / Multi-sector / Technology & Telecom
client_00109,STANLEY BLACK & DECKER,48,48,62,Other / Multi-sector
client_00110,CARRIER GLOBAL CORPORATION,48,48,1110,Other / Multi-sector
client_00111,ENBRIDGE (U.S.) INC,96,96,66,Other / Multi-sector / Energy & Environment
client_00112,CALIFORNIA STATE UNIVERSITY,20,20,2246,Other / Multi-sector / Education & Research
client_00113,S&P GLOBAL INC. (F/K/A MCGRAW HILL FINANCIAL INC.),247,247,347,Energy & Environment / Other / Multi-sector
client_00114,APOLLO GLOBAL MANAGEMENT,30,30,111,Other / Multi-sector
client_00115,VOLVO CAR CORPORATION,269,269,62,Other / Multi-sector
client_00116,DEERE & COMPANY,41,41,62,Other / Multi-sector
client_00117,ATHENE HOLDING,24,24,62,Other / Multi-sector
client_00118,HEALTHCARE DISTRIBUTION ALLIANCE (FORMERLY - HDMA),169,169,438,Other / Multi-sector / Healthcare & Pharma
client_00119,STATE STREET BANK AND TRUST COMPANY AND ITS AFFILIATES,109,109,112,Other / Multi-sector
client_00120,ASCENSION HEALTH ALLIANCE D/B/A ASCENSION,62,62,438,Healthcare & Pharma / Other / Multi-sector
client_00121,AMERICAN FEDERATION OF TEACHERS,235,235,112,Other / Multi-sector
client_00122,ELECTRONIC TRANSACTIONS ASSOCIATION,208,208,79,Other / Multi-sector / Technology & Telecom
client_00123,TE CONNECTIVITY CORPORATION,109,109,410,Other / Multi-sector
client_00124,"DUPONT DE NEMOURS, INC.",18,18,62,Other / Multi-sector
client_00125,COUNCIL OF FHLBANKS,111,111,1577,Other / Multi-sector / Finance & Banking
client_00126,MEDICAL GROUP MANAGEMENT ASSN,62,62,438,Healthcare & Pharma / Other / Multi-sector
client_00127,BASF CORPORATION,188,188,1802,Other / Multi-sector / Education & Research
client_00128,PERNOD RICARD,229,229,1436,Other / Multi-sector
client_00129,MERCEDES-BENZ USA (FKA DAIMLER/MERCEDES-BENZ USA,14,14,1059,Other / Multi-sector
client_00130,INT'L ASS'N OF SHEET METAL AIR RAIL & TRANSP WORKERS TRANSP DIV,41,41,204,Other / Multi-sector
client_00131,THE FERTILIZER INSTITUTE,270,270,111,Other / Multi-sector / Education & Research
client_00132,"JAZZ PHARMACEUTICALS, INC.",239,239,111,Other / Multi-sector / Healthcare & Pharma
client_00133,TECHNOLOGY NETWORK AKA TECHNET,21,21,79,Other / Multi-sector / Education & Research
client_00134,TAX REFORM COALITION,109,109,62,Other / Multi-sector
client_00135,U.S. BANCORP (FORMERLY FILED AS U.S. BANK),126,126,2229,Other / Multi-sector
client_00136,"SUNTORY GLOBAL SPIRITS, INC. (FORMERLY BEAM SUNTORY INC.)",203,203,225,Other / Multi-sector
client_00137,INDUSTRIAL ENERGY CONSUMERS OF AMERICA,48,48,112,Other / Multi-sector
client_00138,"SWISHER INTERNATIONAL, INC., F/K/A SI GROUP CLIENT SERVICES",41,41,62,Other / Multi-sector
client_00139,CASE NEW HOLLAND INDUSTRIAL INC,271,271,62,Other / Multi-sector
client_00140,ENCOMPASS HEALTH CORPORATION (FKA HEALTHSOUTH CORPORATION),62,62,823,Healthcare & Pharma / Other / Multi-sector
client_00141,LYFT,41,41,62,Other / Multi-sector
client_00142,LINCOLN NATIONAL CORPORATION,4,4,62,Other / Multi-sector
client_00143,SONY MUSIC ENTERTAINMENT (FORMERLY KNOWN AS SONY BMG MUSIC ENTERTAINMENT),182,182,1777,Other / Multi-sector / Legal & Lobbying
client_00144,INTERCONTINENTAL EXCHANGE GROUP INC (FORMERLY INTERCONTINENTAL EXCHANGE),195,195,2257,Other / Multi-sector / Finance & Banking
client_00145,AMERICAN PSYCHOLOGICAL ASSOCIATION SERVICES INC.(FKA AMERICAN PSYCHOLOGICAL ASSN,21,21,438,Other / Multi-sector / Education & Research
client_00146,EXELIXIS INC.,104,104,788,Other / Multi-sector / Healthcare & Pharma
client_00147,POLARIS INDUSTRIES,272,272,62,Other / Multi-sector
client_00148,TENCENT HOLDINGS LIMITED,273,273,376,Other / Multi-sector
client_00149,"TD BANK, NA",4,4,62,Other / Multi-sector
client_00151,VANTOR PARENT INC,20,20,438,Other / Multi-sector / Education & Research
client_00152,ECOLAB INC,18,18,926,Other / Multi-sector
client_00153,SYNCHRONY FINANCIAL,4,4,62,Other / Multi-sector
client_00154,AUTO CARE ASSOCIATION,109,109,79,Other / Multi-sector
client_00155,CSL BEHRING LLC,239,239,62,Other / Multi-sector / Healthcare & Pharma
client_00156,TRANSPORTATION TRADES DEPARTMENT AFL-CIO,43,43,542,Other / Multi-sector
client_00157,NATIONAL ASSOCIATION FOR GUN RIGHTS,256,256,1029,Other / Multi-sector / Government & Nonprofit
client_00158,W. R. BERKLEY CORPORATION,221,221,654,Other / Multi-sector
client_00159,UNITED STEEL PAPER & FORESTRY RUBBER MANUFACTURING ENERGY,259,259,1622,Other / Multi-sector
client_00160,THE INTERNET ASSOCIATION,54,54,112,Other / Multi-sector / Government & Nonprofit
client_00161,"CITIZENS FOR RESPONSIBLE ENERGY SOLUTIONS, INC.",115,115,1373,Other / Multi-sector
client_00162,"MATCH GROUP, INC.",121,121,26,Other / Multi-sector
client_00163,VISTRA CORPORATE SERVICES COMPANY (FKA VISTRA CORP.),102,102,2161,Other / Multi-sector / Energy & Environment
client_00165,"AKEBIA THERAPEUTICS, INC.",100,100,79,Other / Multi-sector / Healthcare & Pharma
client_00166,LPL FINANCIAL,30,30,62,Other / Multi-sector
client_00168,PARTNERSHIP FOR QUALITY HOME HEALTHCARE,62,62,62,Healthcare & Pharma / Other / Multi-sector
client_00169,OWNER-OPERATOR INDEPENDENT DRIVERS ASSOCIATION,274,274,188,Government & Nonprofit / Other / Multi-sector
client_00170,"WORKDAY, INC.",25,25,111,Other / Multi-sector
client_00171,"SIEMENS MEDICAL SOLUTIONS USA, INC",188,188,1056,Other / Multi-sector / Education & Research
client_00172,BIOMARIN PHARMACEUTICAL INC.,183,183,62,Other / Multi-sector / Healthcare & Pharma
client_00173,FOOD MARKETPLACE INC,212,212,79,Other / Multi-sector / Agriculture & Food
client_00174,WAYMO LLC,27,27,438,Other / Multi-sector
client_00175,CBS CORPORATION,155,155,119,Other / Multi-sector
client_00176,PITNEY BOWES INC.,109,109,66,Other / Multi-sector
client_00177,KRAFT HEINZ COMPANY,241,241,79,Other / Multi-sector
client_00178,"AMERICAN COLLEGE OF PHYSICIAN SERVICES, INC.",216,216,2201,Other / Multi-sector / Healthcare & Pharma
client_00179,TEXAS FARM BUREAU,270,270,731,Other / Multi-sector / Education & Research
client_00180,AMERICAN MARITIME PARTNERSHIP,151,151,66,Other / Multi-sector
client_00181,JOHN HANCOCK LIFE INSURANCE COMPANY (U.S.A),229,229,843,Other / Multi-sector
client_00182,"ARDELYX, INC.",62,62,62,Healthcare & Pharma / Other / Multi-sector
client_00183,COMMERCIAL REAL ESTATE FINANCE COUNCIL,4,4,62,Other / Multi-sector
client_00184,AIR LIQUIDE USA LLC,102,102,542,Other / Multi-sector / Energy & Environment
client_00186,"BETTER MEDICARE ALLIANCE, INC.",239,239,1660,Other / Multi-sector / Healthcare & Pharma
client_00187,PHARMACEUTICAL RESEARCH & MANUFACTURERS OF AMERICA INC,81,81,62,Other / Multi-sector / Healthcare & Pharma
client_00188,NAIOP,57,57,1427,Other / Multi-sector / Energy & Environment
client_00189,"1-800 CONTACTS, INC.",216,216,62,Other / Multi-sector / Healthcare & Pharma
client_00190,NATIONAL COTTON COUNCIL,80,80,285,Other / Multi-sector
client_00191,SPOTIFY USA INC.,208,208,62,Other / Multi-sector / Technology & Telecom
client_00192,AMERICAN PHYSICAL SOCIETY,190,190,79,Other / Multi-sector
client_00193,HUMANE WORLD ACTION FUND,67,67,1063,Other / Multi-sector
client_00194,AMERICANS FOR PROSPERITY,266,266,62,Other / Multi-sector
client_00195,SMITHS GROUP SERVICES CORPORATION,188,188,79,Other / Multi-sector / Education & Research
client_00196,CROWN CASTLE AND ITS AFFILIATES,269,269,79,Other / Multi-sector
client_00197,COVESTRO LLC,116,116,79,Other / Multi-sector
client_00198,ONE ACTION,276,276,542,Other / Multi-sector
client_00199,ARCELORMITTAL NORTH AMERICA HOLDINGS LLC,48,48,62,Other / Multi-sector
client_00200,APOTEX CORP.,239,239,91,Other / Multi-sector / Healthcare & Pharma
client_00201,ROLLS-ROYCE NORTH AMERICA AND ITS AFFILIATES,277,277,79,Other / Multi-sector
client_00202,AMERICAN COLLEGE OF OBSTETRICIANS AND GYNECOLOGISTS,145,145,438,Other / Multi-sector / Education & Research
client_00203,SAAB INC (FKA SAAB DEFENSE AND SECURITY USA LLC),278,278,1912,Technology & Telecom / Defense & Aerospace
client_00204,HIGHMARK INC,169,169,327,Other / Multi-sector / Healthcare & Pharma
client_00205,SUSAN B ANTHONY LIST,21,21,562,Other / Multi-sector / Education & Research
client_00206,GENERAL MILLS SERVICES INC. (FKA GENERAL MILLS),192,192,2365,Other / Multi-sector / Agriculture & Food
client_00207,AON CORPORATION,0,0,1085,Other / Multi-sector
client_00208,AMERICAN SOCIETY OF PENSION PROFESSIONALS & ACTUARIES,210,210,112,Other / Multi-sector
client_00209,"NATIONAL ELECTRICAL CONTRACTORS ASSOCIATION, INC.",188,188,112,Other / Multi-sector / Education & Research
client_00210,AMERICAN RESORT DEVELOPMENT ASSN,4,4,498,Other / Multi-sector
client_00211,SONY PICTURES ENTERTAINMENT INC.,109,109,2344,Other / Multi-sector
client_00212,NATIONAL ASSOCIATION OF BENEFITS AND INSURANCE PROFESSIONALS,169,169,438,Other / Multi-sector / Healthcare & Pharma
client_00213,NATIONAL TREASURY EMPLOYEES UNION,84,84,79,Other / Multi-sector
client_00214,IRON MOUNTAIN INCORPORATED,261,261,2173,Other / Multi-sector
client_00215,"SIERRA NEVADA COMPANY, LLC",134,134,633,Other / Multi-sector
client_00216,"AMERIPRISE FINANCIAL, INC.",24,24,2361,Other / Multi-sector
client_00217,"EQUINIX, INC.",152,152,62,Other / Multi-sector
client_00218,ST SHARED SERVICES LLC DBA KEENOVA THERAPEUTICS (FKA ST SHARED SERVICES LLC DBA,169,169,442,Other / Multi-sector / Healthcare & Pharma
client_00219,SENIOR CARE PHARMACY COALITION,62,62,62,Healthcare & Pharma / Other / Multi-sector
client_00220,AMERICAN ACADEMY OF PEDIATRICS,21,21,438,Other / Multi-sector / Education & Research
client_00221,ASSOCIATION OF HOME APPLIANCE MANUFACTURERS,78,78,66,Other / Multi-sector / Energy & Environment
client_00222,GAP INC.,6,6,62,Other / Multi-sector
client_00223,REWORLD WASTE LLC,279,279,438,Other / Multi-sector
client_00224,KROGER CO,228,228,79,Other / Multi-sector / Agriculture & Food
client_00225,GLOBAL ELECTRONICS ASSOCIATION (FKA IPC INTERNATIONAL),106,106,112,Other / Multi-sector
client_00226,KIA CORPORATION (FORMERLY KNOWN AS KIA MOTORS CORPORATION),45,45,62,Other / Multi-sector
client_00227,GRIFOLS SHARED SERVICES NORTH AMERICA INC,188,188,2031,Other / Multi-sector / Education & Research
client_00228,INTERNATIONAL FRESH PRODUCE ASSOCIATION (FKA UNITED FRESH PRODUCE ASSOCIATION),241,241,112,Other / Multi-sector
client_00229,DAIRY FARMERS OF AMERICA INC,165,165,626,Other / Multi-sector / Government & Nonprofit
client_00230,AMERICAN ACADEMY OF OTOLARYNGOLOGY-HEAD AND NECK SURGERY,183,183,438,Other / Multi-sector / Healthcare & Pharma
client_00231,INDEPENDENT INSURANCE AGENTS & BROKERS OF AMERICA,41,41,285,Other / Multi-sector
client_00232,BRIDGESTONE AMERICAS INC,229,229,1555,Other / Multi-sector
client_00233,COUNCIL FOR CITIZENS AGAINST GOVERNMENT WASTE,21,21,433,Other / Multi-sector / Education & Research
client_00234,BROTHERHOOD OF LOCOMOTIVE ENGINEERS AND TRAINMEN,237,237,542,Technology & Telecom / Legal & Lobbying
client_00235,COBANK ACB,203,203,285,Other / Multi-sector
client_00236,"ROBINHOOD MARKETS, INC.",195,195,62,Other / Multi-sector / Finance & Banking
client_00237,"CHS, INC",6,6,1416,Other / Multi-sector
client_00238,NATURAL RESOURCES DEFENSE COUNCIL,115,115,542,Other / Multi-sector
client_00239,NATIONAL ALLIANCE FOR CARE AT HOME (FORMERLY NATL ASSN FOR HOME CARE & HOSPICE),239,239,178,Other / Multi-sector / Healthcare & Pharma
client_00240,ASSOCIATED GENERAL CONTRACTORS OF AMERICA,24,24,542,Other / Multi-sector
client_00241,NATIONAL RIGHT TO WORK COMMITTEE,21,21,2089,Other / Multi-sector / Education & Research
client_00242,BUILDING AND CONSTRUCTION TRADES DEPT AFL-CIO,115,115,37,Other / Multi-sector
client_00243,SECURE IDENTITY LLC (D-B-A CLEAR),280,280,1113,Other / Multi-sector / Government & Nonprofit
client_00245,"FREEDOMWORKS, INC.",21,21,112,Other / Multi-sector / Education & Research
client_00246,ALLIED PILOTS ASSOCIATION,36,36,337,Other / Multi-sector
client_00247,"SUMITOMO PHARMA AMERICA, INC. (FORMERLY SUNOVION PHARMACEUTICALS INC.)",216,216,1861,Other / Multi-sector / Healthcare & Pharma
client_00248,ELANCO ANIMAL HEALTH INCORPORATED,6,6,186,Other / Multi-sector
client_00249,BLUE CROSS AND BLUE SHIELD OF FLORIDA INC,239,239,954,Other / Multi-sector / Healthcare & Pharma
client_00250,"PARTNERSHIP TO ADDRESS GLOBAL EMISSIONS, INC.",78,78,62,Other / Multi-sector / Energy & Environment
client_00251,"ZILLOW GROUP, INC.",30,30,62,Other / Multi-sector
client_00252,KELLANOVA,241,241,79,Other / Multi-sector
client_00253,"AMERICAN CABLE ASSOCIATION, INC. DBA ACACONNECTS",281,281,1008,Other / Multi-sector / Government & Nonprofit
client_00254,"TELEVISAUNIVISION, INC. (FKA UNIVISION COMMUNICATIONS INC.)",145,145,627,Other / Multi-sector / Education & Research
client_00255,ACADIA PHARMACEUTICALS,183,183,62,Other / Multi-sector / Healthcare & Pharma
client_00256,BLUECROSS BLUESHIELD OF TENNESSEE,169,169,2063,Other / Multi-sector / Healthcare & Pharma
client_00257,NIPPON STEEL CORPORATION,45,45,62,Other / Multi-sector
client_00258,NATIONAL FUEL GAS COMPANY,78,78,1825,Other / Multi-sector / Energy & Environment
client_00259,MAYO CLINIC,282,282,62,Other / Multi-sector / Healthcare & Pharma
client_00260,CERBERUS CAPITAL MANAGEMENT,195,195,2163,Other / Multi-sector / Finance & Banking
client_00261,AIR EVAC LIFETEAM,100,100,62,Other / Multi-sector / Healthcare & Pharma
client_00262,TENABLE INC,8,8,836,Other / Multi-sector
client_00263,"NATIONAL COUNCIL OF STATE BOARDS OF NURSING, INC.",216,216,1788,Other / Multi-sector / Healthcare & Pharma
client_00264,CAESARS ENTERPRISE SERVICES LLC,34,34,62,Other / Multi-sector
client_00265,ARKEMA INC. AND ITS AFFILIATES (FKA ARKEMA INC.),267,267,21,Other / Multi-sector
client_00266,JEWISH FEDERATIONS OF NORTH AMERICA,283,283,438,Other / Multi-sector
client_00267,CLEVELAND-CLIFFS INC,247,247,1716,Energy & Environment / Other / Multi-sector
client_00268,NATIONAL ASSOCIATION OF GOVERNMENT GUARANTEED LENDERS INC,67,67,956,Other / Multi-sector
client_00269,A16Z CAPITAL MANAGEMENT LLC (F/K/A AH CAPITAL MANAGEMENT L.L.C.),117,117,1674,Other / Multi-sector / Healthcare & Pharma
client_00270,ALLIANCE FOR BIOPHARMACEUTICAL COMPETITIVENESS AND INNOVATION,34,34,62,Other / Multi-sector
client_00271,YALE UNIVERSITY,145,145,62,Other / Multi-sector / Education & Research
client_00272,"TRACFONE WIRELESS, INC.",95,95,62,Other / Multi-sector
client_00273,BLOOD CANCER UNITED (FKA THE LEUKEMIA & LYMPHOMA SOCIETY),169,169,2293,Other / Multi-sector / Healthcare & Pharma
client_00274,AMERICAN MEDICAL REHABILITATION PROVIDERS ASSOCIATION,100,100,62,Other / Multi-sector / Healthcare & Pharma
client_00275,INCYTE CORPORATION,284,284,62,Other / Multi-sector
client_00276,BAYCARE HEALTH SYSTEM,239,239,62,Other / Multi-sector / Healthcare & Pharma
client_00277,GENESEE & WYOMING INC,285,285,111,Other / Multi-sector / Transportation & Auto
client_00278,INDEPENDENT PETROLEUM ASSOCIATION OF AMERICA,14,14,542,Other / Multi-sector
client_00279,LARGE PUBLIC POWER COUNCIL,23,23,62,Other / Multi-sector / Energy & Environment
client_00280,CREDIT SUISSE SECURITIES (USA),4,4,62,Other / Multi-sector
client_00281,PANASONIC CORPORATION OF NORTH AMERICA (PNA),18,18,79,Other / Multi-sector
client_00282,UNIDOSUS (FKA NATIONAL COUNCIL OF LA RAZA),183,183,112,Other / Multi-sector / Healthcare & Pharma
client_00283,PEABODY INVESTMENTS CORP,115,115,2038,Other / Multi-sector
client_00284,W.L. GORE & ASSOCIATES,279,279,62,Other / Multi-sector
client_00285,"AMERICANS FOR CARBON DIVIDENDS, INC",61,61,1795,Other / Multi-sector
client_00286,ADTALEM GLOBAL EDUCATION,21,21,62,Other / Multi-sector / Education & Research
client_00287,CF INDUSTRIES INC,6,6,1216,Other / Multi-sector
client_00288,"OMNITRAX, INC.",109,109,111,Other / Multi-sector
client_00289,BREAKTHROUGH T1D (FORMERLY KNOWN AS JDRF INTL.),41,41,637,Other / Multi-sector
client_00290,AGRICULTURAL RETAILERS ASSOCIATION,286,286,542,Technology & Telecom / Agriculture & Food
client_00291,AMERICAN APPAREL & FOOTWEAR ASSOCIATION,287,287,79,Other / Multi-sector / Government & Nonprofit
client_00292,"FEDERATED HERMES, INC.(FORMERLY KNOWN AS FEDERATED INVESTORS, INC.)",195,195,990,Other / Multi-sector / Finance & Banking
client_00293,ALBEMARLE CORPORATION,288,288,79,Other / Multi-sector / Energy & Environment
client_00294,COMMUNITY FOUNDATION AWARENESS INITIATIVE (INFORMAL COALITION),24,24,62,Other / Multi-sector
client_00295,"DANONE NORTH AMERICA, PBC",6,6,2295,Other / Multi-sector
client_00296,UNITED FOOD & COMMERCIAL WORKERS INTERNATIONAL UNION,212,212,2033,Other / Multi-sector / Agriculture & Food
client_00297,"JACOBS SOLUTIONS, INC.",255,255,79,Other / Multi-sector
client_00298,"SAREPTA THERAPEUTICS, INC.",169,169,62,Other / Multi-sector / Healthcare & Pharma
client_00299,NEMOURS FOUNDATION - A FLORIDA NOT-FOR-PROFIT CORPORATION,169,169,1544,Other / Multi-sector / Healthcare & Pharma
client_00300,BMO BANK N.A. (FKA BMO HARRIS BANK N.A.),4,4,2372,Other / Multi-sector
client_00301,SOUTHERN MINNESOTA BEET SUGAR COOP,6,6,364,Other / Multi-sector
client_00302,SHIELD AI,8,8,62,Other / Multi-sector
client_00303,CATHOLIC HEALTH ASSOCIATION OF THE UNITED STATES,289,289,438,Healthcare & Pharma / Energy & Environment
client_00304,ZTE CORPORATION (FORMERLY ZTE USA INC),45,45,62,Other / Multi-sector
client_00305,CARNIVAL CORPORATION (FKA CARNIVAL NORTH AMERICA LLC),290,290,209,Other / Multi-sector / Education & Research
client_00306,ZOETIS INC.,265,265,62,Other / Multi-sector
client_00307,WEC ENERGY GROUP,96,96,62,Other / Multi-sector / Energy & Environment
client_00308,"SPARK THERAPEUTICS, INC.",239,239,62,Other / Multi-sector / Healthcare & Pharma
client_00309,"FORIS DAX, INC & ITS AFFILIATED ENTITIES D/B/A CRYPTO.COM",30,30,797,Other / Multi-sector
client_00310,"L3 TECHNOLOGIES, INC.",291,291,1354,Other / Multi-sector / Government & Nonprofit
client_00311,"MEDLINE, FORMERLY REPORTED AS MEDLINE INDUSTRIES, LP",287,287,2,Other / Multi-sector / Government & Nonprofit
client_00312,"THE AMERICAN OCCUPATIONAL THERAPY ASSOCIATION, INC. (AOTA)",216,216,1173,Other / Multi-sector / Healthcare & Pharma
client_00313,GUARDANT HEALTH,239,239,438,Other / Multi-sector / Healthcare & Pharma
client_00314,BOOKING HOLDINGS INC.,269,269,62,Other / Multi-sector
client_00315,CITIZENS FINANCIAL GROUP INC,4,4,62,Other / Multi-sector
client_00316,BLUE CROSS BLUE SHIELD OF MICHIGAN,239,239,617,Other / Multi-sector / Healthcare & Pharma
client_00317,AMRIZE NORTH AMERICA INC.,48,48,79,Other / Multi-sector
client_00318,"DROPBOX, INC.",208,208,62,Other / Multi-sector / Technology & Telecom
client_00319,EARTHJUSTICE,33,33,62,Other / Multi-sector / Government & Nonprofit
client_00320,MOTOR & EQUIPMENT MANUFACTURERS ASSOCIATION,48,48,79,Other / Multi-sector
client_00321,UNIVERSITY OF PITTSBURGH,0,0,79,Other / Multi-sector
client_00322,NORTHWESTERN UNIV,145,145,342,Other / Multi-sector / Education & Research
client_00323,NATIONAL ASSN FOR BEHAVIORAL HEALTHCARE,168,168,878,Other / Multi-sector / Healthcare & Pharma
client_00324,MACANDREWS SOUTH CORPORATION,188,188,66,Other / Multi-sector / Education & Research
client_00325,THE UNIVERSITY OF FLORIDA BOARD OF TRUSTEES,220,220,79,Other / Multi-sector
client_00326,"BUNGE NORTH AMERICA, INC",292,292,176,Other / Multi-sector / Agriculture & Food
client_00327,UNITED ASSN OF JOURNEYMEN & APPRENTICES OF THE PLUMBING & PIPEFITTING INDUSTRY,188,188,79,Other / Multi-sector / Education & Research
client_00328,THE AMERICAN WATERWAYS OPERATORS,181,181,1707,Other / Multi-sector / Energy & Environment
client_00329,SPLC ACTION FUND,263,263,790,Other / Multi-sector / Government & Nonprofit
client_00330,HERSHEY COMPANY,6,6,245,Other / Multi-sector
client_00331,UNIVERSITY OF COLORADO,21,21,79,Other / Multi-sector / Education & Research
client_00332,KLA CORPORATION,109,109,112,Other / Multi-sector
client_00333,PARKER MEGGITT,5,5,2263,Other / Multi-sector
client_00334,NEW CALIFORNIA REPUBLIC CO.,99,99,1494,Legal & Lobbying / Energy & Environment
client_00335,U.S. GLOBAL LEADERSHIP CAMPAIGN,67,67,62,Other / Multi-sector
client_00336,COMPETITIVE CARRIERS ASSOCIATION,4,4,62,Other / Multi-sector
client_00337,NEW YORK AND PRESBYTERIAN HOSPITAL,169,169,702,Other / Multi-sector / Healthcare & Pharma
client_00338,ARES CAPITAL CORPORATION,195,195,62,Other / Multi-sector / Finance & Banking
client_00339,AMERICAN SOYBEAN ASSOCIATION,116,116,285,Other / Multi-sector
client_00340,TRI-STATE GENERATION AND TRANSMISSION ASSOCIATION INC,120,120,122,Other / Multi-sector / Energy & Environment
client_00341,RECORDING ACADEMY,21,21,112,Other / Multi-sector / Education & Research
client_00342,ATRIUM HEALTH - FORMERLY KNOWN AS CAROLINAS HEALTHCARE SYSTEM,183,183,40,Other / Multi-sector / Healthcare & Pharma
client_00343,J STREET,294,294,438,Other / Multi-sector
client_00344,CENTRUS ENERGY CORP,158,158,63,Other / Multi-sector / Energy & Environment
client_00345,BAUSCH HEALTH COMPANIES,216,216,1893,Other / Multi-sector / Healthcare & Pharma
client_00346,"CONTINENTAL AUTOMOTIVE SYSTEMS, INC.",48,48,1969,Other / Multi-sector
client_00347,HEALTHCARE ASSOCIATION OF NYS,168,168,1064,Other / Multi-sector / Healthcare & Pharma
client_00348,"ITG BRANDS, LLC (FORMERLY FONTEM US, INC.)",109,109,426,Other / Multi-sector
client_00349,HORMEL FOODS CORPORATION,265,265,62,Other / Multi-sector
client_00350,OCHSNER CLINIC FOUNDATION,169,169,62,Other / Multi-sector / Healthcare & Pharma
client_00351,GOTION INC.,102,102,312,Other / Multi-sector / Energy & Environment
client_00352,"HAWAIIAN AIRLINES, INC.",149,149,1521,Technology & Telecom / Other / Multi-sector
client_00353,GOVERNMENT OF U.S. VIRGIN ISLANDS,0,0,62,Other / Multi-sector
client_00354,HARVARD UNIVERSITY--PRESIDENT AND FELLOWS OF HARVARD COLLEGE,188,188,1962,Other / Multi-sector / Education & Research
client_00355,HUMAN RIGHTS FIRST,8,8,526,Other / Multi-sector
client_00356,LAKEVIEW CAPITAL HOLDINGS INC ON BEHALF OF MR JAY ALIX,8,8,1695,Other / Multi-sector
client_00357,AMERICAN LEGION,8,8,79,Other / Multi-sector
client_00358,VETERANS GUARDIAN VA CLAIM CONSULTING LLC,295,295,62,Other / Multi-sector / Technology & Telecom
client_00359,"EXPANSION FUNDING PARTNERS, LLC",195,195,224,Other / Multi-sector / Finance & Banking
client_00360,NATIONAL PUBLIC FINANCE GUARANTEE CORPORATION,79,79,0,Other / Multi-sector
client_00361,NORTHERN CALIFORNIA POWER AGENCY,102,102,112,Other / Multi-sector / Energy & Environment
client_00362,FISERV (FKA FIRST DATA CORPORATION),296,296,574,Technology & Telecom / Transportation & Auto
client_00363,INTELSAT US LLC,134,134,57,Other / Multi-sector
client_00364,U.S. FUND FOR UNICEF,283,283,51,Other / Multi-sector
client_00365,"RAFAEL USA, INC.",134,134,62,Other / Multi-sector
client_00366,OUTDOOR ADVERTISING ASSOCIATION OF AMERICA INC,36,36,2001,Other / Multi-sector
client_00367,LIFEPOINT HEALTH,62,62,62,Healthcare & Pharma / Other / Multi-sector
client_00368,DUKE UNIVERSITY,21,21,62,Other / Multi-sector / Education & Research
client_00369,LIBERTY MARITIME CORPORATION,151,151,66,Other / Multi-sector
client_00370,"PUBLIX SUPER MARKETS, INC.",109,109,91,Other / Multi-sector
client_00371,KYNDRYL INC,102,102,62,Other / Multi-sector / Energy & Environment
client_00372,INFECTIOUS DISEASES SOCIETY OF AMERICA,169,169,438,Other / Multi-sector / Healthcare & Pharma
client_00373,DISABLED AMERICAN VETERANS,295,295,79,Other / Multi-sector / Technology & Telecom
client_00374,REPUBLIC OF INDIA,198,198,62,Other / Multi-sector
client_00375,"MAERSK AGENCY U.S.A., INC.",36,36,1818,Other / Multi-sector
client_00376,NATIONAL STONE SAND AND GRAVEL ASSOCIATION,18,18,542,Other / Multi-sector
client_00377,NATIONAL HOSPICE AND PALLIATIVE CARE ORGANIZATION,239,239,1015,Other / Multi-sector / Healthcare & Pharma
client_00378,"ZIMMER BIOMET, INC.",106,106,1090,Other / Multi-sector
client_00379,CORNELL UNIVERSITY,18,18,79,Other / Multi-sector
client_00380,HAWKEYE 360 INC.,8,8,62,Other / Multi-sector
client_00381,NISSAN NORTH AMERICA,109,109,62,Other / Multi-sector
client_00382,"PAYWARD INTERACTIVE, INC. D/B/A KRAKEN",4,4,1579,Other / Multi-sector
client_00383,ARCONIC CORPORATION,102,102,62,Other / Multi-sector / Energy & Environment
client_00384,MARINE ENGINEERS' BENEFICIAL ASSOCIATION,243,243,66,Other / Multi-sector / Agriculture & Food
client_00385,THE CHILDREN'S HOSPITAL OF PHILADELPHIA,220,220,62,Other / Multi-sector
client_00386,ILLINOIS HEALTH & HOSPITAL ASSOCIATION (FORMERLY ILLINOIS HOSPITAL ASSOCIATION),282,282,1556,Other / Multi-sector / Healthcare & Pharma
client_00387,MAPLEBEAR INC. D/B/A INSTACART,25,25,62,Other / Multi-sector
client_00388,TECHNOLOGY CEO COUNCIL,109,109,62,Other / Multi-sector
client_00389,EMERSON,102,102,1798,Other / Multi-sector / Energy & Environment
client_00390,SYENSQO USA LLC,297,297,79,Other / Multi-sector / Technology & Telecom
client_00391,"REINSURANCE GROUP OF AMERICA, INCORPORATED",109,109,302,Other / Multi-sector
client_00393,SAGE THERAPEUTICS,239,239,1321,Other / Multi-sector / Healthcare & Pharma
client_00394,ADVOCATES FOR HIGHWAY AND AUTO SAFETY,27,27,534,Other / Multi-sector
client_00395,ASSOCIATION FOR CLINICAL ONCOLOGY,100,100,62,Other / Multi-sector / Healthcare & Pharma
client_00396,PLASMA PROTEIN THERAPEUTICS ASSOCIATION,117,117,62,Other / Multi-sector / Healthcare & Pharma
client_00397,OATH INC AND VARIOUS SUBSIDIARIES,50,50,438,Other / Multi-sector
client_00398,UNITED NEGRO COLLEGE FUND INC,37,37,79,Other / Multi-sector / Education & Research
client_00399,"PEDIATRIX MEDICAL GROUP, INC.",216,216,62,Other / Multi-sector / Healthcare & Pharma
client_00400,WACKER POLYSILICON NORTH AMERICA LLC,45,45,62,Other / Multi-sector
client_00401,ASSOCIATION OF PUBLIC AND LAND-GRANT UNIVERSITIES (APLU) FORMERLY NASULGC,21,21,79,Other / Multi-sector / Education & Research
client_00402,TRUSTEES OF THE UNIVERSITY OF PENNSYLVANIA,188,188,1844,Other / Multi-sector / Education & Research
client_00403,FIRST QUANTUM MINERALS LTD.,17,17,62,Other / Multi-sector
client_00404,COALITION FOR A PROSPEROUS AMERICA,41,41,79,Other / Multi-sector
client_00405,NATIONAL COLLEGIATE ATHLETIC ASSOCIATION,54,54,62,Other / Multi-sector / Government & Nonprofit
client_00406,TELEDYNE FLIR LLC,72,72,492,Other / Multi-sector
client_00407,"TECO HOLDINGS INC., FORMERLY KNOWN AS ENERGY, INC.",48,48,279,Other / Multi-sector
client_00408,WARNERMEDIA GROUP (FORMERLY KNOWN AS TIME WARNER),87,87,112,Other / Multi-sector
client_00409,INTERNATIONAL UNION OF OPERATING ENGINEERS,18,18,748,Other / Multi-sector
client_00410,"BREAKTHROUGH ENERGY, LLC",6,6,62,Other / Multi-sector
client_00411,EMBASSY OF THE KINGDOM OF BAHRAIN TO THE UNITED STATES,198,198,62,Other / Multi-sector
client_00412,TATA AMERICA INTERNATIONAL CORPORATION,224,224,1545,Other / Multi-sector
client_00413,ENERGY FORWARD,78,78,62,Other / Multi-sector / Energy & Environment
client_00414,"CHRYSALIS HOLDINGS, INC. (D.B.A. NEWDAY)",59,59,111,Other / Multi-sector / Real Estate & Construction
client_00415,SHIPBUILDERS COUNCIL OF AMERICA,5,5,66,Other / Multi-sector
client_00416,AMERICAN SUGARBEET GROWERS ASSOCIATION,6,6,285,Other / Multi-sector
client_00417,THE IMMIGRATION HUB LLC,8,8,1638,Other / Multi-sector
client_00418,"WORLD WILDLIFE FUND, INC.",178,178,542,Other / Multi-sector
client_00419,PACCAR INC,48,48,79,Other / Multi-sector
client_00420,HOUSING POLICY COUNCIL,155,155,111,Other / Multi-sector
client_00421,DOCTORS HOSPITAL AT RENAISSANCE,100,100,62,Other / Multi-sector / Healthcare & Pharma
client_00422,THE SOCIETY OF THORACIC SURGEONS,183,183,793,Other / Multi-sector / Healthcare & Pharma
client_00423,NATIONAL WATER RESOURCES ASSOCIATION,115,115,542,Other / Multi-sector
client_00424,UBS AMERICAS INC,24,24,569,Other / Multi-sector
client_00425,ALLIANCE FOR CONNECTED CARE,62,62,392,Healthcare & Pharma / Other / Multi-sector
client_00426,IDACORP INC,78,78,453,Other / Multi-sector / Energy & Environment
client_00427,CITY AND COUNTY OF SAN FRANCISCO,298,298,62,Other / Multi-sector
client_00428,KEURIG DR PEPPER INC.,241,241,2121,Other / Multi-sector
client_00429,TENET HEALTHCARE,216,216,62,Other / Multi-sector / Healthcare & Pharma
client_00430,GIFFORDS,8,8,1029,Other / Multi-sector
client_00431,"GREENWICH BIOSCIENCES, INC.",167,167,62,Other / Multi-sector
client_00432,DIGITAL MEDIA ASSN,95,95,698,Other / Multi-sector
client_00433,LEAGUE OF CONSERVATION VOTERS,116,116,62,Other / Multi-sector
client_00434,"SIDECAR HEALTH, INC",104,104,62,Other / Multi-sector / Healthcare & Pharma
client_00435,SELECT MEDICAL CORPORATION,168,168,62,Other / Multi-sector / Healthcare & Pharma
client_00436,"SOUTHERN POVERTY LAW CENTER, INC.",263,263,86,Other / Multi-sector / Government & Nonprofit
client_00437,ECONOMIC INNOVATION GROUP,34,34,62,Other / Multi-sector
client_00438,THE COOK GROUP INC.,41,41,62,Other / Multi-sector
client_00439,FRESENIUS KABI USA LLC,183,183,62,Other / Multi-sector / Healthcare & Pharma
client_00440,FLEET RESERVE ASSOCIATION,134,134,4,Other / Multi-sector
client_00441,FUTURE STANDARD,4,4,196,Other / Multi-sector
client_00442,PENNSYLVANIA STATE UNIVERSITY,0,0,1712,Other / Multi-sector
client_00443,ASME,268,268,365,Technology & Telecom / Other / Multi-sector
client_00444,CONNECTED COMMERCE COUNCIL,299,299,224,Other / Multi-sector / Government & Nonprofit
client_00445,THE PNC FINANCIAL SERVICES GROUP,195,195,62,Other / Multi-sector / Finance & Banking
client_00446,"AMERIHEALTH CARITAS SERVICES, LLC",62,62,2032,Healthcare & Pharma / Other / Multi-sector
client_00447,CHANGENT (FKA NURSE-FAMILY PARTNERSHIP COLORADO),49,49,438,Other / Multi-sector / Healthcare & Pharma
client_00448,BORGWARNER INC.,224,224,62,Other / Multi-sector
client_00449,BURFORD CAPITAL LLC,30,30,62,Other / Multi-sector
client_00450,WESTERN CONFERENCE OF TEAMSTERS PENSION TRUST,210,210,112,Other / Multi-sector
client_00451,CHIPOTLE MEXICAN GRILL INC,229,229,1728,Other / Multi-sector
client_00452,SANTA CLARA VALLEY WATER DISTRICT,33,33,112,Other / Multi-sector / Government & Nonprofit
client_00453,AMERICAN THORACIC SOCIETY,216,216,835,Other / Multi-sector / Healthcare & Pharma
client_00454,AMERICAN SOCIETY OF MECHANICAL ENGINEERS,163,163,62,Other / Multi-sector
client_00455,NORTH CAROLINA FARM BUREAU FEDERATION,21,21,2370,Other / Multi-sector / Education & Research
client_00456,COALITION FOR AUTO REPAIR EQUALITY,300,300,2376,Transportation & Auto / Other / Multi-sector
client_00457,NATIONAL ASSN OF INDEPENDENT COLLEGES & UNIVERSITIES,37,37,1771,Other / Multi-sector / Education & Research
client_00458,"AMERICAN PRESIDENT LINES, LLC",272,272,66,Other / Multi-sector
client_00459,PROVIDENCE ST. JOSEPH HEALTH,183,183,62,Other / Multi-sector / Healthcare & Pharma
client_00460,"ACCENDRA HEALTH, INC. (FORMERLY ""OWENS & MINOR, INC."")",183,183,603,Other / Multi-sector / Healthcare & Pharma
client_00461,HERITAGE ACTION FOR AMERICA,266,266,454,Other / Multi-sector
client_00462,"TENCENT AMERICA, LLC",45,45,62,Other / Multi-sector
client_00463,FINANCIAL INDUSTRY REGULATORY AUTHORITY,195,195,111,Other / Multi-sector / Finance & Banking
client_00464,MATERION BRUSH INC.,106,106,79,Other / Multi-sector
client_00465,"REPSOL, S.A.",78,78,1491,Other / Multi-sector / Energy & Environment
client_00466,MUNICIPAL CASTINGS ASSOCIATION FORMERLY MUNICIPAL CASTINGS FAIR TRADE COUNCIL,301,301,62,Technology & Telecom / Legal & Lobbying
client_00467,MEMORIAL SLOAN-KETTERING CANCER CENTER,216,216,62,Other / Multi-sector / Healthcare & Pharma
client_00468,BACARDI NORTH AMERICA (FORMERLY BACARDI USA INC),229,229,62,Other / Multi-sector
client_00470,MARATHON OIL CORPORATION,247,247,62,Energy & Environment / Other / Multi-sector
client_00471,NIPPON KEIZAI DANTAI RENGOKAI (JAPAN BUSINESS FEDERATION),25,25,2271,Other / Multi-sector
client_00472,PROTECTIVE LIFE CORPORATION,24,24,62,Other / Multi-sector
client_00473,GLENMARK PHARMACEUTICALS USA,62,62,1127,Healthcare & Pharma / Other / Multi-sector
client_00474,"HABITAT FOR HUMANITY INTERNATIONAL, INC.",59,59,79,Other / Multi-sector / Real Estate & Construction
client_00475,ARGENTEM CREEK PARTNERS LP,102,102,62,Other / Multi-sector / Energy & Environment
client_00476,FINANCIAL OVERSIGHT & MANAGEMENT BOARD OF PUERTO RICO,216,216,62,Other / Multi-sector / Healthcare & Pharma
client_00477,PHYSICIAN ASSISTANT EDUCATION ASSOCIATION,183,183,1119,Other / Multi-sector / Healthcare & Pharma
client_00478,"NEXSTAR MEDIA GROUP, INC. AND ITS AFFILIATES F/K/A NEXSTAR MEDIA GROUP INC.",4,4,2048,Other / Multi-sector
client_00479,BOYS & GIRLS CLUBS OF AMERICA,21,21,438,Other / Multi-sector / Education & Research
client_00480,ENERGY TRANSFER PARTNERS,236,236,62,Other / Multi-sector / Energy & Environment
client_00481,"TELLURIAN, INC.",78,78,62,Other / Multi-sector / Energy & Environment
client_00482,UNIVERSITY OF ILLINOIS,145,145,62,Other / Multi-sector / Education & Research
client_00483,"RENEWABLE ENERGY AGGREGATORS, INC.",78,78,91,Other / Multi-sector / Energy & Environment
client_00484,AMERICANS UNITED FOR SEPARATION OF CHURCH AND STATE,104,104,821,Other / Multi-sector / Healthcare & Pharma
client_00485,RPLCC,114,114,1944,Other / Multi-sector
client_00486,UNIVERSITY OF ALASKA,18,18,79,Other / Multi-sector
client_00487,COALITION OF EPSCOR STATES,302,302,62,Energy & Environment / Education & Research
client_00488,HAMPTON ROADS MILITARY AND FEDERAL FACILITIES ALLIANCE,5,5,988,Other / Multi-sector
client_00489,CHURCH ALLIANCE,104,104,62,Other / Multi-sector / Healthcare & Pharma
client_00490,NATIONAL TELECOMMUNICATIONS COOPERATIVE ASSOCIATION,303,303,595,Other / Multi-sector / Technology & Telecom
client_00491,SOO LINE RAILROAD COMPANY,304,304,542,Other / Multi-sector / Technology & Telecom
client_00492,CHILDREN'S HEALTHCARE OF ATLANTA,49,49,62,Other / Multi-sector / Healthcare & Pharma
client_00493,F HOFFMANN-LA ROCHE LTD AND ITS AFFILIATES,169,169,1083,Other / Multi-sector / Healthcare & Pharma
client_00494,SONY PICTURES ENTERTAINMENT,30,30,62,Other / Multi-sector
client_00495,"QVC GROUP, INC.",269,269,1347,Other / Multi-sector
client_00496,TRANE TECHNOLOGIES COMPANY LLC (FKA INGERSOLL RAND TRANE AMERICAN STANDARD),48,48,908,Other / Multi-sector
client_00497,EVERSOURCE ENERGY SERVICE COMPANY,181,181,1518,Other / Multi-sector / Energy & Environment
client_00498,"HAIER US APPLIANCE SOLUTION, INC. DBA GE APPLIANCES",102,102,864,Other / Multi-sector / Energy & Environment
client_00499,ZAMZAM CONSULTING LLC ON BEHALF OF GEORGE NADAR,127,127,438,Other / Multi-sector / Legal & Lobbying
client_00500,FGA ACTION (FORMERLY KNOWN AS OPPORTUNITY SOLUTIONS PROJECT),183,183,2086,Other / Multi-sector / Healthcare & Pharma
client_00501,"NPR, INC.",24,24,1670,Other / Multi-sector
client_00502,SYLVAMO NORTH AMERICA LLC,116,116,66,Other / Multi-sector
client_00503,THE CONSERVATION FUND,67,67,79,Other / Multi-sector
client_00504,ORGANOGENESIS INC.,35,35,62,Other / Multi-sector / Healthcare & Pharma
client_00505,CLEAN ENERGY GROUP STRATEGY/MJB&A COALITIONS,61,61,1752,Other / Multi-sector
client_00506,U.S. TIRE MANUFACTURERS ASSOCIATION,287,287,62,Other / Multi-sector / Government & Nonprofit
client_00507,ACA CONNECTS - AMERICA'S COMMUNICATION ASSOCIATION,67,67,62,Other / Multi-sector
client_00508,CAREER EDUCATION COLLEGES & UNIVERSITIES (FKA ASS'N OF PRIVATE SECTOR COLLEGES A,306,306,944,Education & Research / Other / Multi-sector
client_00509,WASHINGTON GAS LIGHT COMPANY,96,96,873,Other / Multi-sector / Energy & Environment
client_00510,VITAS HEALTHCARE CORPORATION,239,239,62,Other / Multi-sector / Healthcare & Pharma
client_00511,"STRIPE, INC.",14,14,62,Other / Multi-sector
client_00512,"EPIC GAMES, INC.",25,25,62,Other / Multi-sector
client_00513,RELIANCE INDUSTRIES LIMITED,48,48,581,Other / Multi-sector
client_00514,"LANTHEUS HOLDINGS, INC.",100,100,1942,Other / Multi-sector / Healthcare & Pharma
client_00515,"ASSOCIATION OF FOOD AND DAIRY RETAILERS, WHOLESALERS AND MANUFACTURERS",25,25,62,Other / Multi-sector
client_00516,HILL-ROM HOLDINGS,183,183,62,Other / Multi-sector / Healthcare & Pharma
client_00517,TRELLIX (FORMERLY MUSARUBA US LLC),8,8,438,Other / Multi-sector
client_00518,HCA,183,183,62,Other / Multi-sector / Healthcare & Pharma
client_00519,PRINCETON UNIVERSITY,8,8,2066,Other / Multi-sector
client_00520,ARTBA,91,91,438,Other / Multi-sector
client_00521,GREEN PLAINS,18,18,1949,Other / Multi-sector
client_00522,"TWENTY-FIRST CENTURY FOX, INC.",269,269,79,Other / Multi-sector
client_00523,NATIONAL RURAL LETTER CARRIERS' ASSOCIATION,84,84,618,Other / Multi-sector
client_00524,ALLIED UNIVERSAL (F/K/A ALLIED BARTON SECURITY SERVICES),27,27,62,Other / Multi-sector
client_00525,KEIDANREN,224,224,62,Other / Multi-sector
client_00526,U.S SUGAR CORPORATION,229,229,62,Other / Multi-sector
client_00527,POINT32HEALTH INC.,216,216,892,Other / Multi-sector / Healthcare & Pharma
client_00528,APOLLO INVESTMENT MANAGEMENT LP,24,24,62,Other / Multi-sector
client_00529,RAI SERVICES COMPANY (FKA- RAISC),50,50,91,Other / Multi-sector
client_00530,INTERNATIONAL LONGSHOREMEN'S ASSOCIATION,25,25,2243,Other / Multi-sector
client_00531,ORANO USA LLC (FORMERLY KNOWN AS AREVA NUCLEAR MATERIALS LLC),227,227,438,Other / Multi-sector / Energy & Environment
client_00532,CENTER FOR REPRODUCTIVE RIGHTS,50,50,811,Other / Multi-sector
client_00533,WILLIAMS COMPANIES,34,34,62,Other / Multi-sector
client_00534,AMERICAN MEDICAL GROUP ASSOCIATION,216,216,695,Other / Multi-sector / Healthcare & Pharma
client_00535,"ELECTRONIC PAYMENTS COALITION (""EPC"")",111,111,1785,Other / Multi-sector / Finance & Banking
client_00536,"SCALE AI, INC.",72,72,438,Other / Multi-sector
client_00537,"FRANKLIN RESOURCES, INC. (FRANKLIN TEMPLETON) AND AFFILIATES",4,4,20,Other / Multi-sector
client_00538,TNC (US) HOLDINGS INC,308,308,111,Other / Multi-sector / Technology & Telecom
client_00539,INTERNATIONAL BROTHERHOOD OF ELECTRICAL WORKERS,106,106,635,Other / Multi-sector
client_00540,"TRANSPORT WORKERS UNION OF AMERICA, AFL-CIO",184,184,542,Other / Multi-sector / Legal & Lobbying
client_00541,UNIVERSITY OF KENTUCKY,309,309,62,Education & Research / Transportation & Auto
client_00542,IROQUOIS HEALTHCARE ALLIANCE,62,62,1298,Healthcare & Pharma / Other / Multi-sector
client_00543,"CERBERUS CAPITAL MANAGEMENT, L.P.",241,241,438,Other / Multi-sector
client_00544,ANADARKO PETROLEUM CORPORATION,247,247,62,Energy & Environment / Other / Multi-sector
client_00545,INTL. ASSN. OF AMUSEMENT PKS. & ATTRS.,15,15,25,Other / Multi-sector
client_00546,NATIONAL AFFORDABLE HOUSING MANAGEMENT ASSOCIATION (NAHMA),41,41,111,Other / Multi-sector
client_00547,"ID.ME, LLC",21,21,62,Other / Multi-sector / Education & Research
client_00548,REFORM GOVERNMENT SURVEILLANCE,8,8,438,Other / Multi-sector
client_00550,OPTIONS CLEARING CORPORATION (OCC),41,41,62,Other / Multi-sector
client_00551,ENVISION HEALTHCARE,169,169,62,Other / Multi-sector / Healthcare & Pharma
client_00552,MEAT INSTITUTE (FKA NORTH AMERICAN MEAT INSTITUTE),243,243,904,Other / Multi-sector / Agriculture & Food
client_00553,COREWELL HEALTH,94,94,1070,Other / Multi-sector
client_00554,TRANSPORTATION COMMUNICATIONS NATIONAL UNION/IAM (FKA TRANSPORTATION COMMUNICATI,27,27,542,Other / Multi-sector
client_00555,CITIZENS COMMITTEE FOR THE RIGHT TO KEEP AND BEAR ARMS,256,256,1150,Other / Multi-sector / Government & Nonprofit
client_00556,AMERICAN FIDELITY CORPORATION,4,4,62,Other / Multi-sector
client_00557,AMERICAN COLLEGE OF PHYSICIANS,216,216,62,Other / Multi-sector / Healthcare & Pharma
client_00558,THE MOUNT SINAI HOSPITAL,169,169,567,Other / Multi-sector / Healthcare & Pharma
client_00559,YAHOO INC. AND VAR. SUBS/AFFILIATES,24,24,438,Other / Multi-sector
client_00560,LIBERTY MUTUAL INSURANCE COMPANY,19,19,62,Other / Multi-sector
client_00561,MAGNA SERVICES OF AMERICA INC.,224,224,1899,Other / Multi-sector
client_00562,NATIONAL CORN GROWERS ASSN,6,6,111,Other / Multi-sector
client_00563,ERISA INDUSTRY COMMITTEE,104,104,79,Other / Multi-sector / Healthcare & Pharma
client_00564,THE UNIVERSITY OF NORTH CAROLINA SYSTEM,310,310,79,Education & Research / Other / Multi-sector
client_00565,PROFESSIONAL AVIATION SAFETY SPECIALISTS,176,176,961,Other / Multi-sector
client_00566,AFFORDABLE HOUSING DEVELOPERS COUNCIL,233,233,62,Other / Multi-sector / Transportation & Auto
client_00567,PPL CORPORATION,267,267,997,Other / Multi-sector
client_00568,ROCKET LP FKA RKT HOLDINGS,4,4,58,Other / Multi-sector
client_00569,UNIVERSITY OF PITTSBURGH MEDICAL CENTER,100,100,586,Other / Multi-sector / Healthcare & Pharma
client_00570,"MUSCULAR DYSTROPHY ASSOCIATION, INC.",21,21,542,Other / Multi-sector / Education & Research
client_00571,PACIRA PHARMACEUTICALS INC.,216,216,603,Other / Multi-sector / Healthcare & Pharma
client_00572,MURPHY OIL CORPORATION,57,57,62,Other / Multi-sector / Energy & Environment
client_00573,AMERICAN BEVERAGE ASSOCIATION,165,165,79,Other / Multi-sector / Government & Nonprofit
client_00574,"AMERICAN SOCIETY OF COMPOSERS, AUTHORS AND PUBLISHERS (ASCAP)",163,163,62,Other / Multi-sector
client_00576,ENCOMPASS HEALTH,168,168,1954,Other / Multi-sector / Healthcare & Pharma
client_00577,ALSTOM TRANSPORTATION INC,311,311,68,Other / Multi-sector / Transportation & Auto
client_00578,EMBASSY OF THE REPUBLIC OF AZERBAIJAN,198,198,62,Other / Multi-sector
client_00579,THE UNIVERSITY OF TEXAS MD ANDERSON CANCER CENTER,157,157,438,Other / Multi-sector / Education & Research
client_00580,GEISINGER HEALTH,62,62,1191,Healthcare & Pharma / Other / Multi-sector
client_00581,NAACP LEGAL DEFENSE & EDUCATIONAL FUND INC,312,312,105,Defense & Aerospace / Other / Multi-sector
client_00582,"CHILDREN'S HOSPITAL AND HEALTH SYSTEM, INC.",157,157,62,Other / Multi-sector / Education & Research
client_00583,CLEAR,149,149,62,Technology & Telecom / Other / Multi-sector
client_00585,"BEONE MEDICINES USA, INC (FORMERLY BEIGENE USA, INC.)",81,81,1448,Other / Multi-sector / Healthcare & Pharma
client_00586,H LEE MOFFITT CANCER CENTER & RESEARCH INSTITUTE,35,35,2226,Other / Multi-sector / Healthcare & Pharma
client_00587,TENET BUSINESS SERVICES CORPORATION,117,117,62,Other / Multi-sector / Healthcare & Pharma
client_00589,CHRISTUS HEALTH SYSTEM,169,169,62,Other / Multi-sector / Healthcare & Pharma
client_00590,PARKER HANNIFIN,18,18,603,Other / Multi-sector
client_00592,UT SOUTHWESTERN MEDICAL CENTER,183,183,438,Other / Multi-sector / Healthcare & Pharma
client_00593,"BLUEBIRD BIO, INC.",239,239,538,Other / Multi-sector / Healthcare & Pharma
client_00594,SHOPIFY INC,14,14,1689,Other / Multi-sector
client_00595,RHEEM MANUFACTURING COMPANY,48,48,62,Other / Multi-sector
client_00596,CHILDREN'S HOSPITAL BOSTON,100,100,424,Other / Multi-sector / Healthcare & Pharma
client_00597,NATIONAL ASSOCIATION OF SPECIALTY PHARMACY,35,35,62,Other / Multi-sector / Healthcare & Pharma
client_00598,COMPUTING TECHNOLOGY INDUSTRY ASSOCIATION (COMPTIA),0,0,1009,Other / Multi-sector
client_00599,POTLATCHDELTIC CORPORATION,313,313,1368,Other / Multi-sector
client_00600,ENVISION HEALTHCARE (FORMERLY KNOWN AS EMCARE INC.),239,239,62,Other / Multi-sector / Healthcare & Pharma
client_00601,ICKES & ENRIGHT GROUP (NORTHWELL HEALTH FKA NORTH SHORE-LIJ),169,169,62,Other / Multi-sector / Healthcare & Pharma
client_00602,ASSOCIATION OF CALIFORNIA WATER AGENCIES,33,33,111,Other / Multi-sector / Government & Nonprofit
client_00603,INTERNATIONAL UNION OF BRICKLAYERS & ALLIED CRAFTWORKERS,235,235,679,Other / Multi-sector
client_00604,WRITERS GUILD OF AMERICA WEST INC,30,30,1919,Other / Multi-sector
client_00605,"HEIDELBERG MATERIALS, US, INC., (FORMERLY LEHIGH HANSON, INC.)",181,181,1309,Other / Multi-sector / Energy & Environment
client_00606,MATSON NAVIGATION,109,109,62,Other / Multi-sector
client_00607,NELNET INC,78,78,876,Other / Multi-sector / Energy & Environment
client_00608,INTERNATIONAL SWAPS & DERIVATIVES ASSOCIATION INC,303,303,1030,Other / Multi-sector / Technology & Telecom
client_00609,CARDIOVASCULAR COALITION,239,239,62,Other / Multi-sector / Healthcare & Pharma
client_00610,CAREFIRST BLUECROSS BLUESHIELD,117,117,62,Other / Multi-sector / Healthcare & Pharma
client_00611,HANESBRANDS INC,109,109,62,Other / Multi-sector
client_00612,VSP,117,117,62,Other / Multi-sector / Healthcare & Pharma
client_00613,DREXEL UNIVERSITY,35,35,62,Other / Multi-sector / Healthcare & Pharma
client_00614,HANWHA Q CELLS AMERICA INC.,102,102,62,Other / Multi-sector / Energy & Environment
client_00615,KIDS IN NEED OF DEFENSE,308,308,79,Other / Multi-sector / Technology & Telecom
client_00616,IEX GROUP,195,195,299,Other / Multi-sector / Finance & Banking
client_00617,PACKAGE COALITION LLC,314,314,62,Other / Multi-sector / Energy & Environment
client_00618,UP FOR GROWTH ACTION INC,19,19,62,Other / Multi-sector
client_00619,AMERICAN FOREST FOUNDATION,192,192,62,Other / Multi-sector / Agriculture & Food
client_00620,"BRISTOW GROUP, INC.",87,87,62,Other / Multi-sector
client_00621,DEBEVOISE & PLIMPTON LLP (ON BEHALF OF GRAMERCY FUNDS MANAGEMENT),195,195,62,Other / Multi-sector / Finance & Banking
client_00622,"MCAFEE, LLC",8,8,86,Other / Multi-sector
client_00623,"DEXCOM, INC.",239,239,62,Other / Multi-sector / Healthcare & Pharma
client_00624,TOTAL SYSTEM SERVICES LLC FORMERLY REPORTED AS TOTAL SYSTEM SERVICES INC,224,224,219,Other / Multi-sector
client_00625,GLOBAL BLOOD THERAPEUTICS,117,117,62,Other / Multi-sector / Healthcare & Pharma
client_00626,AMERICAN DENTAL EDUCATION ASSOCIATION,49,49,2378,Other / Multi-sector / Healthcare & Pharma
client_00627,HUNTINGTON BANCSHARES INCORPORATED,195,195,62,Other / Multi-sector / Finance & Banking
client_00628,NATIONAL DOMESTIC WORKERS ALLIANCE,94,94,1290,Other / Multi-sector
client_00629,ENDO INTERNATIONAL,168,168,1524,Other / Multi-sector / Healthcare & Pharma
client_00630,MASCO CORPORATION,48,48,1273,Other / Multi-sector
client_00631,"INSPIRE BRANDS, INC.",212,212,1034,Other / Multi-sector / Agriculture & Food
client_00632,THE AFFORDABLE HOUSING TAX CREDIT COALITION,41,41,362,Other / Multi-sector
client_00633,NATIONAL FOREIGN TRADE COUNCIL INC,109,109,542,Other / Multi-sector
client_00634,AMERICAN COLLEGE OF RHEUMATOLOGY,100,100,62,Other / Multi-sector / Healthcare & Pharma
client_00635,PROVINCE OF SASKATCHEWAN,116,116,62,Other / Multi-sector
client_00636,ASSOCIATION FOR UNCREWED VEHICLE SYSTEMS INTERNATIONAL,281,281,62,Other / Multi-sector / Government & Nonprofit
client_00637,"VISTA OUTDOOR, INC.",315,315,1349,Other / Multi-sector
client_00638,"LINDE INC., LINDE, PLC AND OTHER ENTITIES RELATED TO LINDE, PLC",242,242,2099,Other / Multi-sector / Energy & Environment
client_00640,BLOOMBERG LLP,195,195,112,Other / Multi-sector / Finance & Banking
client_00641,COMMUNITY ONCOLOGY ALLIANCE,239,239,62,Other / Multi-sector / Healthcare & Pharma
client_00642,ESTEE LAUDER COMPANIES,106,106,62,Other / Multi-sector
client_00643,HASBRO INC,41,41,62,Other / Multi-sector
client_00644,"SAFRAN USA, INC. (FORMERLY SNECMA USA, INC.)",291,291,290,Other / Multi-sector / Government & Nonprofit
client_00645,M&T BANK CORPORATION,195,195,62,Other / Multi-sector / Finance & Banking
client_00646,"INTUITIVE SURGICAL, INC.",81,81,62,Other / Multi-sector / Healthcare & Pharma
client_00647,TALOS ENERGY,17,17,62,Other / Multi-sector
client_00648,NATIONAL CATTLEMEN'S BEEF ASSOCIATION,6,6,1003,Other / Multi-sector
client_00649,ASSURED GUARANTY LTD. (AGL),238,238,62,Other / Multi-sector / Energy & Environment
client_00650,GRAND TRUNK CORPORATION,109,109,62,Other / Multi-sector
client_00651,NORTHWELL HEALTH INC (FKA NSLIJ HEALTH SYSTEM),187,187,1453,Other / Multi-sector / Legal & Lobbying
client_00653,"SNP ALLIANCE, INC.",168,168,1019,Other / Multi-sector / Healthcare & Pharma
client_00654,ESSENTIAL MINERALS ASSOCIATION (FKA INDUSTRIAL MINERALS ASSOCIATION-NORTH AMERI),6,6,542,Other / Multi-sector
client_00655,"UNFI, INC.",253,253,1955,Other / Multi-sector
client_00656,"WPX ENERGY, INC.",17,17,66,Other / Multi-sector
client_00657,"DIRECT CHASSISLINK, INC.",36,36,62,Other / Multi-sector
client_00660,MONEYGRAM INTERNATIONAL INC.,4,4,62,Other / Multi-sector
client_00661,NORTHERN TRUST CORPORATION,265,265,46,Other / Multi-sector
client_00662,POET LLC,316,316,62,Other / Multi-sector
client_00663,SHAKOPEE MDEWAKANTON DAKOTA (SIOUX) COMMUNITY,58,58,66,Other / Multi-sector
client_00664,CAPTIAL FUNDING GROUP INC,61,61,844,Other / Multi-sector
client_00665,EQUINOR WIND US LLC,23,23,62,Other / Multi-sector / Energy & Environment
client_00666,GAINWELL TECHNOLOGIES (FKA HEALTH MANAGEMENT SYSTEMS),100,100,62,Other / Multi-sector / Healthcare & Pharma
client_00667,COALITION FOR AMERICAN RETIREMENT LLC,34,34,62,Other / Multi-sector
client_00668,MODA HEALTH,216,216,62,Other / Multi-sector / Healthcare & Pharma
client_00669,SWISS REINSURANCE COMPANY LTD,253,253,62,Other / Multi-sector
client_00670,COMMITTEE FOR EDUCATION FUNDING,21,21,62,Other / Multi-sector / Education & Research
client_00671,MOODY'S CORPORATION,28,28,62,Other / Multi-sector
client_00672,SOLVENTUM CORPORATION,35,35,62,Other / Multi-sector / Healthcare & Pharma
client_00673,"NATIONAL ASSOCIATION OF ELECTRICAL DISTRIBUTORS, INC.",162,162,899,Other / Multi-sector / Energy & Environment
client_00674,"PLAINS ALL AMERICAN PIPELINE, L.P.",102,102,62,Other / Multi-sector / Energy & Environment
client_00675,CARNEGIE MELLON UNIVERSITY,8,8,79,Other / Multi-sector
client_00676,NLMK PENNSYLVANIA,106,106,62,Other / Multi-sector
client_00677,PHI HEALTH LLC,3,3,1637,Other / Multi-sector
client_00678,KONGSBERG DEFENCE & AEROSPACE,8,8,62,Other / Multi-sector
client_00679,JBS USA FOOD COMPANY HOLDINGS (PREVIOUSLY REGISTERED AS JBS USA FOOD COMPANY),229,229,868,Other / Multi-sector
client_00680,PROMOTIONAL PRODUCTS ASSOCIATION INTERNATIONAL,30,30,66,Other / Multi-sector
client_00681,HUNT DEVELOPMENT GROUP LLC,8,8,62,Other / Multi-sector
client_00682,NETWORK ADVERTISING INITIATIVE,95,95,62,Other / Multi-sector
client_00683,INTERNATIONAL BOTTLED WATER ASSOCIATION (IBWA),287,287,1933,Other / Multi-sector / Government & Nonprofit
client_00684,NETWORK BRANDED PREPAID CARD ASSOCIATION,111,111,758,Other / Multi-sector / Finance & Banking
client_00685,PTTGC AMERICA LLC,48,48,603,Other / Multi-sector
client_00686,THE UNIVERSITY OF TEXAS AT AUSTIN,317,317,2127,Education & Research / Other / Multi-sector
client_00687,HC HOLDINGS S.A.,6,6,62,Other / Multi-sector
client_00689,LIVE OAK BANK,80,80,1333,Other / Multi-sector
client_00690,"DETROIT INTERNATIONAL BRIDGE COMPANY, INC.",269,269,91,Other / Multi-sector
client_00691,FOOTWEAR DISTRIBUTORS & RETAILERS OF AMERICA,6,6,2068,Other / Multi-sector
client_00692,"PAYCHEX, INC.",21,21,62,Other / Multi-sector / Education & Research
client_00693,ARTHRITIS FOUNDATION,100,100,2288,Other / Multi-sector / Healthcare & Pharma
client_00694,LETTERONE HOLDINGS S.A.,50,50,62,Other / Multi-sector
client_00695,LLOYD'S OF LONDON,221,221,62,Other / Multi-sector
client_00696,BLUE OWL CAPITAL HOLDINGS LLC,4,4,62,Other / Multi-sector
client_00697,DEUTSCHE BANK USA (FKA DEUTSCHE BANK SECURITIES INC.),87,87,62,Other / Multi-sector
client_00698,UNIVERSITY OF WISCONSIN-MADISON,188,188,62,Other / Multi-sector / Education & Research
client_00699,ZUFFA AND AFFILIATES,74,74,62,Other / Multi-sector
client_00700,GREATER NEW YORK HOSPITAL ASSOCIATION (FORMERLY GNYHA MANAGEMENT CORPORATION),62,62,79,Healthcare & Pharma / Other / Multi-sector
client_00701,AEROVIRONMENT INC.,134,134,1319,Other / Multi-sector
client_00702,"AMERICAN UNITY FUND, INC.",139,139,655,Legal & Lobbying / Other / Multi-sector
client_00703,CROP INSURANCE AND REINSURANCE BUREAU,80,80,285,Other / Multi-sector
client_00704,FRAGRANCE CREATORS ASSOCIATION,269,269,62,Other / Multi-sector
client_00705,"GEVO, INC.",116,116,62,Other / Multi-sector
client_00706,"RISEPOINT, LLC",37,37,62,Other / Multi-sector / Education & Research
client_00707,"ONE WORLD TECHNOLOGIES, INC.",45,45,62,Other / Multi-sector
client_00708,RED HAT INC,152,152,62,Other / Multi-sector
client_00709,ASSOCIATION OF AMERICAN UNIVERSITIES,145,145,79,Other / Multi-sector / Education & Research
client_00710,TEAMHEALTH,216,216,62,Other / Multi-sector / Healthcare & Pharma
client_00711,ASSOCIATIONS OF MEXICAN TOMATO GROWERS,6,6,62,Other / Multi-sector
client_00712,NATIONAL ASSOCIATION OF ACCOUNTABLE CARE ORGANIZATIONS,100,100,62,Other / Multi-sector / Healthcare & Pharma
client_00713,POSCO AMERICA CORPORATION,45,45,1378,Other / Multi-sector
client_00714,WTA -- ADVOCATES FOR RURAL BROADBAND,20,20,687,Other / Multi-sector / Education & Research
client_00715,BLACKROCK FUNDS SERVICES GROUP LLC (FORMERLY BLACKROCK CAPITAL MANAGEMENT INC.),4,4,62,Other / Multi-sector
client_00716,CRUISE LLC,36,36,62,Other / Multi-sector
client_00717,BLACKBERRY CORP.,72,72,62,Other / Multi-sector
client_00718,LARGE UROLOGY GROUP PRACTICE ASSOCIATION,239,239,62,Other / Multi-sector / Healthcare & Pharma
client_00719,QUALCOMM INCORPORATED,318,318,66,Other / Multi-sector
client_00721,AMERICAN MOTORCYCLIST ASSOCIATION,6,6,1189,Other / Multi-sector
client_00722,"ASCENDIS PHARMA, INC.",216,216,62,Other / Multi-sector / Healthcare & Pharma
client_00723,BLACKSTONE ADMINISTRATIVE SERVICES PARTNERSHIPS L.P.,0,0,79,Other / Multi-sector
client_00724,SABIC INNOVATIVE PLASTICS US LLC,48,48,62,Other / Multi-sector
client_00725,VERTICAL AVIATION INTERNATIONAL,149,149,62,Technology & Telecom / Other / Multi-sector
client_00726,CLEAN ENERGY,153,153,1730,Other / Multi-sector / Energy & Environment
client_00727,GE HEALTHCARE TECHNOLOGIES INC.,106,106,1162,Other / Multi-sector
client_00728,NONPROFIT KIDNEY CARE ALLIANCE,100,100,1938,Other / Multi-sector / Healthcare & Pharma
client_00729,PORT OF CORPUS CHRISTI AUTHORITY,161,161,62,Other / Multi-sector / Transportation & Auto
client_00730,INTERNATIONAL CODE COUNCIL (ICC),255,255,542,Other / Multi-sector
client_00731,DENKA PERFORMANCE ELASTOMER LLC,147,147,62,Other / Multi-sector
client_00732,HOSPICE COMPASSUS,62,62,62,Healthcare & Pharma / Other / Multi-sector
client_00733,"AMENTUM HOLDINGS, INC.",319,319,1080,Other / Multi-sector / Energy & Environment
client_00734,FRONT LINE HOSPITAL ALLIANCE,62,62,62,Healthcare & Pharma / Other / Multi-sector
client_00735,MANAGEMENT AND TRAINING CORPORATION,266,266,62,Other / Multi-sector
client_00736,ST REGIS MOHAWK TRIBE,110,110,62,Other / Multi-sector / Healthcare & Pharma
client_00737,ALLIANCE FOR AMERICAN MANUFACTURING,14,14,62,Other / Multi-sector
client_00738,GOVERNMENT OF PUERTO RICO,284,284,62,Other / Multi-sector
client_00739,PEARSON EDUCATION,143,143,438,Education & Research / Government & Nonprofit
client_00740,UNIVERSITY OF MICHIGAN,188,188,676,Other / Multi-sector / Education & Research
client_00741,YWCA USA,145,145,1029,Other / Multi-sector / Education & Research
client_00742,AMERICAN TELEVISION ALLIANCE,320,320,62,Other / Multi-sector
client_00743,APPLE,34,34,62,Other / Multi-sector
client_00744,"BNP PARIBAS RCC, INC.",109,109,1513,Other / Multi-sector
client_00745,BROADCOM LIMITED,30,30,62,Other / Multi-sector
client_00746,CHILDREN'S HOSPITAL ASSOCIATION F/K/A NAT'L ASSOCIATION OF CHILDREN'S HOSPITALS,62,62,62,Healthcare & Pharma / Other / Multi-sector
client_00747,HEALTHCARE DISTRIBUTION ALLIANCE (HEALTHCARE DISTRIBUTION MANAGMENT ASSN.),169,169,62,Other / Multi-sector / Healthcare & Pharma
client_00748,HILLTOP HOLDINGS INC.,195,195,62,Other / Multi-sector / Finance & Banking
client_00749,THE J.M. SMUCKER COMPANY,243,243,62,Other / Multi-sector / Agriculture & Food
client_00750,TOM JAMES COMPANY,45,45,62,Other / Multi-sector
client_00751,TRANSCANADA PIPELINES USA LTD,78,78,62,Other / Multi-sector / Energy & Environment
client_00752,EMPLOYEE-OWNED CONTRACTORS ROUNDTABLE,5,5,79,Other / Multi-sector
client_00753,OGE ENERGY CORP,238,238,62,Other / Multi-sector / Energy & Environment
client_00754,FARM CREDIT COUNCIL,321,321,285,Other / Multi-sector / Agriculture & Food
client_00755,NEW INDY CATAWBA LLC,61,61,62,Other / Multi-sector
client_00756,"SAFE PORT TERMINALS, LLC",72,72,91,Other / Multi-sector
client_00757,AIR CONDITIONING HEATING & REFRIGERATION INSTITUTE (FKA AIR CONDITIONING AND R),322,322,62,Other / Multi-sector
client_00758,NATIONAL ASSOCIATION FOR THE SELF-EMPLOYED (NASE),0,0,1137,Other / Multi-sector
client_00759,PRIVACY FOR AMERICA,323,323,62,Other / Multi-sector / Technology & Telecom
client_00760,PROTECTING ACCESS TO PAIN RELIEF COALITION,49,49,62,Other / Multi-sector / Healthcare & Pharma
client_00761,SACRAMENTO MUNICIPAL UTILITY DISTRICT,115,115,542,Other / Multi-sector
client_00762,"ARRAY DIGITAL INFRASTRUCTURE, INC. (FKA U.S. CELLULAR CORP)",95,95,1125,Other / Multi-sector
client_00763,LONDON STOCK EXCHANGE GROUP,229,229,2138,Other / Multi-sector
client_00764,MONTEFIORE MEDICAL CENTER,100,100,62,Other / Multi-sector / Healthcare & Pharma
client_00765,QUICKEN LOANS INC,4,4,1981,Other / Multi-sector
client_00766,RIPPLE LABS INC.,111,111,62,Other / Multi-sector / Finance & Banking
client_00767,SONY INTERACTIVE ENTERTAINMENT LLC,109,109,62,Other / Multi-sector
client_00768,STATE FUND CONGRESSIONAL ACTION GROUP (SFCAG),41,41,62,Other / Multi-sector
client_00769,ALLIANCE FOR BIOSECURITY,49,49,79,Other / Multi-sector / Healthcare & Pharma
client_00770,LANXESS CORPORATION,313,313,62,Other / Multi-sector
client_00771,"ELEVANCE HEALTH, INC (F.K.A. ANTHEM, INC. & WELLPOINT, INC.)",169,169,62,Other / Multi-sector / Healthcare & Pharma
client_00772,MCKINSEY & COMPANY,24,24,62,Other / Multi-sector
client_00773,SINCLAIR BROADCAST GROUP,320,320,62,Other / Multi-sector
client_00774,WORKING GROUP ON COMPETITIVE INTERNATIONAL TAXATION (INFORMAL COALITION),34,34,62,Other / Multi-sector
client_00775,WINE INSTITUTE,241,241,79,Other / Multi-sector
client_00776,CHILDRENS HEALTH SYSTEM OF TEXAS,100,100,62,Other / Multi-sector / Healthcare & Pharma
client_00777,WILLIS NORTH AMERICA INC.,183,183,62,Other / Multi-sector / Healthcare & Pharma
client_00778,MASS GENERAL BRIGHAM,239,239,62,Other / Multi-sector / Healthcare & Pharma
client_00779,ACORN CONSULTING OBO SHELL USA INC.,96,96,62,Other / Multi-sector / Energy & Environment
client_00780,ASSOCIATION FOR DIAGNOSTICS & LABORATORY MEDICINE (FORMERLY AACC),100,100,2220,Other / Multi-sector / Healthcare & Pharma
client_00781,BIOTECHNOLOGY INDUSTRY ORGANIZATION,169,169,62,Other / Multi-sector / Healthcare & Pharma
client_00782,"FEDERATION OF EXCHANGE ACCOMODATORS, INC.",34,34,62,Other / Multi-sector
client_00783,INDIANA UNIVERSITY,145,145,1539,Other / Multi-sector / Education & Research
client_00784,CONAGRA BRANDS INC,243,243,1078,Other / Multi-sector / Agriculture & Food
client_00785,ZERO PROSTATE CANCER,167,167,1915,Other / Multi-sector
client_00786,AMERICAN COLLEGE OF CLINICAL PHARMACY,62,62,840,Healthcare & Pharma / Other / Multi-sector
client_00788,SAN LUIS & DELTA-MENDOTA WATER AUTHORITY,17,17,62,Other / Multi-sector
client_00789,RUTGERS THE STATE UNIVERSITY OF NEW JERSEY,188,188,2126,Other / Multi-sector / Education & Research
client_00790,THAI UNION GROUP PCL,229,229,62,Other / Multi-sector
client_00791,"AT&T SERVICES, INC. (FKA AT&T)",4,4,62,Other / Multi-sector
client_00792,ENDEAVORS,133,133,62,Other / Multi-sector / Transportation & Auto
client_00793,SCHOTT NORTH AMERICA INC AND AFFILIATE (FORMERLY SCHOTT NORTH AMERICA INC),35,35,62,Other / Multi-sector / Healthcare & Pharma
client_00794,S&P GLOBAL INC (FORMERLY MCGRAW HILL FINANCIAL),195,195,62,Other / Multi-sector / Finance & Banking
client_00795,ALZHEIMER'S ASSOCIATION,100,100,438,Other / Multi-sector / Healthcare & Pharma
client_00796,AUTOMOTIVE SERVICE ASSOCIATION,300,300,79,Transportation & Auto / Other / Multi-sector
client_00797,COALITION FOR 21ST CENTURY PATENT REFORM,163,163,62,Other / Multi-sector
client_00798,"ASSOCIATION OF THE UNITED STATES ARMY, (INC.)",5,5,416,Other / Multi-sector
client_00799,MICHIGAN STATE UNIV,169,169,2308,Other / Multi-sector / Healthcare & Pharma
client_00800,TEACH FOR AMERICA,308,308,79,Other / Multi-sector / Technology & Telecom
client_00801,CENTER FOR RESPONSIBLE LENDING A SUPPORTING CORP OF CTR FOR COMMUNITY SELF-HELP,324,324,111,Transportation & Auto / Education & Research
client_00802,NATIONAL PTA,325,325,438,Other / Multi-sector / Education & Research
client_00803,BHP GROUP LIMITED,247,247,741,Energy & Environment / Other / Multi-sector
client_00805,AMSCOT FINANCIAL CORPORATION,195,195,62,Other / Multi-sector / Finance & Banking
client_00806,COALITION FOR BUSINESS DEVELOPMENT,195,195,62,Other / Multi-sector / Finance & Banking
client_00807,"LIVANOVA USA, INC.",239,239,716,Other / Multi-sector / Healthcare & Pharma
client_00808,FRONTIER COMMUNICATIONS,95,95,62,Other / Multi-sector
client_00809,UNIVERSITY OF ROCHESTER,183,183,62,Other / Multi-sector / Healthcare & Pharma
client_00810,ABBOTT (FORMERLY KNOWN AS ALERE INC.),183,183,62,Other / Multi-sector / Healthcare & Pharma
client_00811,HEARST CORPORATION,94,94,62,Other / Multi-sector
client_00812,"JOBY AERO, INC.",161,161,62,Other / Multi-sector / Transportation & Auto
client_00813,LENNOX INTERNATIONAL INC.,57,57,62,Other / Multi-sector / Energy & Environment
client_00814,MASSDEVELOPMENT,72,72,79,Other / Multi-sector
client_00816,INTERNATIONAL BROTHERHOOD OF BOILERMAKERS,55,55,1615,Other / Multi-sector / Energy & Environment
client_00817,ALLIANCE FOR DRIVER SAFETY & SECURITY (THE TRUCKING ALLIANCE),36,36,1346,Other / Multi-sector
client_00818,FEDERATION OF STATE MEDICAL BOARDS,94,94,438,Other / Multi-sector
client_00819,"REDWOOD HOLDINGS, LLC FKA REDWOOD CAPITAL INVESTMENTS",4,4,62,Other / Multi-sector
client_00820,UNIVERSITY OF GEORGIA,326,326,79,Education & Research / Other / Multi-sector
client_00821,AGUSTAWESTLAND PHILADELPHIA CORPORATION,5,5,62,Other / Multi-sector
client_00822,DUPONT SPECIALTY PRODUCTS(PREVIOUSLY REPORTED AS E.I. DU PONT DE NEMOURS AND CO),165,165,62,Other / Multi-sector / Government & Nonprofit
client_00823,NUMBERS USA,74,74,1433,Other / Multi-sector
client_00824,WAKE FOREST UNIVERSITY HEALTH SCIENCES,169,169,107,Other / Multi-sector / Healthcare & Pharma
client_00825,"ECONOMIC SECURITY PROJECT ACTION, INC. AND ITS AFFILIATES",21,21,2107,Other / Multi-sector / Education & Research
client_00826,COPPER DEVELOPMENT ASSOCIATION,23,23,79,Other / Multi-sector / Energy & Environment
client_00827,EMPIRE STATE DEVELOPMENT CORPORATION,5,5,62,Other / Multi-sector
client_00828,"INTERACTIVE ADVERTISING BUREAU, INC.",323,323,1526,Other / Multi-sector / Technology & Telecom
client_00829,"AMERICAN AUTOMOTIVE POLICY COUNCIL, INC.",300,300,1572,Transportation & Auto / Other / Multi-sector
client_00830,INTERNET CORPORATION FOR ASSIGNED NAMES AND NUMBERS,186,186,1709,Other / Multi-sector
client_00831,MORONGO BAND OF MISSION INDIANS,153,153,62,Other / Multi-sector / Energy & Environment
client_00832,ORACLE CERNER (FORMERLY CERNER CORPORATION),105,105,1032,Other / Multi-sector
client_00833,AMERICAN TRAFFIC SAFETY SERVICES ASSOCIATION,311,311,106,Other / Multi-sector / Transportation & Auto
client_00834,NATIONAL MULTIPLE SCLEROSIS SOCIETY,183,183,0,Other / Multi-sector / Healthcare & Pharma
client_00835,AMERICAN ASSOCIATION FOR CANCER RESEARCH,49,49,1620,Other / Multi-sector / Healthcare & Pharma
client_00836,DEVON ENERGY PRODUCTION COMPANY LP,48,48,575,Other / Multi-sector
client_00837,"FOUNDATION MEDICINE, INC.",62,62,62,Healthcare & Pharma / Other / Multi-sector
client_00839,PERSPECTA INC. AND AFFILIATES,190,190,952,Other / Multi-sector
client_00841,THE OHIO STATE UNIVERSITY,21,21,1813,Other / Multi-sector / Education & Research
client_00842,LOMA LINDA UNIVERSITY MEDICAL CENTER,3,3,62,Other / Multi-sector
client_00843,ENTERPRISE PRODUCTS PARTNERS LP (FORMERLY KNOWN AS ENTERPRISE PRODUCTS COMPANY O,236,236,1161,Other / Multi-sector / Energy & Environment
client_00844,HF SINCLAIR CORPORATION,109,109,62,Other / Multi-sector
client_00845,IAC INC. (FORMERLY IAC/INTERACTIVECORP),95,95,2357,Other / Multi-sector
client_00846,LG&E AND KU ENERGY LLC,70,70,1262,Other / Multi-sector / Energy & Environment
client_00847,THE AMERICAN COUNCIL OF LIFE INSURERS,30,30,62,Other / Multi-sector
client_00848,STANDARD CHARTERED BANK,4,4,62,Other / Multi-sector
client_00849,BURNS & MCDONNELL ENGINEERING COMPANY INC,48,48,603,Other / Multi-sector
client_00850,MITSUBISHI POWER AMERICAS INC F/K/A MHPS AMERICAS INC,48,48,1832,Other / Multi-sector
client_00851,THE UNITED STATES PHARMACOPEIAL CONVENTION,85,85,62,Other / Multi-sector / Healthcare & Pharma
client_00852,CARESOURCE MANAGEMENT SERVICES LLC FKA CARESOURCE MANAGEMENT GROUP CO,35,35,1700,Other / Multi-sector / Healthcare & Pharma
client_00853,"ATHENAHEALTH, INC.",216,216,62,Other / Multi-sector / Healthcare & Pharma
client_00854,CENTERPOINT ENERGY,23,23,62,Other / Multi-sector / Energy & Environment
client_00855,"DELTA AIRLINES, INC.",102,102,542,Other / Multi-sector / Energy & Environment
client_00856,LINCARE,100,100,62,Other / Multi-sector / Healthcare & Pharma
client_00857,THE BIOSIMILARS FORUM,239,239,62,Other / Multi-sector / Healthcare & Pharma
client_00858,TRUSTEES OF COLUMBIA UNIVERSITY IN THE CITY OF NEW YORK,21,21,630,Other / Multi-sector / Education & Research
client_00859,"DENDREON PHARMACEUTICALS, LLC",168,168,1291,Other / Multi-sector / Healthcare & Pharma
client_00860,KENTUCKY FARM BUREAU FEDERATION,116,116,285,Other / Multi-sector
client_00861,MICHIGAN FARM BUREAU,286,286,2217,Technology & Telecom / Agriculture & Food
client_00862,"SAMSUNG SDI AMERICA, INC.",327,327,62,Other / Multi-sector / Energy & Environment
client_00863,"BRIGHTHOUSE SERVICES, LLC",4,4,11,Other / Multi-sector
client_00864,MCDONALD'S CORPORATION,253,253,62,Other / Multi-sector
client_00865,NMDP,282,282,62,Other / Multi-sector / Healthcare & Pharma
client_00867,BITCOIN ASSOCIATION FOR BSV,195,195,62,Other / Multi-sector / Finance & Banking
client_00868,CONSUMER ACCESS TO REPAIR (CAR) COALITION,36,36,62,Other / Multi-sector
client_00869,"DOCUMENT STORAGE SYSTEMS, INC.",41,41,62,Other / Multi-sector
client_00870,PUERTO RICO INDUSTRIAL DEVELOPMENT COMPANY,104,104,62,Other / Multi-sector / Healthcare & Pharma
client_00871,THE CAMPAIGN FOR SUSTAINABLE RX PRICING,239,239,62,Other / Multi-sector / Healthcare & Pharma
client_00872,TOHONO O'ODHAM NATION,67,67,62,Other / Multi-sector
client_00873,"AMERICAN FAMILY MUTUAL INSURANCE COMPANY, S.I.",269,269,1048,Other / Multi-sector
client_00874,PARALYZED VETERANS OF AMERICA,21,21,542,Other / Multi-sector / Education & Research
client_00875,AMERICAN ASSOCIATION OF BIOANALYSTS,62,62,535,Healthcare & Pharma / Other / Multi-sector
client_00876,"BYD MOTORS, LLC AND VARIOUS U.S. SUBSIDIARIES",27,27,131,Other / Multi-sector
client_00877,FOOD SOLUTIONS ACTION,80,80,62,Other / Multi-sector
client_00878,"TTM TECHNOLOGIES, INC",8,8,1265,Other / Multi-sector
client_00879,BOSTON UNIVERSITY,169,169,62,Other / Multi-sector / Healthcare & Pharma
client_00880,RENAL HEALTHCARE ASSOCIATION,62,62,62,Healthcare & Pharma / Other / Multi-sector
client_00881,TPG,34,34,62,Other / Multi-sector
client_00883,HOSPITAL COALITION FOR AGENCY ACCOUNTABILITY,62,62,62,Healthcare & Pharma / Other / Multi-sector
client_00884,"KOCH GOVERNMENT AFFAIRS, LLC",328,328,438,Other / Multi-sector / Technology & Telecom
client_00885,BUILDING OWNERS AND MANAGERS ASSOCIATION INTERNATIONAL,236,236,141,Other / Multi-sector / Energy & Environment
client_00886,NATIONAL OILSEED PROCESSORS ASSOCIATION,243,243,62,Other / Multi-sector / Agriculture & Food
client_00887,"INTELLECTUAL VENTURES MANAGEMENT, LLC",163,163,479,Other / Multi-sector
client_00888,WOODSIDE ENERGY GROUP LTD,48,48,1992,Other / Multi-sector
client_00889,INTERNATIONAL MYELOMA FOUNDATION,85,85,62,Other / Multi-sector / Healthcare & Pharma
client_00890,WOUNDED WARRIOR PROJECT,220,220,1359,Other / Multi-sector
client_00891,AMERICAN FUEL AND PETROCHEMICAL MANUFACTURERS (AFPM),34,34,62,Other / Multi-sector
client_00892,ASSOCIATED EQUIPMENT DISTRIBUTORS,0,0,777,Other / Multi-sector
client_00893,CLEAN ENERGY BUYERS ASSOCIATION (FORMERLY RENEWABLE ENERGY BUYERS ALLIANCE),102,102,84,Other / Multi-sector / Energy & Environment
client_00895,INNOVATION ALLIANCE,45,45,62,Other / Multi-sector
client_00896,LURIE CHILDREN'S HOSPITAL OF CHICAGO,49,49,62,Other / Multi-sector / Healthcare & Pharma
client_00897,MR. JAY ALIX,8,8,62,Other / Multi-sector
client_00898,QORVO,8,8,676,Other / Multi-sector
client_00899,SSAB ENTERPRISES LLC,329,329,173,Other / Multi-sector
client_00900,THE ICKES AND ENRIGHT GROUP (ON BEHALF OF GREATER NEW YORK HOSPITAL ASSOCIATION),62,62,62,Healthcare & Pharma / Other / Multi-sector
client_00901,"VIRGIN GALACTIC, LLC",318,318,875,Other / Multi-sector
client_00902,EDISON CHOUEST OFFSHORE,34,34,62,Other / Multi-sector
client_00903,VANADIUM PRODUCERS AND RECLAIMERS ASSOCIATION,8,8,79,Other / Multi-sector
client_00904,"EASTERN SHIPBUILDING GROUP, INC.",67,67,62,Other / Multi-sector
client_00905,AMERICAN CANCER SOCIETY CANCER ACTION NETWORK (ACSCAN),100,100,62,Other / Multi-sector / Healthcare & Pharma
client_00906,"TELADOC HEALTH, INC.",100,100,62,Other / Multi-sector / Healthcare & Pharma
client_00907,TELECOMMUNICATIONS INDUSTRY ASSOCIATION,95,95,62,Other / Multi-sector
client_00908,OXFAM AMERICA INC,330,330,112,Other / Multi-sector
client_00909,"S.C. JOHNSON & SON, INC.",106,106,1647,Other / Multi-sector
client_00910,AMAC ACTION,169,169,622,Other / Multi-sector / Healthcare & Pharma
client_00911,AMERICA'S HEALTH INSURANCE PLANS,216,216,62,Other / Multi-sector / Healthcare & Pharma
client_00912,BREAKTHROUGH T1D (FKA JUVENILE DIABETES RESEARCH FOUNDATION INTERNATIONAL),100,100,62,Other / Multi-sector / Healthcare & Pharma
client_00913,CHICKASAW NATION,21,21,66,Other / Multi-sector / Education & Research
client_00914,"ESHARES, INC. D/B/A CARTA, INC.",4,4,111,Other / Multi-sector
client_00915,U.S. HEMP ROUNDTABLE,80,80,62,Other / Multi-sector
client_00916,ONCOLOGY NURSING SOCIETY,216,216,62,Other / Multi-sector / Healthcare & Pharma
client_00917,HOSPITAL & HEALTHSYSTEM ASSOCIATION OF PENNSYLVANIA,239,239,115,Other / Multi-sector / Healthcare & Pharma
client_00918,CAMBIA HEALTH SOLUTIONS (FORMERLY KNOWN AS THE REGENCE GROUP),62,62,62,Healthcare & Pharma / Other / Multi-sector
client_00919,"LUCID USA, INC.",162,162,62,Other / Multi-sector / Energy & Environment
client_00920,MARC COALITION,168,168,62,Other / Multi-sector / Healthcare & Pharma
client_00921,AMERICANS FOR TAX REFORM,21,21,839,Other / Multi-sector / Education & Research
client_00922,"CLEARPATH ACTION FUND FOR CONSERVATIVE CLEAN ENERGY, INC.",23,23,62,Other / Multi-sector / Energy & Environment
client_00923,CORTEVA AGRISCIENCE LLC (FKA CORTEVA AGRISCIENCE),80,80,62,Other / Multi-sector
client_00924,"NACCO INDUSTRIES, INC.",23,23,542,Other / Multi-sector / Energy & Environment
client_00925,RWC-340B,216,216,62,Other / Multi-sector / Healthcare & Pharma
client_00926,"PROLOGIS, L.P.",329,329,62,Other / Multi-sector
client_00928,SILVERLINING,227,227,62,Other / Multi-sector / Energy & Environment
client_00929,AICPA,30,30,62,Other / Multi-sector
client_00930,LIBERTY PARTNERS GROUP O/B/O APTQI-HSCHEIN-PDS-SANTAFE-SOUND-RCCS-AFHC-WELLVANA,62,62,1681,Healthcare & Pharma / Other / Multi-sector
client_00931,"THE SUSAN G. KOMEN BREAST CANCER FOUNDATION, INC. DBA SUSAN G. KOMEN",35,35,2130,Other / Multi-sector / Healthcare & Pharma
client_00932,VALERO ENERGY CORPORATION,23,23,21,Other / Multi-sector / Energy & Environment
client_00933,NATIONAL ASSOCIATION OF PROFESSIONAL INSURANCE AGENTS,117,117,285,Other / Multi-sector / Healthcare & Pharma
client_00934,"AVIS-BUDGET GROUP, INC.",269,269,62,Other / Multi-sector
client_00935,DAIMLER TRUCK NORTH AMERICA LLC,102,102,91,Other / Multi-sector / Energy & Environment
client_00937,SL GREEN REALTY CORP.,74,74,62,Other / Multi-sector
client_00939,ALLIANCE FOR RETIRED AMERICANS,183,183,112,Other / Multi-sector / Healthcare & Pharma
client_00940,THE CHEROKEE NATION,8,8,438,Other / Multi-sector
client_00941,RAPISCAN SYSTEMS INC,8,8,1068,Other / Multi-sector
client_00942,ALABAMA-COUSHATTA TRIBE OF TEXAS,58,58,66,Other / Multi-sector
client_00943,CHEGG INC.,21,21,1704,Other / Multi-sector / Education & Research
client_00944,THE GREENBRIER COMPANIES,269,269,556,Other / Multi-sector
client_00945,ALABAMA FARMERS FEDERATION,253,253,289,Other / Multi-sector
client_00946,CENTRAL PUGET SOUND REGIONAL TRANSIT,27,27,62,Other / Multi-sector
client_00947,"MARTIN BAKER AIRCRAFT CO., LTD.",5,5,62,Other / Multi-sector
client_00948,RECREATION VEHICLE INDUSTRY ASSOCIATION,34,34,1119,Other / Multi-sector
client_00949,CORECIVIC,195,195,62,Other / Multi-sector / Finance & Banking
client_00950,"AXIOM SPACE, INC.",8,8,62,Other / Multi-sector
client_00951,"BEIJING XIAOMI MOBILE SOFTWARE CO., LTD (FKA EDWARD B. MACMAHON, JR., PLC)",45,45,62,Other / Multi-sector
client_00952,"MCGRAW HILL, LLC",25,25,1497,Other / Multi-sector
client_00953,"PLANNED PARENTHOOD FEDERATION OF AMERICA, INC",85,85,62,Other / Multi-sector / Healthcare & Pharma
client_00954,AMERICAN FOREIGN SERVICE ASSOCIATION,67,67,1565,Other / Multi-sector
client_00955,"CITY OF ATLANTA, GA",15,15,62,Other / Multi-sector
client_00956,MMM HEALTHCARE,168,168,62,Other / Multi-sector / Healthcare & Pharma
client_00957,NATIONAL NURSES UNITED,183,183,847,Other / Multi-sector / Healthcare & Pharma
client_00958,SUNTRUST BANK,111,111,249,Other / Multi-sector / Finance & Banking
client_00959,CVS HEALTH INC,41,41,62,Other / Multi-sector
client_00960,AMERICAN SOCIETY OF PLASTIC SURGERY,216,216,62,Other / Multi-sector / Healthcare & Pharma
client_00961,ENERGY INFRASTRUCTURE COUNCIL FKA MASTER LIMITED PARTNERSHIP ASSOCIATION,23,23,496,Other / Multi-sector / Energy & Environment
client_00962,AUGUSTA UNIVERSITY (FORMERLY GEORGIA REGENTS UNIVERSITY),67,67,1450,Other / Multi-sector
client_00963,AMERICAN SUPERCONDUCTOR CORPORATION,152,152,62,Other / Multi-sector
client_00964,CHILDREN'S TUMOR FOUNDATION,49,49,62,Other / Multi-sector / Healthcare & Pharma
client_00965,KUWAIT & GULF LINK HOLDING,50,50,62,Other / Multi-sector
client_00966,MOVING HEALTH HOME,168,168,392,Other / Multi-sector / Healthcare & Pharma
client_00967,NAMM: NATIONAL ASSOCIATION OF MUSIC MERCHANTS,14,14,62,Other / Multi-sector
client_00968,REVENUE BASED FINANCE COALITION,195,195,62,Other / Multi-sector / Finance & Banking
client_00969,KINDRED HEALTHCARE D/B/A SCIONHEALTH,62,62,62,Healthcare & Pharma / Other / Multi-sector
client_00970,"OVERSEAS SHIPHOLDING GROUP, INC.",151,151,62,Other / Multi-sector
client_00971,"SIX CONTINENTS HOTELS, INC. D/B/A IHG HOTELS & RESORTS",238,238,62,Other / Multi-sector / Energy & Environment
client_00972,TEXAS STATE UNIVERSITY SYSTEM,28,28,79,Other / Multi-sector
client_00974,ASSURED GUARANTY MUNICIPAL CORP.,41,41,62,Other / Multi-sector
client_00975,"AT&T SERVICES, INC.",109,109,62,Other / Multi-sector
client_00976,BLACK HILLS CORPORATION,115,115,1571,Other / Multi-sector
client_00977,GREATER NEW YORK HOSPITAL ASSN,187,187,1453,Other / Multi-sector / Legal & Lobbying
client_00978,VERTEX PHARMACEUTICALS,35,35,62,Other / Multi-sector / Healthcare & Pharma
client_00979,ZILLOW INC,25,25,62,Other / Multi-sector
client_00980,SALT RIVER PIMA MARICOPA INDIAN COMMUNITY,192,192,66,Other / Multi-sector / Agriculture & Food
client_00981,PHYSICIANS COMMITTEE FOR RESPONSIBLE MEDICINE,216,216,656,Other / Multi-sector / Healthcare & Pharma
client_00982,NATIONAL ASSOCIATION OF ELEMENTARY SCHOOL PRINCIPALS (NAESP),3,3,2377,Other / Multi-sector
client_00983,CORRECTIONAL VENDORS ASSOCIATION,127,127,438,Other / Multi-sector / Legal & Lobbying
client_00984,FDD ACTION,331,331,79,Other / Multi-sector
client_00985,NATIXIS INVESTMENT MANAGERS LLC,4,4,2157,Other / Multi-sector
client_00986,NATURAL GAS SUPPLY ASSOCIATION,17,17,805,Other / Multi-sector
client_00987,BATTERY MATERIALS AND TECHNOLOGY COALITION,272,272,603,Other / Multi-sector
client_00988,CITY OF PHOENIX AZ,83,83,79,Other / Multi-sector
client_00989,GE AEROSPACE,222,222,62,Other / Multi-sector
client_00990,"MERCARI, INC.",224,224,62,Other / Multi-sector
client_00991,"PROLACTA BIOSCIENCE, INC.",49,49,62,Other / Multi-sector / Healthcare & Pharma
client_00992,PUBLIC ACCESS TO SUNSCREENS (PASS) COALITION,60,60,62,Other / Multi-sector / Healthcare & Pharma
client_00993,RTX CORPORATION,269,269,62,Other / Multi-sector
client_00994,BOYD GAMING CORPORATION,102,102,62,Other / Multi-sector / Energy & Environment
client_00996,VECTOR GROUP LTD,24,24,62,Other / Multi-sector
client_00997,HELENA AGRI-ENTERPRISES LLC FORMERLY REPORTED AS HELENA CHEMICAL COMPANY,285,285,298,Other / Multi-sector / Transportation & Auto
client_00998,S&P GLOBAL,195,195,62,Other / Multi-sector / Finance & Banking
client_00999,UNITEDHEALTH GROUP,117,117,62,Other / Multi-sector / Healthcare & Pharma
client_01000,UNIVERSITY OF NEBRASKA,281,281,62,Other / Multi-sector / Government & Nonprofit
client_01001,CITY OF OAKLAND,176,176,62,Other / Multi-sector
client_01002,CHRISTIANS UNITED FOR ISRAEL ACTION FUND,8,8,1758,Other / Multi-sector
client_01003,"ACCENTCARE, INC.",62,62,62,Healthcare & Pharma / Other / Multi-sector
client_01004,ENTEGRIS,109,109,62,Other / Multi-sector
client_01006,MASS GENERAL BRIGHAM (FORMERLY KNOWN AS PARTNERS HEALTHCARE),216,216,62,Other / Multi-sector / Healthcare & Pharma
client_01007,NOVOCURE INC.,3,3,62,Other / Multi-sector
client_01008,SANDOZ INC,62,62,1611,Healthcare & Pharma / Other / Multi-sector
client_01009,"HIMS & HERS HEALTH, INC.",169,169,62,Other / Multi-sector / Healthcare & Pharma
client_01010,PROMERICA FINANCIAL CORPORATION,111,111,62,Other / Multi-sector / Finance & Banking
client_01011,SOLARWINDS CORPORATION,186,186,62,Other / Multi-sector
client_01012,APTERA MOTORS CORP,332,332,62,Other / Multi-sector
client_01013,WOOLPERT CORPORATION,196,196,725,Other / Multi-sector
client_01014,AMERICAN CLEANING INSTITUTE (FORMERLY KNOWN AS THE SOAP & DETERGENT ASSOCIATION),288,288,62,Other / Multi-sector / Energy & Environment
client_01015,"ALLISON TRANSMISSION, INC.",72,72,62,Other / Multi-sector
client_01016,COALITION FOR SUSTAINABLE MULTIFAMILY HOUSING,59,59,62,Other / Multi-sector / Real Estate & Construction
client_01017,SUN LIFE FINANCIAL (U.S.) SERVICES COMPANY INC.,117,117,62,Other / Multi-sector / Healthcare & Pharma
client_01018,TANIUM INC.,134,134,62,Other / Multi-sector
client_01019,TIKTOK INC.,320,320,62,Other / Multi-sector
client_01020,WASHINGTON UNIVERSITY IN ST LOUIS,21,21,927,Other / Multi-sector / Education & Research
client_01021,TOY ASSOCIATION INC,25,25,66,Other / Multi-sector
client_01022,WISPA- WIRELESS INTERNET SERVICE PROVIDERS ASSOCIATION,116,116,2196,Other / Multi-sector
client_01023,DYNAVAX TECHNOLOGIES,60,60,62,Other / Multi-sector / Healthcare & Pharma
client_01024,ACCENTURE,34,34,62,Other / Multi-sector
client_01026,DELTA,34,34,62,Other / Multi-sector
client_01027,LEBANESE AMERICAN UNIVERSITY,67,67,1868,Other / Multi-sector
client_01028,MCGRAW-HILL EDUCATION,21,21,62,Other / Multi-sector / Education & Research
client_01029,NATIONAL PAWNBROKERS ASSOCIATION,195,195,66,Other / Multi-sector / Finance & Banking
client_01030,"RIVIAN AUTOMOTIVE, LLC",14,14,1199,Other / Multi-sector
client_01031,SRC INC.,72,72,988,Other / Multi-sector
client_01032,THE EARLY CARE AND EDUCATION CONSORTIUM,324,324,62,Transportation & Auto / Education & Research
client_01033,"THE GOLDMAN SACHS GROUP, INC",4,4,62,Other / Multi-sector
client_01034,TRIPLE-S MANAGEMENT CORPORATION,169,169,62,Other / Multi-sector / Healthcare & Pharma
client_01035,UNITED STATES CELLULAR CORPORATION,56,56,62,Other / Multi-sector
client_01036,STRATA CLEAN ENERGY,48,48,62,Other / Multi-sector
client_01037,AL JAZEERA MEDIA NETWORK,333,333,62,Other / Multi-sector
client_01038,GLOBALFOUNDRIES U.S. INC.,25,25,62,Other / Multi-sector
client_01039,REPUBLICAN JEWISH COALITION,0,0,1112,Other / Multi-sector
client_01040,SOUTHWEST AIRLINES PILOTS' ASSOCIATION,54,54,1616,Other / Multi-sector / Government & Nonprofit
client_01041,TRANSPORTATION INSTITUTE,36,36,62,Other / Multi-sector
client_01042,WILDLIFE CONSERVATION SOCIETY,7,7,62,Other / Multi-sector
client_01043,TRACTOR SUPPLY COMPANY,269,269,292,Other / Multi-sector
client_01044,"CARE IN ACTION, INC.",183,183,528,Other / Multi-sector / Healthcare & Pharma
client_01045,KANSAS STATE UNIVERSITY,245,245,62,Education & Research / Other / Multi-sector
client_01046,ATRIUM HEALTH WAKE FOREST BAPTIST,49,49,62,Other / Multi-sector / Healthcare & Pharma
client_01047,"CENTINEL PUBLIC PARTNERSHIPS, LLC",5,5,62,Other / Multi-sector
client_01048,ENVIVA INC. (FKA ENVIVA HOLDINGS LP),116,116,2388,Other / Multi-sector
client_01049,MILLE LACS BAND OF OJIBWE INDIANS,41,41,438,Other / Multi-sector
client_01050,REH COMPANY (FORMERLY THE SINCLAIR COMPANIES),162,162,1590,Other / Multi-sector / Energy & Environment
client_01051,REWORLD (F/K/A COVANTA ENERGY CORPORATION),55,55,62,Other / Multi-sector / Energy & Environment
client_01052,SOCIETY FOR WORLDWIDE INTERBANK FINANCIAL TELECOMMUNICATION SC,111,111,2270,Other / Multi-sector / Finance & Banking
client_01053,ASCENSION HEALTH,239,239,513,Other / Multi-sector / Healthcare & Pharma
client_01055,VESTAS-AMERICAN WIND TECHNOLOGY INC,102,102,62,Other / Multi-sector / Energy & Environment
client_01056,INSTITUTE FOR PORTFOLIO ALTERNATIVES FORMERLY INVESTMENT PROGRAM ASSOCIATION,30,30,62,Other / Multi-sector
client_01057,AIRLINES FOR AMERICA (FORMERLY AIR TRANSPORT ASSOCIATION OF AMERICA INC.),149,149,62,Technology & Telecom / Other / Multi-sector
client_01058,BLUEHALO CORPORATION,5,5,62,Other / Multi-sector
client_01059,COHERENT,5,5,62,Other / Multi-sector
client_01060,NORTH CAROLINA MILITARY AFFAIRS COMMISSION,8,8,62,Other / Multi-sector
client_01061,US PHYSICIAN PARTNERS (INFORMAL COALITION),62,62,62,Healthcare & Pharma / Other / Multi-sector
client_01062,SANDY HOOK PROMISE ACTION FUND,283,283,1029,Other / Multi-sector
client_01063,SKYDWELLER AERO INC.,20,20,62,Other / Multi-sector / Education & Research
client_01064,BOARD OF REGENTS OF UNIVERSITY OF WISCONSIN SYSTEM,188,188,2019,Other / Multi-sector / Education & Research
client_01065,CHEVRON PHILLIPS CHEMICAL COMPANY LP,48,48,62,Other / Multi-sector
client_01067,RIL USA,48,48,91,Other / Multi-sector
client_01068,SOUTH FLORIDA ADMIRALTY TRIAL LAWYERS ASSOCIATION,151,151,2174,Other / Multi-sector
client_01069,CONSOL ENERGY INC,109,109,1687,Other / Multi-sector
client_01070,MASTERCARD WORLDWIDE,122,122,62,Other / Multi-sector
client_01071,"AMERICAN INTERNATIONAL GROUP, INC.",215,215,62,Other / Multi-sector
client_01072,NASDAQ INC,195,195,62,Other / Multi-sector / Finance & Banking
client_01073,NATIONAL ASSOCIATION OF SECONDARY SCHOOL PRINCIPALS,145,145,1306,Other / Multi-sector / Education & Research
client_01074,SALLIE MAE BANK,37,37,62,Other / Multi-sector / Education & Research
client_01075,TARGA RESOURCES PARTNERS LP,181,181,1440,Other / Multi-sector / Energy & Environment
client_01076,WINDOW COVERING MANUFACTURERS ASSOCIATION,5,5,62,Other / Multi-sector
client_01077,NATIONAL ASSOCIATION FOR THE ADVANCEMENT OF COLORED PEOPLE,266,266,111,Other / Multi-sector
client_01078,NATIONAL RURAL HEALTH ASSOCATION,334,334,44,Other / Multi-sector / Healthcare & Pharma
client_01079,L3 HARRIS TECHNOLOGIES,126,126,62,Other / Multi-sector
client_01080,AMERICAN SMALL MANUFACTURERS COALITION,56,56,62,Other / Multi-sector
client_01081,ENBRIDGE (U.S.) INC. (FORMERLY SPECTRA ENERGY),124,124,62,Other / Multi-sector / Legal & Lobbying
client_01082,"ENTERPRISE HOLDINGS, INC. DBA ENTERPRISE MOBILITY",142,142,62,Other / Multi-sector / Finance & Banking
client_01083,"KROLL BOND RATING AGENCY, INC.",195,195,62,Other / Multi-sector / Finance & Banking
client_01084,INVESTMENT ADVISER ASSOCIATION,4,4,62,Other / Multi-sector
client_01085,LUMMI NATION,58,58,62,Other / Multi-sector
client_01086,ROYAL CARIBBEAN CRUISES LTD.,24,24,62,Other / Multi-sector
client_01087,TATA CONSULTANCY SERVICES,24,24,62,Other / Multi-sector
client_01088,INTERNATIONAL FEDERATION OF PROFESSIONAL AND TECHNICAL ENGINEERS (IFPTE),335,335,19,Other / Multi-sector
client_01089,DARLING INGREDIENTS INC,6,6,294,Other / Multi-sector
client_01090,INTERNATIONAL LONGSHORE AND WAREHOUSE UNION,41,41,66,Other / Multi-sector
client_01091,PERATON CORP.,8,8,1332,Other / Multi-sector
client_01092,ARDENT HEALTH SERVICES,62,62,62,Healthcare & Pharma / Other / Multi-sector
client_01093,BIOTECHNOLOGY INNOVATION ORGANIZATION (FORMERLY BIOTECHNOLOGY INDUSTRY ORG.),183,183,62,Other / Multi-sector / Healthcare & Pharma
client_01094,CRESCO LABS LLC,216,216,1503,Other / Multi-sector / Healthcare & Pharma
client_01095,NEWS/MEDIA ALLIANCE,30,30,62,Other / Multi-sector
client_01096,OCCIDENTAL PETROLEUM CORPORATION,120,120,111,Other / Multi-sector / Energy & Environment
client_01099,SYSCO CORPORATION,6,6,62,Other / Multi-sector
client_01100,ULTRA FKA ULTRA ELECTRONICS - FLIGHTLINE SYSTEMS,8,8,62,Other / Multi-sector
client_01101,VALERO ENERGY CORP.,336,336,62,Energy & Environment / Other / Multi-sector
client_01102,WABTEC CORPORATION,337,337,603,Other / Multi-sector
client_01104,NATIONAL POTATO COUNCIL,6,6,62,Other / Multi-sector
client_01105,"TRUEBLUE, INC.",30,30,373,Other / Multi-sector
client_01106,ASSOCIATION FOR BEHAVIORAL HEALTH AND WELLNESS,62,62,438,Healthcare & Pharma / Other / Multi-sector
client_01107,IRAQ AND AFGHANISTAN VETERANS OF AMERICA INC,295,295,474,Other / Multi-sector / Technology & Telecom
client_01108,ACG ADVOCACY ON BEHALF OF RELX INC.,45,45,1239,Other / Multi-sector
client_01109,BALFOUR BEATTY COMMUNITIES,8,8,988,Other / Multi-sector
client_01110,MARINETTE MARINE CORPORATION,8,8,549,Other / Multi-sector
client_01111,ONEIDA INDIAN NATION,50,50,79,Other / Multi-sector
client_01112,SABINE-NECHES NAVIGATION DISTRICT,27,27,62,Other / Multi-sector
client_01113,START EARLY,21,21,62,Other / Multi-sector / Education & Research
client_01114,AITEO GROUP,78,78,0,Other / Multi-sector / Energy & Environment
client_01115,ALLIANCE FOR RURAL HOSPITAL ACCESS,168,168,62,Other / Multi-sector / Healthcare & Pharma
client_01116,XYLEM INC.,267,267,1380,Other / Multi-sector
client_01117,CENTURY ALUMINUM,45,45,542,Other / Multi-sector
client_01118,GOOGLE PUBLIC SECTOR (FKA GOOGLE CLOUD),5,5,79,Other / Multi-sector
client_01119,HONEYWELL INTERNATIONAL,338,338,79,Other / Multi-sector / Education & Research
client_01120,INTELLECTUAL KEYSTONE TECHNOLOGY LLC,45,45,62,Other / Multi-sector
client_01121,"MCWANE, INC.",152,152,62,Other / Multi-sector
client_01122,MGM RESORTS,242,242,62,Other / Multi-sector / Energy & Environment
client_01123,"NORTH AMERICAN SUBARU, INC.",14,14,62,Other / Multi-sector
client_01124,SANFORD HEALTH,168,168,62,Other / Multi-sector / Healthcare & Pharma
client_01125,SHARE OUR STRENGTH,80,80,62,Other / Multi-sector
client_01126,UAB HEALTH SYSTEM,183,183,62,Other / Multi-sector / Healthcare & Pharma
client_01128,SOUTHERN UTE INDIAN TRIBE,78,78,66,Other / Multi-sector / Energy & Environment
client_01129,ADVENTIST HEALTHCARE,216,216,62,Other / Multi-sector / Healthcare & Pharma
client_01130,"AMERICAN HONDA MOTOR CO., INC.",48,48,66,Other / Multi-sector
client_01131,NATIONAL ORGANIZATION FOR RARE DISORDERS INC (NORD),169,169,1653,Other / Multi-sector / Healthcare & Pharma
client_01132,SES S.A. FORMERLY KNOWN AS INTELSAT US LLC,8,8,62,Other / Multi-sector
client_01133,BLOOMBERG PHILANTHROPIES,41,41,62,Other / Multi-sector
client_01134,"ESSILORLUXOTTICA (FKA ESSILOR OF AMERICA, INC.)",50,50,62,Other / Multi-sector
client_01135,GOTENNA,8,8,62,Other / Multi-sector
client_01136,"PERNOD RICARD USA., LLC",24,24,91,Other / Multi-sector
client_01137,RESTAURANT BRANDS INTERNATIONAL INC (RBI),24,24,62,Other / Multi-sector
client_01138,RSM,106,106,62,Other / Multi-sector
client_01139,"CLEAN AIR TASK FORCE, INC.",17,17,1307,Other / Multi-sector
client_01140,"MGM PUBLIC POLICY, LLC",242,242,62,Other / Multi-sector / Energy & Environment
client_01141,"DJI TECHNOLOGY, INC.",5,5,62,Other / Multi-sector
client_01142,ELECTROLUX NORTH AMERICA,45,45,62,Other / Multi-sector
client_01143,THE UNIVERSITY OF TEXAS SYSTEM,0,0,62,Other / Multi-sector
client_01144,VANDERBILT UNIVERSITY,21,21,603,Other / Multi-sector / Education & Research
client_01145,ALASKA RAILROAD CORP,233,233,62,Other / Multi-sector / Transportation & Auto
client_01146,AMAZON.COM,269,269,62,Other / Multi-sector
client_01148,ARCH CAPITAL GROUP (U.S.) INC.,59,59,62,Other / Multi-sector / Real Estate & Construction
client_01149,AUTONOMOUS VEHICLE INDUSTRY ASSOCIATION,300,300,62,Transportation & Auto / Other / Multi-sector
client_01150,NAVIGATOR CO2 VENTURES LLC,61,61,62,Other / Multi-sector
client_01151,PGA TOUR,34,34,62,Other / Multi-sector
client_01152,"SOLV ENERGY, LLC",102,102,62,Other / Multi-sector / Energy & Environment
client_01153,CALIFORNIA MEDICAL ASSOCIATION INC,21,21,601,Other / Multi-sector / Education & Research
client_01154,CAMECO CORPORATION,78,78,438,Other / Multi-sector / Energy & Environment
client_01155,VISTRA CORPORATE SERVICES COMPANY,23,23,62,Other / Multi-sector / Energy & Environment
client_01156,"VOYAGER SPACE HOLDINGS, INC.",5,5,38,Other / Multi-sector
client_01157,BIOCOM,241,241,399,Other / Multi-sector
client_01158,ALLIANCE FOR HOME DIALYSIS,62,62,603,Healthcare & Pharma / Other / Multi-sector
client_01159,AMERICAN ACADEMY OF PHYSICIAN ASSOCIATES,216,216,438,Other / Multi-sector / Healthcare & Pharma
client_01160,AMERICAN ASSOCIATION OF TISSUE BANKS,216,216,62,Other / Multi-sector / Healthcare & Pharma
client_01161,"ASG RESOLUTION CAPITAL, JSC ON BEHALF OF ERNESTS BERNIS",111,111,0,Other / Multi-sector / Finance & Banking
client_01162,"CENCORA, INC.",339,339,62,Other / Multi-sector
client_01164,COMMONWEALTH LNG,78,78,62,Other / Multi-sector / Energy & Environment
client_01165,EXPERIAN NORTH AMERICA,195,195,112,Other / Multi-sector / Finance & Banking
client_01166,FEDERAL HOME LOAN BANK OF NEW YORK,111,111,745,Other / Multi-sector / Finance & Banking
client_01167,NATIONAL FRATERNAL ORDER OF POLICE,21,21,1729,Other / Multi-sector / Education & Research
client_01168,PASCUA YAQUI TRIBE,17,17,1029,Other / Multi-sector
client_01169,PHRMA INC.,239,239,62,Other / Multi-sector / Healthcare & Pharma
client_01170,SEAFARERS INTERNATIONAL UNION OF N.A. - AGLIW,151,151,1480,Other / Multi-sector
client_01171,FUJIFILM HOLDINGS AMERICA CORPORATION,183,183,62,Other / Multi-sector / Healthcare & Pharma
client_01172,BRIDGESTONE AMERICAS HOLDING INC,340,340,62,Other / Multi-sector / Government & Nonprofit
client_01173,NEWS MEDIA ALLIANCE,30,30,79,Other / Multi-sector
client_01174,COMPETE AMERICA,74,74,62,Other / Multi-sector
client_01175,GLOBAL BUSINESS TRAVEL ASSOCIATION,230,230,62,Legal & Lobbying / Government & Nonprofit
client_01176,ISLAND MOUNTAIN DEVELOPMENT GROUP (IMDG),17,17,62,Other / Multi-sector
client_01177,AIG,195,195,62,Other / Multi-sector / Finance & Banking
client_01178,EAGLEPICHER TECHNOLOGIES LLC,322,322,79,Other / Multi-sector
client_01179,NATIONAL ASSOCIATION OF FREESTANDING EMERGENCY CENTERS (NAFEC),100,100,62,Other / Multi-sector / Healthcare & Pharma
client_01180,THE UNIVERSITY OF TENNESSEE,20,20,963,Other / Multi-sector / Education & Research
client_01181,SEATTLE CHILDREN'S HOSPITAL RESEARCH AND FOUNDATION,100,100,62,Other / Multi-sector / Healthcare & Pharma
client_01182,TACOMA PUBLIC UTILITIES,34,34,1963,Other / Multi-sector
client_01183,ALLSTATE INSURANCE COMPANY,341,341,438,Other / Multi-sector
client_01184,AMERICAN RESORT DEVELOPMENT ASSOCIATION,4,4,62,Other / Multi-sector
client_01186,MEDELA LLC,216,216,62,Other / Multi-sector / Healthcare & Pharma
client_01187,"AMERICAN FLOOD COALITION ACTION, INC.",342,342,1156,Energy & Environment / Other / Multi-sector
client_01188,ARCTIC SLOPE REGIONAL CORPORATION,0,0,62,Other / Multi-sector
client_01190,EXPERIAN INC,195,195,62,Other / Multi-sector / Finance & Banking
client_01191,FITBIT LLC,14,14,62,Other / Multi-sector
client_01192,"GUARDING AGAINST PANDEMICS, INC.",49,49,1238,Other / Multi-sector / Healthcare & Pharma
client_01193,JBS USA FOOD COMPANY,80,80,62,Other / Multi-sector
client_01194,PHARMACEUTICAL CARE MANAGEMENT ASSOCIATION (PCMA),239,239,62,Other / Multi-sector / Healthcare & Pharma
client_01195,FEDERAL AGRICULTURAL MORTGAGE CORPORATION,120,120,285,Other / Multi-sector / Energy & Environment
client_01196,"ALTICOR, INC.",108,108,62,Other / Multi-sector / Government & Nonprofit
client_01197,AM GENERAL CORPORATION,8,8,62,Other / Multi-sector
client_01198,"ARES MANAGEMENT, FORMERLY REPORTED AS, ARES MANAGEMENT LLC",24,24,62,Other / Multi-sector
client_01199,DOMINO'S NATIONAL ADVERTISING FUND INC,229,229,2051,Other / Multi-sector
client_01200,EXPERIMENTAL AIRCRAFT ASSOCIATION INC,149,149,438,Technology & Telecom / Other / Multi-sector
client_01201,FARMERS EDUCATIONAL COOPERATIVE UNION OF AMERICA,192,192,285,Other / Multi-sector / Agriculture & Food
client_01202,KING COUNTY,298,298,172,Other / Multi-sector
client_01203,LS POWER,57,57,62,Other / Multi-sector / Energy & Environment
client_01204,MATRIX DESIGN GROUP ON BEHALF OF THE VIRGINIA SEC. OF VETERANS & DEFENSE AFFAIRS,8,8,988,Other / Multi-sector
client_01205,MORGAN STANLEY DEAN WITTER & COMPANY,34,34,62,Other / Multi-sector
client_01206,SNAC INTERNATIONAL,6,6,62,Other / Multi-sector
client_01207,SPARTANBURG REGIONAL HEALTHCARE SYSTEM,216,216,62,Other / Multi-sector / Healthcare & Pharma
client_01208,TEXAS ASSOCIATION FOR HOME CARE & HOSPICE,62,62,62,Healthcare & Pharma / Other / Multi-sector
client_01209,VALERO ENERGY,14,14,62,Other / Multi-sector
client_01210,NATIONAL RIGHT LIFE COMMITTEE,183,183,542,Other / Multi-sector / Healthcare & Pharma
client_01212,BROWN UNIVERSITY,261,261,62,Other / Multi-sector
client_01213,"CHEVRON U.S.A., INC.",322,322,62,Other / Multi-sector
client_01214,COLORADO STATE UNIVERSITY FOUNDATION,20,20,778,Other / Multi-sector / Education & Research
client_01215,DENVER REGIONAL TRANSPORTATION DISTRICT,233,233,542,Other / Multi-sector / Transportation & Auto
client_01216,AMNESTY INTERNATIONAL OF THE USA INC,8,8,1074,Other / Multi-sector
client_01217,ASSOCIATION OF ORGAN PROCUREMENT ORGANIZATIONS,100,100,62,Other / Multi-sector / Healthcare & Pharma
client_01218,"CERES, INC.",316,316,62,Other / Multi-sector
client_01219,"GILEAD SCIENCES, INC.",49,49,62,Other / Multi-sector / Healthcare & Pharma
client_01220,"GOVERNOR'S DEFENSE INITIATIVE, GEORGIA DEPT. OF ECONOMIC DEVELOPMENT",5,5,2152,Other / Multi-sector
client_01221,SHINGLE SPRINGS RANCHERIA,30,30,66,Other / Multi-sector
client_01222,US GUATEMALA BUSINESS COUNCIL,106,106,542,Other / Multi-sector
client_01223,ZOCDOC,216,216,62,Other / Multi-sector / Healthcare & Pharma
client_01225,AMERICAN PACIFIC,5,5,62,Other / Multi-sector
client_01226,AMERICAN RETIREMENT ASSOCIATION (FORMERLY ASPPA),104,104,62,Other / Multi-sector / Healthcare & Pharma
client_01227,KOHLBERG KRAVIS ROBERTS & COMPANY,102,102,62,Other / Multi-sector / Energy & Environment
client_01229,"MANAGEMENT HEALTH SYSTEMS, LLC (D/B/A MEDPRO)",283,283,62,Other / Multi-sector
client_01230,MUSCOGEE CREEK NATION,58,58,66,Other / Multi-sector
client_01231,NATIONAL ASSOCIATION OF RURAL HEALTH CLINICS,100,100,1090,Other / Multi-sector / Healthcare & Pharma
client_01232,NORD STREAM 2 AG,45,45,62,Other / Multi-sector
client_01233,STARKIST CO,14,14,62,Other / Multi-sector
client_01234,THE PATRIOTIC MILLIONAIRES LLC,21,21,2208,Other / Multi-sector / Education & Research
client_01235,"THE VUCCI LAW GROUP, P.A.",25,25,2174,Other / Multi-sector
client_01236,OHIO FARM BUREAU FEDERATION,192,192,425,Other / Multi-sector / Agriculture & Food
client_01237,HERMEUS CORP.,72,72,195,Other / Multi-sector
client_01238,ABBVIE,34,34,62,Other / Multi-sector
client_01239,CENTRIENT PHARMACEUTICALS LLC,220,220,62,Other / Multi-sector
client_01240,CEO ADVISORS,218,218,62,Legal & Lobbying / Energy & Environment
client_01241,COIN CENTER INC.,4,4,412,Other / Multi-sector
client_01242,DELTA AIRLINES,113,113,62,Other / Multi-sector
client_01243,HYUNDAI STEEL COMPANY,106,106,62,Other / Multi-sector
client_01244,KUCOIN,195,195,928,Other / Multi-sector / Finance & Banking
client_01245,NATIONAL ASSOCIATION OF REAL ESTATE INVESTMENT TRUSTS,109,109,62,Other / Multi-sector
client_01246,NATIONAL ELECTRICAL MANUFACTURERS ASSOCIATION (MITA),169,169,62,Other / Multi-sector / Healthcare & Pharma
client_01247,RSM US LLP (FORMERLY KNOWN AS MCGLADREY LLP),32,32,112,Other / Multi-sector / Legal & Lobbying
client_01248,V2X,8,8,1776,Other / Multi-sector
client_01249,ACHIEVE,4,4,404,Other / Multi-sector
client_01250,THE NATIONAL ALLIANCE FOR EYE AND VISION RESEARCH,35,35,2239,Other / Multi-sector / Healthcare & Pharma
client_01251,DRUMMOND COMPANY INC.,6,6,1483,Other / Multi-sector
client_01252,COMMUNITY BANKERS ASSOCIATION OF ILLINOIS,253,253,111,Other / Multi-sector
client_01253,CURE SMA,183,183,255,Other / Multi-sector / Healthcare & Pharma
client_01254,"ENERGY TRANSFER PARTNERS, L.P.",336,336,62,Energy & Environment / Other / Multi-sector
client_01255,SANOFI US SERVICES INC (FORMERLY KNOWN AS GENZYME CORPORATION),169,169,62,Other / Multi-sector / Healthcare & Pharma
client_01256,NATIONWIDE CHILDREN'S HOSPITAL INC,169,169,2083,Other / Multi-sector / Healthcare & Pharma
client_01257,"DIGESTIVE HEALTH PHYSICIANS ASSOCIATION, INC.",62,62,62,Healthcare & Pharma / Other / Multi-sector
client_01258,DTEK INTERNATIONAL LIMITED,78,78,542,Other / Multi-sector / Energy & Environment
client_01259,ENVIRI F/K/A HARSCO CORPORATION,61,61,542,Other / Multi-sector
client_01260,FOOD AND AGRICULTURE CLIMATE ALLIANCE,17,17,62,Other / Multi-sector
client_01261,HNTB CORPORATION,36,36,542,Other / Multi-sector
client_01262,"IGM BIOSCIENCES, INC.",60,60,676,Other / Multi-sector / Healthcare & Pharma
client_01263,"NASDAQ OMX GROUP (FORMERLY ""THE NASDAQ STOCK MARKET"")",109,109,62,Other / Multi-sector
client_01264,NATIONAL CABLE & TELECOMMUNICATIONS ASSOCIATION,41,41,62,Other / Multi-sector
client_01265,NRG ENERGY,79,79,12,Other / Multi-sector
client_01266,THE MEDICAL DEVICE COMPETITIVENESS COALITION,34,34,62,Other / Multi-sector
client_01267,NATIONAL CANNABIS ROUNDTABLE,155,155,62,Other / Multi-sector
client_01268,FINANCIAL INNOVATION NOW,195,195,62,Other / Multi-sector / Finance & Banking
client_01269,FIRSTENERGY SERVICE COMPANY,70,70,62,Other / Multi-sector / Energy & Environment
client_01272,PROFESSIONAL BACKGROUND SCREENERS ASSOCIATION,24,24,62,Other / Multi-sector
client_01273,SHIPPERS COALITION,36,36,603,Other / Multi-sector
client_01274,LOYOLA UNIVERSITY CHICAGO,145,145,80,Other / Multi-sector / Education & Research
client_01275,"AMAZON.COM, INC.",246,246,62,Technology & Telecom / Legal & Lobbying
client_01276,ATHENE USA,195,195,62,Other / Multi-sector / Finance & Banking
client_01277,"BOOM TECHNOLOGY, INC.",149,149,62,Technology & Telecom / Other / Multi-sector
client_01278,INDEPENDENT PILOTS ASSOCIATION,54,54,62,Other / Multi-sector / Government & Nonprofit
client_01279,MAMMOTH ENERGY SERVICES INC,78,78,62,Other / Multi-sector / Energy & Environment
client_01280,PECHANGA BAND OF LUISENO MISSION INDIANS,30,30,66,Other / Multi-sector
client_01281,PILOT TRAVEL CENTERS LLC (F/K/A PILOT FLYING J),120,120,1360,Other / Multi-sector / Energy & Environment
client_01282,"TOTALENERGIES WASHINGTON OFFICE, F/K/A TOTAL WASHINGTON, DC REPRESENTATIVE OFFIC",48,48,79,Other / Multi-sector
client_01283,TWIN METALS MINNESOTA LLC,17,17,62,Other / Multi-sector
client_01284,ASSN. OF STATE AND TERRITORIAL HEALTH OFFICIALS,85,85,2326,Other / Multi-sector / Healthcare & Pharma
client_01285,NATIONAL ASSOCIATION OF SPINE SPECIALISTS,169,169,2137,Other / Multi-sector / Healthcare & Pharma
client_01286,FEDEX CORPORATION,43,43,111,Other / Multi-sector
client_01287,FOUNDATION MEDICINE,239,239,62,Other / Multi-sector / Healthcare & Pharma
client_01288,KIDNEY CARE PARTNERS,62,62,62,Healthcare & Pharma / Other / Multi-sector
client_01289,"OAK VIEW GROUP, LLC",24,24,62,Other / Multi-sector
client_01290,ORANGE COUNTY TRANSPORTATION AUTHORITY,233,233,542,Other / Multi-sector / Transportation & Auto
client_01291,PLAINS ALL AMERICAN GP LLC,181,181,55,Other / Multi-sector / Energy & Environment
client_01292,UNIVERSITY OF IOWA,145,145,438,Other / Multi-sector / Education & Research
client_01293,UNIVERSITY OF WISCONSIN MEDICAL FOUNDATION/UW HEALTH,216,216,603,Other / Multi-sector / Healthcare & Pharma
client_01294,SMURFIT WESTROCK(FKA WESTROCK),115,115,62,Other / Multi-sector
client_01295,PET FOOD INSTITUTE,343,343,62,Other / Multi-sector
client_01296,ALTERNATIVE & DIRECT INVESTMENT SECURITIES ASSOCIATION,215,215,1241,Other / Multi-sector
client_01297,ALIGNING FOR HEALTH,216,216,392,Other / Multi-sector / Healthcare & Pharma
client_01298,AIR AND SPACE FORCES ASSOCIATION (F/K/A AIR FORCE ASSOCIATION),8,8,1713,Other / Multi-sector
client_01299,AIRBNB,41,41,62,Other / Multi-sector
client_01300,AMERICAN HONEY PRODUCERS ASSOCIATION,165,165,62,Other / Multi-sector / Government & Nonprofit
client_01301,APOLLO MANAGEMENT LP,4,4,62,Other / Multi-sector
client_01302,COWEN GROUP,111,111,1743,Other / Multi-sector / Finance & Banking
client_01303,NATIONAL COALITION FOR ACCESS TO AUTISM SERVICES (NCAAS),35,35,62,Other / Multi-sector / Healthcare & Pharma
client_01304,NORTHEAST ILLINOIS REGIONAL COMMUTER RAILROAD CORPORATION,27,27,951,Other / Multi-sector
client_01305,SONOVA USA INC.,183,183,2274,Other / Multi-sector / Healthcare & Pharma
client_01307,B&H FOTO & ELECTRONICS CORP,43,43,1837,Other / Multi-sector
client_01308,CIGAR RIGHTS OF AMERICA,123,123,62,Other / Multi-sector
client_01309,CLIMATE INNOVATION ACTION,115,115,62,Other / Multi-sector
client_01310,"COEUR MINING, INC.",17,17,547,Other / Multi-sector
client_01311,"ONEMAIN FINANCIAL GROUP, LLC",4,4,62,Other / Multi-sector
client_01312,"QEP RESOURCES, INC.",57,57,895,Other / Multi-sector / Energy & Environment
client_01313,ALLIANCE FOR PHYSICAL THERAPY QUALITY AND INNOVATION,62,62,438,Healthcare & Pharma / Other / Multi-sector
client_01314,AMERICAN SOCIETY OF ADDICTION MEDICINE,100,100,438,Other / Multi-sector / Healthcare & Pharma
client_01315,AIDS HEALTHCARE FOUNDATION,110,110,582,Other / Multi-sector / Healthcare & Pharma
client_01316,AMERICAN COLLEGE OF SURGEONS,216,216,438,Other / Multi-sector / Healthcare & Pharma
client_01317,"AMERICAN FINANCIAL GROUP, INC.",221,221,62,Other / Multi-sector
client_01318,AMT - THE ASSOCIATION FOR MANUFACTURING TECHNOLOGY,113,113,2109,Other / Multi-sector
client_01319,ARCHER AVIATION INC.,27,27,62,Other / Multi-sector
client_01320,BOSTON MEDICAL CENTER,62,62,12,Healthcare & Pharma / Other / Multi-sector
client_01321,CALIFORNIA RICE COMMISSION,80,80,62,Other / Multi-sector
client_01322,CELLEBRITE INC.,2,2,62,Other / Multi-sector
client_01323,CITADEL LLC,34,34,62,Other / Multi-sector
client_01324,"CME GROUP, INC.",41,41,62,Other / Multi-sector
client_01325,DISCOVERY COMMUNICATIONS,34,34,62,Other / Multi-sector
client_01326,EMBRAER EMPRESA BRASILEIRA DE AERONAUTICA S.A.,152,152,62,Other / Multi-sector
client_01327,FRANKLIN TEMPLETON INVESTMENTS,34,34,62,Other / Multi-sector
client_01328,GRANITE TELECOMMUNICATIONS,95,95,62,Other / Multi-sector
client_01329,"GREAT BASIN TRANSMISSION, LLC",78,78,62,Other / Multi-sector / Energy & Environment
client_01330,HUDSON RIVER TRADING LLC,195,195,62,Other / Multi-sector / Finance & Banking
client_01331,"HUNTINGTON INGALLS INDUSTRIES, INC. (FKA HUNTINGTON INGALLS INCORPORATED)",5,5,62,Other / Multi-sector
client_01332,KLEINER PERKINS CAUFIELD & BYERS,23,23,62,Other / Multi-sector / Energy & Environment
client_01333,KRATOS DEFENSE & SECURITY SOLUTIONS,5,5,62,Other / Multi-sector
client_01334,KURDISTAN REGIONAL GOVERNMENT,198,198,62,Other / Multi-sector
client_01335,LARGE UROLOGY GROUP PRACTICE ASSOCIATION (LUGPA),62,62,62,Healthcare & Pharma / Other / Multi-sector
client_01336,MARITIME INSTITUTE FOR RESEARCH AND INDUSTRIAL DEVELOPMENT,151,151,870,Other / Multi-sector
client_01337,MCKESSON CORPATION AND ITS AFFILIATE US ONCOLOGY (FORMERLY US ONCOLOGY),239,239,62,Other / Multi-sector / Healthcare & Pharma
client_01338,MOLSON COORS BEVERAGE COMPANY USA LLC (FORMERLY KNOWN AS MILLERCOORS LLC),229,229,62,Other / Multi-sector
client_01339,OUTSOURCING FACILITIES ASSOCIATION,216,216,62,Other / Multi-sector / Healthcare & Pharma
client_01340,PWC US GROUP LLP (FORMERLY PRICEWATERHOUSECOOPERS LLP),344,344,62,Legal & Lobbying / Other / Multi-sector
client_01341,"RED BULL NORTH AMERICA, INC.",340,340,62,Other / Multi-sector / Government & Nonprofit
client_01342,RTX CORPORATION (FKA RAYTHEON TECHNOLOGIES CORPORATION AND AFFILIATES),34,34,62,Other / Multi-sector
client_01343,SAFARI CLUB INTERNATIONAL,7,7,62,Other / Multi-sector
client_01344,"SECRETARY OF STATE, STATE OF DELAWARE",315,315,62,Other / Multi-sector
client_01345,SOUTHERN COMPANY,197,197,438,Other / Multi-sector
client_01346,SUMITOMO CORPORATION OF AMERICAS,229,229,62,Other / Multi-sector
client_01347,"SUN PHARMACEUTICAL INDUSTRIES, INC.",60,60,62,Other / Multi-sector / Healthcare & Pharma
client_01348,"SWIFT, INC.",229,229,62,Other / Multi-sector
client_01349,THE BUILDSTRONG COALITION,202,202,62,Other / Multi-sector / Energy & Environment
client_01350,"THE VANGUARD GROUP, INC.",4,4,62,Other / Multi-sector
client_01351,UNIVERSITY OF KANSAS,21,21,62,Other / Multi-sector / Education & Research
client_01352,UNITYPOINT HEALTH (FORMERLY KNOWN AS: IOWA HEALTH SYSTEM),62,62,936,Healthcare & Pharma / Other / Multi-sector
client_01353,ARTHUR J. GALLAGHER & CO.,24,24,62,Other / Multi-sector
client_01354,NATIONAL GRAIN AND FEED ASSOCIATION,229,229,285,Other / Multi-sector
client_01356,"BREWER SCIENCE, INC.",261,261,62,Other / Multi-sector
client_01357,CENTRAL ARIZONA WATER CONSERVATION DISTRICT (CAWCD),17,17,62,Other / Multi-sector
client_01358,HISTORIC TAX CREDIT COALITION,34,34,62,Other / Multi-sector
client_01359,HUDSON TECHNOLOGIES,14,14,62,Other / Multi-sector
client_01360,MITSUBISHI ELECTRIC US INC,288,288,2149,Other / Multi-sector / Energy & Environment
client_01361,NATIONAL COUNCIL FOR MENTAL WELLBEING FKA NATIONAL COUNCIL FOR BEHAVIORAL HEALTH,62,62,239,Healthcare & Pharma / Other / Multi-sector
client_01362,NEW YORK LIFE,19,19,62,Other / Multi-sector
client_01363,THE SENECA NATION OF INDIANS,19,19,66,Other / Multi-sector
client_01364,TRGROUP (ALSO DOING BUSINESS AS ACT - ALLIANCE FOR COMPETITIVE TAXATION),34,34,62,Other / Multi-sector
client_01365,FEDERATION FOR AMERICAN IMMIGRATION REFORM,74,74,2281,Other / Multi-sector
client_01366,FINANCIAL OVERSIGHT AND MANAGEMENT BOARD FOR PUERTO RICO,100,100,62,Other / Multi-sector / Healthcare & Pharma
client_01367,ARIANESPACE INC,152,152,2183,Other / Multi-sector
client_01368,BRAEBURN INC FORMERLY KNOWN AS BRAEBURN PHARMACEUTICALS INC,239,239,1310,Other / Multi-sector / Healthcare & Pharma
client_01369,DECISION SCIENCES INTERNATIONAL CORP,72,72,62,Other / Multi-sector
client_01370,NATIONAL ASSOCIATION OF DENTAL PLANS,169,169,1938,Other / Multi-sector / Healthcare & Pharma
client_01371,"ORMAT NEVADA, INC.",23,23,111,Other / Multi-sector / Energy & Environment
client_01372,THE ROTARY FOUNDATION OF ROTARY INTERNATIONAL,49,49,62,Other / Multi-sector / Healthcare & Pharma
client_01373,URANIUM PRODUCERS OF AMERICA,78,78,62,Other / Multi-sector / Energy & Environment
client_01374,WEYERHAEUSER CO,270,270,62,Other / Multi-sector / Education & Research
client_01375,OHIO MUNICIPAL ELECTRIC ASSOCIATION,96,96,1211,Other / Multi-sector / Energy & Environment
client_01376,"FENIX INTERNATIONAL, LTD.",186,186,62,Other / Multi-sector
client_01377,"ACCOUNTABLE FOR HEALTH, INC.",62,62,2205,Healthcare & Pharma / Other / Multi-sector
client_01378,"AIR TRACTOR, INC.",134,134,988,Other / Multi-sector
client_01379,BLUE CROSS BLUE SHIELD OF MASSACHUSETTS,62,62,62,Healthcare & Pharma / Other / Multi-sector
client_01380,CONTRA COSTA WATER DISTRICT,7,7,62,Other / Multi-sector
client_01381,GEOTHERMAL EXCHANGE ORGANIZATION,79,79,62,Other / Multi-sector
client_01382,GLAXOSMITHKLINE,216,216,62,Other / Multi-sector / Healthcare & Pharma
client_01383,"KELLOGG, BROWN AND ROOT (KBR)",72,72,1423,Other / Multi-sector
client_01384,LONGEVITY HEALTH PLAN,100,100,62,Other / Multi-sector / Healthcare & Pharma
client_01386,NATIXIS IM,4,4,79,Other / Multi-sector
client_01387,"TE CONNECTIVITY, INC.",109,109,62,Other / Multi-sector
client_01388,VIETNAM VETERANS OF AMERICA,295,295,79,Other / Multi-sector / Technology & Telecom
client_01389,WESTERN ALLIANCE BANCORPORATION,4,4,2091,Other / Multi-sector
client_01390,NATIONAL AUTOMATIC MERCHANDISING ASSOCIATION,241,241,79,Other / Multi-sector
client_01391,AMERICAN SOCIETY OF LANDSCAPE ARCHITECTS,124,124,1604,Other / Multi-sector / Legal & Lobbying
client_01392,"PENSKE TRUCK LEASING COMPANY, L.P.",195,195,62,Other / Multi-sector / Finance & Banking
client_01393,BAY AREA RAPID TRANSIT DISTRICT,15,15,62,Other / Multi-sector
client_01394,DAYTON DEVELOPMENT COALITION,196,196,171,Other / Multi-sector
client_01395,GBX ASSOCIATES LLC,34,34,62,Other / Multi-sector
client_01396,HYUNDAI MOTOR COMPANY,109,109,62,Other / Multi-sector
client_01397,IONQ INC.,8,8,62,Other / Multi-sector
client_01398,"LOCKTON MANAGEMENT, LLC",216,216,62,Other / Multi-sector / Healthcare & Pharma
client_01399,"NATIONAL CABLE AND TELECOMMUNICATIONS ASSOCIATION (""NCTA"")",4,4,62,Other / Multi-sector
client_01400,NATURAL GAS SUPPLY ASSN,102,102,62,Other / Multi-sector / Energy & Environment
client_01401,VIZIENT INC,239,239,62,Other / Multi-sector / Healthcare & Pharma
client_01402,SAGINAW CHIPPEWA INDIAN TRIBE OF MICHIGAN,30,30,66,Other / Multi-sector
client_01403,OREGON HEALTH & SCIENCE UNIVERSITY,169,169,62,Other / Multi-sector / Healthcare & Pharma
client_01404,THE UNIVERSITY OF CHICAGO MEDICAL CENTER,216,216,62,Other / Multi-sector / Healthcare & Pharma
client_01405,AMALGAMATED TRANSIT UNION,21,21,542,Other / Multi-sector / Education & Research
client_01406,MERLIN LABS,5,5,62,Other / Multi-sector
client_01407,"TALLGRASS ENERGY PARTNERS, LP",181,181,62,Other / Multi-sector / Energy & Environment
client_01408,MEDISYS HEALTH NETWORK,49,49,62,Other / Multi-sector / Healthcare & Pharma
client_01409,NORTH AMERICAN EQUIPMENT DEALERS ASSOCIATION (FORMERLY KNOWN AS EQUIPMENT DEALER,203,203,608,Other / Multi-sector
client_01410,WINDOW AND DOOR MANUFACTURERS ASSOCIATION,102,102,1528,Other / Multi-sector / Energy & Environment
client_01412,ASSOCIATION FOR MATERIALS PROTECTION AND PERFORMANCE (AMPP),161,161,62,Other / Multi-sector / Transportation & Auto
client_01413,"CITY OF SEATTLE, WA",15,15,62,Other / Multi-sector
client_01414,CONTINUING MEDICAL EDUCATION COALITION,216,216,62,Other / Multi-sector / Healthcare & Pharma
client_01415,ECMC SHARED SERVICES CO. OBO ECMC,25,25,2042,Other / Multi-sector
client_01416,EPIC SYSTEMS CORPORATION,100,100,62,Other / Multi-sector / Healthcare & Pharma
client_01417,LVMH MOET HENNESSY LOUIS VUITTON INC.,108,108,62,Other / Multi-sector / Government & Nonprofit
client_01418,NUTRIEN US LLC,165,165,62,Other / Multi-sector / Government & Nonprofit
client_01420,"SIEMENS HEALTHINEERS (FKA VARIAN MEDICAL SYSTEMS, INC.)",183,183,62,Other / Multi-sector / Healthcare & Pharma
client_01421,TAXBIT,30,30,1492,Other / Multi-sector
client_01422,"DIRECTORS GUILD OF AMERICA, INC.",30,30,62,Other / Multi-sector
client_01423,TC ENERGY,78,78,62,Other / Multi-sector / Energy & Environment
client_01424,AMEDISYS HOME HEALTH AND HOSPICE CARE,62,62,62,Healthcare & Pharma / Other / Multi-sector
client_01425,BIO-RAD LABORATORIES,35,35,62,Other / Multi-sector / Healthcare & Pharma
client_01426,CARLYLE INVESTMENT MANAGEMENT,117,117,62,Other / Multi-sector / Healthcare & Pharma
client_01427,"H&R BLOCK MANAGEMENT, LLC",126,126,62,Other / Multi-sector
client_01428,MUSKET CORPORATION,78,78,62,Other / Multi-sector / Energy & Environment
client_01429,NIDEC AMERICAS HOLDING CORPORATION,288,288,62,Other / Multi-sector / Energy & Environment
client_01430,TEXAS HOSPITAL ASSOCIATION,62,62,1179,Healthcare & Pharma / Other / Multi-sector
client_01431,ZTE USA,45,45,62,Other / Multi-sector
client_01432,NAMMO INC.,5,5,770,Other / Multi-sector
client_01433,ACTE,21,21,851,Other / Multi-sector / Education & Research
client_01434,ALLIANCE FOR PHARMACY COMPOUNDING,49,49,62,Other / Multi-sector / Healthcare & Pharma
client_01435,AMERICAN ASSOCIATION OF ORAL AND MAXILLOFACIAL SURGEONS,94,94,1119,Other / Multi-sector
client_01436,AMERICAN UNIVERSITY OF BEIRUT,67,67,2256,Other / Multi-sector
client_01437,CVS PREVIOUSLY AETNA,117,117,62,Other / Multi-sector / Healthcare & Pharma
client_01439,HARTFORD FINANCIAL SERVICES GROUP,24,24,62,Other / Multi-sector
client_01440,"KIOXIA AMERICA, INC.",45,45,62,Other / Multi-sector
client_01441,"MIZUHO BANK, LTD.",102,102,938,Other / Multi-sector / Energy & Environment
client_01442,NATIONAL ASSN OF BROADCASTERS,30,30,62,Other / Multi-sector
client_01444,UNIVERSITY OF LOUISVILLE,0,0,62,Other / Multi-sector
client_01445,NATIONAL CHILDREN'S ALLIANCE,138,138,62,Other / Multi-sector
client_01446,"OVINTIV, INC. (FKA ENCANA OIL AND GAS (USA), INC.)",48,48,62,Other / Multi-sector
client_01447,ASSOCIATION OF ACCESSIBLE MEDICINES (FORMERLY KNOWN AS GPHA),45,45,62,Other / Multi-sector
client_01448,EASTERN BAND OF CHEROKEE INDIANS,58,58,542,Other / Multi-sector
client_01449,"ELECTION SYSTEMS & SOFTWARE, LLC",74,74,62,Other / Multi-sector
client_01450,EQUITABLE HOLDINGS (FORMERLY KNOW AS AXA FINANCIAL/EQUITABLE LIFE ASSURANCE,30,30,62,Other / Multi-sector
client_01451,"SOLUGEN, INC.",5,5,62,Other / Multi-sector
client_01452,WESTLAKE CHEMICAL PARTNERS LP,34,34,62,Other / Multi-sector
client_01453,SOUTH COAST AIR QUALITY MANAGEMENT DISTRICT,27,27,62,Other / Multi-sector
client_01454,INTERNATIONAL ALLIANCE OF THEATRICAL STAGE EMPLOYEES,188,188,459,Other / Multi-sector / Education & Research
client_01455,SAAB,8,8,62,Other / Multi-sector
client_01456,AON SERVICE CORPORATION (FKA AON HEWITT),24,24,62,Other / Multi-sector
client_01457,BEST BUY CO. INC.,41,41,62,Other / Multi-sector
client_01458,"CJ AMERICA, INC.",45,45,62,Other / Multi-sector
client_01459,DYNAVAX TECHNOLOGIES CORP.,216,216,1486,Other / Multi-sector / Healthcare & Pharma
client_01460,LEVI STRAUSS & COMPANY,109,109,62,Other / Multi-sector
client_01461,NATIONAL SCHOOL TRANSPORTATION ASSOCIATION,41,41,62,Other / Multi-sector
client_01462,THE ADVERTISING COALITION,34,34,62,Other / Multi-sector
client_01463,CALIFORNIA ASSOCIATION OF REALTORS,30,30,995,Other / Multi-sector
client_01464,"INDIANA FARM BUREAU, INC.",192,192,1541,Other / Multi-sector / Agriculture & Food
client_01465,OVATION LLC,273,273,62,Other / Multi-sector
client_01466,BLOOD CANCER UNITED (FORMERLY REPORTED ASTHE LEUKEMIA AND LYMPHOMA SOCIETY),169,169,62,Other / Multi-sector / Healthcare & Pharma
client_01467,CENTER FOR PROCUREMENT ADVOCACY,5,5,1172,Other / Multi-sector
client_01468,COALITION OF SEMICONDUCTOR EQUIPMENT MANUFACTURERS,45,45,62,Other / Multi-sector
client_01469,DEL MONTE FRESH PRODUCE COMPANY,253,253,62,Other / Multi-sector
client_01471,GSO CAPITAL PARTNERS,195,195,62,Other / Multi-sector / Finance & Banking
client_01472,NATIONAL FOOTBALL LEAGUE,345,345,62,Other / Multi-sector / Transportation & Auto
client_01473,PARAMOUNT SKYDANCE CORPORATION (FKA PARAMOUNT GLOBAL),34,34,79,Other / Multi-sector
client_01474,TAXPAYERS AGAINST FRAUD,24,24,62,Other / Multi-sector
client_01476,COALITION FOR THE 21ST CENTURY,62,62,62,Healthcare & Pharma / Other / Multi-sector
client_01477,OGLETHORPE POWER CORPORATION,78,78,579,Other / Multi-sector / Energy & Environment
client_01478,"BECHTEL NATIONAL, INC.",322,322,62,Other / Multi-sector
client_01479,BORDER TRADE ALLIANCE,269,269,76,Other / Multi-sector
client_01480,CALIFORNIA SCHOOLS VOLUNTARY EMPLOYEE BENEFITS ASSOC. (VEBA),216,216,62,Other / Multi-sector / Healthcare & Pharma
client_01481,CONAFAY GROUP ON BEHALF OF ANTIBIOTICS WORKING GROUP,216,216,62,Other / Multi-sector / Healthcare & Pharma
client_01482,"ELUSYS THERAPEUTICS INC FKA NIGHTHAWK BIOSCIENCES, INC.",85,85,1957,Other / Multi-sector / Healthcare & Pharma
client_01483,"KARL STORZ ENDOSCOPY - AMERICA, INC",216,216,62,Other / Multi-sector / Healthcare & Pharma
client_01484,LIBERTY MUTUAL (FORMERLY KNOWN AS AKIN GUMP ON BEHALF OF LIBERTY MUTUAL),124,124,1266,Other / Multi-sector / Legal & Lobbying
client_01485,NATIONAL LIFELINE ASSOCIATION,95,95,62,Other / Multi-sector
client_01486,"PORT OF HOUSTON AUTHORITY OF HARRIS COUNTY, TEXAS",65,65,62,Other / Multi-sector / Transportation & Auto
client_01487,SALESFORCE.COM INC.,25,25,62,Other / Multi-sector
client_01488,SILICON VALLEY TAX DIRECTORS GROUP,34,34,62,Other / Multi-sector
client_01489,TC ENERGY CORPORATION,78,78,62,Other / Multi-sector / Energy & Environment
client_01490,SENTRY INSURANCE COMPANY (FORMERLY SENTRY INSURANCE A MUTUAL COMPANY),117,117,1449,Other / Multi-sector / Healthcare & Pharma
client_01491,"FINANCIAL DATA AND TECHNOLOGY ASSOCIATION, FORMERLY FIN'L DATA & TECH'Y ASS'N NA",195,195,404,Other / Multi-sector / Finance & Banking
client_01492,STONY BROOK UNIVERSITY SUNY STONY BROOK,346,346,740,Education & Research / Other / Multi-sector
client_01493,AMERICAN CLINICAL LABORATORY ASSOCIATION,62,62,62,Healthcare & Pharma / Other / Multi-sector
client_01494,"BOEHRINGER INGELHEIM PHARMACEUTICALS, INC.",62,62,62,Healthcare & Pharma / Other / Multi-sector
client_01497,"GOODRX, INC.",239,239,62,Other / Multi-sector / Healthcare & Pharma
client_01498,ONCOR ELECTRIC DELIVERY,78,78,62,Other / Multi-sector / Energy & Environment
client_01499,RICE UNIVERSITY,8,8,79,Other / Multi-sector
client_01500,SECURING AMERICA'S FUTURE ENERGY ALLIANCE,267,267,62,Other / Multi-sector
client_01501,"TRANSDIGM GROUP, INC.",5,5,62,Other / Multi-sector
client_01502,"HELIX, INC.",8,8,649,Other / Multi-sector
client_01503,DANA-FARBER CANCER INSTITUTE,169,169,62,Other / Multi-sector / Healthcare & Pharma
client_01504,"PRATT INDUSTRIES (USA), INC.",115,115,62,Other / Multi-sector
client_01505,INVITAE INC.,100,100,535,Other / Multi-sector / Healthcare & Pharma
client_01506,ALBERTSONS COMPANIES INC.,228,228,62,Other / Multi-sector / Agriculture & Food
client_01507,ANSCHUTZ ENTERTAINMENT GROUP INC.,36,36,62,Other / Multi-sector
client_01508,BALL CORPORATION,48,48,79,Other / Multi-sector
client_01509,"BEONE MEDICINES USA, INC. (FKA BEIGENE USA, INC.)",239,239,62,Other / Multi-sector / Healthcare & Pharma
client_01510,CONTINENTAL CASUALTY COMPANY,146,146,62,Other / Multi-sector / Energy & Environment
client_01511,GENTIVA (FORMERLY REPORTED AS HUMANA & KINDRED AT HOME),100,100,62,Other / Multi-sector / Healthcare & Pharma
client_01512,"OUTOKUMPU STAINLESS USA, LLC",25,25,62,Other / Multi-sector
client_01514,"USA EB5 IMMIGRATION, LLC",145,145,62,Other / Multi-sector / Education & Research
client_01515,VOICES FOR NON-OPIOID CHOICES,239,239,603,Other / Multi-sector / Healthcare & Pharma
client_01516,SHORELIGHT EDUCATION,25,25,224,Other / Multi-sector
client_01517,AMERICAN RENTAL ASSOCIATION,109,109,62,Other / Multi-sector
client_01518,COMPTEL DBA INCOMPAS,78,78,348,Other / Multi-sector / Energy & Environment
client_01519,COUNTY OF VENTURA,50,50,1017,Other / Multi-sector
client_01520,DUKE ENERGY CORPORATION,48,48,112,Other / Multi-sector
client_01521,HO-CHUNK NATION LEGISLATURE,58,58,62,Other / Multi-sector
client_01523,MARE FINANCE INVESTMENT HOLDINGS,195,195,62,Other / Multi-sector / Finance & Banking
client_01524,MASSACHUSETTS MUTUAL LIFE INSURANCE COMPANY (MASSMUTUAL FINANCIAL GROUP),4,4,62,Other / Multi-sector
client_01525,MEDICAID AND MEDICARE ADVANTAGE PRODUCTS ASSOCIATION OF PUERTO RICO,168,168,62,Other / Multi-sector / Healthcare & Pharma
client_01526,NATAT (NATIONAL ASSN OF TOWNS AND TOWNSHIPS,347,347,582,Other / Multi-sector
client_01527,"REDDIT, INC.",186,186,62,Other / Multi-sector
client_01528,STATE OF CALIFORNIA,71,71,1474,Other / Multi-sector
client_01529,"THE ACADEMY ADVISORS, INC.",62,62,1472,Healthcare & Pharma / Other / Multi-sector
client_01530,THE INTERNET & TELEVISION ASSN (FORMERLY NTL CABLE & TELECOMMUNICATIONS ASSN),34,34,62,Other / Multi-sector
client_01531,"ATLANTIC DIVING SUPPLY, INC.",134,134,329,Other / Multi-sector
client_01532,NATIONAL COMMUNITY ACTION AGENCY,67,67,1924,Other / Multi-sector
client_01533,PUBLIC POWER COUNCIL,96,96,1384,Other / Multi-sector / Energy & Environment
client_01534,DELTA COUNCIL,348,348,67,Other / Multi-sector / Education & Research
client_01535,AMERICAN HOSPITAL ASSOCIATION,94,94,438,Other / Multi-sector
client_01536,"EHEALTH INSURANCE SERVICES, INC.",49,49,62,Other / Multi-sector / Healthcare & Pharma
client_01537,MASSACHUSETTS MEDICAL SOCIETY,216,216,1907,Other / Multi-sector / Healthcare & Pharma
client_01538,MAXAR TECHNOLOGIES HOLDINGS INC F/K/A SSL MDA HOLDINGS,5,5,62,Other / Multi-sector
client_01540,NATIONAL ASSOCIATION OF CHILDREN'S HOSPITALS,35,35,438,Other / Multi-sector / Healthcare & Pharma
client_01541,UNIVERSITY OF NORTH CAROLINA AT CHAPEL HILL,8,8,62,Other / Multi-sector
client_01542,SNOQUALMIE TRIBE,115,115,79,Other / Multi-sector
client_01543,"DR. REDDY'S LABORATORIES, LTD",60,60,62,Other / Multi-sector / Healthcare & Pharma
client_01544,VANDERBILT UNIVERSITY MEDICAL CENTER,169,169,665,Other / Multi-sector / Healthcare & Pharma
client_01545,"CONTINENTAL TIRE THE AMERICAS, LLC FKA CONTINENTAL AUTOMOTIVE SYSTEMS US, INC.",25,25,62,Other / Multi-sector
client_01546,ESS INC.,102,102,79,Other / Multi-sector / Energy & Environment
client_01547,FIRST SOLAR INC.,102,102,62,Other / Multi-sector / Energy & Environment
client_01548,NORC AT THE UNIVERSITY OF CHICAGO,21,21,62,Other / Multi-sector / Education & Research
client_01549,RENT-A-CENTER,111,111,745,Other / Multi-sector / Finance & Banking
client_01550,SOUTHWEST RESEARCH INSTITUTE,2,2,62,Other / Multi-sector
client_01551,"TEAMHEALTH HOLDINGS, INC.",216,216,610,Other / Multi-sector / Healthcare & Pharma
client_01552,"TIBER CREEK HEALTH STRATEGIES, INC. (ON BEHALF OF NOVARTIS)",183,183,62,Other / Multi-sector / Healthcare & Pharma
client_01553,UNIVERSITY OF PHOENIX,21,21,62,Other / Multi-sector / Education & Research
client_01555,VISA,224,224,62,Other / Multi-sector
client_01556,FOOD RESEARCH AND ACTION CENTER,21,21,1755,Other / Multi-sector / Education & Research
client_01557,"LIVERAMP, INC.",323,323,62,Other / Multi-sector / Technology & Telecom
client_01558,"MEAD JOHNSON & COMPANY, LLC",200,200,905,Other / Multi-sector
client_01559,ALG SENIOR LLC,216,216,62,Other / Multi-sector / Healthcare & Pharma
client_01560,AMERICAN ASSOCIATION OF CROP INSURERS (AACI),80,80,62,Other / Multi-sector
client_01561,CONSEJO COORDINADOR EMPRESARIAL,45,45,62,Other / Multi-sector
client_01562,CORAL ENERGY,78,78,0,Other / Multi-sector / Energy & Environment
client_01563,ENVIVA LLC (FORMERLY KNOWN AS ENVIVA LP),48,48,62,Other / Multi-sector
client_01564,FBI AGENTS ASSOCIATION,8,8,62,Other / Multi-sector
client_01565,"HYSTER-YALE MATERIALS HANDLING, INC.",30,30,62,Other / Multi-sector
client_01566,"LG ENERGY SOLUTION, LTD.",45,45,62,Other / Multi-sector
client_01567,"PCI SECURITY STANDARDS COUNCIL, LLC",208,208,62,Other / Multi-sector / Technology & Telecom
client_01568,PIPE LINE CONTRACTORS ASSOCIATION,19,19,62,Other / Multi-sector
client_01569,RECEIVABLES MANAGEMENT ASSOCIATION F/K/A DEBT BUYERS ASSOCIATION,195,195,62,Other / Multi-sector / Finance & Banking
client_01570,RIADA (KNOWN AS BI-STATE REGIONAL COMMISSION - QUAD CITIES DEFENSE ALLIANCE),5,5,988,Other / Multi-sector
client_01571,SYRACUSE UNIVERSITY,0,0,62,Other / Multi-sector
client_01572,SOCIETY FOR NEUROSCIENCE,266,266,535,Other / Multi-sector
client_01573,MORTGAGE GUARANTY INSURANCE CORPORATION,4,4,2040,Other / Multi-sector
client_01574,UNIVERSITY OF HOUSTON,55,55,62,Other / Multi-sector / Energy & Environment
client_01575,ACADEMY OF MODEL AERONAUTICS,149,149,62,Technology & Telecom / Other / Multi-sector
client_01576,AMAZON CORPORATE LLC,349,349,62,Technology & Telecom / Government & Nonprofit
client_01577,GLOBAL LASER ENRICHMENT LLC,78,78,62,Other / Multi-sector / Energy & Environment
client_01578,"KINROSS GOLD U.S.A., INC.",124,124,62,Other / Multi-sector / Legal & Lobbying
client_01579,"LHC GROUP, INC.",216,216,62,Other / Multi-sector / Healthcare & Pharma
client_01580,"PAUL, WEISS, RIFKIND, WHARTON & GARRISON LLP ON BEHALF OF QUALCOMM INCORPORATED",163,163,62,Other / Multi-sector
client_01581,"THE VINYL INSTITUTE, INC.",61,61,62,Other / Multi-sector
client_01582,UNIVERSITY OF MISSISSIPPI,67,67,62,Other / Multi-sector
client_01583,HEALTHCARE INSTITUTE OF NEW JERSEY,216,216,62,Other / Multi-sector / Healthcare & Pharma
client_01584,"SOLARWINDS, INC.",134,134,79,Other / Multi-sector
client_01585,ALLIANCE FOR TRADE ENFORCEMENT (AFTE),45,45,62,Other / Multi-sector
client_01586,AMERICANS FOR PUERTO RICO'S SELF-DETERMINATION,34,34,62,Other / Multi-sector
client_01587,"AMERIQUAL GROUP, LLC",20,20,62,Other / Multi-sector / Education & Research
client_01588,"ARCOSA, INC.",36,36,62,Other / Multi-sector
client_01590,CALPINE CORPORATION,23,23,112,Other / Multi-sector / Energy & Environment
client_01591,CMH SERVICES,195,195,519,Other / Multi-sector / Finance & Banking
client_01592,CONSORTIUM OF STATE MARITIME ACADEMIES,8,8,79,Other / Multi-sector
client_01593,DAIKIN U.S. CORPORATION,48,48,112,Other / Multi-sector
client_01594,EVGO,181,181,62,Other / Multi-sector / Energy & Environment
client_01595,INNOVATIVE PAYMENTS ASSOCIATION,24,24,62,Other / Multi-sector
client_01596,IVANTI,198,198,542,Other / Multi-sector
client_01597,LAND O'LAKES INC,80,80,111,Other / Multi-sector
client_01598,MOTOROLA SOLUTIONS,308,308,62,Other / Multi-sector / Technology & Telecom
client_01599,YARA NORTH AMERICA INC.,116,116,62,Other / Multi-sector
client_01600,AMERICAN PUBLIC POWER ASSOCIATION,23,23,62,Other / Multi-sector / Energy & Environment
client_01601,BALKAN ENERGY DMCC,78,78,91,Other / Multi-sector / Energy & Environment
client_01602,CIGNA CORPORATION AND SUBSIDIARIES,35,35,62,Other / Multi-sector / Healthcare & Pharma
client_01603,CIRCLE,4,4,62,Other / Multi-sector
client_01605,HEALTHFIRST,62,62,62,Healthcare & Pharma / Other / Multi-sector
client_01606,"HELLEN SYSTEMS, LLC",133,133,62,Other / Multi-sector / Transportation & Auto
client_01607,"KINDRED HEALTHCARE D/B/A SCIONHEALTH (FKA KINDRED HEALTHCARE OPERATING, INC)",216,216,124,Other / Multi-sector / Healthcare & Pharma
client_01608,LOUISIANA ARMED FORCES ALLIANCE (PREVIOUSLY KNOWN FORT POLK PROGRESS COMMITTEE),5,5,79,Other / Multi-sector
client_01609,META PLATFORMS INC (FORMERLY FACEBOOK INC & VARIOUS SUBSIDIARIES),127,127,62,Other / Multi-sector / Legal & Lobbying
client_01610,PJM INTERCONNECTION LLC,70,70,62,Other / Multi-sector / Energy & Environment
client_01611,SORENSON HOLDINGS LLC,95,95,62,Other / Multi-sector
client_01612,"UNIVERSAL SAVINGS FOR AMERICANS, FORMERLY REPORTED AS, SAVINGUSA",210,210,62,Other / Multi-sector
client_01613,"WYNN RESORTS, LIMITED",24,24,62,Other / Multi-sector
client_01614,"EXELA PHARMA SCIENCES, LLC",216,216,2119,Other / Multi-sector / Healthcare & Pharma
client_01615,AMERICAN SOCIETY OF TRANSPLANT SURGEONS,216,216,62,Other / Multi-sector / Healthcare & Pharma
client_01616,AMERICAN GASTROENTEROLOGICAL ASSOCIATION,216,216,62,Other / Multi-sector / Healthcare & Pharma
client_01617,"ARAMARK SERVICES, INC.",24,24,62,Other / Multi-sector
client_01618,BAYER CORPORATION (FKA MONSANTO COMPANY),116,116,62,Other / Multi-sector
client_01619,BOMBARDIER AEROSPACE (HOLDINGS) USA INC (FORMER CLIENT BOMBARDIER TRANSIT CORP),36,36,438,Other / Multi-sector
client_01620,BROADCAST MUSIC INC,95,95,62,Other / Multi-sector
client_01621,BROWARD COUNTY FLORIDA,50,50,62,Other / Multi-sector
client_01622,"CONNECT HOLDING II, LLC D/B/A BRIGHTSPEED",95,95,62,Other / Multi-sector
client_01623,H & R BLOCK MANAGEMENT LLC,34,34,62,Other / Multi-sector
client_01624,HEALTH NET FEDERAL SERVICES,85,85,62,Other / Multi-sector / Healthcare & Pharma
client_01625,MCKESSON CORPORATION,168,168,62,Other / Multi-sector / Healthcare & Pharma
client_01626,"MCS ADVANTAGE, INC.",168,168,62,Other / Multi-sector / Healthcare & Pharma
client_01627,NATIONAL ASSOCIATION OF COMMUNITY HEALTH CENTERS,62,62,438,Healthcare & Pharma / Other / Multi-sector
client_01628,PEBBLE PARTNERSHIP LIMITED,61,61,62,Other / Multi-sector
client_01629,PURDUE PHARMA LLP,100,100,62,Other / Multi-sector / Healthcare & Pharma
client_01630,REFORM ACTION FUND,127,127,62,Other / Multi-sector / Legal & Lobbying
client_01631,TIMKEN COMPANY,171,171,199,Other / Multi-sector
client_01632,GIRL SCOUTS OF THE U.S.A.,126,126,2132,Other / Multi-sector
client_01633,UNIVERSITY OF NORTH TEXAS SYSTEM,8,8,911,Other / Multi-sector
client_01634,ABBOTT,35,35,62,Other / Multi-sector / Healthcare & Pharma
client_01635,AIRLINES FOR AMERICA,149,149,62,Technology & Telecom / Other / Multi-sector
client_01636,BOEHRINGER INGELHEIM,100,100,62,Other / Multi-sector / Healthcare & Pharma
client_01637,CARDINAL HEALTH (F.K.A. THE GLOVER PARK GROUP),100,100,62,Other / Multi-sector / Healthcare & Pharma
client_01638,CONSTELLATION BRANDS,25,25,62,Other / Multi-sector
client_01639,DALLAS AREA RAPID TRANSIT (DART),233,233,62,Other / Multi-sector / Transportation & Auto
client_01640,"DELTA AIR LINES, INC.",109,109,62,Other / Multi-sector
client_01641,GEN DIGITAL INC (FORMERLY NORTONLIFELOCK INC.),67,67,1799,Other / Multi-sector
client_01642,"HERON THERAPEUTICS, INC.",239,239,62,Other / Multi-sector / Healthcare & Pharma
client_01643,INTERNET WORKS,186,186,62,Other / Multi-sector
client_01644,INTRAFI,111,111,62,Other / Multi-sector / Finance & Banking
client_01645,"JOHN HANCOCK LIFE INSURANCE COMPANY (USA) (FKA JOHN HANCOCK FIN. SERVICES, INC.)",104,104,62,Other / Multi-sector / Healthcare & Pharma
client_01648,"SANOFI, U.S.",183,183,62,Other / Multi-sector / Healthcare & Pharma
client_01649,"STUBHUB, INC.",30,30,510,Other / Multi-sector
client_01650,MONSTER WORLDWIDE,50,50,1404,Other / Multi-sector
client_01651,OREGON STATE UNIVERSITY,96,96,676,Other / Multi-sector / Energy & Environment
client_01653,"ACADIA PHARMACEUTICALS, INC.",239,239,62,Other / Multi-sector / Healthcare & Pharma
client_01654,AIRPORTS COUNCIL INTERNATIONAL - NORTH AMERICA,311,311,62,Other / Multi-sector / Transportation & Auto
client_01655,ALTRIA CLIENT SERVICES,41,41,62,Other / Multi-sector
client_01656,"AMGEN, INC.",62,62,62,Healthcare & Pharma / Other / Multi-sector
client_01657,AMGEN USA INC.,183,183,79,Other / Multi-sector / Healthcare & Pharma
client_01658,BAXTER,62,62,62,Healthcare & Pharma / Other / Multi-sector
client_01659,BOSTON COLLEGE,21,21,62,Other / Multi-sector / Education & Research
client_01660,CCC INTELLIGENT SOLUTIONS INC.,340,340,62,Other / Multi-sector / Government & Nonprofit
client_01661,CREA,59,59,62,Other / Multi-sector / Real Estate & Construction
client_01662,EQUITY MARKETS ASSOCIATION,195,195,62,Other / Multi-sector / Finance & Banking
client_01663,FRED HUTCHINSON CANCER CENTER (FORMERLY KNOWN AS SEATTLE CANCER CARE ALLIANCE),49,49,62,Other / Multi-sector / Healthcare & Pharma
client_01664,GATE GOURMET INC.,176,176,62,Other / Multi-sector
client_01665,GPA MIDSTREAM ASSOCIATION,181,181,21,Other / Multi-sector / Energy & Environment
client_01666,HEALTH AND HOSPITAL CORPORATION OF MARION COUNTY INDIANA,239,239,62,Other / Multi-sector / Healthcare & Pharma
client_01667,"INTERCONTINENTALEXCHANGE, INC.",195,195,62,Other / Multi-sector / Finance & Banking
client_01668,MONDELEZ INTERNATIONAL,34,34,62,Other / Multi-sector
client_01669,"NIANTIC, INC.",25,25,62,Other / Multi-sector
client_01670,"NOVARTIS, INC.",239,239,62,Other / Multi-sector / Healthcare & Pharma
client_01671,"OCEAN AERO, INC.",151,151,62,Other / Multi-sector
client_01672,PORTABLE GENERATOR MANUFACTURERS ASSOCIATION (PGMA),61,61,62,Other / Multi-sector
client_01673,"REPUBLIC SERVICES, INC.",87,87,62,Other / Multi-sector
client_01674,"STRIDE, INC.",5,5,62,Other / Multi-sector
client_01675,SUPIMA,45,45,62,Other / Multi-sector
client_01676,THE BANK OF NEW YORK MELLON,34,34,62,Other / Multi-sector
client_01677,TIBER CREEK GROUP (ON BEHALF OF VERTEX PHARMACEUTICALS),62,62,62,Healthcare & Pharma / Other / Multi-sector
client_01678,ZOETIS,241,241,62,Other / Multi-sector
client_01679,FAMILIES USA ACTION,100,100,1181,Other / Multi-sector / Healthcare & Pharma
client_01680,AMERICAN INSURANCE ASSN,311,311,1595,Other / Multi-sector / Transportation & Auto
client_01681,BWX TECHNOLOGIES INC,190,190,79,Other / Multi-sector
client_01682,SERCO INC.,261,261,62,Other / Multi-sector
client_01683,U.S. CHAMBER OF COMMERCE FKA U.S. CHAMBER OF COMMERCE-INSTITUTE FOR LEGAL REFORM,138,138,62,Other / Multi-sector
client_01684,TRIMBLE NAVIGATION LIMITED,36,36,62,Other / Multi-sector
client_01685,WHOLESALE & SPECIALTY INSURANCE ASSOCIATION,221,221,255,Other / Multi-sector
client_01686,BRADFORD WHITE CORPORATION,102,102,62,Other / Multi-sector / Energy & Environment
client_01687,CONSTRUCTION INDUSTRY ROUND TABLE,21,21,438,Other / Multi-sector / Education & Research
client_01688,AMERICAN ROAD & TRANSPORTATION BUILDERS ASSOCIATION,43,43,91,Other / Multi-sector
client_01689,ASTCT,216,216,1528,Other / Multi-sector / Healthcare & Pharma
client_01690,"CARDTRONICS USA, INC.",108,108,62,Other / Multi-sector / Government & Nonprofit
client_01691,COLUMBUS CHAMBER OF COMMERCE,41,41,62,Other / Multi-sector
client_01692,"CONSTELLATION ENERGY GENERATION, LLC, FORMERLY REPORTING AS EXELON CORPORATION",327,327,62,Other / Multi-sector / Energy & Environment
client_01693,DANONE NORTH AMERICA PUBLIC BENEFIT CORPORATION,6,6,62,Other / Multi-sector
client_01694,DSM-FIRMENICH,178,178,62,Other / Multi-sector
client_01695,EMBASSY OF BANGLADESH,198,198,62,Other / Multi-sector
client_01696,"ENERGIZER HOLDINGS, INC.",48,48,62,Other / Multi-sector
client_01697,FAA MANAGERS ASSOCIATION INC,54,54,79,Other / Multi-sector / Government & Nonprofit
client_01698,GEORGIA PEANUT COMMISSION,80,80,79,Other / Multi-sector
client_01699,GILDAN,109,109,62,Other / Multi-sector
client_01700,HEALTHCARE DISTRIBUTION ALLIANCE,100,100,62,Other / Multi-sector / Healthcare & Pharma
client_01701,HUNTINGTON INGALLS INDUSTRIES,8,8,62,Other / Multi-sector
client_01702,JACKSON FAMILY ENTERPRISES,265,265,62,Other / Multi-sector
client_01704,"RICOH USA, INC.",8,8,62,Other / Multi-sector
client_01705,"RWE CLEAN ENERGY (F/K/A RWE RENEWABLES AMERICAS, LLC)",106,106,62,Other / Multi-sector
client_01706,"SOUTHERN GLAZER'S WINE AND SPIRITS, LLC",25,25,62,Other / Multi-sector
client_01707,THE GOOD FOOD INSTITUTE,80,80,1018,Other / Multi-sector
client_01708,UPMC,62,62,62,Healthcare & Pharma / Other / Multi-sector
client_01709,AK STEEL HOLDING CORPORATION,48,48,79,Other / Multi-sector
client_01710,BLINK HEALTH LTD (A BERMUDA LIMITED COMPANY),216,216,62,Other / Multi-sector / Healthcare & Pharma
client_01711,ALCON VISION LLC,239,239,62,Other / Multi-sector / Healthcare & Pharma
client_01712,AMERICAN BANKERS ASSOCIATION'S CARD POLICY COUNCIL,155,155,62,Other / Multi-sector
client_01713,AMERICAN FRATERNAL ALLIANCE,4,4,62,Other / Multi-sector
client_01714,"BABCOCK & WILCOX ENTERPRISES, INC.",48,48,62,Other / Multi-sector
client_01715,CACI,72,72,720,Other / Multi-sector
client_01716,CATHOLIC HEALTH ASSOCIATION,104,104,62,Other / Multi-sector / Healthcare & Pharma
client_01717,CHILDREN'S NATIONAL MEDICAL CENTER,35,35,62,Other / Multi-sector / Healthcare & Pharma
client_01718,DINE BRANDS GLOBAL INC.,80,80,62,Other / Multi-sector
client_01719,GCI COMMUNICATION CORP.,49,49,62,Other / Multi-sector / Healthcare & Pharma
client_01720,IBM,109,109,535,Other / Multi-sector
client_01721,IRON MOUNTAIN,261,261,62,Other / Multi-sector
client_01722,PALA BAND OF MISSION INDIANS,58,58,62,Other / Multi-sector
client_01723,PHARMA & BIOPHARMA OUTSOURCING ASSOCIATION,216,216,62,Other / Multi-sector / Healthcare & Pharma
client_01724,SIRIUSXM,182,182,62,Other / Multi-sector / Legal & Lobbying
client_01725,THE HOME DEPOT,261,261,62,Other / Multi-sector
client_01726,WELLINGTON MANAGEMENT CO LLP,195,195,62,Other / Multi-sector / Finance & Banking
client_01727,WEX HEALTH,117,117,62,Other / Multi-sector / Healthcare & Pharma
client_01728,NATIONAL COUNCIL ON TEACHER RETIREMENT 9370 STUDIO COURT ELK GROVE CA 95758,30,30,1796,Other / Multi-sector
client_01729,AMERICAN ASSOCIATION OF CHILD & ADOLESCENT PSYCHIATRY,157,157,822,Other / Multi-sector / Education & Research
client_01730,VISTRA ENERGY (FKA ENERGY FUTURE HOLDINGS),78,78,62,Other / Multi-sector / Energy & Environment
client_01731,SAN DIEGO ZOO GLOBAL,18,18,62,Other / Multi-sector
client_01732,THE JUDGE ROTENBERG CENTER,49,49,62,Other / Multi-sector / Healthcare & Pharma
client_01733,AMERICAN SOCIETY OF INTERVENTIONAL PAIN PHYSICIANS,239,239,62,Other / Multi-sector / Healthcare & Pharma
client_01734,"BOLDYN NETWORKS (FKA SIGNAL POINT SYSTEMS, INC.)",5,5,988,Other / Multi-sector
client_01735,CENOVUS US CORPORATION (FKA CENOVUS ENERGY),115,115,2386,Other / Multi-sector
client_01736,DUKE ENERGY BUSINESS SERVICES LLC,96,96,62,Other / Multi-sector / Energy & Environment
client_01737,"INSPERITY SERVICES, L.P.",104,104,62,Other / Multi-sector / Healthcare & Pharma
client_01738,MOTION PICTURE ASSOCIATION OF AMERICA,45,45,62,Other / Multi-sector
client_01739,NATIONWIDE INSURANCE,4,4,62,Other / Multi-sector
client_01740,PACIFIC LIFE INSURANCE COMPANY,4,4,62,Other / Multi-sector
client_01741,THE KROGER CO.,192,192,62,Other / Multi-sector / Agriculture & Food
client_01742,THE REGENTS OF THE UNIVERSITY OF COLORADO,72,72,62,Other / Multi-sector
client_01743,"TIBER CREEK HEALTH STRATEGIES, INC. (ON BEHALF OF ELI LILLY AND COMPANY)",183,183,62,Other / Multi-sector / Healthcare & Pharma
client_01744,UNIVERSITY OF SOUTHERN MISSISSIPPI,8,8,62,Other / Multi-sector
client_01745,"XCEL ENERGY SERVICES, INC.",23,23,62,Other / Multi-sector / Energy & Environment
client_01747,BAVARIAN NORDIC INC.,216,216,62,Other / Multi-sector / Healthcare & Pharma
client_01748,FOUNDATION CONSUMER HEALTHCARE LLC,216,216,62,Other / Multi-sector / Healthcare & Pharma
client_01749,MEDICAL PROFESSIONAL LIABILITY ASSOCIATION,216,216,2332,Other / Multi-sector / Healthcare & Pharma
client_01750,JEFFERSON PARISH,67,67,62,Other / Multi-sector
client_01751,DIAMOND PET FOODS INC.,129,129,62,Other / Multi-sector / Energy & Environment
client_01752,"EVENTBRITE, INC.",339,339,62,Other / Multi-sector
client_01753,FUJIAN JINHUA INTEGRATED CIRCUIT CO. LTD,45,45,62,Other / Multi-sector
client_01754,"LPA ENVIRONMENTAL FUND, LLC",17,17,62,Other / Multi-sector
client_01755,NATIONAL GROCERS ASSOCIATION,80,80,62,Other / Multi-sector
client_01756,NEBRASKA FARM BUREAU FEDERATION,48,48,2080,Other / Multi-sector
client_01757,PRECISION CASTPARTS CORPORATION,152,152,62,Other / Multi-sector
client_01758,"SKYDIO, INC.",72,72,62,Other / Multi-sector
client_01759,WHITE MOUNTAIN APACHE TRIBE,308,308,62,Other / Multi-sector / Technology & Telecom
client_01760,"AMAZON.COM SERVICES, INC.",21,21,62,Other / Multi-sector / Education & Research
client_01761,AMERICA'S HEALTH INSURANCE PLANS OBO COALITION AGAINST SURPRISE MEDICAL BILLING,104,104,62,Other / Multi-sector / Healthcare & Pharma
client_01763,"AUCTANE, INC.",67,67,62,Other / Multi-sector
client_01764,CULTURAL CARE AU PAIR,145,145,62,Other / Multi-sector / Education & Research
client_01765,"EXELON BUSINESS SERVICES CO., LLC",34,34,62,Other / Multi-sector
client_01766,FINCANTIERI MARINE GROUP LLC,8,8,676,Other / Multi-sector
client_01767,GOOGLE CLIENT SERVICES,138,138,62,Other / Multi-sector
client_01768,HILL-ROM,169,169,62,Other / Multi-sector / Healthcare & Pharma
client_01769,"MARVELL TECHNOLOGY, INC.",121,121,180,Other / Multi-sector
client_01770,"MEDLINE INDUSTRIES, L.P. (FORMERLY MEDLINE INDUSTRIES, INC.)",200,200,62,Other / Multi-sector
client_01771,PMI US CORPORATE SERVICES INC.,155,155,62,Other / Multi-sector
client_01773,TIAA,195,195,62,Other / Multi-sector / Finance & Banking
client_01774,TOYOTA,287,287,62,Other / Multi-sector / Government & Nonprofit
client_01775,UNIVERSITY OF DELAWARE,8,8,79,Other / Multi-sector
client_01776,ZERO - THE END OF PROSTATE CANCER,35,35,62,Other / Multi-sector / Healthcare & Pharma
client_01777,LOUISIANA STATE UNIVERSITY FOUNDATION,67,67,62,Other / Multi-sector
client_01778,ALLIANCE FOR REGENERATIVE MEDICINE,62,62,62,Healthcare & Pharma / Other / Multi-sector
client_01779,"ALVOGEN, PHARMA US, INC.",216,216,62,Other / Multi-sector / Healthcare & Pharma
client_01780,BLINK CHARGING CO.,36,36,928,Other / Multi-sector
client_01781,EATING DISORDERS COALITION,105,105,1029,Other / Multi-sector
client_01782,RURAL COUNTY REPRESENTATIVES OF CALIFORNIA,350,350,62,Other / Multi-sector
client_01783,UTAH DEFENSE ALLIANCE,8,8,988,Other / Multi-sector
client_01784,"SHORELIGHT, LLC (FKA SHORELIGHT EDUCATION, LLC)",25,25,1667,Other / Multi-sector
client_01786,ACCENTURE FEDERAL SERVICES,100,100,62,Other / Multi-sector / Healthcare & Pharma
client_01787,ADULT VACCINE ACCESS COALITION,100,100,62,Other / Multi-sector / Healthcare & Pharma
client_01788,ALLIANCE OF DEDICATED CANCER CENTERS,62,62,62,Healthcare & Pharma / Other / Multi-sector
client_01789,ALLIANT ENERGY,242,242,62,Other / Multi-sector / Energy & Environment
client_01790,AMERICAN ASSN FOR THE STUDY OF LIVER DISEASES,100,100,535,Other / Multi-sector / Healthcare & Pharma
client_01791,AMERICAN COLLEGE OF OSTEOPATHIC FAMILY PHYSICIANS,62,62,62,Healthcare & Pharma / Other / Multi-sector
client_01792,AMERICAN COLLEGE OF RADIOLOGY ASSOCIATION,100,100,438,Other / Multi-sector / Healthcare & Pharma
client_01793,ARC OF THE UNITED STATES,21,21,889,Other / Multi-sector / Education & Research
client_01794,AT&T SERVICES INC AND ITS AFFILIATES,30,30,66,Other / Multi-sector
client_01795,AUGUSTA UNIVERSITY RESEARCH INSTITUTE,35,35,438,Other / Multi-sector / Healthcare & Pharma
client_01796,AVANGRID,34,34,62,Other / Multi-sector
client_01797,BLUE SHIELD OF CALIFORNIA,239,239,62,Other / Multi-sector / Healthcare & Pharma
client_01798,BLUECROSS BLUESHIELD OF SOUTH CAROLINA,104,104,62,Other / Multi-sector / Healthcare & Pharma
client_01799,BROWN-FORMAN CORP,229,229,62,Other / Multi-sector
client_01800,CANADIAN NATIONAL RAILROAD,36,36,62,Other / Multi-sector
client_01801,CENCORA FKA AMERISOURCEBERGEN CORPORATION,216,216,62,Other / Multi-sector / Healthcare & Pharma
client_01802,"CENTRAL ADMIXTURE PHARMACY SERVICES, INC.",216,216,1119,Other / Multi-sector / Healthcare & Pharma
client_01804,COMITE INTERPROFESSIONNEL DU VIN DE CHAMPAGNE,45,45,62,Other / Multi-sector
client_01805,COUNTY OF ALAMEDA CALIFORNIA,94,94,62,Other / Multi-sector
client_01806,ECOLAB INC. ON BEHALF OF NALCO COMPANY,48,48,62,Other / Multi-sector
client_01807,"ELDRIDGE BUSINESS SERVICES, LLC",80,80,62,Other / Multi-sector
client_01808,ELI LILLY & COMPANY,21,21,62,Other / Multi-sector / Education & Research
client_01809,ERNST & YOUNG LLP,301,301,62,Technology & Telecom / Legal & Lobbying
client_01810,FEDERAL EXPRESS CORPORATION,269,269,62,Other / Multi-sector
client_01811,FEEDING AMERICA,214,214,62,Other / Multi-sector
client_01812,"FLUOR ENTERPRISES, INC.",311,311,62,Other / Multi-sector / Transportation & Auto
client_01813,FOX REHABILITATION,62,62,2054,Healthcare & Pharma / Other / Multi-sector
client_01814,FRIANT WATER AUTHORITY (FORMERLY FRIANT WATER USERS AUTHORITY),7,7,582,Other / Multi-sector
client_01815,HEALTHPARTNERS,100,100,62,Other / Multi-sector / Healthcare & Pharma
client_01817,INSTITUTE OF INTERNATIONAL BANKERS,4,4,62,Other / Multi-sector
client_01818,INTERNATIONAL BOTTLED WATER ASSOCIATION,287,287,62,Other / Multi-sector / Government & Nonprofit
client_01819,"IRON MOUNTAIN INFORMATION MANAGEMENT, LLC",308,308,62,Other / Multi-sector / Technology & Telecom
client_01820,JACKSON NATIONAL LIFE INSURANCE COMPANY,4,4,62,Other / Multi-sector
client_01821,JAZZ PHARMACEUTICALS,49,49,62,Other / Multi-sector / Healthcare & Pharma
client_01822,"JEFFERIES & COMPANY, INC.",111,111,62,Other / Multi-sector / Finance & Banking
client_01823,KIRBY CORPORATION,72,72,62,Other / Multi-sector
client_01824,"LUTRON ELECTRONICS CO., INC.",102,102,62,Other / Multi-sector / Energy & Environment
client_01825,MATCH-E-BE-NASH-SHE-WISH BAND OF POTTAWATOMI INDIANS (GUN LAKE TRIBE),30,30,66,Other / Multi-sector
client_01826,MAZZETTA COMPANY LLC,45,45,242,Other / Multi-sector
client_01827,MELLON FINANCIAL SERVICES CORPORATE #1 (FORMERLY BANK OF NEW YORK MELLON CORP.),111,111,62,Other / Multi-sector / Finance & Banking
client_01828,MIDCONTINENT INDEPENDENT TRANSMISSION SYSTEM OPERATOR (MISO) FKA MIDWEST INDEPEN,70,70,737,Other / Multi-sector / Energy & Environment
client_01829,MIDWESTERN UNIVERSITY,100,100,62,Other / Multi-sector / Healthcare & Pharma
client_01830,MISSISSIPPI STATE UNIVERSITY,338,338,930,Other / Multi-sector / Education & Research
client_01831,NATIONAL ASSN OF STATE TREASURERS (NAST),41,41,62,Other / Multi-sector
client_01832,"NATIONAL ASSOCIATION OF POLICE ORGANIZATIONS, INC.",266,266,1029,Other / Multi-sector
client_01833,NATIONAL EMPLOYMENT OPPORTUNITIES NETWORK,34,34,62,Other / Multi-sector
client_01834,NATIONAL FUNERAL DIRECTORS ASSN,200,200,1002,Other / Multi-sector
client_01835,NEW ERA FUND,5,5,91,Other / Multi-sector
client_01836,OPTIMUM COMMUNICATIONS F/K/A ALTICE USA,95,95,257,Other / Multi-sector
client_01837,ORACLE AMERICAN INC.,95,95,62,Other / Multi-sector
client_01838,OUTDOOR AMUSEMENT BUSINESS ASSOCIATION,349,349,62,Technology & Telecom / Government & Nonprofit
client_01839,"OUTPATIENT OPHTHALMIC SURGERY SOCIETY, INC",62,62,922,Healthcare & Pharma / Other / Multi-sector
client_01840,R-CALF UNITED STOCKGROWERS OF AMERICA,6,6,79,Other / Multi-sector
client_01841,SAC & FOX TRIBE OF THE MISSISSIPPI IN IOWA,67,67,62,Other / Multi-sector
client_01842,SAFETY NET HOSPITAL ALLIANCE OF FLORIDA,62,62,91,Healthcare & Pharma / Other / Multi-sector
client_01843,STELLANTIS N.V.,109,109,62,Other / Multi-sector
client_01844,TE CONNECTIVITY,109,109,62,Other / Multi-sector
client_01845,TRAVELERS COMPANIES INC AND SUBSIDIARIES (WAS THE TRAVELERS COMPANIES INC,221,221,62,Other / Multi-sector
client_01846,TRIMBLE NAVIGATION LTD,36,36,62,Other / Multi-sector
client_01847,TTX COMPANY,27,27,62,Other / Multi-sector
client_01848,UNION PACIFIC,287,287,62,Other / Multi-sector / Government & Nonprofit
client_01849,UNIVERSITY OF OKLAHOMA,12,12,62,Other / Multi-sector
client_01850,"UNIVERSITY OF PHOENIX, INC.",21,21,62,Other / Multi-sector / Education & Research
client_01851,"UNIVERSITY OF PITTSBURGH, SCHOOL OF HEALTH AND REHABILITATION SCIENCES",8,8,62,Other / Multi-sector
client_01852,"VIGOR INDUSTRIAL, LLC",72,72,172,Other / Multi-sector
client_01853,VISTRA CORPORATE SERVICES COMPANY F/K/A VISTRA ENERGY,102,102,62,Other / Multi-sector / Energy & Environment
client_01854,YUM! BRANDS,229,229,62,Other / Multi-sector
client_01855,ADVION (FORMERLY NATIONAL ASSOCIATION FOR THE SUPPORT OF LONG TERM CARE),35,35,62,Other / Multi-sector / Healthcare & Pharma
client_01856,CALIBER FINANCIAL SERVICES,5,5,62,Other / Multi-sector
client_01857,JOHN NAU III,17,17,12,Other / Multi-sector
client_01858,STRATEGIC EDUCATION INC (FKA CAPELLA EDUCATION COMPANY),37,37,1021,Other / Multi-sector / Education & Research
client_01859,AMERICAN EXPRESS COMPANY,4,4,62,Other / Multi-sector
client_01860,ASSOCIATION FOR ACCESSIBLE MEDICINES (FORMERLY GENERIC PHARMACEUTICAL ASSOC.),167,167,62,Other / Multi-sector
client_01861,"CIVITAS CAPITAL MANAGEMENT, LLC",74,74,62,Other / Multi-sector
client_01862,FUTURE OF PHARMACY COALITION LLC,216,216,62,Other / Multi-sector / Healthcare & Pharma
client_01863,"LUMEN TECHNOLOGIES, INC. (FORMERLY CENTURYLINK, INC.)",30,30,62,Other / Multi-sector
client_01864,"OWENS & MINOR, INC.",217,217,62,Other / Multi-sector / Healthcare & Pharma
client_01865,PORT OF PORTLAND,269,269,62,Other / Multi-sector
client_01866,"RED ROCK RESORTS, INC.",30,30,62,Other / Multi-sector
client_01867,SAN FRANCISCO INTERNATIONAL AIRPORT,27,27,1114,Other / Multi-sector
client_01868,ST. GEORGES UNIVERSITY,216,216,62,Other / Multi-sector / Healthcare & Pharma
client_01869,VIRGIN HYPERLOOP,36,36,603,Other / Multi-sector
client_01870,WING AVIATION LLC,36,36,62,Other / Multi-sector
client_01871,TAXRESOURCES INC,4,4,62,Other / Multi-sector
client_01872,"COUNTY OF SAN BERNARDINO, CA",351,351,1463,Other / Multi-sector
client_01873,ALLIANT ENERGY CORPORATION,120,120,62,Other / Multi-sector / Energy & Environment
client_01874,AMERICAN HONDA MOTOR CO INC (FORMERLY HONDA NORTH AMERICA),14,14,62,Other / Multi-sector
client_01876,"DOMINION RESOURCES SERVICE, INC.",78,78,62,Other / Multi-sector / Energy & Environment
client_01877,FRATERNAL GOVERNMENT RELATIONS COALITION,34,34,62,Other / Multi-sector
client_01878,FWD.US,24,24,62,Other / Multi-sector
client_01879,GE HEALTHCARE,62,62,62,Healthcare & Pharma / Other / Multi-sector
client_01880,INVESCO LTD,4,4,62,Other / Multi-sector
client_01881,MICROSOFT CORP,208,208,62,Other / Multi-sector / Technology & Telecom
client_01882,NCTA - THE INTERNET & TELEVISION ASSOCIATION (FKA NAT'L CABLE & TELECOM ASSOC.),56,56,62,Other / Multi-sector
client_01883,NV ENERGY,238,238,62,Other / Multi-sector / Energy & Environment
client_01884,PHILLY SHIPYARD,5,5,62,Other / Multi-sector
client_01885,PROCTER & GAMBLE,21,21,62,Other / Multi-sector / Education & Research
client_01886,"SANOFI U.S. SERVICES, INC.",183,183,62,Other / Multi-sector / Healthcare & Pharma
client_01887,SUPERNUS PHARMACEUTICALS FKA SAGE THERAPEUTICS,62,62,62,Healthcare & Pharma / Other / Multi-sector
client_01888,"TIVITY HEALTH, INC.",62,62,62,Healthcare & Pharma / Other / Multi-sector
client_01889,VERIZON SERVICES CORPORATION,4,4,62,Other / Multi-sector
client_01890,VIRTUA,216,216,62,Other / Multi-sector / Healthcare & Pharma
client_01891,CENTER FOR BIOLOGICAL DIVERSITY,115,115,548,Other / Multi-sector
client_01892,ARCELORMITTAL NORTH AMERICA HOLDINGS LLC AND ITS US SUBSIDIARIES,48,48,62,Other / Multi-sector
client_01893,"ARDENT MILLS, LLC",6,6,62,Other / Multi-sector
client_01894,"ATI, INC. (F/K/A ALLEGHENY TECHNOLOGIES INCORPORATED)",288,288,746,Other / Multi-sector / Energy & Environment
client_01895,CHRONIC CARE POLICY ALLIANCE,216,216,62,Other / Multi-sector / Healthcare & Pharma
client_01896,COMPRESSED GAS ASSOCIATION,0,0,62,Other / Multi-sector
client_01897,LOAN SYNDICATIONS AND TRADING ASSOCIATION,195,195,62,Other / Multi-sector / Finance & Banking
client_01900,MINN-DAK FARMERS COOPERATIVE,148,148,2034,Legal & Lobbying / Agriculture & Food
client_01901,NATIONAL ASSOCIATION OF CONVENIENCE STORES,30,30,66,Other / Multi-sector
client_01902,THORN RUN PARTNERS (ON BEHALF OF THE PARTNERSHIP TO IMPROVE PATIENT CARE),216,216,62,Other / Multi-sector / Healthcare & Pharma
client_01903,"TPI COMPOSITES, INC.",102,102,62,Other / Multi-sector / Energy & Environment
client_01904,"TYSON SHARED SERVICES, INC.",352,352,62,Other / Multi-sector / Government & Nonprofit
client_01905,WEST VIRGINIA UNIVERSITY,158,158,2312,Other / Multi-sector / Energy & Environment
client_01906,TRUST FOR AMERICA'S HEALTH,216,216,1765,Other / Multi-sector / Healthcare & Pharma
client_01907,IOWA HOSPITAL ASSOCIATION,62,62,62,Healthcare & Pharma / Other / Multi-sector
client_01908,INTERNATIONAL HEALTH RACQUET & SPORTSCLUB ASSOCIATION,4,4,612,Other / Multi-sector
client_01909,SOO LINE CORPORATION DBA CPKC (F/K/A CANADIAN PACIFIC KANSAS CITY),304,304,62,Other / Multi-sector / Technology & Telecom
client_01910,AMEREN SERVICES,78,78,319,Other / Multi-sector / Energy & Environment
client_01911,"AMERICAN MULTI-CINEMA, INC",30,30,2198,Other / Multi-sector
client_01913,CA STATE ASSEMBLY,265,265,62,Other / Multi-sector
client_01914,"CHSPSC, LLC",104,104,62,Other / Multi-sector / Healthcare & Pharma
client_01915,COUNCIL OF INSURANCE AGENTS AND BROKERS,104,104,62,Other / Multi-sector / Healthcare & Pharma
client_01916,EXELIXIS,62,62,62,Healthcare & Pharma / Other / Multi-sector
client_01917,"LAW OFFICES OF MICHAEL JASON LEE, APLC (ON BEHALF OF TETHER OPERATIONS LIMITED)",195,195,62,Other / Multi-sector / Finance & Banking
client_01918,NATIONAL WILD TURKEY FEDERATION,80,80,62,Other / Multi-sector
client_01919,NIKOLA CORPORATION,96,96,718,Other / Multi-sector / Energy & Environment
client_01920,PUERTO RICO PUBLIC PRIVATE PARTNERSHIPS AUTHORITY,241,241,62,Other / Multi-sector
client_01921,ROCHESTER INSTITUTE OF TECHNOLOGY,20,20,1558,Other / Multi-sector / Education & Research
client_01923,"SHELL USA, INC.",175,175,62,Other / Multi-sector
client_01924,"UMICORE USA, INC.",61,61,111,Other / Multi-sector
client_01925,UNIVERSITY OF CHICAGO,100,100,62,Other / Multi-sector / Healthcare & Pharma
client_01926,"YAHOO INC, AND VAR. SUBS/AFFILIATES (FKA COLLEGE PARENT, L.P. DBA ""YAHOO"")",127,127,62,Other / Multi-sector / Legal & Lobbying
client_01928,MOTORCYCLE INDUSTRY COUNCIL,102,102,79,Other / Multi-sector / Energy & Environment
client_01929,JUUL LABS,49,49,62,Other / Multi-sector / Healthcare & Pharma
client_01930,NORWEGIAN CRUISE LINE HOLDINGS LTD.,353,353,1387,Other / Multi-sector / Government & Nonprofit
client_01931,NATIONAL AUDUBON SOCIETY INC,115,115,1144,Other / Multi-sector
client_01932,AMERICAN KIDNEY FUND,49,49,62,Other / Multi-sector / Healthcare & Pharma
client_01933,"CIENA CORPORATION (FORMERLY CIENA CORPORATION, BROADBAND GROUP)",224,224,1584,Other / Multi-sector
client_01934,"COMPRESSED GAS ASSOCIATION, INC.",104,104,1977,Other / Multi-sector / Healthcare & Pharma
client_01935,CORN REFINERS ASSOCIATION,165,165,62,Other / Multi-sector / Government & Nonprofit
client_01936,"KANEKA PHARMA AMERICA, LLC",168,168,62,Other / Multi-sector / Healthcare & Pharma
client_01937,LIVERAMP HOLDINGS INC.,186,186,2101,Other / Multi-sector
client_01938,MODERNA US INC.,216,216,62,Other / Multi-sector / Healthcare & Pharma
client_01940,PHARMACEUTICAL PRINTED LITERATURE ASSOCIATION,85,85,603,Other / Multi-sector / Healthcare & Pharma
client_01941,SPACE EXPLORATION TECHNOLOGIES CORPORATION,351,351,62,Other / Multi-sector
client_01943,PRAGER DREIFUSS AG (ON BEHALF OF MARE FINANCE INVESTMENT HOLDINGS),195,195,62,Other / Multi-sector / Finance & Banking
client_01945,NORTH AMERICAN MILLERS' ASSOCIATION,343,343,1335,Other / Multi-sector
client_01946,BLUE OWL CAPITAL INC.,195,195,62,Other / Multi-sector / Finance & Banking
client_01947,CARRIER CORPORATION,48,48,62,Other / Multi-sector
client_01948,CITADEL ENTERPRISE AMERICAS SERVICES LLC,4,4,1152,Other / Multi-sector
client_01949,DIAGNOSTIC TEST WORK GROUP (DTWG),216,216,62,Other / Multi-sector / Healthcare & Pharma
client_01950,FINSECA (PREVIOUSLY REPORTED AS ASSOCIATION FOR ADVANCED LIFE UNDERWRITING),34,34,62,Other / Multi-sector
client_01951,GORDIAN GROUP,8,8,1836,Other / Multi-sector
client_01952,"HEXION, INC.",106,106,62,Other / Multi-sector
client_01953,INTERNATIONAL TRADEMARK ASSOCIATION,163,163,62,Other / Multi-sector
client_01954,LOS ANGELES COUNTY EMPLOYEES' RETIREMENT SYSTEM,4,4,62,Other / Multi-sector
client_01955,MALLINCKRODT PHARMACEUTICALS,169,169,62,Other / Multi-sector / Healthcare & Pharma
client_01956,"MILBANK, TWEED, HADLEY & MCCLOY AS LEGAL COUNSEL TO AMBAC ASSURANCE CORPORATION",120,120,62,Other / Multi-sector / Energy & Environment
client_01957,PHILIPS NORTH AMERICA LLC (FORMERLY REPORTING AS PHILIPS HEALTHCARE/HOLDING),8,8,62,Other / Multi-sector
client_01958,PHYSICIAN-LED HEALTHCARE FOR AMERICA (FORMERLY PHYSICIAN HOSPITALS OF AMERICA),168,168,62,Other / Multi-sector / Healthcare & Pharma
client_01959,THALES USA,72,72,62,Other / Multi-sector
client_01960,UNITED STATES STEEL CORPORATION,6,6,542,Other / Multi-sector
client_01961,EVERGY FORMERLY KANSAS CITY POWER AND LIGHT COMPANY,242,242,62,Other / Multi-sector / Energy & Environment
client_01962,B. BRAUN MEDICAL,216,216,1633,Other / Multi-sector / Healthcare & Pharma
client_01963,TOURETTE ASSOCIATION OF AMERICA,183,183,542,Other / Multi-sector / Healthcare & Pharma
client_01964,ALLIANCE FOR A STRONGER FDA,67,67,62,Other / Multi-sector
client_01965,"AVANOS MEDICAL, INC. (FKA HALYARD HEALTH, INC.)",239,239,1119,Other / Multi-sector / Healthcare & Pharma
client_01966,CALIFORNIA ASSOCIATION OF WINEGRAPE GROWERS,6,6,62,Other / Multi-sector
client_01967,KIDNEY TRANSPLANT COLLABORATIVE,216,216,62,Other / Multi-sector / Healthcare & Pharma
client_01968,LIBERTY MEDIA CORPORATION,4,4,62,Other / Multi-sector
client_01969,NATIONAL HOME INFUSION ASSOCIATION,168,168,62,Other / Multi-sector / Healthcare & Pharma
client_01970,"OLD DOMINION FREIGHT LINE, INC.",36,36,76,Other / Multi-sector
client_01971,"OPTIMUM COMMUNICATIONS (FORMERLY REPORTING AS ALTICE USA, INC.)",4,4,62,Other / Multi-sector
client_01972,PANDORA MEDIA LLC,25,25,79,Other / Multi-sector
client_01973,SWITCH,27,27,62,Other / Multi-sector
client_01974,"TRINET USA, INC.",30,30,62,Other / Multi-sector
client_01975,WERNER ENTERPRISES,36,36,76,Other / Multi-sector
client_01976,WIGGINS CHILDS PANTAZIS FISHER GOLDFARB,8,8,62,Other / Multi-sector
client_01977,"HOGAN SRK, INC.; R&C MOTOR CORPORATION; HFP, LTD.",269,269,62,Other / Multi-sector
client_01978,"DELOS LIVING, LLC",339,339,62,Other / Multi-sector
client_01979,"ASTROSCALE U.S., INC.",5,5,62,Other / Multi-sector
client_01980,ELECTRICITY CANADA (FORMERLY KNOWN AS CANADIAN ELECTRICITY ASSOCIATION),78,78,193,Other / Multi-sector / Energy & Environment
client_01981,INTERNATIONAL MOTORS FKA NAVISTAR,48,48,62,Other / Multi-sector
client_01982,INTERNET & TELEVISION ASSOCIATION,25,25,62,Other / Multi-sector
client_01983,LAS VEGAS SANDS CORP.,41,41,62,Other / Multi-sector
client_01984,MARUBENI OIL & GAS (USA) INC.,61,61,62,Other / Multi-sector
client_01985,NATIONAL INDEPENDENT VENUE ASSOCIATION,104,104,62,Other / Multi-sector / Healthcare & Pharma
client_01986,ORACLE,106,106,62,Other / Multi-sector
client_01987,"PERMOBIL, INC.",239,239,542,Other / Multi-sector / Healthcare & Pharma
client_01988,RWJ BARNABAS HEALTH - FKA BARNABAS HEALTH,169,169,62,Other / Multi-sector / Healthcare & Pharma
client_01989,"SIGA TECHNOLOGIES, INC.",85,85,974,Other / Multi-sector / Healthcare & Pharma
client_01990,SOUTHWEST COUNCIL OF AGRIBUSINESS,270,270,2000,Other / Multi-sector / Education & Research
client_01991,STEADMAN PHILIPPON RESEARCH INSTITUTE,8,8,62,Other / Multi-sector
client_01992,TAYLOR FARMS,80,80,79,Other / Multi-sector
client_01994,SOCIETY OF NUCLEAR MEDICINE AND MOLECULAR IMAGING,100,100,438,Other / Multi-sector / Healthcare & Pharma
client_01995,ADP LLC,30,30,62,Other / Multi-sector
client_01996,"AMERICAN ROLL-ON ROLL-OFF CARRIER GROUP, INC.",109,109,62,Other / Multi-sector
client_01997,BAIN CAPITAL LLC,104,104,62,Other / Multi-sector / Healthcare & Pharma
client_01998,"CLARK COUNTY DEPARTMENT OF AVIATION, HARRY REID INTERNATIONAL AIRPORT",72,72,62,Other / Multi-sector
client_01999,FLH COMPANY,41,41,62,Other / Multi-sector
client_02000,KNOXVILLE AREA HOSPITAL ALLIANCE (INFORMAL COALITION),62,62,62,Healthcare & Pharma / Other / Multi-sector
client_02001,NEW YORK LIFE INSURANCE COMPANY,30,30,62,Other / Multi-sector
client_02002,"THE GEO GROUP, INC. (FORMERLY CAPITOL COUNSEL OF BEHALF OF THE GEO GROUP, INC.)",50,50,62,Other / Multi-sector
client_02003,"THE HARTFORD FINANCIAL SERVICES GROUP, INC.",4,4,62,Other / Multi-sector
client_02004,CANNABIS TRADE FEDERATION ACTION,30,30,503,Other / Multi-sector
client_02005,AMERICAN COMPOSITES MANUFACTURERS ASSOCIATION,48,48,62,Other / Multi-sector
client_02006,AFRICELL HOLDING,95,95,542,Other / Multi-sector
client_02007,AMAZON.COM (FRA PILLPACK AN AMAZON COMPANY),60,60,62,Other / Multi-sector / Healthcare & Pharma
client_02009,AMERICAN PUBLIC TRANSPORTATION ASSOCIATION (APTA),27,27,62,Other / Multi-sector
client_02010,BAE SYSTEMS LAND & ARMAMENTS LP,5,5,1315,Other / Multi-sector
client_02011,"CAREQUEST INSTITUTE FOR ORAL HEALTH, INC.",100,100,1976,Other / Multi-sector / Healthcare & Pharma
client_02012,"CLACKAMAS COUNTY, OR",354,354,556,Other / Multi-sector
client_02014,DISH NETWORK,56,56,62,Other / Multi-sector
client_02015,"FENNEMORE CRAIG, P.C.",129,129,62,Other / Multi-sector / Energy & Environment
client_02016,"GALACTIC VENTURES, LLC",5,5,1966,Other / Multi-sector
client_02017,HARRIS COUNTY,41,41,752,Other / Multi-sector
client_02018,METALS AFFORDABILITY INITIATIVE ASSOCIATION,5,5,62,Other / Multi-sector
client_02019,NATIONAL MARINE MANUFACTURERS ASSOCIATION,48,48,79,Other / Multi-sector
client_02020,SCP-HEALTH,216,216,62,Other / Multi-sector / Healthcare & Pharma
client_02021,STARBUCKS COFFEE CORP,188,188,62,Other / Multi-sector / Education & Research
client_02022,STRIDE,21,21,62,Other / Multi-sector / Education & Research
client_02023,THE UNIVERSITY OF UTAH,100,100,62,Other / Multi-sector / Healthcare & Pharma
client_02024,UNITED PARKS & RESORTS,133,133,62,Other / Multi-sector / Transportation & Auto
client_02025,WESTERN GOVERNORS UNIVERSITY,21,21,62,Other / Multi-sector / Education & Research
client_02026,"NEW BALANCE ATHLETIC SHOE, INC.",152,152,676,Other / Multi-sector
client_02027,ASSOCIATION FOR MOLECULAR PATHOLOGY,100,100,535,Other / Multi-sector / Healthcare & Pharma
client_02028,ALNYLAM PHARMACEUTICALS,62,62,62,Healthcare & Pharma / Other / Multi-sector
client_02029,"CHARGEPOINT, INC.",48,48,62,Other / Multi-sector
client_02030,HUDBAY MINERALS,17,17,62,Other / Multi-sector
client_02031,"HUNT COMPANIES, INC.",5,5,62,Other / Multi-sector
client_02032,"KELLEY DRYE & WARREN LLP ON BEHALF OF TETRA TECH, INC.",5,5,79,Other / Multi-sector
client_02033,KENTUCKY COMMUNITY AND TECHNICAL COLLEGE SYSTEM,37,37,62,Other / Multi-sector / Education & Research
client_02034,NATIONAL ASSOCIATION OF WATER COMPANIES,215,215,12,Other / Multi-sector
client_02035,PEDIATRIX MEDICAL GROUP (MEDNAX NATIONAL MEDICAL GROUP),239,239,62,Other / Multi-sector / Healthcare & Pharma
client_02036,PRVO PLINARSKO DRUTVO D.O.O.,48,48,0,Other / Multi-sector
client_02038,PUBLIC BROADCASTING SERVICE,264,264,91,Other / Multi-sector
client_02039,"RECURRENT ENERGY, LLC",102,102,12,Other / Multi-sector / Energy & Environment
client_02040,TEXAS TECH UNIVERSITY SYSTEM,8,8,62,Other / Multi-sector
client_02041,THE WONDERFUL COMPANY,6,6,62,Other / Multi-sector
client_02042,"DARDEN RESTAURANTS, INC.",30,30,62,Other / Multi-sector
client_02043,LAM RESEARCH CORPORATION,222,222,62,Other / Multi-sector
client_02044,"THE STATE UNIVERSITY OF NEW YORK, SYSTEM ADMINISTRATION",334,334,79,Other / Multi-sector / Healthcare & Pharma
client_02045,ABSOLUTE SOFTWARE CORPORATION,121,121,62,Other / Multi-sector
client_02046,AIRBUS GROUP INC.,152,152,62,Other / Multi-sector
client_02047,"AMGEN, INC. FKA HORIZON THERAPEUTICS USA, INC.",49,49,62,Other / Multi-sector / Healthcare & Pharma
client_02048,ASSOCIATION OF INDEPENDENT RESEARCH INSTITUTES,85,85,62,Other / Multi-sector / Healthcare & Pharma
client_02049,BROTHERHOOD OF RAILROAD SIGNALMEN,27,27,482,Other / Multi-sector
client_02050,EDGE DAIRY FARMER COOPERATIVE,6,6,658,Other / Multi-sector
client_02051,ILLINOIS CORN GROWERS ASSOCIATION,211,211,62,Other / Multi-sector / Agriculture & Food
client_02052,INDEPENDENT PHARMACY COOPERATIVE,100,100,62,Other / Multi-sector / Healthcare & Pharma
client_02053,"KINDER MORGAN, INC.",48,48,62,Other / Multi-sector
client_02054,LIFEBRIDGE HEALTH SYSTEM,94,94,62,Other / Multi-sector
client_02055,LIVE NATION ENTERTAINMENT,30,30,62,Other / Multi-sector
client_02057,MEDICAL COUNTERMEASURES COALITION,216,216,62,Other / Multi-sector / Healthcare & Pharma
client_02058,NATIONAL ASSOCIATION OF PROTON THERAPY,100,100,62,Other / Multi-sector / Healthcare & Pharma
client_02059,OCEAN SPRAY CRANBERRIES,80,80,62,Other / Multi-sector
client_02060,PERDOCEO EDUCATION CORPORATION,37,37,1623,Other / Multi-sector / Education & Research
client_02061,RSL INVESTMENT CORPORATION,195,195,0,Other / Multi-sector / Finance & Banking
client_02062,SANTA CLARA COUNTY,33,33,62,Other / Multi-sector / Government & Nonprofit
client_02063,SPACE DYNAMICS LABORATORY (SDL),8,8,1186,Other / Multi-sector
client_02064,DOUGLAS DEVELOPMENT CORPORATION,196,196,62,Other / Multi-sector
client_02065,TRANSPORTATION CORRIDOR AGENCIES,36,36,62,Other / Multi-sector
client_02066,MEDECINS SANS FRONTIERES D/B/A DOCTORS WITHOUT BORDERS,216,216,2052,Other / Multi-sector / Healthcare & Pharma
client_02067,"ADVANCED EMISSIONS SOLUTIONS, INC.",34,34,62,Other / Multi-sector
client_02068,AMAZON.COM SERVICES LLC,185,185,66,Other / Multi-sector
client_02069,APARTMENT INVESTMENT MANAGEMENT COMPANY,238,238,62,Other / Multi-sector / Energy & Environment
client_02070,BAYER CORPORATION,216,216,62,Other / Multi-sector / Healthcare & Pharma
client_02071,"FORIS DAX, INC. D/B/A CRYPTO.COM",4,4,62,Other / Multi-sector
client_02072,HITACHI ENERGY USA INC,115,115,250,Other / Multi-sector
client_02073,IMPRIVATA INC,216,216,62,Other / Multi-sector / Healthcare & Pharma
client_02074,"INDEPENDENT ELECTRICAL CONTRACTORS, INC",188,188,112,Other / Multi-sector / Education & Research
client_02075,"INDIGO AGRICULTURE, INC.",253,253,62,Other / Multi-sector
client_02076,INTELSAT GENERAL COMMUNICATIONS LLC,8,8,1075,Other / Multi-sector
client_02077,NATIONAL LIMOUSINE ASSOCIATION,36,36,62,Other / Multi-sector
client_02078,NOVOLEX (FORMERLY HILEX POLY COMPANY),229,229,62,Other / Multi-sector
client_02079,SCULPTOR CAPITAL MANAGEMENT,4,4,62,Other / Multi-sector
client_02080,STEM EDUCATION COALITION,21,21,186,Other / Multi-sector / Education & Research
client_02081,SUN AFRICA,78,78,62,Other / Multi-sector / Energy & Environment
client_02082,T-MOBILE US INC.,4,4,62,Other / Multi-sector
client_02083,"UNITED SEATING AND MOBILITY, LLC DBA NUMOTION",168,168,62,Other / Multi-sector / Healthcare & Pharma
client_02086,AUTISM SPEAKS INC.,41,41,79,Other / Multi-sector
client_02087,"BROADRIDGE FINANCIAL SOLUTIONS, INC.",195,195,62,Other / Multi-sector / Finance & Banking
client_02088,CATERPILLAR INC,109,109,79,Other / Multi-sector
client_02089,EDGE DAIRY FARMER COOPERATIVE (FORMERLY EDGE),6,6,62,Other / Multi-sector
client_02090,FAIR ISAAC CORPORATION (DBA FICO),308,308,62,Other / Multi-sector / Technology & Telecom
client_02091,KPMG LLP,5,5,79,Other / Multi-sector
client_02093,NATIONAL PUBLIC RADIO,41,41,62,Other / Multi-sector
client_02094,PEOPLE FOR THE AMERICAN WAY,134,134,634,Other / Multi-sector
client_02095,SANMINA CORPORATION,41,41,1029,Other / Multi-sector
client_02096,SOCIETY OF AMERICAN FLORISTS,6,6,62,Other / Multi-sector
client_02097,SUN RIVER HEALTH,100,100,62,Other / Multi-sector / Healthcare & Pharma
client_02098,THE BUSINESS ROUNDTABLE,48,48,62,Other / Multi-sector
client_02099,UTE INDIAN TRIBE,159,159,1652,Other / Multi-sector / Legal & Lobbying
client_02100,"PORTER AND KORVICK, P.A.",127,127,62,Other / Multi-sector / Legal & Lobbying
client_02102,THE BATTERY ADVOCACY FOR TECHNOLOGY TRANSFORMATION (BATT) COALITION,102,102,676,Other / Multi-sector / Energy & Environment
client_02103,"AGILON HEALTH, INC.",62,62,62,Healthcare & Pharma / Other / Multi-sector
client_02105,CITY OF NORFOLK VIRGINIA,146,146,62,Other / Multi-sector / Energy & Environment
client_02106,COMMONSPIRIT HEALTH,216,216,62,Other / Multi-sector / Healthcare & Pharma
client_02107,INTERNATIONAL SWAPS AND DERIVATIVES ASSOCIATION,107,107,62,Other / Multi-sector / Government & Nonprofit
client_02108,JMA WIRELESS,152,152,62,Other / Multi-sector
client_02109,NATIONAL SOCIETY OF GENETIC COUNSELORS NSGC,62,62,1528,Healthcare & Pharma / Other / Multi-sector
client_02110,NEXTERA ENERGY CAPITAL HOLDINGS INC. (FORMERLY NEXTERA ENERGY INC.),102,102,62,Other / Multi-sector / Energy & Environment
client_02111,"NRG ENERGY, INC.",322,322,62,Other / Multi-sector
client_02112,PHOEBE PUTNEY HEALTH SYSTEM,180,180,62,Legal & Lobbying / Healthcare & Pharma
client_02113,"QUANTUM COMPUTING, INC.",195,195,928,Other / Multi-sector / Finance & Banking
client_02114,"RAPID7, INC.",74,74,62,Other / Multi-sector
client_02115,"STRIVETOGETHER, INC.",84,84,62,Other / Multi-sector
client_02116,"SUNOVION PHARMACEUTICALS, INC. (FORMERLY KNOWN AS SEPRACOR INC.)",168,168,62,Other / Multi-sector / Healthcare & Pharma
client_02117,THE GAVI ALLIANCE,49,49,62,Other / Multi-sector / Healthcare & Pharma
client_02118,THE INSTITUTE FOR LEGAL REFORM - U.S. CHAMBER OF COMMERCE,24,24,62,Other / Multi-sector
client_02119,VANGUARD CHARITABLE,34,34,62,Other / Multi-sector
client_02121,AMERICAN CHEMICAL SOCIETY (ACS),115,115,1948,Other / Multi-sector
client_02122,ALIBABA GROUP HOLDING LIMITED,229,229,66,Other / Multi-sector
client_02123,AMERICAN SECURITIES ASSOCIATION,109,109,62,Other / Multi-sector
client_02124,BARRICK GOLD CORPORATION OF NORTH AMERICA INC,34,34,62,Other / Multi-sector
client_02125,BLUE ORIGIN,8,8,519,Other / Multi-sector
client_02126,CANOPY GROWTH USA LLC,80,80,1760,Other / Multi-sector
client_02127,CITY OF LAS VEGAS,146,146,62,Other / Multi-sector / Energy & Environment
client_02128,COMPASSION AND CHOICES,216,216,237,Other / Multi-sector / Healthcare & Pharma
client_02129,CROWE LLP,24,24,469,Other / Multi-sector
client_02130,CTIA,95,95,62,Other / Multi-sector
client_02131,"DAY & ZIMMERMANN GROUP, INC.",5,5,62,Other / Multi-sector
client_02132,ELEVATE CREDIT,111,111,79,Other / Multi-sector / Finance & Banking
client_02133,"FERMIFORWARD DISCOVERY GROUP, LLC",161,161,62,Other / Multi-sector / Transportation & Auto
client_02134,INGRAM BARGE COMPANY,181,181,62,Other / Multi-sector / Energy & Environment
client_02135,INTERMOUNTAIN HEALTH,100,100,62,Other / Multi-sector / Healthcare & Pharma
client_02136,MISSISSIPPI BAND OF CHOCTAW INDIANS,138,138,66,Other / Multi-sector
client_02137,NUTRIEN US LLC (FORMERLY KNOWN AS AGRIUM U.S. INC.) (A NUTRIEN LTD SUBSIDIARY),80,80,62,Other / Multi-sector
client_02138,OLD DOMINION UNIVERSITY,5,5,385,Other / Multi-sector
client_02139,SEQIRUS,85,85,62,Other / Multi-sector / Healthcare & Pharma
client_02140,SWEETENER USERS ASSOCIATION,206,206,611,Other / Multi-sector
client_02141,"THE FRIEDKIN GROUP, INC.",287,287,62,Other / Multi-sector / Government & Nonprofit
client_02142,TUFTS UNIVERSITY,20,20,62,Other / Multi-sector / Education & Research
client_02143,"VISA, U.S.A., INC.",30,30,62,Other / Multi-sector
client_02144,ZOOM VIDEO COMMUNICATION INC.,14,14,62,Other / Multi-sector
client_02145,LEADINGAGE (FKA AMER ASSOC OF HOMES AND SERVICES FOR THE AGING),239,239,1244,Other / Multi-sector / Healthcare & Pharma
client_02146,"JSW STEEL, USA",329,329,62,Other / Multi-sector
client_02147,"COMMUNITY CATALYST, INC",62,62,2252,Healthcare & Pharma / Other / Multi-sector
client_02148,MASSACHUSETTS INSTITUTE OF TECHNOLOGY,21,21,62,Other / Multi-sector / Education & Research
client_02149,"FRAMATOME, INC. (FORMELY KNOWN AS AREVA, INC.)",327,327,438,Other / Multi-sector / Energy & Environment
client_02150,ADVANCED DRAINAGE SYSTEMS,36,36,62,Other / Multi-sector
client_02151,AMERICAN BENEFITS COUNCIL OBO ALLIANCE TO FIGHT FOR HEALTH CARE,104,104,62,Other / Multi-sector / Healthcare & Pharma
client_02152,AMERICA'S POISON CENTERS (APC),56,56,62,Other / Multi-sector
client_02153,DOMTAR CORPORATION FKA PAPER EXCELLENCE HOLDINGS CORPORATION FKA DOMTAR,116,116,62,Other / Multi-sector
client_02154,"FUTUREWEI TECHNOLOGIES, INC.",152,152,62,Other / Multi-sector
client_02155,GS1 US,81,81,62,Other / Multi-sector / Healthcare & Pharma
client_02156,HII,5,5,62,Other / Multi-sector
client_02157,HORIZON THERAPEUTICS (F/K/A) HORIZON PHARMA USA INC,117,117,438,Other / Multi-sector / Healthcare & Pharma
client_02158,LA 2028 -LOS ANGELES ORGANIZING COMMITTEE FOR OLYMPIC AND PARALYMPIC GAMES 2028,72,72,62,Other / Multi-sector
client_02159,MISSOURI FARM BUREAU FEDERATION,192,192,2122,Other / Multi-sector / Agriculture & Food
client_02160,"MUSIC.INNOVATION.CONSUMERS COALITION ""MIC""",25,25,62,Other / Multi-sector
client_02161,"NOTARIZE, INC. DBA PROOF.COM",50,50,79,Other / Multi-sector
client_02162,PHILANTHROPY ROUNDTABLE,34,34,302,Other / Multi-sector
client_02163,"PURPOSE FINANCIAL, INC.",195,195,62,Other / Multi-sector / Finance & Banking
client_02164,TRULIEVE,15,15,62,Other / Multi-sector
client_02165,"UNITEDHEALTH GROUP, INC.",62,62,62,Healthcare & Pharma / Other / Multi-sector
client_02166,ZIONIST ORGANIZATION OF AMERICA,37,37,1879,Other / Multi-sector / Education & Research
client_02167,ALLIANCE FOR SAFE ONLINE PHARMACIES (ASOP GLOBAL),216,216,255,Other / Multi-sector / Healthcare & Pharma
client_02168,AMAZON CORPORATE,8,8,62,Other / Multi-sector
client_02169,BROADCOM INC.,30,30,62,Other / Multi-sector
client_02170,CLARK STREET ASSOCIATES LLC ON BEHALF OF QORVO,85,85,48,Other / Multi-sector / Healthcare & Pharma
client_02171,"DLA PIPER LLP (US) (FOR ADP, LLC)",30,30,2039,Other / Multi-sector
client_02172,HOLLAND & KNIGHT LLP (ON BEHALF OF ADVANCED BIOFUELS ASSOCIATION),178,178,560,Other / Multi-sector
client_02173,INNOVATIVE DEFENSE TECHNOLOGIES,5,5,62,Other / Multi-sector
client_02174,MATCH GROUP,200,200,62,Other / Multi-sector
client_02175,"MERCHANTS PAYMENTS COALITION, INC.",30,30,62,Other / Multi-sector
client_02177,OWENS-ILLINOIS INC,48,48,62,Other / Multi-sector
client_02178,PACIFIC INVESTMENT MANAGEMENT COMPANY LLC,195,195,62,Other / Multi-sector / Finance & Banking
client_02179,PICERNE MILITARY HOUSING A/K/A CORVIAS GROUP,8,8,62,Other / Multi-sector
client_02180,RAKUTEN SYMPHONY USA LLC,56,56,112,Other / Multi-sector
client_02181,SOCIETY FOR IMMUNOTHERAPY OF CANCER,67,67,62,Other / Multi-sector
client_02182,SOTHEBY'S,109,109,62,Other / Multi-sector
client_02183,TELEDYNE FLIR (FORMERLY FLIR SYSTEMS INC AND SUBSIDIARIES),72,72,542,Other / Multi-sector
client_02184,"THE SEQUOIA PROJECT (FORMERLY HEALTHEWAY, INC.)",216,216,62,Other / Multi-sector / Healthcare & Pharma
client_02185,TP-LINK SYSTEMS INC. (FKA TP-LINK GLOBAL INC.),45,45,438,Other / Multi-sector
client_02186,TRINITY HEALTH,62,62,62,Healthcare & Pharma / Other / Multi-sector
client_02187,"VILLAGE PRACTICE MANAGEMENT COMPANY HOLDINGS, LLC",62,62,2020,Healthcare & Pharma / Other / Multi-sector
client_02188,CITY OF TUCSON,145,145,542,Other / Multi-sector / Education & Research
client_02189,RAIN AND HAIL LLC,80,80,1699,Other / Multi-sector
client_02191,"PORTS AMERICA GROUP, INC.",65,65,62,Other / Multi-sector / Transportation & Auto
client_02193,AMERICAN PROPERTY CASUALTY INSURERS ASSOCIATION,19,19,62,Other / Multi-sector
client_02194,BLUESCOPE STEEL NORTH AMERICA CORPORATION,45,45,62,Other / Multi-sector
client_02195,"CARGILL, INCORPORATED",285,285,62,Other / Multi-sector / Transportation & Auto
client_02196,"CHANEL, INC.",163,163,62,Other / Multi-sector
client_02197,CITY OF MESA,188,188,62,Other / Multi-sector / Education & Research
client_02198,COALITION FOR ENERGY ASSISTANCE MODERNIZATION,158,158,62,Other / Multi-sector / Energy & Environment
client_02199,DAY & ZIMMERMANN,227,227,62,Other / Multi-sector / Energy & Environment
client_02200,DISTILLED SPIRITS COUNCIL,343,343,62,Other / Multi-sector
client_02201,GOODWILL INDUSTRIES INTERNATIONAL INC,30,30,111,Other / Multi-sector
client_02202,"JAZZ PHARMACEUTICALS, INC. AND ITS SUBSIDIARIES, INCLUDING GREENWICH BIOSCIENCES",49,49,62,Other / Multi-sector / Healthcare & Pharma
client_02203,KEEP US POSTED,314,314,62,Other / Multi-sector / Energy & Environment
client_02204,KIRIL DOMUSCHIEV AND GEORGI DOMUSCHIEV,196,196,1218,Other / Multi-sector
client_02205,PACIFIC GAS AND ELECTRIC,115,115,62,Other / Multi-sector
client_02206,PHI AIR MEDICAL,3,3,62,Other / Multi-sector
client_02207,REINSURANCE GROUP OF AMERICA,34,34,62,Other / Multi-sector
client_02208,ROPER ST. FRANCIS HEALTHCARE,49,49,62,Other / Multi-sector / Healthcare & Pharma
client_02209,"RYAN, INC.",34,34,62,Other / Multi-sector
client_02210,TRANSITAMERICA SERVICES,36,36,62,Other / Multi-sector
client_02211,TURLOCK IRRIGATION DISTRICT,115,115,582,Other / Multi-sector
client_02212,NUVANCE HEALTH / HEALTH QUEST,100,100,669,Other / Multi-sector / Healthcare & Pharma
client_02213,DRAGOS,190,190,79,Other / Multi-sector
client_02214,NATIONAL FAIR HOUSING ALLIANCE,308,308,62,Other / Multi-sector / Technology & Telecom
client_02215,FIBER OPTIC SENSING ASSOCIATION,87,87,2358,Other / Multi-sector
client_02216,ARAMARK DESTINATIONS,74,74,62,Other / Multi-sector
client_02218,AVENTIV TECHNOLOGIES LLC AND VARIOUS SUBSIDIARIES,25,25,438,Other / Multi-sector
client_02219,"BRAEBURN PHARMACEUTICALS, INC.",216,216,62,Other / Multi-sector / Healthcare & Pharma
client_02220,"CALIFORNIA STEEL INDUSTRIES, INC.",106,106,62,Other / Multi-sector
client_02221,CHATHAM AREA TRANSIT (CAT),27,27,62,Other / Multi-sector
client_02222,CITY OF PORTLAND,146,146,62,Other / Multi-sector / Energy & Environment
client_02223,CMS ENERGY CORP,236,236,62,Other / Multi-sector / Energy & Environment
client_02224,COLLEGE AVENUE STUDENT LOANS LLC,21,21,62,Other / Multi-sector / Education & Research
client_02225,"CREDIT UNION NATIONAL ASSOCIATION, INC. DBA AMERICA'S CREDIT UNIONS",264,264,111,Other / Multi-sector
client_02226,"FOOD FIX CAMPAIGN ACTION, INC.",35,35,62,Other / Multi-sector / Healthcare & Pharma
client_02227,"FRANKLIN SQUARE HOLDINGS, L.P.",4,4,62,Other / Multi-sector
client_02228,GREATER NEW YORK HOSPITAL ASSOCIATION,62,62,438,Healthcare & Pharma / Other / Multi-sector
client_02229,HOUSTON AIRPORT SYSTEM,72,72,62,Other / Multi-sector
client_02230,"LUMEN TECHNOLOGIES SERVICE GROUP, LLC",220,220,62,Other / Multi-sector
client_02231,MEDICAL PLACE,152,152,62,Other / Multi-sector
client_02232,METROPOLITAN WATER RECLAMATION DISTRICT OF GREATER CHICAGO,33,33,380,Other / Multi-sector / Government & Nonprofit
client_02233,POPULUS FINANCIAL GROUP,195,195,62,Other / Multi-sector / Finance & Banking
client_02234,PROFESSIONAL NON-PROFIT THEATER COALITION,37,37,62,Other / Multi-sector / Education & Research
client_02235,SAN CARLOS APACHE TRIBE,58,58,542,Other / Multi-sector
client_02237,TEXAS INSTRUMENTS INCORPORATED,254,254,62,Other / Multi-sector
client_02238,THE DUAL ELIGIBLE COALITION,216,216,62,Other / Multi-sector / Healthcare & Pharma
client_02239,THE R&D COALITION,34,34,62,Other / Multi-sector
client_02240,TRIMBLE INC.,121,121,725,Other / Multi-sector
client_02241,U.S. RENAL CARE,62,62,62,Healthcare & Pharma / Other / Multi-sector
client_02242,"VIR BIOTECHNOLOGY, INC.",81,81,62,Other / Multi-sector / Healthcare & Pharma
client_02243,"VIRGIN ORBIT, LLC AND SUBSIDIARIES",5,5,1750,Other / Multi-sector
client_02244,WORLD FUEL (FKA WORLD FUEL SERVICES),5,5,62,Other / Multi-sector
client_02245,MASSACHUSETTS PORT AUTHORITY,149,149,62,Technology & Telecom / Other / Multi-sector
client_02246,PANTHEON DATA (FKA THE KENIFIC GROUP),8,8,317,Other / Multi-sector
client_02247,NATIONAL COUNCIL OF RESISTANCE OF IRAN,198,198,2350,Other / Multi-sector
client_02248,CALIFORNIA STATE ASSOCIATION OF COUNTIES,6,6,1029,Other / Multi-sector
client_02249,CITGO,113,113,62,Other / Multi-sector
client_02250,CTC GLOBAL CORPORATION,78,78,542,Other / Multi-sector / Energy & Environment
client_02251,DOE RUN COMPANY,61,61,62,Other / Multi-sector
client_02252,"EISAI, INC.",183,183,62,Other / Multi-sector / Healthcare & Pharma
client_02253,FAIRBANKS MORSE ENGINE,142,142,2221,Other / Multi-sector / Finance & Banking
client_02254,"HYUNDAI MOTOR COMPANY, LTD.",14,14,62,Other / Multi-sector
client_02255,"LIV GOLF, INC",109,109,62,Other / Multi-sector
client_02256,MAINSPRING ENERGY INC,242,242,62,Other / Multi-sector / Energy & Environment
client_02257,MODESTO IRRIGATION DISTRICT,115,115,582,Other / Multi-sector
client_02258,NASSCOM (NATIONAL ASSOCIATION OF SOFTWARE AND SERVICE COMPANIES),224,224,62,Other / Multi-sector
client_02259,ORSTED NORTH AMERICA INC.,96,96,12,Other / Multi-sector / Energy & Environment
client_02260,"PLUG POWER, INC.",23,23,62,Other / Multi-sector / Energy & Environment
client_02261,"REDWIRE SPACE, INC.",67,67,372,Other / Multi-sector
client_02262,RUSH UNIVERSITY MEDICAL CENTER,35,35,62,Other / Multi-sector / Healthcare & Pharma
client_02265,T-MOBILE ASSOCIATION,95,95,62,Other / Multi-sector
client_02266,TRINITY INDUSTRIES INC,102,102,2329,Other / Multi-sector / Energy & Environment
client_02267,TYSON FOODS INC,229,229,62,Other / Multi-sector
client_02268,UNITED MOTORCOACH ASSOCIATION,106,106,62,Other / Multi-sector
client_02269,DALLAS/FORT WORTH INTERNATIONAL AIRPORT,36,36,1014,Other / Multi-sector
client_02270,ARMENIAN ASSEMBLY OF AMERICA INC,8,8,438,Other / Multi-sector
client_02272,PHLOW CORPORATION,85,85,62,Other / Multi-sector / Healthcare & Pharma
client_02273,ADVANCED MICRO DEVICES (AMD),222,222,62,Other / Multi-sector
client_02274,ANHEUSER-BUSCH COMPANIES INC,355,355,62,Other / Multi-sector / Government & Nonprofit
client_02275,APPALACHIAN NATURAL GAS OPERATORS COALITION,78,78,117,Other / Multi-sector / Energy & Environment
client_02276,"BROWARD COUNTY, FL",18,18,62,Other / Multi-sector
client_02277,CHENEGA CORPORATION,8,8,62,Other / Multi-sector
client_02278,CITY OF NEW ORLEANS,54,54,62,Other / Multi-sector / Government & Nonprofit
client_02279,CITY OF SAN FRANCISCO (WATER AND POWER DIVISION),70,70,62,Other / Multi-sector / Energy & Environment
client_02280,COMMERCIAL METALS COMPANY,152,152,62,Other / Multi-sector
client_02281,DIAGEO NORTH AMERICA,21,21,62,Other / Multi-sector / Education & Research
client_02282,"ELEVANCE HEALTH, INC. (FORMERLY REPORTED AS ANTHEM, INC.)",3,3,62,Other / Multi-sector
client_02283,ELLIS HOSPITAL,100,100,436,Other / Multi-sector / Healthcare & Pharma
client_02284,ESQUEL ENTERPRISES LIMITED,45,45,62,Other / Multi-sector
client_02286,NATIONAL ASSOCIATION OF BROADCASTERS (NAB),34,34,62,Other / Multi-sector
client_02287,"OFFICE OF THE GOVERNOR, STATE OF COLORADO",188,188,62,Other / Multi-sector / Education & Research
client_02288,ONEIDA TRIBE OF INDIANS OF WISCONSIN,34,34,62,Other / Multi-sector
client_02289,ONTARIO INTERNATIONAL AIRPORT AUTHORITY,36,36,1014,Other / Multi-sector
client_02290,RESOURCE MANAGEMENT SERVICE LLC,30,30,62,Other / Multi-sector
client_02291,"STRATASYS, INC.",8,8,62,Other / Multi-sector
client_02292,"COMMUNITY HEALTH NETWORK, INC. INDIANAPOLIS",216,216,513,Other / Multi-sector / Healthcare & Pharma
client_02293,INSTITUTE OF MAKERS OF EXPLOSIVES,290,290,1029,Other / Multi-sector / Education & Research
client_02294,AMERICAN PUBLIC WORKS ASSOCIATION,181,181,1071,Other / Multi-sector / Energy & Environment
client_02295,"AMERICAN AIRLINES, INC.",122,122,62,Other / Multi-sector
client_02296,SPINA BIFIDA ASSOCIATION OF AMERICA,216,216,1896,Other / Multi-sector / Healthcare & Pharma
client_02297,"ALTRIA CLIENT SERVICES, LLC",24,24,62,Other / Multi-sector
client_02298,AMERICAN PROPERTY CASUALTY INSURANCE ASSOCIATION FKA PROPERTY CASUALTY INSURERS,221,221,62,Other / Multi-sector
client_02299,"ANT GROUP CO., LTD.",195,195,62,Other / Multi-sector / Finance & Banking
client_02300,BIOMERIEUX,41,41,670,Other / Multi-sector
client_02301,BOWLING PROPRIETORS' ASSOCIATION OF AMERICA,25,25,62,Other / Multi-sector
client_02302,CITY OF HOPE MEDICAL CENTER,100,100,62,Other / Multi-sector / Healthcare & Pharma
client_02303,NANA REGIONAL CORPORATION,5,5,62,Other / Multi-sector
client_02304,NASCAR,41,41,62,Other / Multi-sector
client_02305,NATIONAL ASSOCIATION OF EMS PHYSICIANS,216,216,62,Other / Multi-sector / Healthcare & Pharma
client_02306,ONLINE LENDERS ALLIANCE,5,5,62,Other / Multi-sector
client_02307,PERRIGO COMPANY PLC,216,216,62,Other / Multi-sector / Healthcare & Pharma
client_02308,PLUMBING-HEATING-COOLING CONTRACTORS--NATIONAL ASSOCIATION,21,21,2172,Other / Multi-sector / Education & Research
client_02309,"PORT LINK GP, LTD (ON BEHALF OF THE PORT FUND L.P.)",195,195,62,Other / Multi-sector / Finance & Banking
client_02310,SOCIETY OF INDEPENDENT GASOLINE MARKETERS OF AMERICA,236,236,62,Other / Multi-sector / Energy & Environment
client_02311,"STIDD SYSTEMS, INC",5,5,62,Other / Multi-sector
client_02313,WASHINGTON GAS,78,78,62,Other / Multi-sector / Energy & Environment
client_02314,FEDERATION OF AMERICAN SOCIETIES FOR EXPERIMENTAL BIOLOGY,220,220,79,Other / Multi-sector
client_02315,LOUISIANA COASTAL PROTECTION AND RESTORATION AUTHORITY,61,61,62,Other / Multi-sector
client_02316,"ROBOTIC RESEARCH OPCO, LLC (DBA FORTERRA)",72,72,2339,Other / Multi-sector
client_02317,LAMBERT-ST LOUIS INTERNATIONAL AIRPORT,133,133,1883,Other / Multi-sector / Transportation & Auto
client_02318,LIQUID ENERGY PIPELINE ASSOCIATION,113,113,1473,Other / Multi-sector
client_02319,4DD SOFTWARE,35,35,62,Other / Multi-sector / Healthcare & Pharma
client_02320,ALLIANCE OF SPECIALTY MEDICINE,216,216,62,Other / Multi-sector / Healthcare & Pharma
client_02321,AMERICAN MARITIME OFFICERS SERVICE (AMOS),151,151,49,Other / Multi-sector
client_02322,AMERICAN SAFETY COUNCIL,25,25,62,Other / Multi-sector
client_02323,A.O. SMITH CORPORATION,115,115,79,Other / Multi-sector
client_02324,BAVARIAN NORDIC,85,85,62,Other / Multi-sector / Healthcare & Pharma
client_02325,BAYER CORPORATION (FORMERLY KNOWN AS MONSANTO COMPANY),229,229,62,Other / Multi-sector
client_02326,BRAIN INJURY ASSOCIATION OF AMERICA (FKA BRAIN INJURY ASSOCIATION),216,216,2289,Other / Multi-sector / Healthcare & Pharma
client_02327,CHESAPEAKE ENERGY CORPORATION,14,14,1846,Other / Multi-sector
client_02328,CHILDREN'S HOSPITAL OF THE KING'S DAUGHTERS,35,35,62,Other / Multi-sector / Healthcare & Pharma
client_02329,CIT GROUP INC.,109,109,2223,Other / Multi-sector
client_02330,CLEAN FUELS ALLIANCE AMERICA,102,102,62,Other / Multi-sector / Energy & Environment
client_02331,"CORECIVIC, INC.",50,50,62,Other / Multi-sector
client_02332,COUNCIL ON SOCIAL WORK EDUCATION,157,157,62,Other / Multi-sector / Education & Research
client_02333,"H-E-B GROCERY COMPANY, LP",228,228,62,Other / Multi-sector / Agriculture & Food
client_02334,"HCBS ADVOCACY, LLC",196,196,62,Other / Multi-sector
client_02335,HORIZON THERAPEUTICS (FORMALLY KNOWN AS HORIZON PHARMA),216,216,2002,Other / Multi-sector / Healthcare & Pharma
client_02336,INSURED RETIREMENT INSTITUTE,67,67,62,Other / Multi-sector
client_02338,LAKE ERIE COLLEGE OF OSTEOPATHIC MEDICINE,183,183,62,Other / Multi-sector / Healthcare & Pharma
client_02339,MARSH MCLENNAN,224,224,62,Other / Multi-sector
client_02340,MINNESOTA CORN GROWERS,243,243,2000,Other / Multi-sector / Agriculture & Food
client_02341,NATIONAL ASSOCIATION OF BENEFITS AND INSURANCE PROFESSIONALS (FKA NAHU),239,239,62,Other / Multi-sector / Healthcare & Pharma
client_02342,NATIONAL ASSOCIATION OF REALTORS,356,356,111,Government & Nonprofit / Other / Multi-sector
client_02344,NATIONAL LUMBER AND BUILDING MATERIAL DEALERS ASSOCIATION,224,224,1528,Other / Multi-sector
client_02345,NATIONAL SORGHUM PRODUCERS,243,243,62,Other / Multi-sector / Agriculture & Food
client_02346,PARTNERSHIP FOR PART D ACCESS,168,168,603,Other / Multi-sector / Healthcare & Pharma
client_02347,"PEGASYSTEMS, INC.",8,8,62,Other / Multi-sector
client_02348,PRAIRIE ISLAND INDIAN COMMUNITY,58,58,13,Other / Multi-sector
client_02350,SMALL REFINERY OWNERS AD HOC COALITION,336,336,79,Energy & Environment / Other / Multi-sector
client_02351,SNAP INC.,186,186,62,Other / Multi-sector
client_02352,SOUTHWIRE COMPANY,102,102,62,Other / Multi-sector / Energy & Environment
client_02353,STATE STREET BANK AND TRUST COMPANY,195,195,62,Other / Multi-sector / Finance & Banking
client_02354,"TIBER CREEK HEALTH STRATEGIES, INC. (ON BEHALF OF GENENTECH, INC.)",239,239,62,Other / Multi-sector / Healthcare & Pharma
client_02355,UNIVERSITY OF ALABAMA SYSTEM,183,183,62,Other / Multi-sector / Healthcare & Pharma
client_02356,UTAH TRANSIT AUTHORITY (UTA),36,36,854,Other / Multi-sector
client_02357,"YCI METHANOL ONE, LLC (F/K/A YUHUANG CHEMICAL INC.)",61,61,0,Other / Multi-sector
client_02358,CEPI-U.S.,49,49,62,Other / Multi-sector / Healthcare & Pharma
client_02359,ADVANCED ENVIRONMENTAL MONITORING HOLDINGS (AEMH),18,18,62,Other / Multi-sector
client_02360,PROMEDICA HEALTH SYSTEM,100,100,1119,Other / Multi-sector / Healthcare & Pharma
client_02361,GOOGLE CLIENT SERVICES LLC (FORMERLY REPORTING AS GOOGLE),138,138,62,Other / Multi-sector
client_02362,BBVA USA,109,109,1995,Other / Multi-sector
client_02365,AMERICAN ASSOCIATION OF INTERNATIONAL HEALTHCARE RECRUITMENT,110,110,62,Other / Multi-sector / Healthcare & Pharma
client_02366,AMERICAN COLLEGE OF EMERGENCY PHYSICIANS,216,216,62,Other / Multi-sector / Healthcare & Pharma
client_02367,AMERICAN COUNCIL OF LIFE INSURERS (ACLI),34,34,62,Other / Multi-sector
client_02368,BLOOM ENERGY,23,23,62,Other / Multi-sector / Energy & Environment
client_02370,CLIMATE POWER,115,115,62,Other / Multi-sector
client_02371,COHNREZNICK LLP,59,59,62,Other / Multi-sector / Real Estate & Construction
client_02372,ELECTRIC POWER BOARD,56,56,542,Other / Multi-sector
client_02373,HENRY FORD HEALTH SYSTEM,100,100,1119,Other / Multi-sector / Healthcare & Pharma
client_02374,METROPOLITAN LIFE INSURANCE COMPANY,4,4,62,Other / Multi-sector
client_02375,PALO ALTO NETWORKS,134,134,62,Other / Multi-sector
client_02376,"REVVITY, INC.",241,241,211,Other / Multi-sector
client_02379,"WITH HONOR ACTION, INC.",152,152,62,Other / Multi-sector
client_02380,ZIMMER BIOMET,239,239,62,Other / Multi-sector / Healthcare & Pharma
client_02381,ALLIANCE FOR AGING RESEARCH,183,183,62,Other / Multi-sector / Healthcare & Pharma
client_02382,NOURYON,107,107,1950,Other / Multi-sector / Government & Nonprofit
client_02383,ADOBE SYSTEMS INC.,30,30,62,Other / Multi-sector
client_02384,"ANALOG DEVICES, INC.",0,0,62,Other / Multi-sector
client_02385,ARCH CAPITAL GROUP LIMITED,34,34,62,Other / Multi-sector
client_02386,CGCN GROUP ON BEHALF OF BRADFORD WHITE CORPORATION,48,48,2174,Other / Multi-sector
client_02387,COBHAM ADVANCED ELECTRONIC SOLUTIONS (PREVIOUSLY: COBHAM MANAGEMENT SERVICES INC,5,5,79,Other / Multi-sector
client_02388,COPYRIGHT ALLIANCE,163,163,62,Other / Multi-sector
client_02389,CROWDSTRIKE,8,8,62,Other / Multi-sector
client_02390,EOS ENERGY ENTERPRISES LLC (FKA EOS ENERGY STORAGE LLC),102,102,62,Other / Multi-sector / Energy & Environment
client_02391,GREAT LAKES DREDGE & DOCK CORPORATION,27,27,550,Other / Multi-sector
client_02392,ICANN (INTERNET CORPORATION FOR ASSIGNED NAMES AND NUMBERS),186,186,62,Other / Multi-sector
client_02393,LINDE (FKA PRAXAIR INC ),18,18,62,Other / Multi-sector
client_02394,"MICRON TECHNOLOGY, INC.",109,109,62,Other / Multi-sector
client_02395,"NETJETS, INC.",188,188,438,Other / Multi-sector / Education & Research
client_02396,NORTH CAROLINA STATE UNIVERSITY,309,309,1410,Education & Research / Transportation & Auto
client_02398,PORT OF SEATTLE,269,269,62,Other / Multi-sector
client_02399,TEVA PHARMACEUTICALS USA,239,239,62,Other / Multi-sector / Healthcare & Pharma
client_02400,"VMWARE LLC (FORMERLY KNOWN AS VMWARE, INC.)",8,8,62,Other / Multi-sector
client_02401,PEOPLEFORBIKES COALITION,287,287,1824,Other / Multi-sector / Government & Nonprofit
client_02402,C3.AI,8,8,880,Other / Multi-sector
client_02403,AMERICAN SOCIETY FOR CLINICAL PATHOLOGY,3,3,112,Other / Multi-sector
client_02404,ADVANCED TECHNOLOGY INTERNATIONAL ON BEHALF OF NATIONAL ARMAMENTS CONSORTIUM,8,8,62,Other / Multi-sector
client_02405,AMERICAN CLINICAL LABORATORY ASSOCIATION (ACLA),60,60,62,Other / Multi-sector / Healthcare & Pharma
client_02406,CENTER FOR ORGAN RECOVERY & EDUCATION (LOBBYING ON BEHALF OF DONOR ALLIANCE),62,62,62,Healthcare & Pharma / Other / Multi-sector
client_02407,"CHURCHILL COUNTY, NEVADA",351,351,62,Other / Multi-sector
client_02408,COLUMBIA RIVER TREATY POWER GROUP,129,129,62,Other / Multi-sector / Energy & Environment
client_02409,DAIMLER TRUCKS NORTH AMERICA,113,113,62,Other / Multi-sector
client_02410,DAR AL HANDASAH CONSULTANTS SHAIR & PARTNERS HOLDINGS LTD,27,27,62,Other / Multi-sector
client_02411,EASTERN MUNICIPAL WATER DISTRICT,215,215,62,Other / Multi-sector
client_02412,"ENBRIDGE ENERGY COMPANY, INC.",78,78,62,Other / Multi-sector / Energy & Environment
client_02413,"FLEXTRONICS INTERNATIONAL USA, INC.",45,45,62,Other / Multi-sector
client_02414,FRESENIUS MEDICAL CARE NORTH AMERICA (FKA FRESENIUS MEDICAL CARE),168,168,62,Other / Multi-sector / Healthcare & Pharma
client_02415,"HORIZON THERAPEUTICS USA, INC. (FORMERLY KNOWN AS HORIZON PHARMA USA, INC.)",62,62,62,Healthcare & Pharma / Other / Multi-sector
client_02416,INTEALTH,110,110,1102,Other / Multi-sector / Healthcare & Pharma
client_02417,LUFTHANSA GERMAN AIRLINES,74,74,420,Other / Multi-sector
client_02418,MALLINCKRODT,239,239,62,Other / Multi-sector / Healthcare & Pharma
client_02419,OAK STREET HEALTH D/B/A CVS HEALTH,216,216,62,Other / Multi-sector / Healthcare & Pharma
client_02420,OTIS ELEVATOR COMPANY,104,104,62,Other / Multi-sector / Healthcare & Pharma
client_02421,PEPSICO,165,165,62,Other / Multi-sector / Government & Nonprofit
client_02422,"RAILWAY SUPPLY INSTITUTE, INC.",237,237,438,Technology & Telecom / Legal & Lobbying
client_02423,RESCARE INC (DBA BRIGHTSPRING HEALTH SERVICES),239,239,62,Other / Multi-sector / Healthcare & Pharma
client_02424,SIGA TECHNOLOGIES,67,67,62,Other / Multi-sector
client_02425,THE CITY OF FORT WORTH,351,351,62,Other / Multi-sector
client_02426,VARIAN MEDICAL SYSTEMS,45,45,62,Other / Multi-sector
client_02427,ACCURAY INCORPORATED,81,81,62,Other / Multi-sector / Healthcare & Pharma
client_02428,AMERICAN ACADEMY OF DERMATOLOGY,169,169,62,Other / Multi-sector / Healthcare & Pharma
client_02429,AMERICAN ACADEMY OF HOSPICE AND PALLIATIVE CARE,216,216,62,Other / Multi-sector / Healthcare & Pharma
client_02430,"AMERICAN EXPRESS TRAVEL RELATED SERVICES, FORMERLY REPORTED AS AMERICAN EXPRESS",34,34,62,Other / Multi-sector
client_02431,AMERICAN SPEECH-LANGUAGE-HEARING ASSOCIATION,3,3,438,Other / Multi-sector
client_02432,AMPERE COMPUTING EMPLOYER LLC,329,329,1170,Other / Multi-sector
client_02433,ASTELLAS PHARMA US,357,357,62,Healthcare & Pharma
client_02434,BARRICK MINING CORPORATION,34,34,1140,Other / Multi-sector
client_02435,BLUE CROSS BLUE SHIELD OF ARIZONA,117,117,62,Other / Multi-sector / Healthcare & Pharma
client_02436,CARIS SCIENCE INC,3,3,62,Other / Multi-sector
client_02437,CHAMBERS COUNTY IMPROVEMENT DISTRICT NO. 1,36,36,0,Other / Multi-sector
client_02438,CLOUDFLARE,25,25,62,Other / Multi-sector
client_02439,COLORADO STATE UNIVERSITY,266,266,62,Other / Multi-sector
client_02440,COMMISIMPEX,198,198,62,Other / Multi-sector
client_02441,CONFEDERATED TRIBES OF THE CHEHALIS RESERVATION,58,58,79,Other / Multi-sector
client_02442,"DOMINION VOTING SYSTEMS, INC.",74,74,62,Other / Multi-sector
client_02443,DR. KOCHO ANGJUSHEV,45,45,0,Other / Multi-sector
client_02445,GENERAL CIGAR CO INC,109,109,62,Other / Multi-sector
client_02446,GEORGIA INSTITUTE OF TECHNOLOGY,220,220,62,Other / Multi-sector
client_02447,GEOSYNTHETIC MATERIALS ASSOCIATION - ATA (FORMERLY KNOWN AS GMA - IFAI),96,96,62,Other / Multi-sector / Energy & Environment
client_02448,GUARDIAN LIFE INSURANCE COMPANY,216,216,62,Other / Multi-sector / Healthcare & Pharma
client_02449,HALLMARK CARDS,34,34,62,Other / Multi-sector
client_02450,"ICEYE US, INC.",8,8,62,Other / Multi-sector
client_02451,ITG BRANDS,41,41,62,Other / Multi-sector
client_02452,K-LOVE,4,4,79,Other / Multi-sector
client_02453,"LEONARDO DRS, INC.",72,72,91,Other / Multi-sector
client_02454,LOS ANGELES COUNTY DEVELOPMENT AUTHORITY,39,39,62,Other / Multi-sector
client_02455,MARSHALL UNIVERSITY RESEARCH CORP.,8,8,62,Other / Multi-sector
client_02456,MCKESSON SPECIALTY HEALTH,168,168,1938,Other / Multi-sector / Healthcare & Pharma
client_02457,MESCALERO APACHE,58,58,542,Other / Multi-sector
client_02458,NUSTAR ENERGY CORPORATION,78,78,62,Other / Multi-sector / Energy & Environment
client_02459,PHARMAVITE LLC,164,164,1338,Other / Multi-sector
client_02460,RESPONSIBLE INDUSTRY FOR A SOUND ENVIRONMENT,61,61,62,Other / Multi-sector
client_02461,"SELECT MILK PRODUCERS, INC./CONTINENTAL DAIRY PRODUCTS, INC.",72,72,2000,Other / Multi-sector
client_02462,"SHARE OUR STRENGTH, INC.",80,80,62,Other / Multi-sector
client_02463,SOUTH DAKOTA SCIENCE & TECHNOLOGY AUTHORITY,106,106,62,Other / Multi-sector
client_02464,SOUTH DAKOTA STATE UNIVERSITY,348,348,62,Other / Multi-sector / Education & Research
client_02465,SOUTHERN CALIFORNIA TRIBAL CHAIRMEN'S ASSOCIATION,58,58,62,Other / Multi-sector
client_02466,TEIJIN HOLDINGS USA INC.,45,45,62,Other / Multi-sector
client_02467,TESLA,236,236,62,Other / Multi-sector / Energy & Environment
client_02468,TEXAS CATTLE FEEDERS ASSOCIATION,6,6,863,Other / Multi-sector
client_02469,THE JOHNS HOPKINS UNIVERSITY APPLIED PHYSICS LABORATORY LLC,8,8,62,Other / Multi-sector
client_02470,TUFTS MEDICINE,216,216,62,Other / Multi-sector / Healthcare & Pharma
client_02471,SNOHOMISH COUNTY PUBLIC UTILITY DISTRICT,358,358,1734,Other / Multi-sector
client_02472,FEDERATED INVESTORS,195,195,62,Other / Multi-sector / Finance & Banking
client_02473,HEALTH CARE SUPPLY CHAIN ASSOCIATION,117,117,62,Other / Multi-sector / Healthcare & Pharma
client_02474,PFS INVESTMENTS INC.,117,117,62,Other / Multi-sector / Healthcare & Pharma
client_02475,"DNV USA, INC.",322,322,984,Other / Multi-sector
client_02476,ANDURIL INDUSTRIES,134,134,62,Other / Multi-sector
client_02477,ARM LIMITED,121,121,62,Other / Multi-sector
client_02478,"ATLANTIC SHORES OFFSHORE WIND, LLC",23,23,62,Other / Multi-sector / Energy & Environment
client_02479,"AVANCI F/K/A MARCONI, LLC",163,163,257,Other / Multi-sector
client_02480,COALITION FOR ENERGY EFFICIENT JOBS & INVESTMENT,34,34,62,Other / Multi-sector
client_02481,ENTERPRISE HOLDINGS,19,19,62,Other / Multi-sector
client_02482,EQT CORPORATION,57,57,79,Other / Multi-sector / Energy & Environment
client_02483,ESSENTIAL MINERALS ASSOCIATION (FORMERLY REPORTING AS IMA-NA),21,21,62,Other / Multi-sector / Education & Research
client_02484,"HONOLULU AUTH. FOR RAPID TRNS. (PREVIOUSLY KNOWN AS INFRACONSULT, LLC.)",36,36,62,Other / Multi-sector
client_02485,JARDEN ZINC PRODUCTS,359,359,1119,Other / Multi-sector
client_02486,JOINT COMMISSION ON ACCREDITATION OF HEALTHCARE ORGANIZATIONS,100,100,62,Other / Multi-sector / Healthcare & Pharma
client_02487,KOCH GOVERNMENT AFFAIRS (FKA KOCH COMPANIES PUBLIC SECTOR),120,120,62,Other / Multi-sector / Energy & Environment
client_02488,"QUECTEL WIRELESS SOLUTIONS CO., LTD.",95,95,62,Other / Multi-sector
client_02489,REINVESTMENT FUND,303,303,62,Other / Multi-sector / Technology & Telecom
client_02490,RETAIL INDUSTRY LEADERS ASSOCIATION (RILA),30,30,62,Other / Multi-sector
client_02491,RURAL STATES FED TRANSP POLICY DEVELOPMENT GROUP,36,36,750,Other / Multi-sector
client_02492,SAFEWAY,253,253,2131,Other / Multi-sector
client_02493,THE DEPOSITORY TRUST & CLEARING CORPORATION,195,195,62,Other / Multi-sector / Finance & Banking
client_02494,"VAST, INC. (FKA VAST SPACE LLC)",67,67,62,Other / Multi-sector
client_02495,EMBLEMHEALTH,100,100,62,Other / Multi-sector / Healthcare & Pharma
client_02496,ELECTRICITY CUSTOMER ALLIANCE,78,78,2222,Other / Multi-sector / Energy & Environment
client_02497,ALLIANCE FOR VEHICLE EFFICIENCY,27,27,79,Other / Multi-sector
client_02498,ASSN. OF SMALL BUSINESS DEV. CENTERS,299,299,270,Other / Multi-sector / Government & Nonprofit
client_02499,ASSOCIATION FOR COMMUNITY AFFILIATED PLANS,62,62,62,Healthcare & Pharma / Other / Multi-sector
client_02500,AXNES AVIATION,5,5,189,Other / Multi-sector
client_02501,BRIGGS & STRATTON LLC,48,48,62,Other / Multi-sector
client_02502,CLEAN FUELS ALLIANCE AMERICA (FORMERLY REPORTED AS NATIONAL BIODIESEL BOARD),34,34,62,Other / Multi-sector
client_02503,COALITION FOR GSP,45,45,685,Other / Multi-sector
client_02504,EXHIBITIONS & CONFERENCES ALLIANCE,30,30,62,Other / Multi-sector
client_02505,FLORIDA ATLANTIC UNIVERSITY,5,5,62,Other / Multi-sector
client_02506,HUMANA,239,239,62,Other / Multi-sector / Healthcare & Pharma
client_02507,"IRIDIUM COMMUNICATIONS INC (FORMERLY SATELLES, INC.)",72,72,62,Other / Multi-sector
client_02508,OPAL FUELS INC.,57,57,62,Other / Multi-sector / Energy & Environment
client_02509,"PURFOODS, LLC",62,62,62,Healthcare & Pharma / Other / Multi-sector
client_02510,RIPPLE,195,195,2314,Other / Multi-sector / Finance & Banking
client_02511,"SAMSUNG ELECTRONICS AMERICA, INC.",360,360,111,Other / Multi-sector
client_02512,SEMICONDUCTORS INDUSTRY ASSOCIATION,48,48,62,Other / Multi-sector
client_02513,"THALES DEFENSE & SECURITY, INC.",8,8,62,Other / Multi-sector
client_02514,TIBER CREEK GROUP (OBO JAZZ PHARMACEUTICALS),100,100,62,Other / Multi-sector / Healthcare & Pharma
client_02515,CAPELLA SPACE CORP. AND SUBSIDIARIES,8,8,414,Other / Multi-sector
client_02516,COLORADO RIVER INDIAN TRIBES,361,361,62,Other / Multi-sector
client_02517,PRIDE MOBILITY PRODUCTS CORP,168,168,1037,Other / Multi-sector / Healthcare & Pharma
client_02518,"VIRTU FINANCIAL, LLC",80,80,62,Other / Multi-sector
client_02519,"RWE CLEAN ENERGY SERVICES, LLC",102,102,374,Other / Multi-sector / Energy & Environment
client_02520,SOUTHCOAST HEALTH SYSTEM,100,100,669,Other / Multi-sector / Healthcare & Pharma
client_02521,CDR MAGUIRE INC.,63,63,928,Other / Multi-sector / Legal & Lobbying
client_02522,CHARTER BROKERAGE SERVICES,109,109,62,Other / Multi-sector
client_02523,ENERGY INFRASTRUCTURE COUNCIL (FKA MASTER LIMITED PARTNERSHIP ASSOC),34,34,438,Other / Multi-sector
client_02524,EOG RESOURCES,23,23,62,Other / Multi-sector / Energy & Environment
client_02525,EVONIK CORPORATION,48,48,842,Other / Multi-sector
client_02526,GIFFORDS (FORMERLY REPORTING AS AMERICANS FOR RESPONSIBLE SOLUTIONS),155,155,62,Other / Multi-sector
client_02527,"HADASSAH, THE WOMEN'S ZIONIST ORGANIZATION OF AMERICA, INC.",145,145,34,Other / Multi-sector / Education & Research
client_02528,"INFIN, A FINANCIAL SERVICES ALLIANCE (F/K/A FINANCIAL SERVICE CENTERS AMERICA)",155,155,1438,Other / Multi-sector
client_02529,METROPOLITAN DISTRICT COMMISSION OF CONNECTICUT,7,7,62,Other / Multi-sector
client_02530,PET RESIN ASSOCIATION,238,238,62,Other / Multi-sector / Energy & Environment
client_02531,RTX CORPORATION AND AFFILIATES (FKA RAYTHEON TECHNOLOGIES CORP. AND AFFILIATES),5,5,62,Other / Multi-sector
client_02532,SEMI (FORMERLY FLEXTECH ALLIANCE),8,8,62,Other / Multi-sector
client_02533,SMX (FKA SMARTRONIX),8,8,62,Other / Multi-sector
client_02534,VOYA SERVICES COMPANY,25,25,62,Other / Multi-sector
client_02535,WOODBERRY ASSOCIATES LLC ON BEHALF OF COLORADO STATE UNIVERSITY FOUNDATION,62,62,62,Healthcare & Pharma / Other / Multi-sector
client_02536,CENTRAL PUGET SOUND REGIONAL TRANSIT AUTHORITY (SOUND TRANSIT),36,36,571,Other / Multi-sector
client_02537,METROPOLITAN WATER DISTRICT OF SOUTHERN CALIFORNIA,18,18,112,Other / Multi-sector
client_02538,AMERICAN ASSOCIATION OF NEUROLOGICAL SURGEONS,169,169,999,Other / Multi-sector / Healthcare & Pharma
client_02539,CONGRESS OF NEUROLOGICAL SURGEONS,169,169,1143,Other / Multi-sector / Healthcare & Pharma
client_02540,AMERICAN ACADEMY OF FAMILY PHYSICIANS,3,3,438,Other / Multi-sector
client_02541,AMERICAN SOCIETY OF PLANT BIOLOGISTS,20,20,62,Other / Multi-sector / Education & Research
client_02542,AMERICAN SUGAR ALLIANCE,206,206,2000,Other / Multi-sector
client_02543,"APA SERVICES, INC.",49,49,535,Other / Multi-sector / Healthcare & Pharma
client_02544,ARCBEST,210,210,62,Other / Multi-sector
client_02546,"BEEP, INC.",36,36,62,Other / Multi-sector
client_02547,BEER INSTITUTE,109,109,79,Other / Multi-sector
client_02548,"BLUETRITON BRANDS, INC. (NESTLE WATERS NORTH AMERICA)",200,200,62,Other / Multi-sector
client_02549,BOMBARDIER AEROSPACE HOLDINGS (USA) INC FORMERLY BOMBARDIER TRANSIT CORPORATION,36,36,62,Other / Multi-sector
client_02550,"CENTERPOINT ENERGY, INC.",78,78,62,Other / Multi-sector / Energy & Environment
client_02551,CITY OF DALLAS,39,39,1463,Other / Multi-sector
client_02552,CITY OF SAN MARCOS,15,15,111,Other / Multi-sector
client_02553,"CONSOLIDATED EDISON COMPANY OF NEW YORK, INC.",96,96,1453,Other / Multi-sector / Energy & Environment
client_02554,COOK INLET REGION INCORPORATED (CIRI),27,27,62,Other / Multi-sector
client_02555,COUNCIL FOR AFFORDABLE AND RURAL HOUSING,41,41,62,Other / Multi-sector
client_02556,COUNTY OF PLACER,67,67,62,Other / Multi-sector
client_02557,DENVER HEALTH AND HOSPITAL AUTHORITY,62,62,62,Healthcare & Pharma / Other / Multi-sector
client_02558,DISH NETWORK CORPORATION,95,95,62,Other / Multi-sector
client_02559,FEDERAL HOME LOAN BANK OF ATLANTA,4,4,62,Other / Multi-sector
client_02560,FEDEX,269,269,62,Other / Multi-sector
client_02561,FITCH RATINGS,111,111,62,Other / Multi-sector / Finance & Banking
client_02562,FLAGSHIP PIONEERING,49,49,62,Other / Multi-sector / Healthcare & Pharma
client_02563,FLAGSTAR BANK,111,111,62,Other / Multi-sector / Finance & Banking
client_02564,"FRED HUTCHINSON CANCER CENTER FORMER ""FRED HUTCHISON CANCER RESEARCH CENTER""",100,100,62,Other / Multi-sector / Healthcare & Pharma
client_02565,HYOSUNG CORPORATION,45,45,62,Other / Multi-sector
client_02566,IAC,67,67,62,Other / Multi-sector
client_02567,INDEPENDENT FILM & TELEVISION ALLIANCE,109,109,62,Other / Multi-sector
client_02568,"INTUIT, INC. AND AFFILIATES (F.K.A. INTUIT, INC.)",41,41,62,Other / Multi-sector
client_02569,JACOBS ENGINEERING GROUP INC.,351,351,62,Other / Multi-sector
client_02570,JEFFREY MODELL FOUNDATION,67,67,535,Other / Multi-sector
client_02571,LATHROP & GAGE ON BEHALF OF BRIDGETON LANDFILL LLC AND ROCK ROAD INDUSTRIES I,61,61,62,Other / Multi-sector
client_02572,MIAMI-DADE COUNTY FLORIDA,145,145,62,Other / Multi-sector / Education & Research
client_02573,MUCKLESHOOT INDIAN TRIBE,115,115,190,Other / Multi-sector
client_02574,NATIONAL BUSINESS AVIATION ASSOCIATION INC,34,34,112,Other / Multi-sector
client_02575,NATIONAL TRUCK EQUIPMENT ASSOCIATION,34,34,2148,Other / Multi-sector
client_02576,OPTIONS CLEARING CORPORATION,195,195,62,Other / Multi-sector / Finance & Banking
client_02577,PACIFIC GAS & ELECTRIC,78,78,62,Other / Multi-sector / Energy & Environment
client_02578,PAYPAL,4,4,62,Other / Multi-sector
client_02579,RECORDING INDUSTRY ASSOCIATION OF AMERICA INC,45,45,62,Other / Multi-sector
client_02580,RIVERSIDE CO. FLOOD CONTROL & WATER CONSERVATION DISTRICT,33,33,380,Other / Multi-sector / Government & Nonprofit
client_02581,SAN ANTONIO RIVER AUTHORITY,18,18,380,Other / Multi-sector
client_02582,"SOUTHEASTERN UNIVERSITIES RESEARCH ASSOCIATION, INC.",158,158,62,Other / Multi-sector / Energy & Environment
client_02583,SSA MARINE,269,269,62,Other / Multi-sector
client_02584,STANDARD INDUSTRIES,57,57,62,Other / Multi-sector / Energy & Environment
client_02585,SUSTAINABLE FOOD POLICY ALLIANCE,17,17,62,Other / Multi-sector
client_02586,TENCATE PROTECTIVE FABRICS NORTH AMERICA,5,5,62,Other / Multi-sector
client_02587,THE BOSTON BEER COMPANY,41,41,308,Other / Multi-sector
client_02588,THE BROADWAY LEAGUE,41,41,62,Other / Multi-sector
client_02589,THE CAMPBELL'S COMPANY (FKA CAMPBELL SOUP COMPANY),80,80,62,Other / Multi-sector
client_02590,THE EVANGELICAL LUTHERAN GOOD SAMARITAN SOCIETY,169,169,62,Other / Multi-sector / Healthcare & Pharma
client_02591,TRUCKERS INTEGRAL TO OUR ECONOMY INC (TIE),274,274,62,Government & Nonprofit / Other / Multi-sector
client_02592,TRUCKLOAD CARRIERS ASSOCIATION,27,27,62,Other / Multi-sector
client_02593,"VIASAT, INC.",121,121,62,Other / Multi-sector
client_02594,ZERO EMISSION TRANSPORTATION ASSOCIATION,48,48,62,Other / Multi-sector
client_02595,"DIGITAL THERAPEUTICS ALLIANCE, INC",62,62,2348,Healthcare & Pharma / Other / Multi-sector
client_02597,ZIONS BANCORP,111,111,983,Other / Multi-sector / Finance & Banking
client_02598,"AMARIN PHARMA, INC.",216,216,62,Other / Multi-sector / Healthcare & Pharma
client_02599,"AMERICAN RHEINMETALL MUNITIONS, INC.",8,8,62,Other / Multi-sector
client_02600,AMSTED INDUSTRIES,291,291,603,Other / Multi-sector / Government & Nonprofit
client_02601,ANMED HEALTH SYSTEM,49,49,62,Other / Multi-sector / Healthcare & Pharma
client_02602,CANADA PENSION PLAN INVESTMENT BOARD,24,24,112,Other / Multi-sector
client_02603,"CBOE GLOBAL MARKETS, INC.",195,195,62,Other / Multi-sector / Finance & Banking
client_02604,CENTRAL STATES FUNDS,94,94,112,Other / Multi-sector
client_02605,CENTURY ALUMINUM COMPANY,45,45,62,Other / Multi-sector
client_02606,DELL INC.,34,34,62,Other / Multi-sector
client_02607,GEORGIA SOUTHERN UNIVERSITY,126,126,62,Other / Multi-sector
client_02608,GRAIL LLC,62,62,62,Healthcare & Pharma / Other / Multi-sector
client_02609,GRIDLIANCE,70,70,62,Other / Multi-sector / Energy & Environment
client_02610,HANGER INC (FORMERLY HANGER ORTHOPEDIC),216,216,62,Other / Multi-sector / Healthcare & Pharma
client_02611,HILL EAST GROUP ON BEHALF OF AIRPORTS COUNCIL INTERNATIONAL - NORTH AMERICA,311,311,62,Other / Multi-sector / Transportation & Auto
client_02612,IAERO AIRWAYS (F.K.A. BLUE SKIES AEROSPACE GROUP),15,15,91,Other / Multi-sector
client_02613,INSULET CORPORATION,239,239,62,Other / Multi-sector / Healthcare & Pharma
client_02614,K&L GATES LLP ON BEHALF OF THE PACKAGE COALITION LLC,314,314,48,Other / Multi-sector / Energy & Environment
client_02615,NATIONAL COUNCIL ON CIVIL ADVOCACY,362,362,62,Other / Multi-sector / Education & Research
client_02616,"NORDIC AMMUNITION COMPANY (D/B/A NAMMO, INC.)",5,5,62,Other / Multi-sector
client_02617,"REGAL BELOIT AMERICA, INC.",48,48,12,Other / Multi-sector
client_02618,RELATED FUND MANAGEMENT,74,74,62,Other / Multi-sector
client_02619,SIERRA NEVADA COMPANY,8,8,1319,Other / Multi-sector
client_02620,TENNESSEE VALLEY PUBLIC POWER ASSOCIATION,115,115,542,Other / Multi-sector
client_02621,UNITED KEETOOWAH BAND OF CHEROKEE INDIANS IN OKLAHOMA,58,58,428,Other / Multi-sector
client_02622,UNITED STATES OLYMPIC AND PARALYMPIC COMMITTEE,265,265,62,Other / Multi-sector
client_02623,"U.S. ACUTE CARE SOLUTIONS, LLC",216,216,62,Other / Multi-sector / Healthcare & Pharma
client_02624,WORLD RESOURCES INSTITUTE,153,153,62,Other / Multi-sector / Energy & Environment
client_02625,WWF,178,178,62,Other / Multi-sector
client_02626,ILLINOIS AGRICULTURAL ASSOCIATION,48,48,285,Other / Multi-sector
client_02627,"SUMITOMO PHARMA CO., LTD. (FORMERLY SUNOVION PHARMACEUTICALS, INC.)",62,62,62,Healthcare & Pharma / Other / Multi-sector
client_02628,AMERICAN CATALOG MAILERS ASSOCIATION,109,109,66,Other / Multi-sector
client_02629,MAZDA MOTOR OF AMERICA DBA MAZDA NORTH AMERICAN OPERATIONS,45,45,1082,Other / Multi-sector
client_02631,AMERICAN BIRD CONSERVANCY,17,17,2299,Other / Multi-sector
client_02632,"ASML US, LLC",109,109,62,Other / Multi-sector
client_02633,ASSURED GUARANTY LTD,34,34,62,Other / Multi-sector
client_02634,CELANESE CORPORATION,23,23,62,Other / Multi-sector / Energy & Environment
client_02635,CLECO POWER LLC,23,23,62,Other / Multi-sector / Energy & Environment
client_02636,COHERUS BIOSCIENCES,216,216,62,Other / Multi-sector / Healthcare & Pharma
client_02637,CONSUMER BRANDS ASSOCIATION,6,6,62,Other / Multi-sector
client_02638,CUBIC CORPORATION,72,72,542,Other / Multi-sector
client_02639,EDP ENTERPRISES INC,8,8,62,Other / Multi-sector
client_02640,EXACT SCIENCES CORPORATION,100,100,62,Other / Multi-sector / Healthcare & Pharma
client_02641,HCR MANORCARE,100,100,62,Other / Multi-sector / Healthcare & Pharma
client_02642,ONE MEDICAL,169,169,62,Other / Multi-sector / Healthcare & Pharma
client_02643,"PATHWARD, NATIONAL ASSOCIATION (FKA PATHWARD (FORMERLY METABANK, N.A.))",111,111,62,Other / Multi-sector / Finance & Banking
client_02644,RETIREMENT CLEARINGHOUSE,210,210,172,Other / Multi-sector
client_02645,ROCKET LAB USA INC.,219,219,62,Other / Multi-sector
client_02646,SEIA,109,109,62,Other / Multi-sector
client_02647,"STRATEGIC EDUCATION, INC.",21,21,62,Other / Multi-sector / Education & Research
client_02648,"SYNOPSYS, INC.",5,5,62,Other / Multi-sector
client_02649,THE ORTHOFORUM,168,168,62,Other / Multi-sector / Healthcare & Pharma
client_02650,VISTRA ENERGY CORP (FORMERLY ENERGY FUTURE HOLDINGS),61,61,2101,Other / Multi-sector
client_02651,WEST BASIN MUNICIPAL WATER DISTRICT,27,27,62,Other / Multi-sector
client_02652,WEST VALLEY WATER DISTRICT,70,70,1014,Other / Multi-sector / Energy & Environment
client_02653,TRULIEVE CANNABIS CORP.,80,80,128,Other / Multi-sector
client_02654,WESTERN STATES REGIONAL COUNCIL OF CARPENTERS,41,41,1859,Other / Multi-sector
client_02655,AERONAUTICAL REPAIR STATION ASSOCIATION,220,220,955,Other / Multi-sector
client_02656,AVISTA CORPORATION,158,158,172,Other / Multi-sector / Energy & Environment
client_02657,CVS HEALTH,216,216,62,Other / Multi-sector / Healthcare & Pharma
client_02658,6K INC.,332,332,1749,Other / Multi-sector
client_02659,AMERICAN SHEEP INDUSTRY ASSOCIATION,6,6,62,Other / Multi-sector
client_02660,"APTARGROUP, INC.",89,89,62,Other / Multi-sector
client_02661,BLUE DIAMOND GROWERS,189,189,1053,Other / Multi-sector
client_02662,BMO FINANCIAL CORP. F/K/A BMO HARRIS BANK,195,195,62,Other / Multi-sector / Finance & Banking
client_02663,CARD POLICY COUNCIL,111,111,62,Other / Multi-sector / Finance & Banking
client_02664,"CARLYLE INVESTMENT MANAGEMENT, INC.",4,4,62,Other / Multi-sector
client_02665,"CHARLES SCHWAB & CO., INC.",4,4,62,Other / Multi-sector
client_02666,CLEAN FUELS ALLIANCE AMERICA (FKA NATIONAL BIODIESEL BOARD),336,336,62,Energy & Environment / Other / Multi-sector
client_02667,COMPUTER & COMMUNICATIONS INDUSTRY ASSOCIATION,30,30,62,Other / Multi-sector
client_02668,"DAYBROOK HOLDINGS, INC.",74,74,62,Other / Multi-sector
client_02670,HEWLETT PACKARD ENTERPRISE COMPANY,95,95,62,Other / Multi-sector
client_02671,"HURON CONSULTING SERVICES, LLC.",85,85,62,Other / Multi-sector / Healthcare & Pharma
client_02672,OFFICE OF RONALD LAUDER,67,67,62,Other / Multi-sector
client_02673,OMNI BRIDGEWAY (USA) LLC (F.K.A. BENTHAM IMF),108,108,62,Other / Multi-sector / Government & Nonprofit
client_02674,PDV WIRELESS (NOW DBA ANTERIX),78,78,62,Other / Multi-sector / Energy & Environment
client_02675,PORT AUTHORITY OF SAN ANTONIO,72,72,62,Other / Multi-sector
client_02676,"PRICESMART, INC",106,106,62,Other / Multi-sector
client_02677,PROFESSIONAL PHOTOGRAPHERS OF AMERICA,182,182,1418,Other / Multi-sector / Legal & Lobbying
client_02678,"PROJECT FOR PRIVACY AND SURVEILLANCE ACCOUNTABILITY, INC.",312,312,62,Defense & Aerospace / Other / Multi-sector
client_02679,PTC THERAPEUTICS,216,216,62,Other / Multi-sector / Healthcare & Pharma
client_02680,RENEWABLE FUELS ASSOCIATION,336,336,79,Energy & Environment / Other / Multi-sector
client_02681,"RESOURCES ENVIRONMENTAL SOLUTIONS (""RES"")",181,181,62,Other / Multi-sector / Energy & Environment
client_02682,"SAGENT M&C, LLC",59,59,224,Other / Multi-sector / Real Estate & Construction
client_02683,SHAZAM INC.,195,195,532,Other / Multi-sector / Finance & Banking
client_02684,"THE FIRST CHURCH OF CHRIST, SCIENTIST",169,169,62,Other / Multi-sector / Healthcare & Pharma
client_02685,THE NORTHWEST SEAPORT ALLIANCE,269,269,62,Other / Multi-sector
client_02686,THE SHERWIN-WILLIAMS COMPANY,277,277,62,Other / Multi-sector
client_02687,TRIDENT USA HEALTH SERVICES,168,168,62,Other / Multi-sector / Healthcare & Pharma
client_02688,"VENNTEL, INC.",36,36,62,Other / Multi-sector
client_02689,BRISTOL BAY NATIVE CORPORATION,159,159,542,Other / Multi-sector / Legal & Lobbying
client_02690,KANSAS FARM BUREAU,292,292,672,Other / Multi-sector / Agriculture & Food
client_02691,NXP USA INC,266,266,1405,Other / Multi-sector
client_02692,OCCIDENTAL PETROLEUM,79,79,438,Other / Multi-sector
client_02693,PRIVATE ESSENTIAL ACCESS COMMUNITY HOSPITALS,62,62,669,Healthcare & Pharma / Other / Multi-sector
client_02694,"SPIE, THE INTERNATIONAL SOCIETY FOR OPTICS AND PHOTONICS",152,152,1736,Other / Multi-sector
client_02695,FLORIDA STATE UNIVERSITY,227,227,62,Other / Multi-sector / Energy & Environment
client_02696,1-800 CONTACTS,216,216,62,Other / Multi-sector / Healthcare & Pharma
client_02697,"AGC AMERICA, INC.",106,106,62,Other / Multi-sector
client_02698,AMERICAN BANKERS ASSOCIATION HSA COUNCIL,104,104,62,Other / Multi-sector / Healthcare & Pharma
client_02699,"AMERICAN POSTAL WORKERS UNION, AFL-CIO",314,314,62,Other / Multi-sector / Energy & Environment
client_02700,"BECTON, DICKINSON AND COMPANY",216,216,62,Other / Multi-sector / Healthcare & Pharma
client_02701,"C. H. ROBINSON WORLDWIDE, INC.",19,19,62,Other / Multi-sector
client_02702,CARE.COM,216,216,62,Other / Multi-sector / Healthcare & Pharma
client_02703,"C&S WHOLESALE GROCERS, INC.",24,24,1820,Other / Multi-sector
client_02704,ENTERGY SERVICES LLC,23,23,62,Other / Multi-sector / Energy & Environment
client_02705,"FERRERO USA, INC.",270,270,62,Other / Multi-sector / Education & Research
client_02706,"FORESCOUT TECHNOLOGIES, INC.",8,8,62,Other / Multi-sector
client_02707,GEMCORP CAPITAL MANAGEMENT LIMITED,23,23,1305,Other / Multi-sector / Energy & Environment
client_02708,"KBR, INC. F/K/A SGT, INC.",72,72,62,Other / Multi-sector
client_02709,KOCH GOVERNMENT AFFAIRS,4,4,62,Other / Multi-sector
client_02710,LIVEONNY,62,62,62,Healthcare & Pharma / Other / Multi-sector
client_02711,LOS ANGELES COMMUNITY COLLEGE DISTRICT,27,27,62,Other / Multi-sector
client_02712,NATIONAL READY MIXED CONCRETE ASSOCIATION,355,355,542,Other / Multi-sector / Government & Nonprofit
client_02713,NORTH CAROLINA STATE PORTS AUTHORITY,72,72,62,Other / Multi-sector
client_02714,SEALASKA CORPORATION,41,41,79,Other / Multi-sector
client_02715,UNIVERSITY OF NEW MEXICO,227,227,62,Other / Multi-sector / Energy & Environment
client_02716,UNIVERSITY OF SOUTH FLORIDA,72,72,2349,Other / Multi-sector
client_02717,VOLUNTEERS OF AMERICA,104,104,62,Other / Multi-sector / Healthcare & Pharma
client_02718,"NATIONAL ACADEMY OF ELDER LAW ATTORNEYS, INC.",239,239,62,Other / Multi-sector / Healthcare & Pharma
client_02719,FRESH PRODUCE ASSOCIATION OF THE AMERICAS,340,340,76,Other / Multi-sector / Government & Nonprofit
client_02720,SAN JOAQUIN COUNTY FLOOD CONTROL AND WATER CONSERVATION DISTRICT,7,7,112,Other / Multi-sector
client_02721,SYMBION POWER SERVICES,198,198,542,Other / Multi-sector
client_02722,RURAL COMMUNITY ASSISTANCE PARTNERSHIP INC,67,67,557,Other / Multi-sector
client_02723,US OIL & GAS ASSOCIATION,336,336,2282,Energy & Environment / Other / Multi-sector
client_02724,ARNOLD & ITKIN,147,147,62,Other / Multi-sector
client_02725,"BARRICK GOLD OF NORTH AMERICA, FKA BARRICK GOLD AND NEVADA GOLD MINES",17,17,62,Other / Multi-sector
client_02726,BETTER WORLD FUND,89,89,62,Other / Multi-sector
client_02727,"CENGAGE LEARNING, INC.",21,21,62,Other / Multi-sector / Education & Research
client_02728,CIBO TECHNOLOGIES,80,80,62,Other / Multi-sector
client_02729,COLONIAL PIPELINE COMPANY,23,23,62,Other / Multi-sector / Energy & Environment
client_02730,HUMANE WORLD ACTION FUND (FKA HUMANE SOCIETY LEGISLATIVE FUND),36,36,62,Other / Multi-sector
client_02731,KEYSTONE INC,34,34,62,Other / Multi-sector
client_02732,"NOVEON MAGNETICS, INC",322,322,62,Other / Multi-sector
client_02733,O'GRADY PEYTON INTERNATIONAL (USA),74,74,438,Other / Multi-sector
client_02734,PERSONAL CARE PRODUCTS COUNCIL,109,109,62,Other / Multi-sector
client_02735,SMALL BUSINESS & ENTREPRENEURSHIP COUNCIL (SBE COUNCIL),299,299,1826,Other / Multi-sector / Government & Nonprofit
client_02736,SOUTHEAST PENNSYLVANIA TRANSPORTATION AUTHORITY (SEPTA),36,36,139,Other / Multi-sector
client_02737,THE ANSCHUTZ CORPORATION,34,34,62,Other / Multi-sector
client_02738,THE LUBRIZOL CORPORATION,116,116,62,Other / Multi-sector
client_02739,VILLAGEMD,62,62,438,Healthcare & Pharma / Other / Multi-sector
client_02740,AMERICAN ARBITRATION ASSOCIATION,352,352,283,Other / Multi-sector / Government & Nonprofit
client_02741,CITADEL INVESTMENT GROUP,195,195,62,Other / Multi-sector / Finance & Banking
client_02742,PASKENTA BAND OF NOMLAKI INDIANS,58,58,62,Other / Multi-sector
client_02743,BSA THE SOFTWARE ALLIANCE (FORMERLY BSA BUSINESS SOFTWARE ALLIANCE INC),8,8,62,Other / Multi-sector
client_02744,A-TO-BE USA LLC,36,36,928,Other / Multi-sector
client_02745,ADVANCED ENERGY MANAGEMENT ALLIANCE,57,57,2036,Other / Multi-sector / Energy & Environment
client_02746,BRISTOL MYERS SQUIBB,100,100,62,Other / Multi-sector / Healthcare & Pharma
client_02747,"CISCO SYSTEMS, INC.",109,109,62,Other / Multi-sector
client_02748,"EMVCO, LLC",195,195,62,Other / Multi-sector / Finance & Banking
client_02749,"ENTERPRISE COMMUNITY PARTNERS, INC.",261,261,62,Other / Multi-sector
client_02750,FINSECA,30,30,62,Other / Multi-sector
client_02751,HCA HEALTHCARE,169,169,62,Other / Multi-sector / Healthcare & Pharma
client_02752,HRB TAX GROUP INC (FORMERLY KNOWN AS H&R BLOCK INC ),24,24,91,Other / Multi-sector
client_02753,IGT GLOBAL SOLUTIONS (FORMERLY GTECH),345,345,62,Other / Multi-sector / Transportation & Auto
client_02754,INSTITUTE OF INTERNATIONAL CONTAINER LESSORS,151,151,62,Other / Multi-sector
client_02755,ITC MODERNIZATION ALLIANCE,163,163,62,Other / Multi-sector
client_02756,LABORATORY CORPORATION OF AMERICA HOLDINGS,239,239,62,Other / Multi-sector / Healthcare & Pharma
client_02757,LUMEN TECHNOLOGIES,261,261,62,Other / Multi-sector
client_02758,"MACQUARIE INFRASTRUCTURE AND REAL ASSETS, INC.",162,162,62,Other / Multi-sector / Energy & Environment
client_02759,MICHIGAN RESEARCH INSTITUTE,8,8,62,Other / Multi-sector
client_02760,STRYKER CORPORATION,216,216,62,Other / Multi-sector / Healthcare & Pharma
client_02761,TRINET GROUP,24,24,62,Other / Multi-sector
client_02762,UNITED NETWORK FOR ORGAN SHARING (UNOS),216,216,62,Other / Multi-sector / Healthcare & Pharma
client_02763,USANA HEALTH SCIENCES INC.,25,25,62,Other / Multi-sector
client_02764,WISCONSIN HOSPITAL ASSOCIATION,110,110,62,Other / Multi-sector / Healthcare & Pharma
client_02765,WORKIVA,195,195,62,Other / Multi-sector / Finance & Banking
client_02766,YAKIMA BASIN JOINT BOARD,7,7,112,Other / Multi-sector
client_02767,CHUGACH ALASKA CORPORATION,5,5,1731,Other / Multi-sector
client_02768,ACADEMY OF MANAGED CARE PHARMACY,216,216,62,Other / Multi-sector / Healthcare & Pharma
client_02769,"BEIJING XIAOMI MOBILE SOFTWARE CO., LTD.",45,45,62,Other / Multi-sector
client_02770,BLACK & VEATCH,18,18,976,Other / Multi-sector
client_02771,DEVON ENERGY,78,78,62,Other / Multi-sector / Energy & Environment
client_02772,HALLIBURTON ENERGY SERVICES,102,102,2169,Other / Multi-sector / Energy & Environment
client_02773,HOLISTIC INDUSTRIES INC.,4,4,737,Other / Multi-sector
client_02774,INTERNATIONAL MARINE CONTRACTORS ASSOCIATION,151,151,62,Other / Multi-sector
client_02775,"KROPP HOLDINGS, INC.",8,8,358,Other / Multi-sector
client_02776,"MCCAIN FOODS USA, INC.",6,6,62,Other / Multi-sector
client_02777,"NUTANIX, INC. AND ITS AFFILIATES",20,20,62,Other / Multi-sector / Education & Research
client_02778,PATRIOT RAIL COMPANY (FKA PIONEER LINES (FKA PIONEER RAILCORP)),41,41,542,Other / Multi-sector
client_02779,QUANTINUUM,121,121,62,Other / Multi-sector
client_02780,SMALL PUBLIC COMPANY COALITION,299,299,62,Other / Multi-sector / Government & Nonprofit
client_02781,TEEKAY SHIPPING (UK) LTD,74,74,62,Other / Multi-sector
client_02782,TRANS-ATLANTIC BUSINESS COUNCIL,102,102,62,Other / Multi-sector / Energy & Environment
client_02783,UNIVERSITY OF IDAHO,105,105,1430,Other / Multi-sector
client_02784,VETERANS OF FOREIGN WARS OF THE UNITED STATES,295,295,79,Other / Multi-sector / Technology & Telecom
client_02785,"VOLTA INDUSTRIES, INC.",102,102,62,Other / Multi-sector / Energy & Environment
client_02786,WILMERHALE ON BEHALF OF APPLE INC.,81,81,1239,Other / Multi-sector / Healthcare & Pharma
client_02787,GLOBAL ALLIANCE FOR CANNABIS COMMERCE,30,30,62,Other / Multi-sector
client_02788,NATIONAL COALITION FOR ASSISTIVE AND REHAB TECHNOLOGY,168,168,848,Other / Multi-sector / Healthcare & Pharma
client_02789,"GREYHOUND LINES, INC.",27,27,62,Other / Multi-sector
client_02790,NEW SHIPPER BOND PETITIONERS COALITION,45,45,62,Other / Multi-sector
client_02791,SAN GABRIEL BASIN WATER QUALITY AUTHORITY,147,147,62,Other / Multi-sector
client_02792,"SCHWEITZER ENGINEERING LABORATORIES, INC.",188,188,775,Other / Multi-sector / Education & Research
client_02793,AMERICAN ACADEMY OF ORTHOPAEDIC SURGEONS,168,168,62,Other / Multi-sector / Healthcare & Pharma
client_02794,PARTNERSHIP FOR OPEN & FAIR SKIES,149,149,1806,Technology & Telecom / Other / Multi-sector
client_02795,9/11 MEMORIAL,67,67,1463,Other / Multi-sector
client_02796,"ABF FREIGHT SYSTEMS, INC.",210,210,554,Other / Multi-sector
client_02797,ACADEMY OF DOCTORS OF AUDIOLOGY,94,94,62,Other / Multi-sector
client_02798,ADTRAN,152,152,62,Other / Multi-sector
client_02799,"AIRBUS HELICOPTERS, INC.",149,149,930,Technology & Telecom / Other / Multi-sector
client_02800,AMEREN SERVICES COMPANY,279,279,62,Other / Multi-sector
client_02801,AMERICAN MARITIME OFFICERS,151,151,49,Other / Multi-sector
client_02802,APIJECT SYSTEMS CORP.,49,49,62,Other / Multi-sector / Healthcare & Pharma
client_02803,"BIOGEN, INC.",239,239,62,Other / Multi-sector / Healthcare & Pharma
client_02804,"BLUCORA, INC.",24,24,62,Other / Multi-sector
client_02805,"CALIFORNIA DAIRIES, INC.",265,265,1383,Other / Multi-sector
client_02806,CALIFORNIA STATE TEACHERS' RETIREMENT SYSTEM,4,4,62,Other / Multi-sector
client_02807,CAMEL ENERGY INC.,25,25,0,Other / Multi-sector
client_02808,CANADIAN NATIONAL RAILWAY,237,237,62,Technology & Telecom / Legal & Lobbying
client_02809,"CELLPHIRE, INC.",85,85,221,Other / Multi-sector / Healthcare & Pharma
client_02810,"CITY OF HENDERSON, NEVADA",181,181,62,Other / Multi-sector / Energy & Environment
client_02811,COLONIAL PIPELINE,332,332,62,Other / Multi-sector
client_02812,"CORASCLOUD, INC.",5,5,79,Other / Multi-sector
client_02813,COUNCIL FOR QUALITY RESPIRATORY CARE,168,168,62,Other / Multi-sector / Healthcare & Pharma
client_02814,CREDIT KARMA AN INTUIT AFFILIATE,24,24,62,Other / Multi-sector
client_02815,EMPIRICAL FOODS (FKA BEEF PRODUCTS INC.),80,80,1365,Other / Multi-sector
client_02816,FRONTERA RESOURCES CORPORATION,78,78,62,Other / Multi-sector / Energy & Environment
client_02817,FUTURES INDUSTRY ASSOCIATION,195,195,62,Other / Multi-sector / Finance & Banking
client_02818,"HEALTHCARE ASSOCIATION OF NEW YORK STATE, INC.",62,62,436,Healthcare & Pharma / Other / Multi-sector
client_02819,HOUSTON FIREFIGHTERS RELIEF AND RETIREMENT FUND,4,4,62,Other / Multi-sector
client_02820,IDEMIA CIVIL IDENTITY NA LLC,72,72,62,Other / Multi-sector
client_02821,INTERNATIONAL INFORMATION SYSTEM SECURITY CERTIFICATION CONSORTIUM,8,8,62,Other / Multi-sector
client_02822,INTRAFI NETWORK,195,195,62,Other / Multi-sector / Finance & Banking
client_02823,JOINT COUNCIL OF ALLERGY ASTHMA & IMMUNOLOGY D/B/A ADVOCACY COUNCIL OF ACAAI,100,100,1090,Other / Multi-sector / Healthcare & Pharma
client_02825,"KOHL'S DEPARTMENT STORES, INC.",109,109,79,Other / Multi-sector
client_02826,"KOREA ZINC COMPANY, LTD.",17,17,0,Other / Multi-sector
client_02827,LANZAJET INC,153,153,2264,Other / Multi-sector / Energy & Environment
client_02828,LOGICAL STRATEGIES LLC,61,61,1829,Other / Multi-sector
client_02829,MANAGEYOURID,8,8,62,Other / Multi-sector
client_02830,MONDELEZ GLOBAL LLC (SUCCESSOR BY MERGER TO CLIF BAR & COMPANY),231,231,62,Legal & Lobbying / Other / Multi-sector
client_02831,NATIONAL ASSOCIATION FOR SURFACE FINISHING,61,61,1403,Other / Multi-sector
client_02833,NATIONAL RETAIL FEDERATION,240,240,66,Other / Multi-sector / Technology & Telecom
client_02834,NEW JERSEY HOSPITAL ASSOCIATION,216,216,62,Other / Multi-sector / Healthcare & Pharma
client_02835,PADRON CIGARS,123,123,62,Other / Multi-sector
client_02836,"REYES HOLDING, L.L.C",34,34,62,Other / Multi-sector
client_02837,SANDY HOOK PROMISE ACTION FUND (FKA SANDY HOOK PROMISE (SHP),283,283,1029,Other / Multi-sector
client_02838,SELLERS DORSEY,216,216,62,Other / Multi-sector / Healthcare & Pharma
client_02839,SEMPRA ENERGY,102,102,62,Other / Multi-sector / Energy & Environment
client_02840,SIERRA NEVADA CORPORATION,134,134,62,Other / Multi-sector
client_02841,"SONOSITE, A SUBSIDIARY OF FUJIFILM (FORMERLY SONOSITE, INC.)",140,140,1792,Legal & Lobbying / Other / Multi-sector
client_02842,TENET HEALTHCARE CORPORATION,168,168,111,Other / Multi-sector / Healthcare & Pharma
client_02843,"TIBER CREEK GROUP (ON BEHALF OF EMD SERONO, INC.)",62,62,62,Healthcare & Pharma / Other / Multi-sector
client_02844,"TNC (US) HOLDINGS, INC. (FORMERLY NIELSEN)",208,208,62,Other / Multi-sector / Technology & Telecom
client_02845,UI LABS D/B/A MXD,8,8,62,Other / Multi-sector
client_02846,WAU HOLLAND STIFTUNG,333,333,62,Other / Multi-sector
client_02848,"ALTERA DIGITAL HEALTH (FKA ALLSCRIPTS HEALTHCARE SOLUTIONS, INC)",94,94,1726,Other / Multi-sector
client_02849,SPECIALTY CROP FARM BILL ALLIANCE,80,80,1060,Other / Multi-sector
client_02850,KYOCERA INTERNATIONAL (FKA KYOCERA AVX),35,35,62,Other / Multi-sector / Healthcare & Pharma
client_02851,SERVICENOW,49,49,62,Other / Multi-sector / Healthcare & Pharma
client_02852,WESTERN ENERGY ALLIANCE,129,129,62,Other / Multi-sector / Energy & Environment
client_02853,HOUSING AUTHORITY OF THE COUNTY OF SAN BERNARDINO (HACSB),67,67,1463,Other / Multi-sector
client_02854,"ACT EDUCATION CORP (FKA ACT, INC.)",235,235,923,Other / Multi-sector
client_02855,AIRBOSS DEFENSE GROUP (FKA CRITICAL SOLUTIONS INTERNATIONAL),134,134,1000,Other / Multi-sector
client_02856,AMALGAMATED BANK,111,111,62,Other / Multi-sector / Finance & Banking
client_02857,AMERICAN BURN ASSOCIATION,67,67,62,Other / Multi-sector
client_02858,APOTEX CORPORATION,85,85,62,Other / Multi-sector / Healthcare & Pharma
client_02859,BIOMEDICAL RESEARCH FOUNDATION OF NORTHWEST LOUISIANA,85,85,255,Other / Multi-sector / Healthcare & Pharma
client_02860,COALITION FOR STUDENT OPPORTUNITY AND SUCCESS,37,37,62,Other / Multi-sector / Education & Research
client_02861,ENCORE CAPITAL GROUP,363,363,62,Finance & Banking
client_02862,FIRST FOR INSPIRATION AND RECOGNITION OF SCIENCE AND TECHNOLOGY,37,37,1906,Other / Multi-sector / Education & Research
client_02863,"GARMIN INTERNATIONAL, INC. (FORMERLY REPORTED AS GARMIN LTD.)",34,34,62,Other / Multi-sector
client_02864,INVEST IN UNITED STATES OF AMERICA (IIUSA),74,74,744,Other / Multi-sector
client_02865,METRC LLC,80,80,62,Other / Multi-sector
client_02866,"MITSUBISHI HEAVY INDUSTRIES AMERICA, INC.",78,78,62,Other / Multi-sector / Energy & Environment
client_02867,"NEXTERA ENERGY, INC./FLORIDA POWER AND LIGHT COMPANY",102,102,91,Other / Multi-sector / Energy & Environment
client_02868,"NMI HOLDINGS, INC.",59,59,79,Other / Multi-sector / Real Estate & Construction
client_02869,ROTECH HEALTHCARE INC.,216,216,62,Other / Multi-sector / Healthcare & Pharma
client_02870,SMITHS GROUP PLC,277,277,62,Other / Multi-sector
client_02872,THE CRANEWARE GROUP (F.K.A. SENTRY DATA SYSTEMS),216,216,91,Other / Multi-sector / Healthcare & Pharma
client_02873,THE SOLAR ENERGY INDUSTRIES ASSOCIATION,45,45,153,Other / Multi-sector
client_02874,UNITED STATES ANTI-DOPING AGENCY,145,145,62,Other / Multi-sector / Education & Research
client_02875,"PLAINS COTTON GROWERS, INC.",80,80,285,Other / Multi-sector
client_02876,LOEWS CORPORATION,238,238,62,Other / Multi-sector / Energy & Environment
client_02877,OFFSHORE MARINE SERVICE ASSOCIATION,151,151,62,Other / Multi-sector
client_02878,COULSON AIRCRANE USA,5,5,62,Other / Multi-sector
client_02879,DXC TECHNOLOGY CO AND AFFILIATES,134,134,1894,Other / Multi-sector
client_02880,"AIRBUS AMERICAS, INC.",364,364,62,Other / Multi-sector / Technology & Telecom
client_02881,AMERICAN FOREST AND PAPER ASSOCIATION,34,34,62,Other / Multi-sector
client_02882,"CANCER TREATMENT CENTERS OF AMERICA GLOBAL, INC.",168,168,1179,Other / Multi-sector / Healthcare & Pharma
client_02883,CHARM INDUSTRIAL,23,23,62,Other / Multi-sector / Energy & Environment
client_02884,CITY OF GLENDALE,5,5,62,Other / Multi-sector
client_02885,CITY OF ST. PAUL,173,173,62,Other / Multi-sector
client_02886,COMMUNITY NEWS MEDIA LLC,95,95,62,Other / Multi-sector
client_02887,FERMAT CAPITAL MANAGEMENT,4,4,62,Other / Multi-sector
client_02888,"FRANKLIN RESOURCES, INC.",195,195,62,Other / Multi-sector / Finance & Banking
client_02889,"KEARNEY & COMPANY, P.C.",344,344,62,Legal & Lobbying / Other / Multi-sector
client_02890,MEDGENE LABS,89,89,62,Other / Multi-sector
client_02891,NATIONAL CREDITORS BAR ASSOCIATION,111,111,62,Other / Multi-sector / Finance & Banking
client_02892,"NATIONAL GRID USA SERVICE COMPANY, INC. D/B/A NATIONAL GRID",57,57,62,Other / Multi-sector / Energy & Environment
client_02893,"NORTH AMERICAN INTERPIPE, INC.",45,45,62,Other / Multi-sector
client_02894,PACIFIC GAS AND ELECTRIC COMPANY,78,78,542,Other / Multi-sector / Energy & Environment
client_02895,PROTECT AMERICA'S SMALL SELLERS COALITION (INFORMAL COALITION),34,34,62,Other / Multi-sector
client_02896,REGIONAL TRANSPORTATION AUTHORITY (RTA),27,27,1114,Other / Multi-sector
client_02897,RPM INTERNATIONAL INC,23,23,79,Other / Multi-sector / Energy & Environment
client_02900,UNITED STATES CANNABIS COUNCIL FRA CANNABIS TRADE FEDERATION,24,24,62,Other / Multi-sector
client_02901,AMERICAN PHARMACISTS ASSOCIATION,100,100,620,Other / Multi-sector / Healthcare & Pharma
client_02902,NATIONAL PSORIASIS FOUNDATION,100,100,255,Other / Multi-sector / Healthcare & Pharma
client_02903,CHELAN COUNTY PUBLIC UTILITY DISTRICT,158,158,172,Other / Multi-sector / Energy & Environment
client_02904,"IOWA INTERSTATE RAILROAD, LTD",41,41,542,Other / Multi-sector
client_02905,AMPUTEE COALITION,35,35,438,Other / Multi-sector / Healthcare & Pharma
client_02906,AICPA ASSOCIATION OF INTERNATIONAL CERTIFIED PROFESSIONAL ACCOUNTANTS,24,24,112,Other / Multi-sector
client_02907,AMERICAN ASSOCIATION OF VETERINARY MEDICAL COLLEGES (FKA ASSOCIATION OF AMERICAN,21,21,714,Other / Multi-sector / Education & Research
client_02908,ATNI,4,4,62,Other / Multi-sector
client_02909,BANK POLICY INSTITUTE (FKA THE FINANCIAL SERVICES ROUNDTABLE),4,4,62,Other / Multi-sector
client_02910,BIOMADE,20,20,62,Other / Multi-sector / Education & Research
client_02911,BLINK CHARGING COMPANY,27,27,542,Other / Multi-sector
client_02912,BNSF RAILWAY CO,34,34,62,Other / Multi-sector
client_02913,"BOARDWALK PIPELINE, LP",23,23,62,Other / Multi-sector / Energy & Environment
client_02914,"BYHEART, INC.",6,6,62,Other / Multi-sector
client_02915,CANADIAN INTERNATIONAL PHARMACY ASSOCIATION,60,60,1523,Other / Multi-sector / Healthcare & Pharma
client_02916,CARROLLTON REGIONAL MEDICAL CENTER,62,62,242,Healthcare & Pharma / Other / Multi-sector
client_02917,"CENCORA, INC. (FORMERLY AMERISOURCEBERGEN CORPORATION)",117,117,62,Other / Multi-sector / Healthcare & Pharma
client_02918,"EXECUTIVE AFFILIATES, INC.",34,34,62,Other / Multi-sector
client_02919,EXPAND ENERGY CORPORATION (FKA CHESAPEAKE ENERGY),23,23,62,Other / Multi-sector / Energy & Environment
client_02921,GALLAUDET UNIVERSITY,21,21,0,Other / Multi-sector / Education & Research
client_02922,HENRY SCHEIN,100,100,62,Other / Multi-sector / Healthcare & Pharma
client_02923,HILCORP ENERGY COMPANY,78,78,62,Other / Multi-sector / Energy & Environment
client_02924,HORIZON THERAPEUTICS USA INC,3,3,62,Other / Multi-sector
client_02925,INTERNATIONAL FRANCHISE ASSOCIATION (IFA),299,299,62,Other / Multi-sector / Government & Nonprofit
client_02927,NEVADA SYSTEM OF HIGHER EDUCATION,55,55,132,Other / Multi-sector / Energy & Environment
client_02928,NEW MEXICO STATE UNIVERSITY,188,188,62,Other / Multi-sector / Education & Research
client_02929,PWC US GROUP LLP,195,195,62,Other / Multi-sector / Finance & Banking
client_02930,"RACETRAC, INC.",124,124,603,Other / Multi-sector / Legal & Lobbying
client_02931,SKYDIO,74,74,438,Other / Multi-sector
client_02932,SPORTS BETTING ALLIANCE,345,345,62,Other / Multi-sector / Transportation & Auto
client_02933,THE MUNGER COMPANIES,80,80,1333,Other / Multi-sector
client_02934,U. S. CENTER FOR SAFESPORT,67,67,62,Other / Multi-sector
client_02935,"U.S. VENTURE, INC. (FORMERLY U.S. OIL)",34,34,62,Other / Multi-sector
client_02936,WATERWAYS COUNCIL INC.,151,151,62,Other / Multi-sector
client_02937,CONSCIOUS DISCIPLINE,60,60,62,Other / Multi-sector / Healthcare & Pharma
client_02938,GREATER CLEVELAND PARTNERSHIP,72,72,79,Other / Multi-sector
client_02939,CEDARS-SINAI MEDICAL CENTER,85,85,1430,Other / Multi-sector / Healthcare & Pharma
client_02940,"KPC GLOBAL MANAGEMENT, LLC",216,216,62,Other / Multi-sector / Healthcare & Pharma
client_02941,NATIONAL PARK FOUNDATION,21,21,12,Other / Multi-sector / Education & Research
client_02942,10X GENOMICS,100,100,62,Other / Multi-sector / Healthcare & Pharma
client_02943,"AEROSTAR INTERNATIONAL, LLC",5,5,62,Other / Multi-sector
client_02944,"AMERICAN CHIROPRACTIC ASSOCIATION, INC.",35,35,62,Other / Multi-sector / Healthcare & Pharma
client_02945,APEX CLEAN ENERGY,57,57,62,Other / Multi-sector / Energy & Environment
client_02946,"AURORA INNOVATION, INC.",15,15,62,Other / Multi-sector
client_02947,BOISE STATE UNIVERSITY,67,67,62,Other / Multi-sector
client_02948,BROKER ACTION COALITION,195,195,62,Other / Multi-sector / Finance & Banking
client_02949,DIRECTORS GUILD OF AMERICA,224,224,62,Other / Multi-sector
client_02950,ECOLAB,48,48,62,Other / Multi-sector
client_02951,ENERGIA NATURALIS AND PPD GROUP,78,78,0,Other / Multi-sector / Energy & Environment
client_02952,ENERGY MARKETERS OF AMERICA,181,181,62,Other / Multi-sector / Energy & Environment
client_02953,"FRESENIUS MEDICAL CARE HOLDINGS, INC.",216,216,62,Other / Multi-sector / Healthcare & Pharma
client_02954,"ICON TECHNOLOGY, INC.",8,8,62,Other / Multi-sector
client_02955,JOHN DEERE,80,80,62,Other / Multi-sector
client_02956,"LEIDOS HOLDINGS, INC.",227,227,62,Other / Multi-sector / Energy & Environment
client_02957,LOS ANGELES COUNTY,33,33,752,Other / Multi-sector / Government & Nonprofit
client_02958,NATIONAL AIR TRAFFIC CONTROLLERS ASSOCIATION,8,8,62,Other / Multi-sector
client_02959,NATIONAL BLEEDING DISORDER FOUNDATION (FKA NATIONAL HEMOPHILIA FOUNDATION),100,100,535,Other / Multi-sector / Healthcare & Pharma
client_02960,NATIONAL CREDIT ALLIANCE,195,195,1433,Other / Multi-sector / Finance & Banking
client_02962,NLIGHT CORPORATION,5,5,62,Other / Multi-sector
client_02963,ROCHESTER REGIONAL HEALTH,100,100,1592,Other / Multi-sector / Healthcare & Pharma
client_02964,SANTA CLARA VALLEY TRANSPORTATION AUTHORITY,27,27,62,Other / Multi-sector
client_02965,THE AMPUTEE COALITION,100,100,62,Other / Multi-sector / Healthcare & Pharma
client_02966,UNIVERSITY OF CONNECTICUT,0,0,62,Other / Multi-sector
client_02967,UNIVERSITY OF MASSACHUSETTS AMHERST,8,8,62,Other / Multi-sector
client_02968,US OCEAN LLC,151,151,62,Other / Multi-sector
client_02969,"VAISALA, INC.",322,322,79,Other / Multi-sector
client_02970,W DIAMOND GROUP CORPORATION,45,45,62,Other / Multi-sector
client_02971,"REMITLY GLOBAL, INC.",4,4,742,Other / Multi-sector
client_02972,"GREIF, INC.",115,115,62,Other / Multi-sector
client_02973,RISK & INSURANCE MANAGEMENT SOCIETY INC,104,104,1715,Other / Multi-sector / Healthcare & Pharma
client_02974,"PELOTON INTERACTIVE, INC.",106,106,62,Other / Multi-sector
client_02975,ASSOCIATION OF SCHOOLS AND PROGRAMS OF PUBLIC HEALTH (OLD: ASSOCIATION OF SCHOOL,18,18,1171,Other / Multi-sector
client_02976,"BELLWETHER DISTRICT HOLDINGS, LLC",27,27,62,Other / Multi-sector
client_02977,BINANCE HOLDINGS LTD.,24,24,62,Other / Multi-sector
client_02978,CLOVER HEALTH,62,62,62,Healthcare & Pharma / Other / Multi-sector
client_02979,CONSERVATION TRUST OF PUERTO RICO,215,215,62,Other / Multi-sector
client_02980,FINANCIAL ACCOUNTING FOUNDATION,344,344,62,Legal & Lobbying / Other / Multi-sector
client_02981,FREEPORT LNG EXPANSION,57,57,62,Other / Multi-sector / Energy & Environment
client_02982,INSTITUTE FOR GENE THERAPIES,216,216,62,Other / Multi-sector / Healthcare & Pharma
client_02983,INTREPID POTASH INC.,116,116,62,Other / Multi-sector
client_02984,"JOSHCO GROUP, LLC",295,295,62,Other / Multi-sector / Technology & Telecom
client_02985,KEURIG DR PEPPER INC. AND AFFILIATES,178,178,62,Other / Multi-sector
client_02986,LINKEDIN,25,25,62,Other / Multi-sector
client_02987,"MONOLITH MATERIALS, INC.",78,78,62,Other / Multi-sector / Energy & Environment
client_02988,PEACE OFFICERS RESEARCH ASSOCIATION OF CALIFORNIA,138,138,62,Other / Multi-sector
client_02989,POLARIS CONSULTING,34,34,62,Other / Multi-sector
client_02990,SOUTHERN AIRWAYS EXPRESS,278,278,603,Technology & Telecom / Defense & Aerospace
client_02991,S&P GLOBAL MOBILITY (FORMERLY KNOWN AS IHS MARKIT D/B/A R.L. POLK & CO.),186,186,62,Other / Multi-sector
client_02992,TAMPA GENERAL HOSPITAL,62,62,91,Healthcare & Pharma / Other / Multi-sector
client_02993,OMAHA PUBLIC POWER DISTRICT,0,0,2145,Other / Multi-sector
client_02994,LOS ANGELES COUNTY METROPOLITAN TRANSPORTATION AUTHORITY,27,27,62,Other / Multi-sector
client_02995,REGULATORY RELIEF COALITION,216,216,62,Other / Multi-sector / Healthcare & Pharma
client_02996,"HF MANAGEMENT SERVICES, LLC FKA HEALTHFIRST",117,117,1658,Other / Multi-sector / Healthcare & Pharma
client_02997,US - CHINA BUSINESS COUNCIL,45,45,143,Other / Multi-sector
client_02998,ACCENTURE LLP,181,181,62,Other / Multi-sector / Energy & Environment
client_02999,AMERICAN CHEMISTRY COUNCIL,118,118,111,Other / Multi-sector
client_03000,AMERICAN SOCIETY OF TRANSPLANTATION,216,216,62,Other / Multi-sector / Healthcare & Pharma
client_03001,AMPLIFON USA,100,100,62,Other / Multi-sector / Healthcare & Pharma
client_03002,ATLANTA REGIONAL COMMISSION,143,143,62,Education & Research / Government & Nonprofit
client_03003,BAYLOR COLLEGE OF MEDICINE,41,41,62,Other / Multi-sector
client_03004,CENTRAL UTAH WATER CONSERVANCY DISTRICT,28,28,62,Other / Multi-sector
client_03005,CITY OF NORTH LAS VEGAS,72,72,62,Other / Multi-sector
client_03006,CLEANING COALITION OF AMERICA,289,289,62,Healthcare & Pharma / Energy & Environment
client_03007,EL PASO WATER UTILITIES -- PUBLIC SERVICE BOARD DBA EL PASO WATER,28,28,62,Other / Multi-sector
client_03008,EPS INDUSTRY ALLIANCE,14,14,62,Other / Multi-sector
client_03009,FAIR CREDIT COALITION,34,34,62,Other / Multi-sector
client_03010,FAMILY FARM ALLIANCE,115,115,112,Other / Multi-sector
client_03011,FREEPOINT COMMODITIES LLC,61,61,62,Other / Multi-sector
client_03012,GALT AEROSPACE AND AFFILIATES,5,5,62,Other / Multi-sector
client_03013,GENERAL FUSION INC.,158,158,62,Other / Multi-sector / Energy & Environment
client_03014,GINKGO BIOWORKS,105,105,62,Other / Multi-sector
client_03015,H&R BLOCK,4,4,62,Other / Multi-sector
client_03016,"IEX GROUP, INC.",195,195,62,Other / Multi-sector / Finance & Banking
client_03017,INDIAN GAMING ASSOCIATION,24,24,1261,Other / Multi-sector
client_03018,INSTITUTE OF INTERNATIONAL EDUCATION,67,67,62,Other / Multi-sector
client_03019,MARTIN'S POINT HEALTHCARE INC.,35,35,215,Other / Multi-sector / Healthcare & Pharma
client_03020,NEMOURS CHILDREN'S HEALTH,169,169,62,Other / Multi-sector / Healthcare & Pharma
client_03021,OLD HARBOR NATIVE CORPORATION,79,79,62,Other / Multi-sector
client_03022,POLICYLINK,178,178,62,Other / Multi-sector
client_03023,"PRIMERICA, INC.",117,117,62,Other / Multi-sector / Healthcare & Pharma
client_03024,PRIVATE INVESTOR COALITION,34,34,302,Other / Multi-sector
client_03025,PUBLIC SERVICE ENTERPRISE GROUP,57,57,438,Other / Multi-sector / Energy & Environment
client_03026,ROBERT BOSCH LLC,48,48,438,Other / Multi-sector
client_03027,"SOUND PHYSICIANS (FKA SOUND INPATIENT PHYSICIANS, INC.)",3,3,62,Other / Multi-sector
client_03028,"SPIDER STRATEGIES, INC.",5,5,62,Other / Multi-sector
client_03029,"SPIRIT AEROSYSTEMS, INC.",106,106,62,Other / Multi-sector
client_03030,THE AMALGAMATED SUGAR COMPANY LLC,6,6,62,Other / Multi-sector
client_03031,VANGUARD,195,195,62,Other / Multi-sector / Finance & Banking
client_03032,VICTIMS OF TERRORISM - SUDAN AND EAST AFRICA,67,67,62,Other / Multi-sector
client_03033,WEBBANK,195,195,62,Other / Multi-sector / Finance & Banking
client_03034,"WSP USA (FKA AS PARSONS BRINCKERHOFF, INC.)",161,161,1500,Other / Multi-sector / Transportation & Auto
client_03035,QUINAULT INDIAN NATION,115,115,112,Other / Multi-sector
client_03036,NATIONAL HUMANITIES ALLIANCE,21,21,79,Other / Multi-sector / Education & Research
client_03037,ABBVIE INC.,104,104,79,Other / Multi-sector / Healthcare & Pharma
client_03038,ACT FOR NIH: ADVANCING CURES TODAY,67,67,62,Other / Multi-sector
client_03039,ADEIA,45,45,62,Other / Multi-sector
client_03040,ADOBE INC.,138,138,62,Other / Multi-sector
client_03041,"ANTHEM, INC.",35,35,62,Other / Multi-sector / Healthcare & Pharma
client_03042,BOMBARDIER RECREATIONAL PRODUCTS,48,48,62,Other / Multi-sector
client_03043,CITY OF JACKSONVILLE,8,8,91,Other / Multi-sector
client_03044,ETSY,109,109,62,Other / Multi-sector
client_03045,FLUOR,227,227,62,Other / Multi-sector / Energy & Environment
client_03046,MEDICAL UNIVERSITY HOSPITAL AUTHORITY,169,169,62,Other / Multi-sector / Healthcare & Pharma
client_03047,METROPOLITAN ATLANTA RAPID TRANSIT AUTHORITY,27,27,62,Other / Multi-sector
client_03048,"MODIVCARE SOLUTIONS, LLC",168,168,62,Other / Multi-sector / Healthcare & Pharma
client_03049,NATIONAL ASSOCIATION OF CHRONIC DISEASE DIRECTORS,49,49,62,Other / Multi-sector / Healthcare & Pharma
client_03050,NATIONAL ASSOCIATION OF TRAILER MANUFACTURERS,36,36,62,Other / Multi-sector
client_03051,NOKIA OF AMERICA CORPORATION (FORMERLY KNOWN AS ALCATEL-LUCENT USA INC.),34,34,62,Other / Multi-sector
client_03052,OWENS CORNING CORPORATION,45,45,62,Other / Multi-sector
client_03053,PODIMETRICS,100,100,62,Other / Multi-sector / Healthcare & Pharma
client_03054,REPRODUCTIVE FREEDOM FOR ALL,266,266,62,Other / Multi-sector
client_03055,"SAM ACTION, INC.",235,235,721,Other / Multi-sector
client_03056,SANTA CLARA COUNTY HOUSING AUTHORITY,59,59,62,Other / Multi-sector / Real Estate & Construction
client_03057,SHIRLEY RYAN ABILITYLAB,100,100,255,Other / Multi-sector / Healthcare & Pharma
client_03058,SMALL UAV COALITION,133,133,62,Other / Multi-sector / Transportation & Auto
client_03059,SOCIETY OF HOSPITAL MEDICINE,94,94,62,Other / Multi-sector
client_03060,"STEELCASE, INC.",14,14,62,Other / Multi-sector
client_03061,THE POKEMON COMPANY INTERNATIONAL,45,45,319,Other / Multi-sector
client_03062,"TRC COMPANIES, INC.",181,181,62,Other / Multi-sector / Energy & Environment
client_03063,UNIVERSITY OF NORTH DAKOTA,49,49,62,Other / Multi-sector / Healthcare & Pharma
client_03064,"ZAYO GROUP, LLC",95,95,62,Other / Multi-sector
client_03065,UNIVERSITY OF HOUSTON SYSTEM,49,49,43,Other / Multi-sector / Healthcare & Pharma
client_03066,GENERAL DYNAMICS CORPORATION,8,8,79,Other / Multi-sector
client_03067,"NEWSMAX, INC. F/K/A NEWSMAX MEDIA, INC.",95,95,257,Other / Multi-sector
client_03068,IRIDIUM COMMUNICATIONS,95,95,62,Other / Multi-sector
client_03069,OPTICA (FKA THE OPTICAL SOCIETY),67,67,62,Other / Multi-sector
client_03070,POKAGON BAND OF POTAWATOMI,30,30,66,Other / Multi-sector
client_03071,SAN DIEGO ASSOCIATION OF GOVERNMENTS (SANDAG),72,72,571,Other / Multi-sector
client_03072,THE COLLEGE ENTRANCE EXAMINATION BOARD,37,37,692,Other / Multi-sector / Education & Research
client_03073,AMERICAN GREAT LAKES PORTS ASSOCIATION,151,151,79,Other / Multi-sector
client_03074,AUSTAL USA,67,67,62,Other / Multi-sector
client_03075,"AXON ENTERPRISE, INC.",8,8,62,Other / Multi-sector
client_03076,"BUCKEYE PARTNERS, L.P.",113,113,62,Other / Multi-sector
client_03077,CALIFORNIA LIFE SCIENCES,183,183,62,Other / Multi-sector / Healthcare & Pharma
client_03078,CERUS CORPORATION,220,220,62,Other / Multi-sector
client_03079,COALITION FOR THE NORTHEAST CORRIDOR,27,27,62,Other / Multi-sector
client_03080,CONFEDERATED TRIBES OF GRAND RONDE,58,58,556,Other / Multi-sector
client_03081,"COUNTY OF LOS ANGELES, CALIFORNIA",100,100,1151,Other / Multi-sector / Healthcare & Pharma
client_03082,CRESCENT PEAK RENEWABLES,17,17,62,Other / Multi-sector
client_03083,DAIICHI SANKYO INC,216,216,62,Other / Multi-sector / Healthcare & Pharma
client_03084,GENERAL ATOMICS AERONAUTICAL SYSTEMS,8,8,62,Other / Multi-sector
client_03085,HIGHLAND ELECTRIC TRANSPORTATION,27,27,62,Other / Multi-sector
client_03086,ILLINOIS SOYBEAN ASSOCIATION,165,165,62,Other / Multi-sector / Government & Nonprofit
client_03087,"KABBAGE, INC.",41,41,111,Other / Multi-sector
client_03088,"KERN OIL & REFINING CO., DBA KERN ENERGY (FKA KERN OIL & REFINING COMPANY)",57,57,62,Other / Multi-sector / Energy & Environment
client_03089,MESSER,243,243,62,Other / Multi-sector / Agriculture & Food
client_03090,"MODERNA, INC.",239,239,62,Other / Multi-sector / Healthcare & Pharma
client_03092,NETJETS ASSOCIATION OF SHARED AIRCRAFT PILOTS,41,41,62,Other / Multi-sector
client_03093,NIRON MAGNETICS,79,79,62,Other / Multi-sector
client_03094,OCEANEERING INTERNATIONAL INC,72,72,409,Other / Multi-sector
client_03095,ONEONCOLOGY INC.,239,239,62,Other / Multi-sector / Healthcare & Pharma
client_03096,PASHA GROUP,65,65,62,Other / Multi-sector / Transportation & Auto
client_03097,PROFESSIONAL ENGINEERS IN CALIFORNIA GOVERNMENT,36,36,556,Other / Multi-sector
client_03098,"SAGE THERAPEUTICS, INC.",239,239,62,Other / Multi-sector / Healthcare & Pharma
client_03099,"SAP AMERICA, INC.",232,232,66,Other / Multi-sector / Legal & Lobbying
client_03100,"SAVING AMERICAS FAMILY ENTERPRISES, INC.",34,34,62,Other / Multi-sector
client_03101,SEA GRANT ASSOCIATION,18,18,79,Other / Multi-sector
client_03102,SHEE ATIKA INC.,350,350,62,Other / Multi-sector
client_03103,SILA NANOTECHNOLOGIES INC.,102,102,62,Other / Multi-sector / Energy & Environment
client_03104,SMARTBIZ LOANS,299,299,62,Other / Multi-sector / Government & Nonprofit
client_03105,Y,67,67,62,Other / Multi-sector
client_03106,AMERICAN SUNTANNING ASSOCIATION,34,34,62,Other / Multi-sector
client_03107,MASTERCARD,109,109,62,Other / Multi-sector
client_03108,ENCOURA (FORMERLY NAT'L RESEARCH CTR FOR COLLEGE AND UNIVERSITY ADMISSIONS),5,5,983,Other / Multi-sector
client_03109,COMMAND STRATEGIES ON BEHALF OF NORTHERN ARIZONA UNIVERSITY,8,8,911,Other / Multi-sector
client_03110,ANSCHUTZ CORPORATION,78,78,62,Other / Multi-sector / Energy & Environment
client_03111,BROWN-FORMAN,41,41,62,Other / Multi-sector
client_03112,CALIFORNIA STATE COASTAL CONSERVANCY,18,18,380,Other / Multi-sector
client_03113,COLUSA INDIAN COMMUNITY,78,78,62,Other / Multi-sector / Energy & Environment
client_03114,"CRUISE LINES INTERNATIONAL ASSOCIATION, INC.",353,353,62,Other / Multi-sector / Government & Nonprofit
client_03115,"HERITAGE HEALTH SOLUTIONS, INC.",357,357,12,Healthcare & Pharma
client_03116,KANSAS CITY AREA TRANSPORTATION SYSTEM (FKA KC AREA TRANSPORTATION AUTHORITY),36,36,62,Other / Multi-sector
client_03117,KANSAS DEPARTMENT OF COMMERCE,266,266,79,Other / Multi-sector
client_03118,MATTRESS FIRM,50,50,62,Other / Multi-sector
client_03119,MILITARY SUPPORT COALITION,8,8,79,Other / Multi-sector
client_03120,MP MATERIALS,322,322,62,Other / Multi-sector
client_03121,NATIONAL ASSOCIATION OF LOCAL HOUSING FINANCE AGENCIES,41,41,1528,Other / Multi-sector
client_03123,NISQUALLY INDIAN TRIBE,20,20,190,Other / Multi-sector / Education & Research
client_03124,POSIT SCIENCE,35,35,1938,Other / Multi-sector / Healthcare & Pharma
client_03125,"REPUBLIC SERVICES, FORMERLY REPORTED AS U.S. ECOLOGY",18,18,438,Other / Multi-sector
client_03126,SANDVINE,121,121,62,Other / Multi-sector
client_03127,"SOCIAL FINANCE, INC.",21,21,62,Other / Multi-sector / Education & Research
client_03128,START EARLY (FOR FIRST FIVE YEARS FUND) FKA OUNCE OF PREVENTION (FOR FFYF),21,21,500,Other / Multi-sector / Education & Research
client_03129,THE LINCOLN ELECTRIC COMPANY,45,45,62,Other / Multi-sector
client_03130,VAPOR TECHNOLOGY ASSOCIATION,41,41,62,Other / Multi-sector
client_03131,WALKER & DUNLOP INC.,19,19,62,Other / Multi-sector
client_03132,"LAKEMOOR VENTURES, LLC",17,17,547,Other / Multi-sector
client_03133,3M HEALTH INFORMATION SYSTEMS,62,62,62,Healthcare & Pharma / Other / Multi-sector
client_03134,ADVANCED MEDICAL TECHNOLOGY ASSOCIATION,109,109,62,Other / Multi-sector
client_03135,"AIR LINE PILOTS ASSOCIATION, INTERNATIONAL",149,149,62,Technology & Telecom / Other / Multi-sector
client_03136,ALLEGIANT TRAVEL COMPANY,34,34,62,Other / Multi-sector
client_03137,"ANDURIL INDUSTRIES, INC",133,133,62,Other / Multi-sector / Transportation & Auto
client_03138,CACI INTERNATIONAL INC.,5,5,62,Other / Multi-sector
client_03139,CENTENE CORPORATION,169,169,62,Other / Multi-sector / Healthcare & Pharma
client_03140,"DELL TECHNOLOGIES, INC.",4,4,62,Other / Multi-sector
client_03141,GENENTECH,239,239,62,Other / Multi-sector / Healthcare & Pharma
client_03142,IDEMIA IDENTITY & SECURITY USA LLC,74,74,62,Other / Multi-sector
client_03143,INNOCENCE PROJECT,138,138,1029,Other / Multi-sector
client_03145,IVANHOE MINES LTD.,17,17,62,Other / Multi-sector
client_03147,LONGI SOLAR TECHNOLOGY (US) INC.,102,102,62,Other / Multi-sector / Energy & Environment
client_03148,LUGERT-ALTUS IRRIGATION DISTRICT,80,80,62,Other / Multi-sector
client_03149,MEDIATEK USA INC.,305,305,79,Other / Multi-sector
client_03150,NEBIUS GROUP N.V. (FKA YANDEX N.V.),45,45,62,Other / Multi-sector
client_03151,"NUCLEAR ENERGY SYSTEMS OF UKRAINE, LLC",78,78,2010,Other / Multi-sector / Energy & Environment
client_03152,OCHSNER HEALTH SYSTEM,62,62,255,Healthcare & Pharma / Other / Multi-sector
client_03153,PERMA-FIX ENVIRONMENTAL SERVICES,78,78,169,Other / Multi-sector / Energy & Environment
client_03154,PONCE HEALTH SCIENCES UNIVERSITY,100,100,79,Other / Multi-sector / Healthcare & Pharma
client_03155,RARE DISEASE COMPANY COALITION,239,239,62,Other / Multi-sector / Healthcare & Pharma
client_03156,RED RIVER,186,186,202,Other / Multi-sector
client_03158,SIXAXIS LLC,25,25,62,Other / Multi-sector
client_03159,SOCIETY OF GENERAL INTERNAL MEDICINE,100,100,535,Other / Multi-sector / Healthcare & Pharma
client_03160,SPR THERAPEUTICS,62,62,62,Healthcare & Pharma / Other / Multi-sector
client_03161,"STRIDE INC. (F/K/A K12, INC.)",21,21,62,Other / Multi-sector / Education & Research
client_03162,TALON NICKEL (USA) LLC,48,48,603,Other / Multi-sector
client_03163,"TEMPLE UNIVERSITY HEALTH SYSTEM, INC.",216,216,62,Other / Multi-sector / Healthcare & Pharma
client_03164,THE UNIVERSITY OF TULSA,8,8,62,Other / Multi-sector
client_03165,TRAVEL MANAGEMENT COALITION,15,15,62,Other / Multi-sector
client_03166,"TWO SIGMA INVESTMENTS, LP",195,195,62,Other / Multi-sector / Finance & Banking
client_03167,"UCB, INC.",104,104,62,Other / Multi-sector / Healthcare & Pharma
client_03168,VALLEY METRO,233,233,62,Other / Multi-sector / Transportation & Auto
client_03169,"NATIONAL ORGANIZATION OF VETERANS' ADVOCATES, INC.",295,295,79,Other / Multi-sector / Technology & Telecom
client_03170,FIVE POINT OPERATING COMPANY,67,67,62,Other / Multi-sector
client_03171,INSTITUTIONAL SHAREHOLDER SERVICES,41,41,62,Other / Multi-sector
client_03172,WUXI APPTEC SALES LLC,216,216,62,Other / Multi-sector / Healthcare & Pharma
client_03173,"LANNETT COMPANY, INC",60,60,62,Other / Multi-sector / Healthcare & Pharma
client_03174,ENEL NORTH AMERICA INC AND ITS AFFILIATES,328,328,2146,Other / Multi-sector / Technology & Telecom
client_03175,HILLSBOROUGH COUNTY AVIATION AUTHORITY,133,133,576,Other / Multi-sector / Transportation & Auto
client_03176,AMEREN,23,23,62,Other / Multi-sector / Energy & Environment
client_03177,AMERICA'S ESSENTIAL HOSPITALS,216,216,62,Other / Multi-sector / Healthcare & Pharma
client_03178,ARM HOLDINGS PLC,48,48,62,Other / Multi-sector
client_03179,ASSOCIATION OF AMERICAN PUBLISHERS,25,25,112,Other / Multi-sector
client_03180,BROWN-FORMAN CORPORATION,109,109,62,Other / Multi-sector
client_03181,CANAVERAL PORT AUTHORITY,269,269,62,Other / Multi-sector
client_03182,CHILDREN'S HOSPITAL ASSOCIATION,94,94,62,Other / Multi-sector
client_03183,COINSTAR,359,359,62,Other / Multi-sector
client_03184,COMMUNITY MEDICAL CENTERS,168,168,1938,Other / Multi-sector / Healthcare & Pharma
client_03185,"COSENTINO, S.A.U.",109,109,0,Other / Multi-sector
client_03186,"COUPANG, INC.",45,45,62,Other / Multi-sector
client_03187,CRRC MA CORPORATION,65,65,62,Other / Multi-sector / Transportation & Auto
client_03188,CYSTIC FIBROSIS FOUNDATION,3,3,62,Other / Multi-sector
client_03189,DOUGHERTY COUNTY COMMISSION,67,67,62,Other / Multi-sector
client_03190,"GEOST, INC.",8,8,62,Other / Multi-sector
client_03191,GRUP IMMOBILIARI CIERCO,111,111,0,Other / Multi-sector / Finance & Banking
client_03192,LIGHTHOUSE RESOURCES INC. AND ITS SUBSIDIARIES,48,48,1680,Other / Multi-sector
client_03193,MAIN STREET SPORTS GROUP DBA FANDUEL SPORTS NETWORK,320,320,62,Other / Multi-sector
client_03195,OMIDYAR NETWORK SERVICES LLC,25,25,62,Other / Multi-sector
client_03196,PACIFIC GAS AND ELECTRIC COMPANY (FORMERLY PG&E CORPORATION),34,34,62,Other / Multi-sector
client_03197,SASOL CHEMICALS USA LLC (THROUGH HARRIS DEVILLE AND ASSOCIATES),329,329,62,Other / Multi-sector
client_03198,"SIGNIFY (F.K.A. REMEDY BPCI PARTNERS, LLC)",100,100,62,Other / Multi-sector / Healthcare & Pharma
client_03199,UNIVERSITY OF ARIZONA,179,179,62,Other / Multi-sector / Education & Research
client_03200,USTC,109,109,62,Other / Multi-sector
client_03201,YAHOO MEDIA (FORMERLY REPORTING AS OATH INC AND VARIOUS SUBSIDIARIES),94,94,62,Other / Multi-sector
client_03202,UTILITY WORKERS UNION OF AMERICA,361,361,1702,Other / Multi-sector
client_03203,COMMUNITY DEVELOPMENT CORPORATIONS,196,196,557,Other / Multi-sector
client_03204,BROOKFIELD ASSET MANAGEMENT,34,34,62,Other / Multi-sector
client_03205,CARBON UTILIZATION RESEARCH COUNCIL (FORMERLY COAL UTILIZATION RESEARCH COUNCIL),96,96,62,Other / Multi-sector / Energy & Environment
client_03206,HDNET LLC,333,333,62,Other / Multi-sector
client_03208,AIS HEALTHCARE,100,100,62,Other / Multi-sector / Healthcare & Pharma
client_03209,AMERICAN WATER WORKS ASSOCIATION,80,80,62,Other / Multi-sector
client_03210,AMERICA'S VETDOGS,5,5,62,Other / Multi-sector
client_03211,ANTHEIA,35,35,62,Other / Multi-sector / Healthcare & Pharma
client_03212,BAXTER HEALTHCARE CORPORATION,100,100,62,Other / Multi-sector / Healthcare & Pharma
client_03213,CHUGACH ALASKA CORP,161,161,62,Other / Multi-sector / Transportation & Auto
client_03214,CIENA CORPORATION,152,152,62,Other / Multi-sector
client_03215,CONSUMER BANKERS ASSOCIATION,155,155,62,Other / Multi-sector
client_03216,"COUNCIL FOR INVESTOR RIGHTS AND CORPORATE ACCOUNTABILITY, INC.",195,195,62,Other / Multi-sector / Finance & Banking
client_03217,"DIRECT SUPPLY, INC.",62,62,62,Healthcare & Pharma / Other / Multi-sector
client_03218,DISCOVERY COMMUNICATIONS LLC (FKA DISCOVERY COMMUNICATIONS),80,80,62,Other / Multi-sector
client_03219,ELECTRICITY CONSUMERS RESOURCE COUNCIL (ELCON),78,78,2210,Other / Multi-sector / Energy & Environment
client_03220,FEDERATED INDIANS OF THE GRATON RANCHERIA,17,17,62,Other / Multi-sector
client_03221,FIA / PTG,195,195,62,Other / Multi-sector / Finance & Banking
client_03223,IFM INVESTORS PTY LTD.,36,36,62,Other / Multi-sector
client_03224,INTERNATIONAL FACILITY MANAGEMENT ASSN,78,78,603,Other / Multi-sector / Energy & Environment
client_03225,JOHNSON MATTHEY INC.,48,48,62,Other / Multi-sector
client_03226,KGL LOGISTICS,5,5,62,Other / Multi-sector
client_03228,"MITSUBISHI POWER AMERICAS, INC.",102,102,62,Other / Multi-sector / Energy & Environment
client_03229,MOLEKULE GROUP,220,220,62,Other / Multi-sector
client_03230,NAREIT,117,117,111,Other / Multi-sector / Healthcare & Pharma
client_03231,NATIONAL TOOLING AND MACHINING ASSOCIATION,106,106,111,Other / Multi-sector
client_03232,NEAR AIRPORT PARKING INDUSTRY TRADE ASSOCIATION (NAPITA),19,19,62,Other / Multi-sector
client_03233,PARA LA NATURALEZA INC,34,34,910,Other / Multi-sector
client_03234,PERIMETER SOLUTIONS,149,149,62,Technology & Telecom / Other / Multi-sector
client_03235,PRECISION METALFORMING ASSOCIATION,106,106,617,Other / Multi-sector
client_03236,SHOSHONE-BANNOCK TRIBES,58,58,542,Other / Multi-sector
client_03237,SIG SAUER INC,134,134,62,Other / Multi-sector
client_03238,SOCIETY FOR INDUSTRIAL AND APPLIED MATHEMATICS,8,8,62,Other / Multi-sector
client_03239,SVB FINANCIAL GROUP,74,74,62,Other / Multi-sector
client_03240,TAXBIT INC.,4,4,62,Other / Multi-sector
client_03241,TECHNET,186,186,62,Other / Multi-sector
client_03242,TENNESSEE RURAL HEALTH IMPROVEMENT ASSOCIATION,216,216,62,Other / Multi-sector / Healthcare & Pharma
client_03243,TIDAL BASIN,95,95,62,Other / Multi-sector
client_03244,UMASS CHAN MEDICAL SCHOOL (FKA UNIVERSITY OF MASSACHUSETTS MEDICAL SCHOOL),5,5,676,Other / Multi-sector
client_03245,UNITED FOR MEDICAL RESEARCH,216,216,438,Other / Multi-sector / Healthcare & Pharma
client_03246,VIRGINIA POLYTECHNIC INSTITUTE AND STATE UNIVERSITY (VIRGINIA TECH),72,72,64,Other / Multi-sector
client_03247,VOITH HYDRO,113,113,62,Other / Multi-sector
client_03248,YESHIVA UNIVERSITY,21,21,62,Other / Multi-sector / Education & Research
client_03249,ZEKELMAN INDUSTRIES (FORMERLY KNOWN AS JMC STEEL GROUP),45,45,62,Other / Multi-sector
client_03250,ANIMAL WELFARE INSTITUTE FKA SOCIETY FOR ANIMAL PROTECTIVE LEGISLATION,307,307,1882,Education & Research / Other / Multi-sector
client_03251,NORTH FUND,141,141,62,Other / Multi-sector / Technology & Telecom
client_03252,ADP TOTALSOURCE,104,104,172,Other / Multi-sector / Healthcare & Pharma
client_03253,AK CHIN INDIAN COMMUNITY,177,177,62,Other / Multi-sector / Legal & Lobbying
client_03254,AMERICAN CEMENT ASSOCIATION (FORMERLY PORTLAND CEMENT ASSOCIATION),36,36,62,Other / Multi-sector
client_03255,ASSOCIATION OF BANKS IN LEBANON,111,111,62,Other / Multi-sector / Finance & Banking
client_03256,CLARK COUNTY NV (OFFICE OF THE COUNTY MANAGER),280,280,62,Other / Multi-sector / Government & Nonprofit
client_03257,"CURALEAF, INC.",111,111,62,Other / Multi-sector / Finance & Banking
client_03258,FINANCIAL SERVICES INSTITUTE,30,30,62,Other / Multi-sector
client_03259,FMC CORPORATION,241,241,62,Other / Multi-sector
client_03260,FULBRIGHT UNIVERSITY VIETNAM USA,8,8,542,Other / Multi-sector
client_03261,HORIZON PHARMA,216,216,62,Other / Multi-sector / Healthcare & Pharma
client_03262,INTELLECTUAL PROPERTY OWNERS ASSOCIATION,163,163,1239,Other / Multi-sector
client_03263,LEARNING CARE GROUP,30,30,62,Other / Multi-sector
client_03264,"MASTER BOAT BUILDERS, INC.",72,72,62,Other / Multi-sector
client_03265,NATIONAL ANIMAL INTEREST ALLIANCE,80,80,62,Other / Multi-sector
client_03266,NATIONAL AUTOMOBILE DEALERS ASSOCIATION,215,215,438,Other / Multi-sector
client_03267,NEW FLYER OF AMERICA INC.,113,113,62,Other / Multi-sector
client_03268,NOMI HEALTH,216,216,62,Other / Multi-sector / Healthcare & Pharma
client_03269,ONTARIO TEACHERS' PENSION PLAN,4,4,62,Other / Multi-sector
client_03270,SACRAMENTO COUNTY,67,67,62,Other / Multi-sector
client_03271,STARMAN HOTEL HOLDINGS LLC,195,195,62,Other / Multi-sector / Finance & Banking
client_03272,STRIPE,24,24,62,Other / Multi-sector
client_03273,THE EUROPEAN JEWISH CONGRESS,50,50,62,Other / Multi-sector
client_03274,TIFFANY & CO,6,6,62,Other / Multi-sector
client_03275,TRINE UNIVERSITY,37,37,62,Other / Multi-sector / Education & Research
client_03276,MICCOSUKEE TRIBE OF INDIANS OF FLORIDA,34,34,1029,Other / Multi-sector
client_03277,"COUNTER BRANDS, LLC",95,95,62,Other / Multi-sector
client_03278,ACG ADVOCACY ON BEHALF OF MOTION PICTURE ASSOCIATION OF AMERICA,45,45,1239,Other / Multi-sector
client_03279,AMERICAN ASSOCIATION FOR HOMECARE (AAHOMECARE),62,62,62,Healthcare & Pharma / Other / Multi-sector
client_03280,ANTA SPORTS PRODUCTS LIMITED,45,45,62,Other / Multi-sector
client_03281,ASSOCIATION OF O & C COUNTIES,17,17,62,Other / Multi-sector
client_03282,"AVATHON, INC.",5,5,62,Other / Multi-sector
client_03283,BERING STRAITS NATIVE CORPORATION,5,5,62,Other / Multi-sector
client_03285,"ELEVANCE HEALTH, INC.",3,3,438,Other / Multi-sector
client_03286,"FERMACA DE MEXICO, S.A.R.L.",48,48,62,Other / Multi-sector
client_03287,"GODADDY, INC.",186,186,62,Other / Multi-sector
client_03288,GTS,5,5,1437,Other / Multi-sector
client_03289,INFINEON TECHNOLOGIES AMERICA CORP.,94,94,62,Other / Multi-sector
client_03290,NATIONAL MOBILITY EQUIPMENT DEALERS ASSOCIATION,36,36,1222,Other / Multi-sector
client_03291,PEARL MOBILE DTV COMPANY LLC,320,320,62,Other / Multi-sector
client_03292,PHOENIX TAILINGS,322,322,62,Other / Multi-sector
client_03293,PINTEREST INC.,94,94,62,Other / Multi-sector
client_03294,POINT OF CARE TESTING ASSOCIATION,168,168,62,Other / Multi-sector / Healthcare & Pharma
client_03295,"RENRE NORTH AMERICA HOLDINGS, INC.",34,34,1142,Other / Multi-sector
client_03296,SECURING AMERICA'S FUTURE ENERGY FOUNDATION (SAFE),102,102,2051,Other / Multi-sector / Energy & Environment
client_03297,TD AMERITRADE HOLDING CORPORATION,195,195,1499,Other / Multi-sector / Finance & Banking
client_03298,THE GEO GROUP,50,50,1790,Other / Multi-sector
client_03299,THE REHABILITATION INNOVATION CENTERS COALITION,168,168,255,Other / Multi-sector / Healthcare & Pharma
client_03300,TIBER CREEK GROUP (ON BEHALF OF MERCK & CO INC),168,168,62,Other / Multi-sector / Healthcare & Pharma
client_03301,TRIBAL COUNCIL POARCH CREEK INDIANS,58,58,62,Other / Multi-sector
client_03302,W. L. GORE & ASSOCIATES,61,61,62,Other / Multi-sector
client_03303,"WIPRO, LLC",24,24,457,Other / Multi-sector
client_03304,UTAH DEPARTMENT OF TRANSPORTATION,36,36,132,Other / Multi-sector
client_03305,LEHIGH UNIVERSITY,308,308,1463,Other / Multi-sector / Technology & Telecom
client_03306,POWER TO DECIDE,157,157,352,Other / Multi-sector / Education & Research
client_03307,"ARCH RESOURCES, INC. (FORMERLY ARCH COAL, INC.)",158,158,542,Other / Multi-sector / Energy & Environment
client_03308,"TRAVELERS COMPANIES, INC. AND SUBSIDIARIES",30,30,62,Other / Multi-sector
client_03309,SUBURBAN HEALTH ORGANIZATION,168,168,513,Other / Multi-sector / Healthcare & Pharma
client_03310,"ACP TECHNOLOGIES, LLC",5,5,62,Other / Multi-sector
client_03311,ALLIANTGROUP,34,34,62,Other / Multi-sector
client_03312,AMAG PHARMACEUTICAL,168,168,62,Other / Multi-sector / Healthcare & Pharma
client_03313,AMERICAN ACADEMY OF PEDIATRIC DENTISTRY,169,169,62,Other / Multi-sector / Healthcare & Pharma
client_03314,ANALYTICAL GRAPHICS INC,5,5,62,Other / Multi-sector
client_03315,"APPLIED MATERIALS, INC.",56,56,62,Other / Multi-sector
client_03316,"ARTHUR J. GALLAGHER FINANCIAL SERVICES, INC.",30,30,62,Other / Multi-sector
client_03317,ASSOCIATION OF CRITICAL CARE TRANSPORT,216,216,62,Other / Multi-sector / Healthcare & Pharma
client_03318,"BAE SYSTEMS, INC.",8,8,62,Other / Multi-sector
client_03319,BANYAN COMMUNITY HEALTH CENTER,49,49,1929,Other / Multi-sector / Healthcare & Pharma
client_03320,BEAM SUNTORY,222,222,62,Other / Multi-sector
client_03321,BIPARTISAN POLICY CENTER ADVOCACY NETWORK,83,83,62,Other / Multi-sector
client_03322,"CAE USA, INC",72,72,62,Other / Multi-sector
client_03323,CALIFORNIA HOSPITAL ASSOCIATION,216,216,438,Other / Multi-sector / Healthcare & Pharma
client_03324,"COALITION FOR CANNABIS POLICY, EDUCATION, AND REGULATION",231,231,62,Legal & Lobbying / Other / Multi-sector
client_03325,COINFLIP,4,4,62,Other / Multi-sector
client_03326,EASTMAN KODAK COMPANY,269,269,542,Other / Multi-sector
client_03327,FLORIDA HOSPITAL ASSOCIATION,110,110,62,Other / Multi-sector / Healthcare & Pharma
client_03328,"GHARDA CHEMICALS INTERNATIONAL, INC.",80,80,62,Other / Multi-sector
client_03329,"GUARDIAN CENTERS OF GEORGIA, LLC",50,50,62,Other / Multi-sector
client_03330,"GUNDERSEN LUTHERAN ADMINISTRATIVE SERVICES, INC.",100,100,62,Other / Multi-sector / Healthcare & Pharma
client_03331,HEALTH-E COMMERCE INCLUDING SUBSIDIARIES,104,104,62,Other / Multi-sector / Healthcare & Pharma
client_03332,HEMATOLOGY ONCOLOGY PHARMACY ASSOCIATION,49,49,535,Other / Multi-sector / Healthcare & Pharma
client_03333,INTERNATIONAL FLAVORS & FRAGRANCES INC.,17,17,812,Other / Multi-sector
client_03334,"IQVIA HOLDINGS, INC.",216,216,62,Other / Multi-sector / Healthcare & Pharma
client_03335,IRIDIUM SATELLITE LLC,5,5,112,Other / Multi-sector
client_03336,"MULTI SERVICE TECHNOLOGY SOLUTIONS, INC. (D/B/A TREVIPAY)",5,5,62,Other / Multi-sector
client_03337,NATIONAL JOB CORPS ASSOCIATON,8,8,62,Other / Multi-sector
client_03338,PARALLEL BRANDS INC (IN REPLACEMENT OF SURTERRA HOLDINGS INC ),155,155,2178,Other / Multi-sector
client_03339,PARAMOUNT GLOBAL (FORMERLY VIACOMCBS INC.),222,222,62,Other / Multi-sector
client_03340,"PATINO & ASSOCIATES, P.A.",45,45,438,Other / Multi-sector
client_03341,PERPETUA RESOURCES,20,20,62,Other / Multi-sector / Education & Research
client_03342,PRUDENTIAL INSURANCE COMPANY OF AMERICA,4,4,62,Other / Multi-sector
client_03343,"SB ENERGY DEVCO (US), INC.",102,102,62,Other / Multi-sector / Energy & Environment
client_03344,SECURITIES INDUSTRY & FINANCIAL MARKETS ASSN.,4,4,62,Other / Multi-sector
client_03345,SOUTH FLORIDA REGIONAL TRANSPORTATION AUTHORITY,27,27,62,Other / Multi-sector
client_03346,THE DOW CHEMICAL COMPANY,78,78,62,Other / Multi-sector / Energy & Environment
client_03347,TOTAL MILITARY MANAGEMENT,8,8,62,Other / Multi-sector
client_03348,TRUCKEE RIVER FLOOD PROJECT,28,28,62,Other / Multi-sector
client_03349,TURNING POINT BRANDS,67,67,62,Other / Multi-sector
client_03350,URANIUM ENERGY CORPORATION,158,158,62,Other / Multi-sector / Energy & Environment
client_03351,WEB 3.0 TECHNOLOGIES FOUNDATION,195,195,62,Other / Multi-sector / Finance & Banking
client_03352,WORLD ENERGY,23,23,153,Other / Multi-sector / Energy & Environment
client_03353,DECOMMISSIONING PLANT COALITION,158,158,438,Other / Multi-sector / Energy & Environment
client_03354,ADVANCE PUBLICATIONS,34,34,62,Other / Multi-sector
client_03355,AFFORDABLE HEALTHCARE FOR AMERICANS,216,216,62,Other / Multi-sector / Healthcare & Pharma
client_03356,AMERICAN ASSOCIATION OF ORTHODONTISTS,3,3,62,Other / Multi-sector
client_03357,ASSOCIATION FOR THE IMPROVEMENT OF AMERICAN INFRASTRUCTURE,158,158,2177,Other / Multi-sector / Energy & Environment
client_03358,ASSOCIATION OF PUBLIC AND LAND-GRANT UNIVERSITIES,89,89,62,Other / Multi-sector
client_03359,"CITY OF GLENWOOD SPRINGS, CO",39,39,459,Other / Multi-sector
client_03360,CITY OF LAKEWOOD,83,83,79,Other / Multi-sector
client_03361,COALITION FOR AMERICAN ELECTRONICS RECYCLING,25,25,62,Other / Multi-sector
client_03362,COALITION TO HEAL INVISIBLE WOUNDS,35,35,62,Other / Multi-sector / Healthcare & Pharma
client_03363,CONOCOPHILLIPS,23,23,112,Other / Multi-sector / Energy & Environment
client_03364,ENHABIT HOME HEALTH & HOSPICE,168,168,584,Other / Multi-sector / Healthcare & Pharma
client_03366,FRESENIUS MEDICAL CARE NORTH AMERICA,62,62,62,Healthcare & Pharma / Other / Multi-sector
client_03367,GOOGLE CLIENT SERVICES LLC,207,207,438,Other / Multi-sector
client_03368,INMARSAT PLC D/B/A INMARSAT AVIATION,72,72,62,Other / Multi-sector
client_03369,INTERNATIONAL ASSOCIATION OF AMUSEMENT PARKS AND ATTRACTIONS,15,15,62,Other / Multi-sector
client_03371,LAFAYETTE AIRPORT COMMISSION,133,133,255,Other / Multi-sector / Transportation & Auto
client_03372,"MAVENIR SYSTEMS, INC.",95,95,62,Other / Multi-sector
client_03373,MIDLAND BUSINESS ALLIANCE,67,67,62,Other / Multi-sector
client_03374,MILLERCOORS LLC,234,234,1683,Other / Multi-sector
client_03375,"MODERN TECHNOLOGY SOLUTIONS, INC.",5,5,62,Other / Multi-sector
client_03376,MUELLER WATER PRODUCTS,17,17,62,Other / Multi-sector
client_03377,NUCOR CORPORATION,48,48,62,Other / Multi-sector
client_03378,"PERLES LAW FIRM, PC",127,127,535,Other / Multi-sector / Legal & Lobbying
client_03379,PFIZER,216,216,62,Other / Multi-sector / Healthcare & Pharma
client_03380,PHARMACEUTICAL INDUSTRY LABOR MANAGEMENT ASSOCIATION (PILMA),62,62,62,Healthcare & Pharma / Other / Multi-sector
client_03381,PUBLIC HEALTH TRUST OF MIAMI-DADE COUNTY (ON BEHALF OF JACKSON HEALTH SYSTEMS),62,62,91,Healthcare & Pharma / Other / Multi-sector
client_03382,PUGET SOUND ENERGY,34,34,62,Other / Multi-sector
client_03383,RAI SERVICES COMPANY (FORMERLY KNOWN AS REYNOLDS AMERICAN),224,224,62,Other / Multi-sector
client_03384,RTX CORPORATION AND AFFILIATES,53,53,438,Other / Multi-sector
client_03385,SOUNDTHINKING INC. ( FORMERLY KNOWN AS SHOTSPOTTER INC. ),133,133,62,Other / Multi-sector / Transportation & Auto
client_03386,SOUTHEAST LOUISIANA FLOOD PROTECTION AUTHORITY EAST,127,127,0,Other / Multi-sector / Legal & Lobbying
client_03387,"STANLEY BLACK & DECKER, INC.",269,269,62,Other / Multi-sector
client_03388,SUQUAMISH TRIBE,8,8,190,Other / Multi-sector
client_03389,"TENASKA, INC.",23,23,62,Other / Multi-sector / Energy & Environment
client_03390,THE WALT DISNEY CORPORATION,273,273,62,Other / Multi-sector
client_03391,"URAC, INC.",216,216,62,Other / Multi-sector / Healthcare & Pharma
client_03392,VERUS RESEARCH,5,5,62,Other / Multi-sector
client_03393,"AT&T SERVICES, INC (FORMERLY SBC COMMUNICATIONS, INC.)",95,95,1751,Other / Multi-sector
client_03394,KLAMATH WATER USERS ASSOCIATION,7,7,582,Other / Multi-sector
client_03395,"ARCIMOTO, INC",23,23,62,Other / Multi-sector / Energy & Environment
client_03396,CITY OF BUENA PARK,133,133,62,Other / Multi-sector / Transportation & Auto
client_03397,NORTH SAN DIEGO WATER REUSE COALITION,61,61,62,Other / Multi-sector
client_03398,GRAPHIC PACKAGING INTERNATIONAL,115,115,62,Other / Multi-sector
client_03399,"AIRBUS AMERICAS, INC. (FORMERLY KNOWN AS AIRBUS GROUP, INC.)",222,222,62,Other / Multi-sector
client_03400,ALLIANCE OF U.S. STARTUPS AND INVENTORS FOR JOBS,109,109,62,Other / Multi-sector
client_03401,ALLSUP,104,104,1352,Other / Multi-sector / Healthcare & Pharma
client_03402,CERION LLC,5,5,676,Other / Multi-sector
client_03403,CITY OF BATON ROUGE AND PARISH OF EAST BATON ROUGE,39,39,62,Other / Multi-sector
client_03404,COUNCIL OF FEDERAL HOME LOAN BANKS,111,111,62,Other / Multi-sector / Finance & Banking
client_03405,CUMBERLAND COMMUNITY IMPROVEMENT DISTRICT,36,36,62,Other / Multi-sector
client_03406,"EMD SERONO, INC.",35,35,62,Other / Multi-sector / Healthcare & Pharma
client_03407,FIDELIS NEW ENERGY,23,23,79,Other / Multi-sector / Energy & Environment
client_03408,HARBINGER MEDICAL GROUP LLC DBA TIDES MEDICAL,62,62,255,Healthcare & Pharma / Other / Multi-sector
client_03409,HIGHMARK HEALTH,24,24,62,Other / Multi-sector
client_03410,IMAGINE LEARNING,21,21,62,Other / Multi-sector / Education & Research
client_03411,JOBY AVIATION,161,161,62,Other / Multi-sector / Transportation & Auto
client_03412,"LUPUS FOUNDATION OF AMERICA (ON BEHALF OF MAPRX COALITION, AN LFA INITIATIVE).",168,168,62,Other / Multi-sector / Healthcare & Pharma
client_03413,"MCKINSEY AND COMPANY, INC.",50,50,62,Other / Multi-sector
client_03414,NATIONAL ASSOCIATION FOR HOME CARE & HOSPICE,62,62,62,Healthcare & Pharma / Other / Multi-sector
client_03415,NIC FEDERAL LLC,67,67,62,Other / Multi-sector
client_03416,"NUCLEAR ENERGY INSTITUTE, INC.",23,23,62,Other / Multi-sector / Energy & Environment
client_03417,OMNICELL,62,62,1119,Healthcare & Pharma / Other / Multi-sector
client_03418,OTC MARKETS,4,4,62,Other / Multi-sector
client_03419,PERFORMANCE DRONE WORKS,67,67,62,Other / Multi-sector
client_03420,REGIONAL TRANSPORTATION COMMISSION OF SOUTHERN NEVADA,36,36,62,Other / Multi-sector
client_03421,ROBINHOOD,195,195,62,Other / Multi-sector / Finance & Banking
client_03422,"SENTINELONE, INC.",74,74,112,Other / Multi-sector
client_03423,"SKYNRG AMERICAS, INC.",23,23,62,Other / Multi-sector / Energy & Environment
client_03424,TDX CORP,27,27,62,Other / Multi-sector
client_03426,THE INSTITUTE FOR OPERATIONS RESEARCH AND THE MANAGEMENT SCIENCES (INFORMS),138,138,62,Other / Multi-sector
client_03427,UNIVERSITY OF PENNSYLVANIA PERELMAN SCHOOL OF MEDICINE,100,100,62,Other / Multi-sector / Healthcare & Pharma
client_03428,WK KELLOGG CO (FKA KELLOGG COMPANY),80,80,62,Other / Multi-sector
client_03429,BIOREFERENCE LABORATORIES AN OPKO HEALTH COMPANY,216,216,630,Other / Multi-sector / Healthcare & Pharma
client_03430,NEPHRON PHARMACEUTICALS CORPORATION,104,104,62,Other / Multi-sector / Healthcare & Pharma
client_03431,TWIST BIOSCIENCE CORPORATION,220,220,535,Other / Multi-sector
client_03432,BAPTIST HEALTHCARE SYSTEM,239,239,1119,Other / Multi-sector / Healthcare & Pharma
client_03433,A PLACE FOR ROVER,30,30,0,Other / Multi-sector
client_03434,"AEROJET ROCKETDYNE, AN L3HARRIS TECHNOLOGIES CO (FKA AEROJET ROCKETDYNE INC.)",351,351,66,Other / Multi-sector
client_03435,AIR METHODS CORPORATION,239,239,62,Other / Multi-sector / Healthcare & Pharma
client_03436,ALLISON TRANSMISSION INCORPORATED,5,5,62,Other / Multi-sector
client_03437,AMERICAN FOUNDRY SOCIETY,48,48,691,Other / Multi-sector
client_03438,AN ACHIEVABLE DREAM ACADEMIES,21,21,62,Other / Multi-sector / Education & Research
client_03439,"ANNALY CAPITAL MANAGEMENT, INC.",261,261,62,Other / Multi-sector
client_03440,APPRAISAL INSTITUTE,111,111,62,Other / Multi-sector / Finance & Banking
client_03441,"ARENA OFFSHORE, LP",17,17,804,Other / Multi-sector
client_03442,ARMIS,121,121,62,Other / Multi-sector
client_03443,BEAST CODE,5,5,62,Other / Multi-sector
client_03444,"BEONE MEDICINES ( FORMERLY KNOWN AS BEIGENE USA, INC.)",81,81,62,Other / Multi-sector / Healthcare & Pharma
client_03445,BIG 12 CONFERENCE,37,37,319,Other / Multi-sector / Education & Research
client_03446,"BIODESIX, INC.",3,3,62,Other / Multi-sector
client_03447,CARE IN ACTION,289,289,62,Healthcare & Pharma / Energy & Environment
client_03448,"CASA SYSTEMS, INC.",95,95,62,Other / Multi-sector
client_03449,CENTER FOR POLICING EQUITY,94,94,62,Other / Multi-sector
client_03450,CHILDREN'S HOSPITAL COLORADO,3,3,255,Other / Multi-sector
client_03451,CITY AND BOROUGH OF SITKA,96,96,62,Other / Multi-sector / Energy & Environment
client_03452,CITY OF WEST SACRAMENTO,298,298,62,Other / Multi-sector
client_03453,COASTAL VILLAGES REGION FUND,151,151,62,Other / Multi-sector
client_03454,COLORADO SPRINGS UTILITIES,181,181,1169,Other / Multi-sector / Energy & Environment
client_03455,COMMON CAUSE,8,8,86,Other / Multi-sector
client_03456,"COUNTY OF ORANGE, CALIFORNIA",21,21,62,Other / Multi-sector / Education & Research
client_03457,"DONNELLEY FINANCIAL SOLUTIONS, INC.",24,24,1986,Other / Multi-sector
client_03458,"ENDO USA, INC., A MALLINCKRODT-ENDO COMPANY",239,239,62,Other / Multi-sector / Healthcare & Pharma
client_03459,F.E.B. CORP.,64,64,91,Other / Multi-sector
client_03460,"FLORA FOOD US, INC. (FKA UPFIELD US INC.)",178,178,756,Other / Multi-sector
client_03461,FORD MOTOR COMPANY,249,249,66,Other / Multi-sector
client_03462,GOVERNOR'S MILITARY COUNCIL,5,5,62,Other / Multi-sector
client_03463,HEARING INDUSTRIES ASSOCIATION,100,100,62,Other / Multi-sector / Healthcare & Pharma
client_03464,"HERBALIFE INTERNATIONAL OF AMERICA, INC.",229,229,62,Other / Multi-sector
client_03465,"HIGHMARK WHOLECARE (FORMERLY GATEWAY HEALTH PLAN, LP.)",100,100,586,Other / Multi-sector / Healthcare & Pharma
client_03466,INDIAN PHARMACEUTICAL ALLIANCE(FORMERLY INDIAN PHARMACEUTICAL ASSOCIATION),217,217,849,Other / Multi-sector / Healthcare & Pharma
client_03467,INSTITUTE FOR LEGAL REFORM,213,213,62,Other / Multi-sector / Education & Research
client_03468,"INVESCO HOLDING COMPANY (US), INC.",195,195,62,Other / Multi-sector / Finance & Banking
client_03469,JP MORGAN CHASE HOLDINGS,195,195,62,Other / Multi-sector / Finance & Banking
client_03470,"KRATOS DEFENSE & SECURITY SOLUTION, INC.",5,5,62,Other / Multi-sector
client_03471,LAKE CUMBERLAND MARINA LLC,64,64,91,Other / Multi-sector
client_03472,MCCAIN INSTITUTE FOUNDATION,67,67,62,Other / Multi-sector
client_03473,MIDDLEGROUND CAPITAL,314,314,62,Other / Multi-sector / Energy & Environment
client_03474,MILLENNIUM CORPORATION,5,5,62,Other / Multi-sector
client_03475,MORGAN CITY HARBOR AND TERMINAL DISTRICT,106,106,62,Other / Multi-sector
client_03476,NATIONAL HOMEBUYERS FUND,59,59,62,Other / Multi-sector / Real Estate & Construction
client_03477,NATIONAL JEWISH HOSPITAL,8,8,1558,Other / Multi-sector
client_03478,OHIO CHRISTIAN UNIVERSITY,21,21,965,Other / Multi-sector / Education & Research
client_03479,"ONEMAIN HOLDINGS, INC.",195,195,2267,Other / Multi-sector / Finance & Banking
client_03480,OURO MINING INC.,78,78,62,Other / Multi-sector / Energy & Environment
client_03481,"POINTCLICKCARE TECHNOLOGIES, INC.",216,216,62,Other / Multi-sector / Healthcare & Pharma
client_03482,RIVEER,5,5,189,Other / Multi-sector
client_03483,"SEMINOLE HARD ROCK DIGITAL, LLC",345,345,91,Other / Multi-sector / Transportation & Auto
client_03484,SIERRA PACIFIC INDUSTRIES,67,67,62,Other / Multi-sector
client_03485,STRAVA INC.,63,63,62,Other / Multi-sector / Legal & Lobbying
client_03487,SWIFT SOLAR,242,242,62,Other / Multi-sector / Energy & Environment
client_03488,TRANSBAY JOINT POWERS AUTHORITY,133,133,752,Other / Multi-sector / Transportation & Auto
client_03489,U.S. WOMEN'S HEALTH ALLIANCE,216,216,62,Other / Multi-sector / Healthcare & Pharma
client_03490,VERAX BIOMEDICAL,216,216,62,Other / Multi-sector / Healthcare & Pharma
client_03491,WALGREEN CO.,21,21,62,Other / Multi-sector / Education & Research
client_03492,RETIRESAFE,239,239,62,Other / Multi-sector / Healthcare & Pharma
client_03493,BROOKFIELD POWER US ASSET MANAGEMENT LLC,115,115,831,Other / Multi-sector
client_03494,OREGON DEPARTMENT OF TRANSPORTATION,133,133,62,Other / Multi-sector / Transportation & Auto
client_03495,INTEGRA LIFESCIENCES CORPORATION,239,239,62,Other / Multi-sector / Healthcare & Pharma
client_03496,RECKITT BENCKISER LLC,6,6,1101,Other / Multi-sector
client_03497,NATIONAL ASSOCIATION OF RESIDENTIAL PROPERTY MANAGERS,223,223,1671,Legal & Lobbying / Real Estate & Construction
client_03498,FOOD ALLERGY RESEARCH AND EDUCATION (FARE),49,49,512,Other / Multi-sector / Healthcare & Pharma
client_03499,ACG ADVOCACY ON BEHALF OF SOUNDEXCHANGE,45,45,1239,Other / Multi-sector
client_03500,ADAPTIVE BIOTECHNOLOGIES,3,3,62,Other / Multi-sector
client_03501,BROWARD COLLEGE FOUNDATION,37,37,91,Other / Multi-sector / Education & Research
client_03502,"CITY OF SAN JOSE, CA",15,15,62,Other / Multi-sector
client_03503,COALITION FOR DEEP SPACE EXPLORATION,121,121,79,Other / Multi-sector
client_03504,COLORADO SCHOOL OF MINES FOUNDATION,67,67,62,Other / Multi-sector
client_03505,COMMUNITY HOME LENDERS ASSOCIATION,59,59,111,Other / Multi-sector / Real Estate & Construction
client_03506,"CONSUMER REPORTS, INC. (F.K.A. CONSUMERS UNION OF UNITED STATES, INC.)",48,48,2043,Other / Multi-sector
client_03507,ESRI,193,193,438,Other / Multi-sector
client_03508,"FISHER & PHILLIPS LLP, ON BEHALF OF FORTREX, INC. LTD.",231,231,62,Legal & Lobbying / Other / Multi-sector
client_03510,HARRIS COUNTY SHERIFF'S OFFICE,67,67,62,Other / Multi-sector
client_03511,ILLUMINATE USA LLC,102,102,62,Other / Multi-sector / Energy & Environment
client_03512,JACKSONVILLE PORT AUTHORITY (PREVIOUSLY THROUGH ALCALDE & FAY),133,133,91,Other / Multi-sector / Transportation & Auto
client_03513,LSU HEALTH SCIENCES FOUNDATION,35,35,988,Other / Multi-sector / Healthcare & Pharma
client_03514,NATIONAL PACE ASSOCIATION,100,100,62,Other / Multi-sector / Healthcare & Pharma
client_03515,PORT OF VANCOUVER,65,65,466,Other / Multi-sector / Transportation & Auto
client_03516,"QUANTUM TECHNOLOGY SCIENCES, INC.",8,8,62,Other / Multi-sector
client_03517,QUAPAW TRIBAL BUSINESS COMMITTEE,58,58,62,Other / Multi-sector
client_03518,REGIONAL AIRLINE ASSOCIATION,21,21,62,Other / Multi-sector / Education & Research
client_03519,ROBERTSON MONAGLE & EASTAUGH (FORMERLY HOFFMAN SILVER GILMAN & BLASCO),158,158,66,Other / Multi-sector / Energy & Environment
client_03520,SKF USA INC.,222,222,62,Other / Multi-sector
client_03521,SOUTHWESTERN POWER GROUP,70,70,62,Other / Multi-sector / Energy & Environment
client_03522,VALLEY CHILDREN'S HEALTHCARE,216,216,62,Other / Multi-sector / Healthcare & Pharma
client_03523,WASHINGTON STATE POTATO COMMISSION,80,80,62,Other / Multi-sector
client_03524,"WATERWAYS COUNCIL, INCORPORATED",27,27,62,Other / Multi-sector
client_03525,"WORKMONEY, INC (DBA WORKMONEY)",196,196,1345,Other / Multi-sector
client_03526,GLEN RAVEN INC 1831 NORTH PARK AVENUE GLEN RAVEN NC 27217,106,106,79,Other / Multi-sector
client_03527,NATIONAL PARTNERSHIP FOR WOMEN & FAMILIES,77,77,62,Other / Multi-sector / Legal & Lobbying
client_03528,ENERGY NORTHWEST,220,220,542,Other / Multi-sector
client_03529,COUNTY OF RIVERSIDE,169,169,62,Other / Multi-sector / Healthcare & Pharma
client_03530,ADVANCED NAVIGATION AND POSITIONING CORPORATION,5,5,62,Other / Multi-sector
client_03531,AGA SERVICE COMPANY,122,122,62,Other / Multi-sector
client_03532,"ALEXION PHARMACEUTICALS, INC.",216,216,62,Other / Multi-sector / Healthcare & Pharma
client_03533,AMPAC FINE CHEMICALS,60,60,729,Other / Multi-sector / Healthcare & Pharma
client_03534,ASSOCIATION FOR CONSUMER DEBT RELIEF (FORMERLY AMERICAN ASS'N FOR DEBT RELIEF),111,111,404,Other / Multi-sector / Finance & Banking
client_03535,ASSOCIATION OF INTERNATIONAL CERTIFIED PROFESSIONAL ACCOUNTANTS (AICPA),24,24,62,Other / Multi-sector
client_03536,"ASURION, LLC",124,124,62,Other / Multi-sector / Legal & Lobbying
client_03537,"BIOCARE DONOR TISSUE NETWORK, LLC",216,216,91,Other / Multi-sector / Healthcare & Pharma
client_03538,CITADEL ENTERPRISE AMERICAS LLC,195,195,62,Other / Multi-sector / Finance & Banking
client_03539,"CONTURA ENERGY, INC.",287,287,542,Other / Multi-sector / Government & Nonprofit
client_03540,"CROSSFIT, INC.",261,261,2318,Other / Multi-sector
client_03541,EARTH NETWORKS,18,18,62,Other / Multi-sector
client_03542,EDWARDS LIFESCIENCES LLC,62,62,62,Healthcare & Pharma / Other / Multi-sector
client_03543,"ENOVA INTERNATIONAL, INC",195,195,62,Other / Multi-sector / Finance & Banking
client_03544,"EYEPOINT PHARMACEUTICALS, INC.",100,100,62,Other / Multi-sector / Healthcare & Pharma
client_03545,"FISERV, INC.",74,74,62,Other / Multi-sector
client_03546,FLEXTECH,8,8,62,Other / Multi-sector
client_03547,FRED DAIBES,127,127,1829,Other / Multi-sector / Legal & Lobbying
client_03548,"HUAWEI TECHNOLOGIES USA, INC.",45,45,112,Other / Multi-sector
client_03549,IMPOSSIBLE FOODS INC.,80,80,62,Other / Multi-sector
client_03550,INSTITUTIONAL SHAREHOLDER SERVICES INC. (ISS),195,195,62,Other / Multi-sector / Finance & Banking
client_03551,"JOHNSON & JOHNSON SERVICES, INC.",157,157,62,Other / Multi-sector / Education & Research
client_03552,LOCKHEED MARTIN,126,126,62,Other / Multi-sector
client_03553,"LYTX, INC.",269,269,62,Other / Multi-sector
client_03554,MARQUETTE UNIVERSITY,227,227,676,Other / Multi-sector / Energy & Environment
client_03555,MONTANA STATE UNIVERSITY,338,338,676,Other / Multi-sector / Education & Research
client_03556,NORTHPORT HEALTH SERVICES,169,169,62,Other / Multi-sector / Healthcare & Pharma
client_03557,"ORGANON, LLC",100,100,62,Other / Multi-sector / Healthcare & Pharma
client_03558,"PHI, INC.",3,3,255,Other / Multi-sector
client_03559,PORT OF LOS ANGELES,269,269,1463,Other / Multi-sector
client_03560,"POST ACUTE MEDICAL, LLC",100,100,62,Other / Multi-sector / Healthcare & Pharma
client_03561,PREPASS SAFETY ALLIANCE FORMERLY REPORTED AS HELP INC,36,36,62,Other / Multi-sector
client_03562,PRODUCE MARKETING ASSOCIATION,270,270,62,Other / Multi-sector / Education & Research
client_03563,SCIONHEALTH FKA KINDRED HEALTH CARE OPERATING INC.,100,100,62,Other / Multi-sector / Healthcare & Pharma
client_03564,SCOTT SHEFFIELD,25,25,62,Other / Multi-sector
client_03565,SEASONAL EMPLOYMENT ALLIANCE,25,25,62,Other / Multi-sector
client_03566,SECURIAN FINANCIAL GROUP,30,30,603,Other / Multi-sector
client_03567,"TELEVISAUNIVISION, INC.",56,56,62,Other / Multi-sector
client_03568,THE COALITION FOR 21ST CENTURY MEDICINE,62,62,62,Healthcare & Pharma / Other / Multi-sector
client_03569,"THE GORDIAN GROUP, LLC",8,8,62,Other / Multi-sector
client_03570,THE JACKSON LABORATORY,20,20,467,Other / Multi-sector / Education & Research
client_03571,THE PROCTER & GAMBLE COMPANY,95,95,62,Other / Multi-sector
client_03572,VIZIENT INC (FORMERLY NOVATION LLC),216,216,472,Other / Multi-sector / Healthcare & Pharma
client_03573,"W. L. GORE & ASSOCIATES, INC.",61,61,62,Other / Multi-sector
client_03574,WEST COAST UNIVERSITY,21,21,62,Other / Multi-sector / Education & Research
client_03575,WORCESTER POLYTECHNIC INSTITUTE,322,322,676,Other / Multi-sector
client_03576,"YUM RESTAURANT SERVICES GROUP, LLC",6,6,62,Other / Multi-sector
client_03577,EQUITY GROUP HOLDINGS,45,45,558,Other / Multi-sector
client_03578,QUANTUM SPATIAL,7,7,111,Other / Multi-sector
client_03579,SES SPACE & DEFENSE,8,8,79,Other / Multi-sector
client_03580,SOUTH DAKOTA ELLSWORTH DEVELOPMENT AUTHORITY,5,5,1131,Other / Multi-sector
client_03581,AMVETS/AMERICAN VETERANS,34,34,73,Other / Multi-sector
client_03582,BCBSM INC,49,49,1249,Other / Multi-sector / Healthcare & Pharma
client_03583,"TRIMEDX, LLC",216,216,513,Other / Multi-sector / Healthcare & Pharma
client_03584,AFFF LITIGATION CORPORATION,61,61,436,Other / Multi-sector
client_03585,AIR DISTRIBUTION USA,34,34,62,Other / Multi-sector
client_03586,ALEUTIAN PRIBILOF ISLAND COMMUNITY DEVELOPMENT ASSOCIATION,67,67,62,Other / Multi-sector
client_03587,"ALLIANCE ONE INTERNATIONAL, INC.",123,123,745,Other / Multi-sector
client_03588,AMERICAN ACADEMY OF OPHTHALMOLOGY,157,157,62,Other / Multi-sector / Education & Research
client_03589,AMERICAN ASSOCIATION OF STATE HIGHWAY AND TRANSPORTATION OFFICIALS,36,36,12,Other / Multi-sector
client_03590,AMERICAN BUREAU OF SHIPPING,151,151,62,Other / Multi-sector
client_03591,AMERICAN FEDERATION FOR AGING RESEARCH,8,8,62,Other / Multi-sector
client_03592,AMERICAN INDIAN HIGHER EDUCATION CONSORTIUM,66,66,186,Education & Research / Other / Multi-sector
client_03593,AMYLYX PHARMACEUTICALS,62,62,62,Healthcare & Pharma / Other / Multi-sector
client_03594,ANDURIL,8,8,62,Other / Multi-sector
client_03595,ASSOCIATION FOR QUALITY IMAGING,62,62,1496,Healthcare & Pharma / Other / Multi-sector
client_03596,ASSOCIATION OF CLAIMS PROFESSIONALS (FORMERLY AAICP),221,221,62,Other / Multi-sector
client_03597,"ATLANTA BELTLINE, INC.",27,27,62,Other / Multi-sector
client_03598,"CITY OF MCALLEN, TEXAS",39,39,62,Other / Multi-sector
client_03599,"CITY OF PHILADELPHIA, PA",41,41,62,Other / Multi-sector
client_03600,CITY OF TAMPA,199,199,62,Other / Multi-sector
client_03601,CITY OF WEST PALM BEACH,67,67,62,Other / Multi-sector
client_03602,CONDUENT INCORPORATED AND ITS AFFILIATES,62,62,62,Healthcare & Pharma / Other / Multi-sector
client_03603,COZEN O'CONNOR,74,74,62,Other / Multi-sector
client_03604,ELI LILLY AND COMPANY,94,94,66,Other / Multi-sector
client_03605,ENTERTAINMENT STUDIOS NETWORKS INC,95,95,91,Other / Multi-sector
client_03606,EUTELSAT S.A.,5,5,189,Other / Multi-sector
client_03607,"FORETREX, INC. LTD (FORMERLY PACKERS SANITATION SERVICES, INC., LTD.)",231,231,62,Legal & Lobbying / Other / Multi-sector
client_03608,"FUELCELL ENERGY, INC.",239,239,62,Other / Multi-sector / Healthcare & Pharma
client_03609,GREATER COLUMBIA CHAMBER OF COMMERCE,8,8,62,Other / Multi-sector
client_03610,GREETING CARD ASSOCIATION,109,109,66,Other / Multi-sector
client_03611,HERBERT J. THOMAS MEMORIAL HOSPITAL ASSOCIATION (FKA THOMAS HEALTH),73,73,438,Healthcare & Pharma / Other / Multi-sector
client_03612,HMS HOLDING LIMITED PARTNERSHIP,76,76,62,Other / Multi-sector
client_03613,HUMAN FACTORS AND ERGONOMICS SOCIETY,72,72,86,Other / Multi-sector
client_03614,INTERNATIONAL ASSOCIATION OF MOVERS - (FORMERLY -H H G F A A),291,291,62,Other / Multi-sector / Government & Nonprofit
client_03615,"MARSH & MCLENNAN COMPANIES, INC.",4,4,111,Other / Multi-sector
client_03616,"MILITARY PRODUCE GROUP, LLC",50,50,722,Other / Multi-sector
client_03617,NATIONAL ASSOCIATION FOR FIXED ANNUITIES,30,30,66,Other / Multi-sector
client_03619,NATIONAL FIRE PROTECTION ASSOCIATION,50,50,62,Other / Multi-sector
client_03620,NOKIA OF AMERICA CORPORATION,121,121,438,Other / Multi-sector
client_03621,NORTH AMERICAN COAL ROYALTY COMPANY,17,17,547,Other / Multi-sector
client_03622,"OTO ANALYTICS, INC",34,34,62,Other / Multi-sector
client_03623,PARTNERSHIP FOR JOB CREATION,253,253,62,Other / Multi-sector
client_03624,PATTERN ENERGY GROUP LP,288,288,62,Other / Multi-sector / Energy & Environment
client_03625,"PRAIRIE STATE GENERATING COMPANY, LLC",17,17,857,Other / Multi-sector
client_03626,PRINCIPAL FINANCIAL GROUP,195,195,62,Other / Multi-sector / Finance & Banking
client_03627,"QUALCOMM, INC.",109,109,62,Other / Multi-sector
client_03628,"QUINN, EMANUEL, URQUHART & SULLIVAN (OBO LAWFUL CONSTITUTIONAL DEBT COALITION)",67,67,62,Other / Multi-sector
client_03629,RISEPOINT,37,37,62,Other / Multi-sector / Education & Research
client_03630,SAN DIEGO UNIFIED PORT DISTRICT,351,351,752,Other / Multi-sector
client_03631,SENTRILLION,74,74,62,Other / Multi-sector
client_03632,SHAW INDUSTRIES GROUP,95,95,62,Other / Multi-sector
client_03633,SOCIETY FOR INDUSTRIAL AND ORGANIZATIONAL PSYCHOLOGY,294,294,62,Other / Multi-sector
client_03634,SOLANO COUNTY,7,7,1029,Other / Multi-sector
client_03635,SOUTHERN CALIFORNIA PUBLIC POWER AUTHORITY (SCPPA),102,102,582,Other / Multi-sector / Energy & Environment
client_03636,SOUTHERN NEVADA WATER AUTHORITY,7,7,62,Other / Multi-sector
client_03637,STOCKBRIDGE MUNSEE MOHICAN COMMUNITY,58,58,66,Other / Multi-sector
client_03638,SUNNOVA ENERGY INTERNATIONAL,102,102,62,Other / Multi-sector / Energy & Environment
client_03639,THE BARONA BAND OF MISSION INDIANS,21,21,62,Other / Multi-sector / Education & Research
client_03640,THE COALITION TO END DOUBLE TAXATION OF CONSUMER CLAIMS,34,34,62,Other / Multi-sector
client_03641,TRUIST (FORMERLY SUNTRUST BANK),41,41,62,Other / Multi-sector
client_03642,UNITED LAUNCH ALLIANCE,72,72,62,Other / Multi-sector
client_03643,UNIVERSITY OF ARKANSAS AT LITTLE ROCK,309,309,676,Education & Research / Transportation & Auto
client_03644,UNUM GROUP,24,24,62,Other / Multi-sector
client_03645,VESPER ENERGY DEVELOPMENT LLC,78,78,1926,Other / Multi-sector / Energy & Environment
client_03646,WATER RESEARCH FOUNDATION,7,7,62,Other / Multi-sector
client_03647,NATIONAL ASSOCIATION OF EMERGENCY MEDICAL TECHNICIANS (NAEMT),216,216,1884,Other / Multi-sector / Healthcare & Pharma
client_03648,LAWYERS FOR CIVIL JUSTICE,213,213,2136,Other / Multi-sector / Education & Research
client_03649,"DPWN HOLDINGS (USA) INC. (FORMERLY KNOWN AS DEUTSCHE POST WORLD NET-USA, INC.)",54,54,2251,Other / Multi-sector / Government & Nonprofit
client_03650,SEATTLE CITY LIGHT,172,172,1970,Other / Multi-sector / Legal & Lobbying
client_03651,TRUST FOR PUBLIC LAND,33,33,79,Other / Multi-sector / Government & Nonprofit
client_03652,GLOBAL TECHNICAL SYSTEMS,134,134,62,Other / Multi-sector
client_03653,"ESSENT US HOLDINGS, INC.",4,4,111,Other / Multi-sector
client_03654,PIERCE COUNTY,65,65,466,Other / Multi-sector / Transportation & Auto
client_03655,NATIONAL ASSOCIATION OF COLLEGE AND UNIVERSITY BUSINESS OFFICERS (NACUBO),24,24,132,Other / Multi-sector
client_03656,AFFORDABLE EQUITY PARTNERS INC.,4,4,62,Other / Multi-sector
client_03657,AMERICAN ALLIANCE FOR ECONOMIC DEVELOPMENT,74,74,1029,Other / Multi-sector
client_03658,AMERICAN ASSOCIATION OF NURSE PRACTITIONERS,35,35,79,Other / Multi-sector / Healthcare & Pharma
client_03659,AMERICAN COUNSELING ASSOCIATION,239,239,438,Other / Multi-sector / Healthcare & Pharma
client_03660,ARCONIC,288,288,62,Other / Multi-sector / Energy & Environment
client_03661,ARM INC,267,267,2285,Other / Multi-sector
client_03662,ASSOCIATION FOR ACCESSIBLE MEDICINES,200,200,438,Other / Multi-sector
client_03663,ASSOCIATION OF PRIVATE COLLEGES,37,37,1623,Other / Multi-sector / Education & Research
client_03664,BALLAD HEALTH,100,100,1179,Other / Multi-sector / Healthcare & Pharma
client_03665,BLUE CROSS BLUE SHIELD OF SOUTH CAROLINA,168,168,0,Other / Multi-sector / Healthcare & Pharma
client_03666,"BOSTON DYNAMICS, INC.",95,95,62,Other / Multi-sector
client_03667,CALIFORNIA LEAFY GREEN PRODUCTS HANDLER MARKETING AGREEMENT,62,62,62,Healthcare & Pharma / Other / Multi-sector
client_03668,"CAPITOL SOLUTIONS ON BEHALF OF BIPARTISAN POLICY CENTER ADVOCACY NETWORK, INC.",0,0,62,Other / Multi-sector
client_03669,CATAWBA INDIAN NATION OF SOUTH CAROLINA,58,58,62,Other / Multi-sector
client_03670,CORNING INCORPORATED,102,102,62,Other / Multi-sector / Energy & Environment
client_03671,"DHL EXPRESS (USA), INC.",269,269,62,Other / Multi-sector
client_03672,DRAFTKINGS,76,76,62,Other / Multi-sector
client_03673,EXIGER,152,152,62,Other / Multi-sector
client_03674,FARM CREDIT BANK OF TEXAS,340,340,2050,Other / Multi-sector / Government & Nonprofit
client_03675,FINDHELP,216,216,62,Other / Multi-sector / Healthcare & Pharma
client_03676,GEN DIGITAL INC (FORMERLY REPORTED AS MONEYLION TECHNOLOGIES INC. (MONEYLION),195,195,62,Other / Multi-sector / Finance & Banking
client_03677,GENERAL MOTORS LLC,102,102,62,Other / Multi-sector / Energy & Environment
client_03678,"GLENMARK PHARMACEUTICALS, INC., USA",239,239,62,Other / Multi-sector / Healthcare & Pharma
client_03679,HOUCHENS INDUSTRIES,343,343,62,Other / Multi-sector
client_03680,HOUSTON METHODIST HOSPITAL,100,100,62,Other / Multi-sector / Healthcare & Pharma
client_03681,"INSEPARABLE ACTION, INC.",183,183,62,Other / Multi-sector / Healthcare & Pharma
client_03682,INTERDIGITAL,45,45,62,Other / Multi-sector
client_03683,"JM FAMILY ENTERPRISES, INC",19,19,62,Other / Multi-sector
client_03684,KESSLER FOUNDATION,60,60,62,Other / Multi-sector / Healthcare & Pharma
client_03685,"LA PAZ COUNTY, ARIZONA",7,7,62,Other / Multi-sector
client_03686,LASALLE GENERAL HOSPITAL,216,216,965,Other / Multi-sector / Healthcare & Pharma
client_03687,"MIDWEST HOUSING EQUITY GROUP, INC.",41,41,1673,Other / Multi-sector
client_03688,NAPA COUNTY FLOOD CONTROL AND WATER CONSERVATION DISTRICT,33,33,380,Other / Multi-sector / Government & Nonprofit
client_03689,NATIONAL COALITION OF STD DIRECTORS,67,67,62,Other / Multi-sector
client_03690,NCR VOYIX CORPORATION,222,222,542,Other / Multi-sector
client_03691,NORTHWESTERN MEMORIAL HOSPITAL,35,35,1467,Other / Multi-sector / Healthcare & Pharma
client_03692,"PERKINS COIE ON BEHALF OF MOUNTAIN VALLEY PIPELINE, LLC",78,78,62,Other / Multi-sector / Energy & Environment
client_03694,"PINDROP SECURITY, INC.",121,121,62,Other / Multi-sector
client_03696,"QUANTUM RESEARCH INTERNATIONAL, INC.",8,8,519,Other / Multi-sector
client_03697,RESIDENTIAL EATING DISORDERS CONSORTIUM,35,35,1029,Other / Multi-sector / Healthcare & Pharma
client_03698,SAN MANUEL BAND OF MISSION INDIANS,36,36,62,Other / Multi-sector
client_03699,SHATTERPROOF,49,49,62,Other / Multi-sector / Healthcare & Pharma
client_03700,SOUTHWEST KEY PROGRAMS,74,74,62,Other / Multi-sector
client_03701,STILLAGUAMISH TRIBE OF INDIANS,147,147,79,Other / Multi-sector
client_03702,TENNESSEE RURAL HEALTH IMPROVEMENT ASSOCIATION (FKN TENNESSEE FARM BR. ASSN.),216,216,62,Other / Multi-sector / Healthcare & Pharma
client_03703,THE GLOBAL ATLANTIC FINANCIAL GROUP LLC,4,4,62,Other / Multi-sector
client_03704,THOMAS JEFFERSON UNIVERSITY,216,216,62,Other / Multi-sector / Healthcare & Pharma
client_03705,UNIVERSITY OF MASSACHUSETTS LOWELL,5,5,676,Other / Multi-sector
client_03706,UNIVERSITY OF NOTRE DAME,115,115,62,Other / Multi-sector
client_03707,"VMWARE, INC. OBO BROADCOM INC.",41,41,62,Other / Multi-sector
client_03708,XTX MARKETS LLC (AMERICAS),195,195,62,Other / Multi-sector / Finance & Banking
client_03709,"DH DIAGNOSTICS, LLC",62,62,1094,Healthcare & Pharma / Other / Multi-sector
client_03710,MICHIGAN TECHNOLOGICAL UNIVERSITY,302,302,79,Energy & Environment / Education & Research
client_03711,BOSSIER PARISH POLICE JURY,134,134,62,Other / Multi-sector
client_03712,SPIE,67,67,62,Other / Multi-sector
client_03713,STATE OF UTAH SCHOOL & INSTITUTIONAL TRUST-LANDS ADMINISTRATION (SITLA),17,17,547,Other / Multi-sector
client_03714,CROSS RIVER BANK,111,111,62,Other / Multi-sector / Finance & Banking
client_03715,THE INSTITUTE OF ELECTRICAL AND ELECTRONICS ENGINEERS,37,37,1343,Other / Multi-sector / Education & Research
client_03716,"AMERICAN KENNEL CLUB, INC",72,72,62,Other / Multi-sector
client_03717,AMERICAN PHYSICAL THERAPY ASSOCIATION,216,216,438,Other / Multi-sector / Healthcare & Pharma
client_03718,AMERICAN SOCIETY FOR RADIATION ONCOLOGY,3,3,438,Other / Multi-sector
client_03719,ARCBEST CORPORATION,41,41,62,Other / Multi-sector
client_03720,ASSOCIATION OF UNIVERSITY PROGRAMS IN OCCUPATIONAL HEALTH AND SAFETY,49,49,62,Other / Multi-sector / Healthcare & Pharma
client_03721,BILLINGS CLINIC,168,168,62,Other / Multi-sector / Healthcare & Pharma
client_03722,BLH CAPITAL & MANAGEMENT SERVICES LLC,27,27,62,Other / Multi-sector
client_03723,BLUE CROSS AND BLUE SHIELD ASSOCIATION,3,3,438,Other / Multi-sector
client_03724,"BMW OF NORTH AMERICA, LLC",109,109,62,Other / Multi-sector
client_03725,BOEHRINGER INGELHEIM USA CORPORATION,20,20,112,Other / Multi-sector / Education & Research
client_03726,BRENTWOOD SCHOOL,64,64,62,Other / Multi-sector
client_03727,BRIGHTMARK,78,78,62,Other / Multi-sector / Energy & Environment
client_03728,CISCO SYSTEMS,222,222,62,Other / Multi-sector
client_03729,"CITY OF MIAMI BEACH, FLORIDA",133,133,91,Other / Multi-sector / Transportation & Auto
client_03730,COUNCIL ON RADIONUCLIDES AND RADIOPHARMACEUTICALS,181,181,62,Other / Multi-sector / Energy & Environment
client_03731,DEVOTED HEALTH,216,216,62,Other / Multi-sector / Healthcare & Pharma
client_03732,"DOYON UTILITIES, LLC",5,5,988,Other / Multi-sector
client_03733,ENTOMOLOGICAL SOCIETY OF AMERICA,302,302,62,Energy & Environment / Education & Research
client_03734,ESSILORLUXOTTICA USA INC.,49,49,1613,Other / Multi-sector / Healthcare & Pharma
client_03735,FEDERAL BAR ASSOCIATION,8,8,62,Other / Multi-sector
client_03736,FINANCIAL TECHNOLOGY ASSOCIATION (FTA),4,4,62,Other / Multi-sector
client_03737,HARRIS COUNTY PRECINCT 2,27,27,62,Other / Multi-sector
client_03738,"HERTZ GLOBAL HOLDINGS, INC.",300,300,62,Transportation & Auto / Other / Multi-sector
client_03739,INTOXALOCK,27,27,62,Other / Multi-sector
client_03740,KENNEWICK IRRIGATION DISTRICT,33,33,542,Other / Multi-sector / Government & Nonprofit
client_03741,LEXINGTON FAYETTE COUNTY UNIFIED GOVERNMENT,33,33,965,Other / Multi-sector / Government & Nonprofit
client_03742,MIAMI-DADE COUNTY PUBLIC SCHOOLS,21,21,91,Other / Multi-sector / Education & Research
client_03743,PARTNERSHIP FOR PART D ACCESS (INFORMAL COALITION),168,168,62,Other / Multi-sector / Healthcare & Pharma
client_03744,PITNEY BOWES,314,314,66,Other / Multi-sector / Energy & Environment
client_03745,RECKITT BENCKISER,6,6,62,Other / Multi-sector
client_03747,"RIOT PLATFORMS, INC. (F/K/A RIOT BLOCKCHAIN, INC.)",23,23,62,Other / Multi-sector / Energy & Environment
client_03748,SAFRAN USA,8,8,62,Other / Multi-sector
client_03749,SOUTHERN MARYLAND NAVY ALLIANCE,72,72,988,Other / Multi-sector
client_03750,STERIS CORPORATION,81,81,62,Other / Multi-sector / Healthcare & Pharma
client_03751,STURGEON INDUSTRY ALLIANCE OF AMERICA,151,151,62,Other / Multi-sector
client_03752,THE CSL GROUP INC.,287,287,79,Other / Multi-sector / Government & Nonprofit
client_03754,TRIDENTCARE,216,216,62,Other / Multi-sector / Healthcare & Pharma
client_03755,VALVE CORPORATION,30,30,62,Other / Multi-sector
client_03756,"ZOGENIX, INC.",216,216,62,Other / Multi-sector / Healthcare & Pharma
client_03757,UNIVERSITY OF RHODE ISLAND,325,325,2143,Other / Multi-sector / Education & Research
client_03758,ASSOCIATION OF COMMUNITY COLLEGE TRUSTEES,245,245,678,Education & Research / Other / Multi-sector
client_03759,BEAM INC. (PREVIOUSLY REPORTED AS FORTUNE BRANDS INC.),109,109,62,Other / Multi-sector
client_03760,PORT OF HOUSTON AUTHORITY,67,67,1111,Other / Multi-sector
client_03761,"PREMIER BANKCARD, LLC",363,363,62,Finance & Banking
client_03762,BRAMBLES (PREVIOUSLY REPORTED AS BRAMBLES LIMITED),30,30,62,Other / Multi-sector
client_03763,CORINTHIA HOLDINGS PTE. LTD.,74,74,62,Other / Multi-sector
client_03764,FAMILIES USA FOUNDATION INC,94,94,198,Other / Multi-sector
client_03765,JAPAN AUTO MFRS ASS'N INC,45,45,925,Other / Multi-sector
client_03766,"ORIGIN MATERIALS OPERATING, INC.",115,115,1459,Other / Multi-sector
client_03767,TEMPUS LABS INC,3,3,1476,Other / Multi-sector
client_03768,BIZ2CREDIT INC.,195,195,62,Other / Multi-sector / Finance & Banking
client_03769,AFFORD GROUP (FORMERLY CLIMATE POLICY GROUP),61,61,857,Other / Multi-sector
client_03770,"AFLAC, INC.",221,221,62,Other / Multi-sector
client_03771,AFRICELL UK LIMITED,95,95,542,Other / Multi-sector
client_03772,"AMENTUM SERVICES, INC. (FORMERLY KNOWN AS AECOM)",158,158,62,Other / Multi-sector / Energy & Environment
client_03773,AMERICAN AMBULANCE ASSOCIATION,168,168,62,Other / Multi-sector / Healthcare & Pharma
client_03774,AMERICAN ASSOCIATION FOR HOMECARE,168,168,62,Other / Multi-sector / Healthcare & Pharma
client_03775,AMERICAN ASSOCIATION OF COMMUNITY COLLEGES,21,21,62,Other / Multi-sector / Education & Research
client_03776,AMERICAN ASSOCIATION OF HIP AND KNEE SURGEONS (AAHKS),62,62,1393,Healthcare & Pharma / Other / Multi-sector
client_03777,AMERICAN FOREST RESOURCE COUNCIL,7,7,723,Other / Multi-sector
client_03778,"AMERICAN SOC. OF AGRONOMY, CROP SCI. SOC. OF AMERICA & SOIL SCI. SOC. OF AMERICA",80,80,62,Other / Multi-sector
client_03779,"AMERICAN TRANSMISSION COMPANY, LLC",158,158,62,Other / Multi-sector / Energy & Environment
client_03780,ARMATEC SURVIVABILITY CORP.,5,5,189,Other / Multi-sector
client_03781,ARMENIAN NATIONAL COMMITTEE OF AMERICA,198,198,764,Other / Multi-sector
client_03782,ASSOCIATION OF KENTUCKY FRIED CHICKEN FRANCHISEES,104,104,62,Other / Multi-sector / Healthcare & Pharma
client_03783,"BAM TRADING SERVICES, INC./BINANCE.US",4,4,62,Other / Multi-sector
client_03784,BARBARA BANKE,80,80,743,Other / Multi-sector
client_03786,"BDV SOLUTIONS, LLC",74,74,62,Other / Multi-sector
client_03787,BEACON CAPITAL PARTNERS LLC,34,34,62,Other / Multi-sector
client_03788,BINATIONAL SOFTWOOD LUMBER COUNCIL,17,17,12,Other / Multi-sector
client_03789,"(""BIO"") BIOTECHNOLOGY INDUSTRY ORGANIZATION",195,195,62,Other / Multi-sector / Finance & Banking
client_03790,BIOTECHNOLOGY INNOVATION ORGANIZATION (BIO),336,336,62,Energy & Environment / Other / Multi-sector
client_03791,"BLACKROCK FUNDS SERVICES GROUP LLC (FKA BLACKROCK, INC.)",195,195,62,Other / Multi-sector / Finance & Banking
client_03792,BLACKSKY HOLDINGS,5,5,189,Other / Multi-sector
client_03793,BP AMERICA INC.,222,222,62,Other / Multi-sector
client_03794,BRADLEY UNIVERSITY,67,67,62,Other / Multi-sector
client_03795,BREAD FINANCIAL,34,34,62,Other / Multi-sector
client_03796,BRISTOL-MYERS SQUIBB COMPANY,183,183,438,Other / Multi-sector / Healthcare & Pharma
client_03797,BROWNSVILLE PUBLIC UTILITIES BOARD,7,7,2186,Other / Multi-sector
client_03798,C SPIRE,56,56,62,Other / Multi-sector
client_03799,CALIFORNIA STATE SENATE,21,21,62,Other / Multi-sector / Education & Research
client_03800,CAPE COD HEALTHCARE,169,169,62,Other / Multi-sector / Healthcare & Pharma
client_03801,CASCADE AEROSPACE INC.,5,5,189,Other / Multi-sector
client_03802,CATHOLIC CHARITIES USA,21,21,62,Other / Multi-sector / Education & Research
client_03803,CENTRACARE HEALTH,62,62,965,Healthcare & Pharma / Other / Multi-sector
client_03804,CHILDHELP,49,49,62,Other / Multi-sector / Healthcare & Pharma
client_03805,"CHROMALLOY GAS TURBINE, LLC",72,72,62,Other / Multi-sector
client_03806,CITIZENS ENERGY GROUP,146,146,62,Other / Multi-sector / Energy & Environment
client_03807,"CITY OF AURORA, CO",65,65,62,Other / Multi-sector / Transportation & Auto
client_03808,CITY OF ENID,5,5,643,Other / Multi-sector
client_03809,"CITY OF MOBILE, ALABAMA",67,67,62,Other / Multi-sector
client_03810,"CITY OF PASADENA, CA",39,39,771,Other / Multi-sector
client_03811,CITY PUBLIC SERVICE,70,70,857,Other / Multi-sector / Energy & Environment
client_03812,COALITION FOR ENTERPRISE OPEN SOURCE SOFTWARE IN GOVERNMENT,50,50,62,Other / Multi-sector
client_03813,COALITION ORGANIZED FOR THE FUTURE OF INSURANCE REGULATION (COFIR),221,221,62,Other / Multi-sector
client_03814,"COLLIER COUNTY, FLORIDA",311,311,62,Other / Multi-sector / Transportation & Auto
client_03815,COORDINTAED CARE NETWORK,216,216,339,Other / Multi-sector / Healthcare & Pharma
client_03816,"CORE NATURAL RESOURCES, INC.",102,102,62,Other / Multi-sector / Energy & Environment
client_03817,DAIRY FARMERS OF CANADA,45,45,62,Other / Multi-sector
client_03818,DELTA AIR LINES,87,87,62,Other / Multi-sector
client_03819,DESERT RESEARCH INSTITUTE,28,28,62,Other / Multi-sector
client_03820,DISH NETWORK LLC,95,95,91,Other / Multi-sector
client_03821,DSG TECHNOLOGY,5,5,189,Other / Multi-sector
client_03822,ELECTRICITIES OF NC,70,70,857,Other / Multi-sector / Energy & Environment
client_03823,"ENERSYS ENERGY PRODUCTS, INC.",5,5,62,Other / Multi-sector
client_03824,ENTRAVISION COMMUNICATIONS CORPORATION,320,320,62,Other / Multi-sector
client_03825,"ERC MODULAR INC., A DELAWARE CORP.",39,39,91,Other / Multi-sector
client_03826,FIRSTBANK HOLDING CO.,34,34,62,Other / Multi-sector
client_03827,FISERV,195,195,62,Other / Multi-sector / Finance & Banking
client_03828,FNH USA,5,5,189,Other / Multi-sector
client_03829,GIRL SCOUTS OF THE UNITED STATES OF AMERICA - GSUSA,37,37,62,Other / Multi-sector / Education & Research
client_03830,GOJO INDUSTRIES,95,95,62,Other / Multi-sector
client_03831,GOLD STAR FOODS,80,80,62,Other / Multi-sector
client_03832,HAPAG-LLOYD (AMERICA) LLC,6,6,62,Other / Multi-sector
client_03833,HARD ROCK JAPAN K.K.,50,50,91,Other / Multi-sector
client_03834,IHEARTMEDIA,4,4,62,Other / Multi-sector
client_03835,ISO NEW ENGLAND,78,78,62,Other / Multi-sector / Energy & Environment
client_03836,KIDNEY CARE COUNCIL,62,62,62,Healthcare & Pharma / Other / Multi-sector
client_03837,KYIVSTAR,95,95,542,Other / Multi-sector
client_03838,"LEONARDO DRS, INC (FORMER DRS TECHNOLOGIES, INC.)",5,5,62,Other / Multi-sector
client_03839,LOCAL INITIATIVES SUPPORT CORPORATION,138,138,62,Other / Multi-sector
client_03840,"LUMEN TECHNOLOGIES (FORMERLY KNOWN AS CENTURYLINK, INC.)",261,261,62,Other / Multi-sector
client_03841,MADISON COUNTY BOARD OF SUPERVISORS,96,96,111,Other / Multi-sector / Energy & Environment
client_03842,MAERSK INC,301,301,79,Technology & Telecom / Legal & Lobbying
client_03843,MANAGEMENT ASSOCIATION FOR PRIVATE PHOTOGRAMMETRIC SURVEYORS,33,33,62,Other / Multi-sector / Government & Nonprofit
client_03844,MULLEN,5,5,62,Other / Multi-sector
client_03845,NATIONAL ASSOCIATION OF FARM SERVICE AGENCY COUNTY OFFICE EMPLOYEES (NASCOE),228,228,62,Other / Multi-sector / Agriculture & Food
client_03846,NATIONAL BEER WHOLESALERS ASSOCIATION,34,34,79,Other / Multi-sector
client_03847,NATIONAL CENTER FOR MANUFACTURING SCIENCES,56,56,62,Other / Multi-sector
client_03848,NATIONAL TAXPAYERS UNION,188,188,66,Other / Multi-sector / Education & Research
client_03849,NEW HANOVER COUNTY,215,215,62,Other / Multi-sector
client_03850,NORTHERN INDIANA COMMUTER TRANSPORTATION DISTRICT,311,311,752,Other / Multi-sector / Transportation & Auto
client_03851,"OAK RIDGE ASSOCIATED UNIVERSITIES, INC.",227,227,1892,Other / Multi-sector / Energy & Environment
client_03852,OMEGA AIR,5,5,189,Other / Multi-sector
client_03853,OPERATIONAL TECHNOLOGY CYBERSECURITY COALITION,261,261,62,Other / Multi-sector
client_03854,"ORANGE COUNTY, FLORIDA",41,41,62,Other / Multi-sector
client_03855,"OSCEOLA COUNTY, FL",67,67,62,Other / Multi-sector
client_03856,PARRY LABS,8,8,62,Other / Multi-sector
client_03857,"PATHWARD, N.A.",195,195,62,Other / Multi-sector / Finance & Banking
client_03858,PESTICIDE REGISTRATION IMPROVEMENT ACT COALITION,178,178,62,Other / Multi-sector
client_03859,"PGP INVESTORS, LLC",50,50,62,Other / Multi-sector
client_03860,PHILADELPHIA COLLEGE OF OSTEOPATHIC MEDICINE,49,49,62,Other / Multi-sector / Healthcare & Pharma
client_03861,"POINT DIGITAL FINANCE, INC.",111,111,62,Other / Multi-sector / Finance & Banking
client_03862,POINTCLICKCARE TECHNOLOGIES USA CORP.,216,216,1996,Other / Multi-sector / Healthcare & Pharma
client_03863,"POPULUS FINANCIAL GROUP, INC. (FORMERLY ACE CASH EXPRESS, INC.)",155,155,62,Other / Multi-sector
client_03864,POSCO AMERICA CORP,45,45,62,Other / Multi-sector
client_03865,"POTOMAC CENTER NORTH, INC.",64,64,62,Other / Multi-sector
client_03866,PRESERVATION STATIONS PRESERVE,307,307,242,Education & Research / Other / Multi-sector
client_03867,PROFESSIONAL GOLFERS' ASSOCIATION OF AMERICA,104,104,62,Other / Multi-sector / Healthcare & Pharma
client_03868,R3 EDUCATION FKA/EQUINOX CAPITAL INC,37,37,62,Other / Multi-sector / Education & Research
client_03869,REAL ESTATE ROUNDTABLE,236,236,79,Other / Multi-sector / Energy & Environment
client_03870,"RIDDELL SPORTS, INC.",95,95,1119,Other / Multi-sector
client_03871,SASOL CHEMICALS (USA) LLC,23,23,62,Other / Multi-sector / Energy & Environment
client_03872,SESAC RIGHTS MANAGEMENT INC,30,30,62,Other / Multi-sector
client_03873,SOLANO TRANSPORTATION AUTHORITY,36,36,62,Other / Multi-sector
client_03874,SOUTH EAST DAIRY FARMERS ASSOCIATION,6,6,264,Other / Multi-sector
client_03875,SUSTAINABLE PFAS ACTION NETWORK,61,61,1463,Other / Multi-sector
client_03876,TAPS,70,70,857,Other / Multi-sector / Energy & Environment
client_03877,TECO ENERGY,48,48,62,Other / Multi-sector
client_03878,TELEVISION OPERATORS CAUCUS (TOC),21,21,62,Other / Multi-sector / Education & Research
client_03879,THE COLLEGE BOARD,21,21,62,Other / Multi-sector / Education & Research
client_03880,THE TASK FORCE ON AMERICAN INNOVATION,121,121,62,Other / Multi-sector
client_03881,"THYSSENKRUPP NORTH AMERICA, INC",222,222,62,Other / Multi-sector
client_03882,TRACFONE WIRELESS,56,56,62,Other / Multi-sector
client_03883,TRI-CITY DEVELOPMENT COUNCIL,358,358,62,Other / Multi-sector
client_03884,TRINITY INDUSTRIES,269,269,62,Other / Multi-sector
client_03885,TUBEROUS SCLEROSIS ALLIANCE,85,85,535,Other / Multi-sector / Healthcare & Pharma
client_03886,UNITED SERVICES AUTOMOBILE ASSOCIATION (USAA),49,49,62,Other / Multi-sector / Healthcare & Pharma
client_03887,"UNIVERSAL HEALTH SERVICES, INC.: UHS",49,49,965,Other / Multi-sector / Healthcare & Pharma
client_03888,UNIVERSITY OF MIAMI,49,49,62,Other / Multi-sector / Healthcare & Pharma
client_03889,"WEATHER GROUP TELEVISION, LLC D/B/A THE WEATHER CHANNEL",121,121,91,Other / Multi-sector
client_03890,WESTERN MUNICIPAL WATER DISTRICT,215,215,112,Other / Multi-sector
client_03891,"WHEMCO, INC. (FORMERLY LEHIGH HEAVY FORGE CORP.)",8,8,586,Other / Multi-sector
client_03892,WIREGRASS ECONOMIC DEVELOPMENT CORPORATION,196,196,62,Other / Multi-sector
client_03893,"X CORP. (FORMERLY TWITTER, INC.)",25,25,62,Other / Multi-sector
client_03894,ZURICH AMERICAN INSURANCE COMPANY,221,221,62,Other / Multi-sector
client_03895,"X, INC. F/K/A TWITTER, INC.",50,50,62,Other / Multi-sector
client_03896,VALLEY WATER,298,298,62,Other / Multi-sector
client_03897,DJI TECHNOLOGY,134,134,62,Other / Multi-sector
client_03898,LOS ANGELES WORLD AIRPORTS,41,41,62,Other / Multi-sector
client_03899,SECURITYSCORECARD,74,74,62,Other / Multi-sector
client_03900,AFRICA FINANCE CORPORATION,229,229,542,Other / Multi-sector
client_03901,CHESAPEAKE BAY FOUNDATION INC,178,178,2254,Other / Multi-sector
client_03902,"NATIONAL TANK TRUCK CARRIER, INC.",36,36,76,Other / Multi-sector
client_03903,"CONSTELLATION ENERGY GENERATION, LLC (FKA CONSTELLATION ENERGY CONSERVATION)",23,23,62,Other / Multi-sector / Energy & Environment
client_03904,UNITED WAY OF AMERICA,183,183,438,Other / Multi-sector / Healthcare & Pharma
client_03905,ALLIANTGROUP L.P.,34,34,62,Other / Multi-sector
client_03906,AMERICAN FINANCIAL SERVICES ASSOCIATION (AFSA),363,363,62,Finance & Banking
client_03909,AMITY FOUNDATION,59,59,62,Other / Multi-sector / Real Estate & Construction
client_03910,BDT CAPITAL PARTNERS LLC,37,37,2279,Other / Multi-sector / Education & Research
client_03912,BROKEN HILL PROPRIETARY (USA) INC.,17,17,62,Other / Multi-sector
client_03913,"CITIGROUP WASHINGTON, INC",109,109,62,Other / Multi-sector
client_03914,"CLEAN HARBORS, INC.",181,181,62,Other / Multi-sector / Energy & Environment
client_03915,DEVON ENERGY CORPORATION,78,78,62,Other / Multi-sector / Energy & Environment
client_03916,DIGITAL HEALTH FOR EQUITABLE HEALTH ALLIANCE,216,216,62,Other / Multi-sector / Healthcare & Pharma
client_03917,FLORIDA INLAND NAVIGATION DISTRICT,67,67,1463,Other / Multi-sector
client_03918,FOOD FIX CAMPAIGN ACTION INC (F/K/A FOOD FIX CAMPAIGN),62,62,1681,Healthcare & Pharma / Other / Multi-sector
client_03919,"GRANITE TELECOMMUNICATIONS, LLC",95,95,62,Other / Multi-sector
client_03920,HALSTEAD NEW ENGLAND CORPORATION,74,74,62,Other / Multi-sector
client_03921,HARVARD UNIVERSITY,169,169,62,Other / Multi-sector / Healthcare & Pharma
client_03922,HOPI TRIBE,158,158,190,Other / Multi-sector / Energy & Environment
client_03923,HORIZON THERAPEUTICS,169,169,62,Other / Multi-sector / Healthcare & Pharma
client_03925,MICROCHIP TECHNOLOGY INC. (FKA MICROSEMI),5,5,62,Other / Multi-sector
client_03926,"MORTGAGE RESEARCH CENTER, LLC",195,195,111,Other / Multi-sector / Finance & Banking
client_03927,MUFG AMERICAS HOLDINGS CORPORATION,238,238,62,Other / Multi-sector / Energy & Environment
client_03928,NATIONAL ASSOCIATION OF ENROLLED AGENTS,41,41,62,Other / Multi-sector
client_03929,NATIONAL ASSOCIATION OF LETTER CARRIERS,314,314,62,Other / Multi-sector / Energy & Environment
client_03930,NATIONAL SAFETY COUNCIL,176,176,1534,Other / Multi-sector
client_03931,NORTHERN TRUST,41,41,62,Other / Multi-sector
client_03932,OPPORTUNITY FINANCIAL,195,195,62,Other / Multi-sector / Finance & Banking
client_03933,PARTICIPATE (FORMERLY VIF INTERNATIONAL EDUCATION),37,37,62,Other / Multi-sector / Education & Research
client_03934,QUEST DIAGNOSTICS INCORPORATED,100,100,62,Other / Multi-sector / Healthcare & Pharma
client_03935,SECURITY TRADERS ASSOCIATION,4,4,62,Other / Multi-sector
client_03936,SOUTH COM,27,27,1114,Other / Multi-sector
client_03938,TENNESSEE TECHNOLOGICAL UNIVERSITY,21,21,62,Other / Multi-sector / Education & Research
client_03939,TRIPADVISOR LLC,30,30,62,Other / Multi-sector
client_03940,UNIVERSITY OF KANSAS HOSPITAL AUTHORITY,100,100,1119,Other / Multi-sector / Healthcare & Pharma
client_03941,WINCHESTER AMMUNITION,67,67,62,Other / Multi-sector
client_03942,COALITION OF LONG TERM ACUTE CARE HOSPITALS,62,62,669,Healthcare & Pharma / Other / Multi-sector
client_03943,LIBERTY HEALTHSHARE,104,104,62,Other / Multi-sector / Healthcare & Pharma
client_03944,AMERICAN WILD HORSE CAMPAIGN,17,17,357,Other / Multi-sector
client_03945,GLASS PACKAGING INSTITUTE (GPI),279,279,62,Other / Multi-sector
client_03946,NATIONAL MENTORING PARTNERSHIP INC,30,30,1325,Other / Multi-sector
client_03947,S&P GLOBAL INC.,195,195,62,Other / Multi-sector / Finance & Banking
client_03948,AMERICAN SOCIETY OF TRAVEL ADVISORS INC,122,122,1133,Other / Multi-sector
client_03949,COMMUNITIES IN SCHOOLS,21,21,62,Other / Multi-sector / Education & Research
client_03950,LOCKHEED MARTIN AERONAUTIC SECTOR,261,261,983,Other / Multi-sector
client_03951,ABIR,4,4,62,Other / Multi-sector
client_03952,AMERICAN ASSOCIATION FOR HOMEOPATHIC PRODUCTS,216,216,62,Other / Multi-sector / Healthcare & Pharma
client_03953,AMERICAN SOCIETY OF NEPHROLOGY,216,216,62,Other / Multi-sector / Healthcare & Pharma
client_03954,ATA ACTION,62,62,62,Healthcare & Pharma / Other / Multi-sector
client_03955,"ATMOSPHERE I, LLC, FORMERLY IGNEIO, LLC",80,80,111,Other / Multi-sector
client_03956,AUTOS DRIVE AMERICA,109,109,62,Other / Multi-sector
client_03957,"AVANGRID, INC.",23,23,62,Other / Multi-sector / Energy & Environment
client_03958,AVX AIRCRAFT COMPANY,5,5,62,Other / Multi-sector
client_03959,"BA SECURITIES, LLC",195,195,62,Other / Multi-sector / Finance & Banking
client_03960,BEALE MILITARY LIAISON COUNCIL,322,322,988,Other / Multi-sector
client_03961,CHEMONICS INTERNATIONAL,198,198,62,Other / Multi-sector
client_03962,COLUMBIA BASIN PROJECT (FKA) WASHINGTON STATE WATER RESOURCES ASSOCIATION,33,33,112,Other / Multi-sector / Government & Nonprofit
client_03963,COMMERCIAL BANKRUPTCY ALLIANCE,111,111,62,Other / Multi-sector / Finance & Banking
client_03964,COMMERCIAL SPACEFLIGHT FEDERATION,67,67,62,Other / Multi-sector
client_03965,COMROD INC.,8,8,62,Other / Multi-sector
client_03966,CURTISS-WRIGHT CORPORATION,5,5,62,Other / Multi-sector
client_03967,EMD MILLIPORE CORPORATION,106,106,157,Other / Multi-sector
client_03968,HEALTHEQUITY FKA AS WAGE WORKS,104,104,172,Other / Multi-sector / Healthcare & Pharma
client_03969,"HENNINGSON, DURHAM & RICHARDSON ARCHITECTURE AND ENGINEERING, P.C.",64,64,674,Other / Multi-sector
client_03970,"IMPACT JOURNALS, LLC",60,60,62,Other / Multi-sector / Healthcare & Pharma
client_03972,"JOSHCO GROUP, LLC D/B/A VETERAN BENEFITS GUIDE",295,295,62,Other / Multi-sector / Technology & Telecom
client_03973,KOPIN CORPORATION,186,186,62,Other / Multi-sector
client_03974,"LANDRY'S, INC.",27,27,62,Other / Multi-sector
client_03975,LILT,8,8,62,Other / Multi-sector
client_03976,OPIANT PHARMACEUTICALS,216,216,62,Other / Multi-sector / Healthcare & Pharma
client_03977,PACIFIC DENTAL SERVICES LLC,62,62,62,Healthcare & Pharma / Other / Multi-sector
client_03978,PAYCHEX,41,41,62,Other / Multi-sector
client_03979,"PENNYMAC LOAN SERVICES, LLC",59,59,224,Other / Multi-sector / Real Estate & Construction
client_03980,"PHOTOCURE, INC.",62,62,62,Healthcare & Pharma / Other / Multi-sector
client_03981,PORT FREEPORT,27,27,62,Other / Multi-sector
client_03982,"POSIGEN SOLAR, LLC",23,23,62,Other / Multi-sector / Energy & Environment
client_03983,"Q LINK WIRELESS, LLC",95,95,62,Other / Multi-sector
client_03984,RESOLVE TO SAVE LIVES,49,49,62,Other / Multi-sector / Healthcare & Pharma
client_03985,SACRAMENTO REGIONAL TRANSIT DISTRICT,233,233,752,Other / Multi-sector / Transportation & Auto
client_03986,SCOTT'S MIRACLE-GRO,104,104,62,Other / Multi-sector / Healthcare & Pharma
client_03987,STEEL FOUNDERS' SOCIETY OF AMERICA,5,5,676,Other / Multi-sector
client_03988,"TERRAPOWER, LLC",227,227,62,Other / Multi-sector / Energy & Environment
client_03989,THE AMERICAN COALITION FOR TAXPAYER RIGHTS,34,34,62,Other / Multi-sector
client_03990,"THE BUSINESS ROUNDTABLE, INC.",78,78,62,Other / Multi-sector / Energy & Environment
client_03991,THE HEMOPHILIA ALLIANCE,100,100,535,Other / Multi-sector / Healthcare & Pharma
client_03992,THE PUERTO RICO EQUALITY FORUM,241,241,62,Other / Multi-sector
client_03993,"ULTRA ELECTRONICS DEFENSE, INC. (FORMERLY ULTRA FLIGHTLINE SYSTEMS)",5,5,189,Other / Multi-sector
client_03994,URSA MAJOR,5,5,62,Other / Multi-sector
client_03995,WESTINGHOUSE AIR BRAKE TECHNOLOGIES CORPORATION,72,72,197,Other / Multi-sector
client_03996,ZEBRA TECHNOLOGIES CORP.,216,216,62,Other / Multi-sector / Healthcare & Pharma
client_03997,"CITY OF BIRMINGHAM, ALABAMA",50,50,62,Other / Multi-sector
client_03998,MOFFITT CANCER CENTER,216,216,62,Other / Multi-sector / Healthcare & Pharma
client_03999,VEGAS CHAMBER,21,21,62,Other / Multi-sector / Education & Research
client_04000,PORT OF TEXAS CITY,133,133,1250,Other / Multi-sector / Transportation & Auto
client_04001,SUSAN G. KOMEN,35,35,535,Other / Multi-sector / Healthcare & Pharma
client_04002,"ACTIVEHOURS INC., D/B/A EARNIN",195,195,62,Other / Multi-sector / Finance & Banking
client_04003,ADVANCED THERMOPLASTIC COMPOSITES,5,5,62,Other / Multi-sector
client_04004,AMERICAN FARMLAND TRUST,80,80,62,Other / Multi-sector
client_04005,AMERICAN FOUNDATION FOR SUICIDE PREVENTION,49,49,62,Other / Multi-sector / Healthcare & Pharma
client_04006,"ASCENSUS, INC.",67,67,62,Other / Multi-sector
client_04007,ASSOCIATION DES INDUSTRIES D'HAITI,25,25,62,Other / Multi-sector
client_04008,BAYSTATE HEALTH,62,62,62,Healthcare & Pharma / Other / Multi-sector
client_04009,BIOFIRE DEFENSE LLC,5,5,1160,Other / Multi-sector
client_04010,BLUE BIRD BODY COMPANY,48,48,753,Other / Multi-sector
client_04011,CALIFORNIA RESOURCES CORPORATION,78,78,62,Other / Multi-sector / Energy & Environment
client_04012,CITY OF FREMONT CA,133,133,62,Other / Multi-sector / Transportation & Auto
client_04013,CLEMSON UNIVERSITY,2,2,62,Other / Multi-sector
client_04014,CONTROLLED THERMAL RESOURCES,115,115,62,Other / Multi-sector
client_04015,CTC GLOBAL,78,78,62,Other / Multi-sector / Energy & Environment
client_04016,ENTERPRISE CLOUD COALITION,25,25,62,Other / Multi-sector
client_04017,FIRSTDAY FOUNDATION,25,25,62,Other / Multi-sector
client_04018,GLOBAL TUNGSTEN & POWDERS,5,5,62,Other / Multi-sector
client_04019,LANZATECH INC.,96,96,62,Other / Multi-sector / Energy & Environment
client_04020,"LEGGETT & PLATT, INC.",269,269,62,Other / Multi-sector
client_04021,LENOVO GROUP (PREV REPORTED AS FGS GLOBAL (ASIA) LIMITED (O/B/O LENOVO GROUP),95,95,62,Other / Multi-sector
client_04022,"MEDLINE INDUSTRIES, LP",200,200,62,Other / Multi-sector
client_04023,MULTICARE HEALTH SYSTEM,216,216,62,Other / Multi-sector / Healthcare & Pharma
client_04024,"OU MEDICINE, INC.",183,183,62,Other / Multi-sector / Healthcare & Pharma
client_04025,PUBLIC SERVICE COMPANY OF NEW MEXICO,96,96,62,Other / Multi-sector / Energy & Environment
client_04026,RENAISSANCE RE NORTH AMERICA,61,61,62,Other / Multi-sector
client_04027,"RENT-A-CENTER, INC.",111,111,979,Other / Multi-sector / Finance & Banking
client_04028,"RESOLVE MARINE GROUP, INC.",8,8,62,Other / Multi-sector
client_04029,"SARONIC, INC.",5,5,62,Other / Multi-sector
client_04030,SIDECAR HEALTH,216,216,62,Other / Multi-sector / Healthcare & Pharma
client_04031,"STRATEGIC MARKETING INNOVATIONS (OBO U. OF MASSACHUSETTS, PRESIDENT'S OFFICE)",21,21,62,Other / Multi-sector / Education & Research
client_04032,SUGAR CANE GROWERS COOPERATIVE OF FLORIDA,80,80,62,Other / Multi-sector
client_04033,SUSHMA RAMAN,127,127,62,Other / Multi-sector / Legal & Lobbying
client_04034,THE INTERNET INFRASTRUCTURE COALITION (I2COALITION),45,45,62,Other / Multi-sector
client_04035,TRUCKEE MEADOWS WATER AUTHORITY,28,28,62,Other / Multi-sector
client_04036,WINTERSHALL DEA GMBH (FORMERLY WINTERSHALL HOLDING GMBH),198,198,62,Other / Multi-sector
client_04037,UTE MOUNTAIN UTE TRIBE,115,115,62,Other / Multi-sector
client_04038,SUMMA HEALTH,100,100,62,Other / Multi-sector / Healthcare & Pharma
client_04039,NYU LANGONE HOSPITALS (FORMERLY NYU HOSPITALS CENTER),183,183,1916,Other / Multi-sector / Healthcare & Pharma
client_04040,CENTRUS ENERGY,158,158,62,Other / Multi-sector / Energy & Environment
client_04041,INTERNATIONAL SOCIETY FOR STEM CELL RESEARCH,49,49,919,Other / Multi-sector / Healthcare & Pharma
client_04042,"ACELRX PHARMACEUTICALS, INC.",35,35,62,Other / Multi-sector / Healthcare & Pharma
client_04043,"NST GLOBAL, LLC",67,67,1029,Other / Multi-sector
client_04044,AMERICAN MEDICAL ASSOCIATION,3,3,438,Other / Multi-sector
client_04045,DISTRIBUTION CONTRACTORS ASSOCIATION,162,162,2004,Other / Multi-sector / Energy & Environment
client_04046,REFRACTION ASSET MANAGEMENT LTD.,155,155,62,Other / Multi-sector
client_04047,UNIVERSITY OF WASHINGTON,21,21,111,Other / Multi-sector / Education & Research
client_04048,AEVEX AEROSPACE,5,5,62,Other / Multi-sector
client_04049,AIRBUS AMERICAS (FORMERLY AIRBUS GROUP),261,261,62,Other / Multi-sector
client_04050,AMERICAN ACADEMY OF SLEEP MEDICINE,100,100,1119,Other / Multi-sector / Healthcare & Pharma
client_04051,AMERICAN ASSOCIATION OF SETTLEMENT CONSULTANTS,34,34,62,Other / Multi-sector
client_04052,AMERICAN CONCRETE PUMPING ASSOCIATION,285,285,186,Other / Multi-sector / Transportation & Auto
client_04053,AMGEN,169,169,62,Other / Multi-sector / Healthcare & Pharma
client_04054,ARXADA LLC (PREVIOUSLY REPORTED AS LONZA LLC),81,81,62,Other / Multi-sector / Healthcare & Pharma
client_04055,"BAUDAX BIO, INC. (FORMERLY KNOWN AS RECRO PHARMA, INC.)",216,216,62,Other / Multi-sector / Healthcare & Pharma
client_04056,BAYER CROPSCIENCE LP,61,61,62,Other / Multi-sector
client_04057,BUMBLE TRADING LLC,127,127,62,Other / Multi-sector / Legal & Lobbying
client_04058,CUMMINS INC,269,269,79,Other / Multi-sector
client_04059,EATON,48,48,62,Other / Multi-sector
client_04061,GE HEALTHCARE PHARMACEUTICAL DIAGNOSTICS,216,216,62,Other / Multi-sector / Healthcare & Pharma
client_04062,GEORGETOWN UNIVERSITY,67,67,62,Other / Multi-sector
client_04063,"GESOINVEST 2002, S.L.U.",198,198,62,Other / Multi-sector
client_04064,GLOBAL MEDICAL RESPONSE (FORMERLY AMERICAN MEDICAL RESPONSE),239,239,62,Other / Multi-sector / Healthcare & Pharma
client_04065,"GRAMERCY FUNDS MANAGEMENT, LLC",195,195,62,Other / Multi-sector / Finance & Banking
client_04066,"HILLWOOD DEVELOPMENT COMPANY, LLC",74,74,62,Other / Multi-sector
client_04067,HOWMET,288,288,62,Other / Multi-sector / Energy & Environment
client_04068,"HYPERION TECHNOLOGY GROUP, INC.",8,8,62,Other / Multi-sector
client_04069,INFORMATION TECHNOLOGY INDUSTRY COUNCIL,175,175,79,Other / Multi-sector
client_04070,INTEGRITY MARKETING GROUP,168,168,62,Other / Multi-sector / Healthcare & Pharma
client_04071,IPC,14,14,62,Other / Multi-sector
client_04072,LIBERTY GLOBAL LOGISTICS,151,151,62,Other / Multi-sector
client_04073,MADISON TITLE AGENCY,59,59,62,Other / Multi-sector / Real Estate & Construction
client_04074,"MONSTER WORLDWIDE, INC.",67,67,62,Other / Multi-sector
client_04075,MUTUAL OF OMAHA INSURANCE COMPANY,104,104,62,Other / Multi-sector / Healthcare & Pharma
client_04076,"NIXON PEABODY LLP (ON BEHALF OF PAX TECHNOLOGY INC. - ""PAX US"")",121,121,91,Other / Multi-sector
client_04077,NORTH AMERICAN OLIVE OIL ASSOCIATION (FKA ALLIANCE FOR OLIVE OIL QLTY STNDRDS),6,6,62,Other / Multi-sector
client_04078,QUAD GRAPHICS,25,25,546,Other / Multi-sector
client_04079,REVELYST (F/K/A VISTA OUTDOOR INC.),45,45,62,Other / Multi-sector
client_04080,SOFTBANK,21,21,62,Other / Multi-sector / Education & Research
client_04081,SOUTHWEST AIRLINES CO.,149,149,319,Technology & Telecom / Other / Multi-sector
client_04082,TAX GUARD,34,34,62,Other / Multi-sector
client_04083,THE NATIONAL FOOTBALL LEAGUE PLAYERS ASSOCIATION,21,21,62,Other / Multi-sector / Education & Research
client_04084,THE ROMAN CATHOLIC ARCHBISHOP OF LOS ANGELES,145,145,769,Other / Multi-sector / Education & Research
client_04085,UNIVERSAL TECHNICAL INSTITUTE,37,37,62,Other / Multi-sector / Education & Research
client_04086,UNIVERSITY OF TEXAS HEALTH SCIENCE CENTER,216,216,62,Other / Multi-sector / Healthcare & Pharma
client_04087,VECTRUS,5,5,62,Other / Multi-sector
client_04088,RIVERSIDE COUNTY TRANSPORTATION COMMISSION,18,18,62,Other / Multi-sector
client_04089,NATIONAL COUNCIL OF SOCIAL SECURITY MANAGEMENT ASSOCIATIONS,8,8,79,Other / Multi-sector
client_04090,UNIBAIL RODAMCO WESTFIELD (FORMERLY WESTFIELD CORPORATION),34,34,62,Other / Multi-sector
client_04091,ASSURED INFORMATION SECURITY,5,5,62,Other / Multi-sector
client_04092,SPACE EXPLORATION TECHNOLOGIES CORP,219,219,2182,Other / Multi-sector
client_04093,ELANCO ANIMAL HEALTH,241,241,62,Other / Multi-sector
client_04094,COACH USA,27,27,62,Other / Multi-sector
client_04095,FORT BEND COUNTY ECONOMIC DEVELOPMENT COUNCIL,50,50,451,Other / Multi-sector
client_04096,INTERNATIONAL ASSOCIATION OF EMERGENCY MANAGERS,202,202,648,Other / Multi-sector / Energy & Environment
client_04097,AMERICAN SOCIETY OF AGRONOMY,80,80,2185,Other / Multi-sector
client_04098,SOUTHWESTERN POWER GROUP (FKA SUNZIA TRANSMISSION) LLCOSOL TRANSMISSION PROJECT,23,23,568,Other / Multi-sector / Energy & Environment
client_04099,ACCU REFERENCE MEDICAL LAB,216,216,62,Other / Multi-sector / Healthcare & Pharma
client_04101,"BGI SHENZHEN CO., LTD.",5,5,62,Other / Multi-sector
client_04102,"BLUESKY INNOVATIONS HOLDINGS, INC.",5,5,189,Other / Multi-sector
client_04103,BRIGHTLINE HOLDINGS LLC (FORMERLY VIRGIN TRAINS USA),36,36,62,Other / Multi-sector
client_04104,CENTRUS (FKA USEC INC.),78,78,62,Other / Multi-sector / Energy & Environment
client_04105,COUNCIL OF STATE AND TERRITORIAL EPIDEMIOLOGISTS,49,49,535,Other / Multi-sector / Healthcare & Pharma
client_04106,DAPPER LABS INC.,186,186,62,Other / Multi-sector
client_04107,EDGE AUTONOMY,8,8,62,Other / Multi-sector
client_04108,EDWARD JONES INVESTMENTS,4,4,62,Other / Multi-sector
client_04109,ELECTRIC POWER BOARD OF CHATTANOOGA,227,227,62,Other / Multi-sector / Energy & Environment
client_04110,ENDEAVOR ENERGY HOLDINGS LLC,23,23,0,Other / Multi-sector / Energy & Environment
client_04111,ERGON INC,170,170,62,Other / Multi-sector / Legal & Lobbying
client_04112,GLOBAL GRAB TECHNOLOGIES,133,133,62,Other / Multi-sector / Transportation & Auto
client_04113,GROWTH ENERGY,238,238,62,Other / Multi-sector / Energy & Environment
client_04114,HALKBANK INC (TURKIYE HALK BANKASI ANONIM SIRKETI ),195,195,91,Other / Multi-sector / Finance & Banking
client_04115,HORIZON BLUE CROSS BLUE SHIELD OF NEW JERSEY,169,169,0,Other / Multi-sector / Healthcare & Pharma
client_04116,HUMANETICS INNOVATIVE SOLUTIONS,27,27,752,Other / Multi-sector
client_04118,INDIGO AG,253,253,62,Other / Multi-sector
client_04119,J.R. SIMPLOT COMPANY,80,80,62,Other / Multi-sector
client_04120,KNIGHT-SWIFT TRANSPORTATION (FORMERLY SWIFT TRANSPORTATION),27,27,62,Other / Multi-sector
client_04121,LENOVO (UNITED STATES) INC.,56,56,62,Other / Multi-sector
client_04122,NATIONAL ASSOCIATION OF VISION CARE PLANS,216,216,62,Other / Multi-sector / Healthcare & Pharma
client_04123,NATIONAL COURT APPOINTED SPECIAL ADVOCATE ASSOCIATION (CASA),67,67,1132,Other / Multi-sector
client_04124,OHIO POLICE AND FIRE PENSION FUND,284,284,62,Other / Multi-sector
client_04125,"OREXO US, INC.",60,60,82,Other / Multi-sector / Healthcare & Pharma
client_04126,PROFESSIONAL COMPOUNDING CENTERS OF AMERICA,239,239,62,Other / Multi-sector / Healthcare & Pharma
client_04127,RESNET,23,23,62,Other / Multi-sector / Energy & Environment
client_04128,SIEMENS HEALTHINEERS,100,100,62,Other / Multi-sector / Healthcare & Pharma
client_04129,SPOKANE AIRPORT BOARD,149,149,62,Technology & Telecom / Other / Multi-sector
client_04130,SUNRISE FOODS INTERNATIONAL INC.,6,6,62,Other / Multi-sector
client_04131,SUTTER MUTUAL WATER COMPANY AND RECLAMATION DISTRICT 1500,7,7,582,Other / Multi-sector
client_04132,SYCUAN BAND OF THE KUMEYAAY NATION,58,58,319,Other / Multi-sector
client_04133,THE CARLYLE GROUP,34,34,62,Other / Multi-sector
client_04134,THE VISION COUNCIL,62,62,62,Healthcare & Pharma / Other / Multi-sector
client_04135,"TWSHO, INC.",67,67,1225,Other / Multi-sector
client_04136,"SACRAMENTO COUNTY, CA",7,7,582,Other / Multi-sector
client_04137,AMERICANS FOR THE ARTS,188,188,2193,Other / Multi-sector / Education & Research
client_04138,WAKE COUNTY NC,41,41,582,Other / Multi-sector
client_04139,AI HEALTHCARE COALITION,216,216,62,Other / Multi-sector / Healthcare & Pharma
client_04140,AITEO GLOBAL GROUP,45,45,62,Other / Multi-sector
client_04141,AMERICAN FEDERATION OF GOVERNMENT EMPLOYEES,204,204,62,Other / Multi-sector
client_04142,AMERICAN TRANSACTION PROCESSORS COALITION,74,74,1029,Other / Multi-sector
client_04143,APPLE INC.,25,25,112,Other / Multi-sector
client_04144,ARMAMENTS RESEARCH COMPANY,5,5,62,Other / Multi-sector
client_04145,AVANCI,163,163,62,Other / Multi-sector
client_04146,CALIFORNIA DENTAL ASSOCIATION,100,100,62,Other / Multi-sector / Healthcare & Pharma
client_04147,CARRIER CORP,109,109,62,Other / Multi-sector
client_04148,CATHOLIC HEALTH SERVICES OF LONG ISLAND,49,49,79,Other / Multi-sector / Healthcare & Pharma
client_04149,CENTER FOR SPORTFISHING POLICY (FKA CENTER FOR COASTAL CONSERVATION),17,17,12,Other / Multi-sector
client_04150,CHARTER COMMUNICATIONS INC.,5,5,62,Other / Multi-sector
client_04151,"CHRIS KISE & ASSOCIATES, P.A. ON BEHALF OF ROGER VER",111,111,91,Other / Multi-sector / Finance & Banking
client_04152,DOCUSIGN,121,121,62,Other / Multi-sector
client_04153,EAST BAY MUNICIPAL UTILITY DISTRICT,41,41,1033,Other / Multi-sector
client_04154,FERNANDO DIEZ BARROSO AZCARRAGA & MARIA LUCIA TOLO,74,74,91,Other / Multi-sector
client_04155,FUTURE STANDARD (FKA FS INVESTMENT CORPORATION),4,4,62,Other / Multi-sector
client_04156,GRADIENT TECHNOLOGY,5,5,221,Other / Multi-sector
client_04157,HARBOR DEPARTMENT OF THE CITY OF LOS ANGELES,36,36,62,Other / Multi-sector
client_04158,HELEN KELLER NATIONAL CENTER FOR DEAF-BLIND YOUTHS AND ADULTS,67,67,1394,Other / Multi-sector
client_04159,INGERSOLL RAND,147,147,1821,Other / Multi-sector
client_04160,INSTITUTE FOR JUSTICE,30,30,62,Other / Multi-sector
client_04161,INTERPUBLIC GROUP,205,205,62,Other / Multi-sector
client_04162,"LEONARD GREEN & PARTNERS, LP",24,24,62,Other / Multi-sector
client_04163,MEDSTAR HEALTH,67,67,62,Other / Multi-sector
client_04164,MEXICHEM FLUOR,322,322,676,Other / Multi-sector
client_04165,MONTE VALLE ENERGY LLC,78,78,62,Other / Multi-sector / Energy & Environment
client_04166,NATIONAL 4-H COUNCIL,80,80,62,Other / Multi-sector
client_04167,NV5 GEOSPATIAL,7,7,111,Other / Multi-sector
client_04168,ORGANIZE ACTION NETWORK,216,216,62,Other / Multi-sector / Healthcare & Pharma
client_04169,OSF HEALTHCARE SYSTEM,100,100,438,Other / Multi-sector / Healthcare & Pharma
client_04170,PATAGONIA,17,17,62,Other / Multi-sector
client_04171,PJM POWER VENTURES,50,50,62,Other / Multi-sector
client_04172,PORT OF BROWNSVILLE,309,309,62,Education & Research / Transportation & Auto
client_04173,RECESS,234,234,62,Other / Multi-sector
client_04174,RITE AID CORPORATION,239,239,62,Other / Multi-sector / Healthcare & Pharma
client_04175,ROSEVILLE-CA CITY OF,27,27,582,Other / Multi-sector
client_04176,SOUTHWEST AIRLINES,27,27,112,Other / Multi-sector
client_04177,STEWARD HEALTHCARE SYSTEMS,100,100,62,Other / Multi-sector / Healthcare & Pharma
client_04178,"THE MCENTEE GROUP, LLC",186,186,91,Other / Multi-sector
client_04179,THE TREVOR PROJECT,49,49,62,Other / Multi-sector / Healthcare & Pharma
client_04180,THE WALTER GROUP LLC ON BEHALF OF TWEED INC.,80,80,62,Other / Multi-sector
client_04181,UNITED AUBURN INDIAN COMMUNITY,58,58,556,Other / Multi-sector
client_04182,"URENCO USA, INC",48,48,1383,Other / Multi-sector
client_04183,"WEATHER GROUP TELEVISION, LLC",133,133,62,Other / Multi-sector / Transportation & Auto
client_04184,"WINE AND SPIRITS WHOLESALERS OF AMERICA, INC.",355,355,62,Other / Multi-sector / Government & Nonprofit
client_04185,GE VERNOVA POWER CONVERSION AND STORAGE FKA GENERAL ELECTRIC COMPANY,291,291,676,Other / Multi-sector / Government & Nonprofit
client_04186,WPC TECHNOLOGIES,152,152,62,Other / Multi-sector
client_04187,COLSA CORPORATION,8,8,62,Other / Multi-sector
client_04188,INNOVATION REFUNDS LLC,34,34,62,Other / Multi-sector
client_04189,HILLSBOROUGH COUNTY AVIATION AUTHORITY (TAMPA INTERNATIONAL AIRPORT),278,278,1463,Technology & Telecom / Defense & Aerospace
client_04190,AMERICAN CLEANING INSTITUTE,108,108,62,Other / Multi-sector / Government & Nonprofit
client_04191,AMERICAN HEALTH CARE ASSOCIATION,62,62,111,Healthcare & Pharma / Other / Multi-sector
client_04192,AMERICAN PORTABLE DIAGNOSTICS ASSOCIATION,62,62,62,Healthcare & Pharma / Other / Multi-sector
client_04193,AMERICAN SPORTFISHING ASSOCIATION,215,215,62,Other / Multi-sector
client_04194,"ARMY ALLIANCE, INC.",72,72,62,Other / Multi-sector
client_04195,BALDWIN COUNTY COMMISSION,27,27,62,Other / Multi-sector
client_04196,CHIME,195,195,62,Other / Multi-sector / Finance & Banking
client_04197,COALITION FOR RENEWABLE NATURAL GAS (F/K/A PLAYMAKER O/B/OF COAL RENEW NAT GAS),120,120,1360,Other / Multi-sector / Energy & Environment
client_04198,CURATORS OF THE UNIVERSITY OF MISSOURI,325,325,62,Other / Multi-sector / Education & Research
client_04199,"DIRECTV, LLC",4,4,62,Other / Multi-sector
client_04200,DXC TECHNOLOGY,81,81,62,Other / Multi-sector / Healthcare & Pharma
client_04201,FOLSOM-CA CITY OF,33,33,112,Other / Multi-sector / Government & Nonprofit
client_04202,"GENERAL ATOMICS, ELECTROMAGNETIC SYSTEMS",8,8,415,Other / Multi-sector
client_04203,GEORGE KAISER FAMILY FOUNDATION,126,126,62,Other / Multi-sector
client_04204,GEORGIA STATE UNIVERSITY RESEARCH FOUNDATION,8,8,132,Other / Multi-sector
client_04205,GMTO CORPORATION,2,2,112,Other / Multi-sector
client_04206,"GOODWIN PROCTER, LLP O/B/O OF MEDICAL PROPERTIES TRUST",49,49,62,Other / Multi-sector / Healthcare & Pharma
client_04207,GRID UNITED LLC,18,18,62,Other / Multi-sector
client_04208,GUJARAT FLUOROCHEMICALS GMBH,61,61,62,Other / Multi-sector
client_04209,"IHEARTMEDIA, INC.",109,109,62,Other / Multi-sector
client_04210,IOWA CONFLUENCE WATER TRAILS (FORMERLY CENTRAL IOWA WATER TRAILS),33,33,62,Other / Multi-sector / Government & Nonprofit
client_04211,IP RENEWABLE ENERGY HOLDINGS LLC,23,23,12,Other / Multi-sector / Energy & Environment
client_04212,KALLNER & ASSOCIATES ON BEHALF OF WORTHINGTON ENTERPRISES,287,287,62,Other / Multi-sector / Government & Nonprofit
client_04213,LAKESIDE BLUFFS GROUP LLC,50,50,91,Other / Multi-sector
client_04214,LEGEND BIOTECH CORPORATION,216,216,62,Other / Multi-sector / Healthcare & Pharma
client_04215,LUCERNO DYNAMICS,216,216,535,Other / Multi-sector / Healthcare & Pharma
client_04217,OCI N.V. (FORMERLY KNOWN AS ORASCOM CONSTRUCTION INTERNATIONAL N.V.),229,229,62,Other / Multi-sector
client_04218,PHYSICIAN CLINICAL REGISTRY COALITION,3,3,62,Other / Multi-sector
client_04219,QINETIQ NORTH AMERICA,5,5,1000,Other / Multi-sector
client_04220,"RAI SERVICES COMPANY (FORMERLY REYNOLDS AMERICAN, INC.)",34,34,62,Other / Multi-sector
client_04221,RTX CORPORATION (FKA RAYTHEON TECHNOLOGIES CORPORATION),8,8,62,Other / Multi-sector
client_04222,SAMSUNG ELECTRONICS AMERICA,106,106,62,Other / Multi-sector
client_04223,SCAN HEALTH PLAN,62,62,62,Healthcare & Pharma / Other / Multi-sector
client_04224,STRIVEWORKS,5,5,62,Other / Multi-sector
client_04225,"THE MENTAL HEALTH ASSOCIATION OF NY CITY, INC., D/B/A VIBRANT EMOTIONAL HEALTH",49,49,62,Other / Multi-sector / Healthcare & Pharma
client_04226,TRANE TECHNOLOGIES,48,48,62,Other / Multi-sector
client_04227,TRANSLATIONAL GENOMICS RESEARCH INSTITUTE,85,85,2237,Other / Multi-sector / Healthcare & Pharma
client_04228,VALENT U.S.A. LLC,206,206,62,Other / Multi-sector
client_04229,WHITE EARTH TRIBAL NATION,226,226,542,Other / Multi-sector
client_04230,WHOLESTONE PRESTAGE LLC (FORMERLY KNOW AS WHOLESTONE FARMS),34,34,62,Other / Multi-sector
client_04231,WILD SHEEP FOUNDATION,17,17,62,Other / Multi-sector
client_04232,AMERICAN AUTOMOBILE ASSOCIATION,36,36,246,Other / Multi-sector
client_04233,AMERICAN PUBLIC UNIVERSITY SYSTEM,8,8,0,Other / Multi-sector
client_04234,"BREAKTHROUGH ENERGY VENTURES, LLC (PREV. REPORTED AS BREAKTHROUGH ENERGY, LLC)",78,78,62,Other / Multi-sector / Energy & Environment
client_04235,MARYLAND+COALITION,62,62,62,Healthcare & Pharma / Other / Multi-sector
client_04236,NEXT DEFENSE SOLUTIONS,5,5,676,Other / Multi-sector
client_04237,STATE FARM,30,30,62,Other / Multi-sector
client_04238,IRVINE RANCH WATER DISTRICT,147,147,62,Other / Multi-sector
client_04239,ADVAMED,169,169,62,Other / Multi-sector / Healthcare & Pharma
client_04240,"AECOM TECHNICAL SERVICES, INC.",96,96,62,Other / Multi-sector / Energy & Environment
client_04241,"ALLEGIANCE HEALTH MANAGEMENT, INC.",62,62,255,Healthcare & Pharma / Other / Multi-sector
client_04242,AMERICAN INSTITUTE OF CPAS,34,34,62,Other / Multi-sector
client_04243,"AMERICAN PATRIOT HOLDINGS, LLC ON BEHALF OF WHITE STALLION COAL, LLC",57,57,62,Other / Multi-sector / Energy & Environment
client_04244,CALIFORNIA LIFE SCIENCES ASSOCIATION,81,81,62,Other / Multi-sector / Healthcare & Pharma
client_04245,CMB REGIONAL CENTER,78,78,62,Other / Multi-sector / Energy & Environment
client_04246,COCA-COLA,253,253,62,Other / Multi-sector
client_04247,COUNTERTERRORISM EDUCATION LEARNING LAB (CELL),74,74,62,Other / Multi-sector
client_04248,DFS GUAM L.P.,74,74,62,Other / Multi-sector
client_04249,ELEC825 (ENGINEERS LABOR-EMPLOYER COOPERATIVE),64,64,62,Other / Multi-sector
client_04250,"ETSY, INC.",34,34,62,Other / Multi-sector
client_04251,FIRSTFLOOR,34,34,62,Other / Multi-sector
client_04252,FULCRUM BIOENERGY,120,120,62,Other / Multi-sector / Energy & Environment
client_04253,GENASYS (FORMERLY LRAD CORPORATION),5,5,317,Other / Multi-sector
client_04254,"GLOBE MANUFACTURING COMPANY, LLC, A SUBSIDIARY OF MSA SAFETY INC.",216,216,62,Other / Multi-sector / Healthcare & Pharma
client_04255,GREATER CHEYENNE CHAMBER OF COMMERCE,72,72,62,Other / Multi-sector
client_04256,GRODAN INC.,178,178,62,Other / Multi-sector
client_04257,HANGAR ALPHA LLC,216,216,62,Other / Multi-sector / Healthcare & Pharma
client_04258,INDUSTRIAL DEVELOPMENT AUTHORITY OF THE CITY OF NEWPORT NEWS,161,161,438,Other / Multi-sector / Transportation & Auto
client_04259,INDUSTRIAL FASTENERS INSTITUTE,14,14,1273,Other / Multi-sector
client_04260,INTERNATIONAL EDUCATION CORPORATION,21,21,62,Other / Multi-sector / Education & Research
client_04261,IQVIA,85,85,603,Other / Multi-sector / Healthcare & Pharma
client_04262,LIBERTY UTILITIES (CANADA) CORP.,102,102,62,Other / Multi-sector / Energy & Environment
client_04263,LOGITECH,14,14,62,Other / Multi-sector
client_04264,"LYFT, INC.",43,43,62,Other / Multi-sector
client_04265,"MDIF MEDIA PARTNERS I, LP",198,198,62,Other / Multi-sector
client_04266,MED CLAIMS COMPLIANCE CORPORATION,168,168,62,Other / Multi-sector / Healthcare & Pharma
client_04267,MEYER BURGER (AMERICAS) LTD.,23,23,62,Other / Multi-sector / Energy & Environment
client_04268,MISSISSIPPI DEVELOPMENT AUTHORITY,8,8,62,Other / Multi-sector
client_04269,"ML STRATEGIES, LLC (ON BEHALF OF DAIKIN U.S. CORPORATION)",267,267,79,Other / Multi-sector
client_04270,"MOLINA HEALTHCARE, INC.",117,117,62,Other / Multi-sector / Healthcare & Pharma
client_04271,NATIONAL ASSOCIATION FOR COLLEGE ADMISSION COUNSELING,145,145,1774,Other / Multi-sector / Education & Research
client_04272,NATIONAL ASSOCIATION OF ACOS,216,216,62,Other / Multi-sector / Healthcare & Pharma
client_04274,NATIONAL SCHOOL BOARDS ASSOCIATION,37,37,62,Other / Multi-sector / Education & Research
client_04275,NUMBERSUSA ACTION,74,74,62,Other / Multi-sector
client_04276,RECOLOGY INC.,14,14,603,Other / Multi-sector
client_04277,SHARKNINJA OPERATING LLC,109,109,62,Other / Multi-sector
client_04278,SKYWATER TECHNOLOGY FOUNDRY,8,8,79,Other / Multi-sector
client_04280,STATE STREET STRATEGIES (DBA ONE+ STRATEGIES) OBO VIVEK SHARMA,198,198,62,Other / Multi-sector
client_04281,THRIVENT FINANCIAL FOR LUTHERANS,4,4,603,Other / Multi-sector
client_04282,"TRIAD LIFE SCIENCES, INC.",168,168,62,Other / Multi-sector / Healthcare & Pharma
client_04283,WINDSTREAM SERVICES LLC,95,95,1049,Other / Multi-sector
client_04284,"ZSCALER INC. AND AFFILIATES (FKA ZSCALER, INC.)",8,8,992,Other / Multi-sector
client_04285,MAUI HEALTH SYSTEM,100,100,669,Other / Multi-sector / Healthcare & Pharma
client_04286,AVAYA GOVERNMENT SOLUTIONS,95,95,436,Other / Multi-sector
client_04287,INSP,320,320,62,Other / Multi-sector
client_04288,SCENIC HUDSON,17,17,542,Other / Multi-sector
client_04289,SIME DARBY PLANTATION BERHAD,45,45,62,Other / Multi-sector
client_04290,SOUTHCENTRAL FOUNDATION,49,49,190,Other / Multi-sector / Healthcare & Pharma
client_04291,SOUTHERN SHRIMP ALLIANCE,45,45,62,Other / Multi-sector
client_04292,TRITON SYSTEMS INC,5,5,676,Other / Multi-sector
client_04293,"B.S.D. CAPITAL, INC. DBA LENDISTRY",195,195,62,Other / Multi-sector / Finance & Banking
client_04294,CIRCULOR,181,181,603,Other / Multi-sector / Energy & Environment
client_04295,"CITY OF GAINESVILLE, FL",0,0,62,Other / Multi-sector
client_04296,COLORADO SPRINGS,39,39,62,Other / Multi-sector
client_04297,CONSUMER TECHNOLOGY ASSOCIATION (PREVIOUSLY THE CONSUMER ELECTRONICS ASSOCIATION,269,269,62,Other / Multi-sector
client_04298,CORECIVIC (FORMERLY CCA OF TENNESSEE),308,308,62,Other / Multi-sector / Technology & Telecom
client_04299,COVENANT AVIATION SECURITY,74,74,62,Other / Multi-sector
client_04300,EMORY UNIVERSITY,239,239,603,Other / Multi-sector / Healthcare & Pharma
client_04301,FLOW THERAPY,216,216,62,Other / Multi-sector / Healthcare & Pharma
client_04302,FMC CORP,61,61,62,Other / Multi-sector
client_04303,"FORTINET, INC.",95,95,62,Other / Multi-sector
client_04304,GLASS PACKAGING INSTITUTE,6,6,62,Other / Multi-sector
client_04305,GOOGLE CLIENT SERVICES (PREVIOUSLY REPORTED AS GOOGLE),25,25,62,Other / Multi-sector
client_04306,"GUARDANT HEALTH, INC.",239,239,62,Other / Multi-sector / Healthcare & Pharma
client_04307,HUNTINGTON'S DISEASE SOCIETY OF AMERICA,168,168,62,Other / Multi-sector / Healthcare & Pharma
client_04308,INTEROS INC.,220,220,62,Other / Multi-sector
client_04309,"INTUIT, INC. AND AFFILIATES (FORMERLY INTUIT, INC.)",195,195,112,Other / Multi-sector / Finance & Banking
client_04310,JOINT OFFICIAL LIQUIDATOR OF SILICON VALLEY BANK CAYMAN BRANCH,111,111,62,Other / Multi-sector / Finance & Banking
client_04311,"KORE POWER, INC.",227,227,62,Other / Multi-sector / Energy & Environment
client_04312,MARINER FINANCE LLC,111,111,62,Other / Multi-sector / Finance & Banking
client_04313,MARKEL CORPORATION,4,4,62,Other / Multi-sector
client_04314,MEDICATION ASSISTED TREATMENT LEADERSHIP COUNCIL,62,62,62,Healthcare & Pharma / Other / Multi-sector
client_04315,MEHARRY MEDICAL COLLEGE,49,49,62,Other / Multi-sector / Healthcare & Pharma
client_04316,"MERLIN INTERNATIONAL, INC.",8,8,62,Other / Multi-sector
client_04317,MOZILLA CORPORATION,25,25,62,Other / Multi-sector
client_04318,MURRAY ENERGY CORPORATION (PRIOR Q4 REFERENCED AMER CONSOL NAT RES IN ERROR),48,48,2164,Other / Multi-sector
client_04319,NATIONAL ASSOCIATION OF FREE & CHARITABLE CLINICS,41,41,251,Other / Multi-sector
client_04320,"NATIONAL MENTOR HOLDINGS, INC.",180,180,62,Legal & Lobbying / Healthcare & Pharma
client_04321,"NATIONAL RESILIENCE, INC.",216,216,62,Other / Multi-sector / Healthcare & Pharma
client_04322,"OPEN SAN CONSULTING, LLC D/B/A OSC EDGE",5,5,62,Other / Multi-sector
client_04323,OVERTON LLC,50,50,2082,Other / Multi-sector
client_04324,PLANET LABS PBC (FORMERLY PLANET LABS FEDERAL INC.),33,33,62,Other / Multi-sector / Government & Nonprofit
client_04325,SAN BERNARDINO VALLEY WATER CONSERVATION DISTRICT,64,64,62,Other / Multi-sector
client_04326,SIEMENS ENERGY,162,162,62,Other / Multi-sector / Energy & Environment
client_04327,SUSTAINABLE OZARKS PARTNERSHIP,5,5,48,Other / Multi-sector
client_04328,THE HUNTSVILLE-MADISON COUNTY AIRPORT AUTHORITY,27,27,62,Other / Multi-sector
client_04329,THE JONES FIRM FOR NUCLEAR DEVELOPMENT LLC,78,78,1847,Other / Multi-sector / Energy & Environment
client_04330,THE UNIVERSITY OF MIAMI,8,8,62,Other / Multi-sector
client_04331,"UNIVERSAL MUSIC GROUP RECORDINGS, INC.",182,182,62,Other / Multi-sector / Legal & Lobbying
client_04332,VIATRIS INC.,195,195,62,Other / Multi-sector / Finance & Banking
client_04333,WORLD SHIPPING COUNCIL,151,151,111,Other / Multi-sector
client_04334,ZUFFA AND AFFILIATES FKA WME GROUP,216,216,62,Other / Multi-sector / Healthcare & Pharma
client_04335,CALIFORNIA INSTITUTE OF TECHNOLOGY,67,67,79,Other / Multi-sector
client_04336,MARINER FINANCE,111,111,62,Other / Multi-sector / Finance & Banking
client_04338,SOUTHEASTERN COLORADO WATER CONSERVANCY DISTRICT,7,7,62,Other / Multi-sector
client_04340,CALIFORNIA CREDIT UNION LEAGUE,41,41,62,Other / Multi-sector
client_04341,GATX CORPORATION,19,19,62,Other / Multi-sector
client_04342,PARTNERSHIP TO FIGHT CHRONIC DISEASE,216,216,1726,Other / Multi-sector / Healthcare & Pharma
client_04343,AEGIS SCIENCES CORPORATION,100,100,62,Other / Multi-sector / Healthcare & Pharma
client_04344,"ASTELLAS GENE THERAPIES, INC. A DELAWARE CORPORATION",62,62,2384,Healthcare & Pharma / Other / Multi-sector
client_04345,BLACKROCK FUNDS SERVICES GROUP LLC,195,195,112,Other / Multi-sector / Finance & Banking
client_04346,C5 CAPITAL,322,322,62,Other / Multi-sector
client_04347,CORPORATE HEALTH CARE COALITION,216,216,62,Other / Multi-sector / Healthcare & Pharma
client_04348,ENERGY HARBOR CORP,78,78,62,Other / Multi-sector / Energy & Environment
client_04349,ESSENTIA HEALTH,216,216,62,Other / Multi-sector / Healthcare & Pharma
client_04350,FIRSTDAY FOUNDATION (FORMERLY KNOWN AS BCFS),283,283,79,Other / Multi-sector
client_04351,"FLEXPORT, INC.",269,269,62,Other / Multi-sector
client_04352,HEALTH CENTER PARTNERS OF SOUTHERN CALIFORNIA,110,110,62,Other / Multi-sector / Healthcare & Pharma
client_04353,HIGINI CIERCO,111,111,62,Other / Multi-sector / Finance & Banking
client_04354,IDEMIA,74,74,542,Other / Multi-sector
client_04355,JPMORGAN CHASE HOLDINGS LLC,195,195,111,Other / Multi-sector / Finance & Banking
client_04356,MAGPUL INDUSTRIES CORP,5,5,62,Other / Multi-sector
client_04357,MAJOR COUNTY SHERIFFS OF AMERICA (FORMERLY MAJOR COUNTY SHERIFFS' ASSOCIATION),160,160,1029,Transportation & Auto / Government & Nonprofit
client_04358,MAJOR LEAGUE BASEBALL,24,24,62,Other / Multi-sector
client_04359,MORGAN STANLEY & CO. LLC,24,24,62,Other / Multi-sector
client_04360,NATIONAL APARTMENT ASSOCIATION,59,59,111,Other / Multi-sector / Real Estate & Construction
client_04361,"NCHA, INC.",216,216,1635,Other / Multi-sector / Healthcare & Pharma
client_04362,NORTHWESTERN MEMORIAL HEALTHCARE,35,35,62,Other / Multi-sector / Healthcare & Pharma
client_04363,"PERPETUA RESOURCES, CORP.",322,322,62,Other / Multi-sector
client_04364,"PRA GROUP, INC.",4,4,62,Other / Multi-sector
client_04365,RIO GRANDE VALLEY SUGAR GROWERS,80,80,62,Other / Multi-sector
client_04366,ROCKY VISTA UNIVERSITY,100,100,62,Other / Multi-sector / Healthcare & Pharma
client_04367,"SABRA DIPPING COMPANY, LLC",80,80,62,Other / Multi-sector
client_04368,SAN DIEGO UNIFIED SCHOOL DISTRICT,37,37,62,Other / Multi-sector / Education & Research
client_04369,SCALE,5,5,62,Other / Multi-sector
client_04370,STUBHUB,25,25,62,Other / Multi-sector
client_04371,SWK STADTWERKE KAISERSLAUTERN GMBH,70,70,1642,Other / Multi-sector / Energy & Environment
client_04372,TIGER BIOSCIENCES,168,168,91,Other / Multi-sector / Healthcare & Pharma
client_04373,"UNAKA COMPANY, INC.",45,45,62,Other / Multi-sector
client_04374,UNIVERSITY OF NEW HAMPSHIRE,66,66,62,Education & Research / Other / Multi-sector
client_04375,CENTER FOR TRANSPORTATION AND THE ENVIRONMENT,161,161,62,Other / Multi-sector / Transportation & Auto
client_04376,CASCADES CONTAINERBOARD PACKAGING (FKA) NORAMPAC A DIVISION OF CASCADES CANADA,115,115,62,Other / Multi-sector
client_04377,CRONOS USA CLIENT SERVICES LLC,90,90,959,Other / Multi-sector
client_04378,ITSERVE ALLIANCE,74,74,639,Other / Multi-sector
client_04379,NOVOZYMES,48,48,1101,Other / Multi-sector
client_04380,"THE TRANSPORTATION ALLIANCE (FORMERLY TAXICAB, LIMOUSINE & PARATRANSIT ASSN.)",27,27,62,Other / Multi-sector
client_04381,LAS VEGAS SANDS CORPORATION,218,218,62,Legal & Lobbying / Energy & Environment
client_04382,"MSI-DEFENSE SYSTEMS US, INC",5,5,62,Other / Multi-sector
client_04383,21ST CENTURY PRIVACY COALITION,95,95,62,Other / Multi-sector
client_04384,"ACTION NOW INITIATIVE, LLC (ANI)",216,216,62,Other / Multi-sector / Healthcare & Pharma
client_04385,AGRIBANK FCB,80,80,2340,Other / Multi-sector
client_04386,ALABAMA SHIPYARD LLC,5,5,62,Other / Multi-sector
client_04387,ALCOA CORPORATION,102,102,62,Other / Multi-sector / Energy & Environment
client_04388,AMYLYX,49,49,62,Other / Multi-sector / Healthcare & Pharma
client_04389,"ATARA BIOTHERAPEUTICS, INC.",216,216,62,Other / Multi-sector / Healthcare & Pharma
client_04390,BOUNCE IMAGING,134,134,189,Other / Multi-sector
client_04391,BURNHAM DEVELOPER LLC (ON BEHALF OF AKRIDGE),27,27,62,Other / Multi-sector
client_04392,CITY OF CINCINNATI,91,91,2011,Other / Multi-sector
client_04393,"CITY OF EAST PALO ALTO, CA",39,39,459,Other / Multi-sector
client_04394,CLARITEV (FORMERLY MULTIPLAN CORPORATION),62,62,2202,Healthcare & Pharma / Other / Multi-sector
client_04395,COREWEAVE,78,78,62,Other / Multi-sector / Energy & Environment
client_04396,"DRISCOLL'S, INC.",25,25,62,Other / Multi-sector
client_04397,EDUCATION REFORM NOW ADVOCACY,37,37,62,Other / Multi-sector / Education & Research
client_04398,EUTELSAT AMERICA CORP.,5,5,62,Other / Multi-sector
client_04399,"FORGE GLOBAL, INC.",4,4,404,Other / Multi-sector
client_04400,FRESENIUS MEDICAL CARE,216,216,62,Other / Multi-sector / Healthcare & Pharma
client_04401,GARRISON DIVERSION CONSERVANCY DISTRICT,17,17,62,Other / Multi-sector
client_04402,GLOBAL ADVANCED METALS,72,72,62,Other / Multi-sector
client_04403,GLOBAL ELECTRONICS ASSOCIATION,56,56,62,Other / Multi-sector
client_04404,GRID MARKET RESEARCH,127,127,62,Other / Multi-sector / Legal & Lobbying
client_04405,GUNVOR GROUP,48,48,62,Other / Multi-sector
client_04406,HARDWOOD FEDERATION,116,116,62,Other / Multi-sector
client_04407,"HARMAN INTERNATIONAL INDUSTRIES, INC.",27,27,62,Other / Multi-sector
client_04408,HEARTLAND ENERGY (FORMERLY KNOWN AS HEARTLAND CONSUMERS POWER DISTRICT),120,120,62,Other / Multi-sector / Energy & Environment
client_04409,IPROOV INC.,121,121,62,Other / Multi-sector
client_04410,JOBSOHIO,95,95,62,Other / Multi-sector
client_04411,KOEHLER OBERKIRCH GMBH F/K/A/ PAPIERFABRIK AUGUST KOEHLER SE,45,45,62,Other / Multi-sector
client_04412,"LEONARDO DRS, INC. (FKA RADA TECHNOLOGIES LLC)",8,8,842,Other / Multi-sector
client_04413,MEDICARE ACCESS TO SKIN SUBSTITUTES COALITION (MASS COALITION) (INFORMAL),168,168,62,Other / Multi-sector / Healthcare & Pharma
client_04414,"MERCK & COMPANY, INC.",62,62,62,Healthcare & Pharma / Other / Multi-sector
client_04415,MOTION PICTURE ASSOCIATION (FKA MOTION PICTURE ASSOCIATION OF AMERICA [MPAA]),25,25,62,Other / Multi-sector
client_04416,MOTORCYCLE RIDERS FOUNDATION,36,36,62,Other / Multi-sector
client_04417,MZA ASSOCIATES CORPORATION,5,5,62,Other / Multi-sector
client_04418,"NEUROCRINE BIOSCIENCES, INC.",100,100,62,Other / Multi-sector / Healthcare & Pharma
client_04419,"NEXSTAR BROADCASTING GROUP, INC.",320,320,62,Other / Multi-sector
client_04420,NUCLEAR CARE PARTNERS,216,216,62,Other / Multi-sector / Healthcare & Pharma
client_04421,OMV AKTIENGESELLSCHAFT,198,198,62,Other / Multi-sector
client_04422,PHILADELPHIA REGIONAL PORT AUTHORITY,146,146,206,Other / Multi-sector / Energy & Environment
client_04423,POSCO AMERICA,45,45,62,Other / Multi-sector
client_04424,"SIEMENS ENERGY, INC.",48,48,62,Other / Multi-sector
client_04425,"SIRIUS XM RADIO, INC",163,163,1124,Other / Multi-sector
client_04426,SONOMA WATER,17,17,12,Other / Multi-sector
client_04427,TRADE ALLIANCE FOR HEALTH,81,81,62,Other / Multi-sector / Healthcare & Pharma
client_04428,"UNITED AIRLINES, INC.",149,149,62,Technology & Telecom / Other / Multi-sector
client_04429,"UNITED HEALTHCARE SERVICES, INC.",216,216,91,Other / Multi-sector / Healthcare & Pharma
client_04430,UNIVERSITY OF VIRGINIA,20,20,62,Other / Multi-sector / Education & Research
client_04431,VIEW,34,34,62,Other / Multi-sector
client_04432,VIKING RIVER CRUISES,34,34,62,Other / Multi-sector
client_04433,WAYNE COUNTY AIRPORT AUTHORITY,278,278,62,Technology & Telecom / Defense & Aerospace
client_04434,WK KELLOGG CO,80,80,1201,Other / Multi-sector
client_04435,PLANNED PARENTHOOD ACTION FUND INC,157,157,1415,Other / Multi-sector / Education & Research
client_04436,DOUGLAS COUNTY,27,27,62,Other / Multi-sector
client_04437,ARTHROSCOPY ASSOCIATION OF NORTH AMERICA,8,8,62,Other / Multi-sector
client_04438,SEPTA,36,36,62,Other / Multi-sector
client_04439,VALLEY INTERNATIONAL AIRPORT,133,133,1684,Other / Multi-sector / Transportation & Auto
client_04440,CARBONFUTURE GMBH,57,57,305,Other / Multi-sector / Energy & Environment
client_04441,THOMAS JEFFERSON UNIVERSITY HOSPITAL,62,62,669,Healthcare & Pharma / Other / Multi-sector
client_04442,AGILE THERAPEUTICS,216,216,62,Other / Multi-sector / Healthcare & Pharma
client_04443,"SYENSQO FINANCE (AMERICA), LLC (FKA SYENSQO)",322,322,676,Other / Multi-sector
client_04444,AMERICAN PUBLIC HEALTH ASSOCIATION,21,21,2227,Other / Multi-sector / Education & Research
client_04445,"ALASKA AIRLINES, INC.",41,41,62,Other / Multi-sector
client_04446,"ELECTRIFY AMERICA, LLC",115,115,542,Other / Multi-sector
client_04447,3 PROTON LITHIUM INC.,17,17,62,Other / Multi-sector
client_04448,ACADIA HEALTHCARE,216,216,62,Other / Multi-sector / Healthcare & Pharma
client_04449,ACG ADVOCACY ON BEHALF OF AMERICAN ASSOCIATION OF PUBLISHERS,45,45,1239,Other / Multi-sector
client_04450,"AIRBNB, INC.",4,4,62,Other / Multi-sector
client_04451,AIRMAP,149,149,62,Technology & Telecom / Other / Multi-sector
client_04452,ALLEGHENY COUNTY AIRPORT AUTHORITY,19,19,62,Other / Multi-sector
client_04453,AMERICAN ASSOCIATION OF COLLEGES OF NURSING,157,157,1119,Other / Multi-sector / Education & Research
client_04454,ANIMAL HEALTH INSTITUTE,241,241,62,Other / Multi-sector
client_04455,ASTRANIS SPACE TECHNOLOGIES CORP.,8,8,62,Other / Multi-sector
client_04456,"AVIDITY BIOSCIENCES, INC.",49,49,62,Other / Multi-sector / Healthcare & Pharma
client_04457,CALIFORNIA ASSOCIATION OF SANITATION AGENCIES,18,18,1033,Other / Multi-sector
client_04458,CARVANA,19,19,62,Other / Multi-sector
client_04459,CENTRAL OHIO TRANSIT AUTHORITY,27,27,62,Other / Multi-sector
client_04460,CITY UTILITIES OF SPRINGFIELD,70,70,857,Other / Multi-sector / Energy & Environment
client_04461,"CLEAN FUEL ALLIANCE ""FKA NATIONAL BIODIESEL BOARD""",23,23,319,Other / Multi-sector / Energy & Environment
client_04463,CREATIVE SOLUTIONS IN HEALTH CARE,172,172,62,Other / Multi-sector / Legal & Lobbying
client_04464,CVS HEALTH (AND SUBSIDIARIES),216,216,112,Other / Multi-sector / Healthcare & Pharma
client_04465,ECPI UNIVERSITY OF VIRGINIA BEACH VIRGINIA,37,37,62,Other / Multi-sector / Education & Research
client_04466,EMPOWER RETIREMENT LLC (FKA GREAT-WEST LIFE & ANNUITY INSURANCE COMPANY),4,4,62,Other / Multi-sector
client_04467,"EOS DEFENSE SYSTEMS USA, INC.",5,5,62,Other / Multi-sector
client_04468,EUTELSAT NETWORK SOLUTIONS (F/K/A EACOWT),5,5,62,Other / Multi-sector
client_04469,FIDELITY NATIONAL INFORMATION SYSTEMS INC AND SUBSIDIARIES,195,195,62,Other / Multi-sector / Finance & Banking
client_04470,FIREKEEPERS DEVELOPMENT AUTHORITY,58,58,62,Other / Multi-sector
client_04471,FOUNDATION FOR ADVANCING ALCOHOL RESPONSIBILITY (RESPONSIBILITY.ORG),27,27,1119,Other / Multi-sector
client_04472,"GENESIS HEALTHCARE, LLC",100,100,62,Other / Multi-sector / Healthcare & Pharma
client_04473,"HA SUSTAINABLE INFRASTRUCTURE CAPITAL, INC. (HASI)",23,23,62,Other / Multi-sector / Energy & Environment
client_04474,HACKENSACK UNIVERSITY MEDICAL CENTER FOUNDATION,216,216,62,Other / Multi-sector / Healthcare & Pharma
client_04475,HILLSBOROUGH COUNTY,241,241,62,Other / Multi-sector
client_04476,HOSPICE ACTION NETWORK,100,100,62,Other / Multi-sector / Healthcare & Pharma
client_04477,HOSPITAL ASSOCIATION OF PUERTO RICO,216,216,62,Other / Multi-sector / Healthcare & Pharma
client_04478,INDIVIOR,216,216,62,Other / Multi-sector / Healthcare & Pharma
client_04479,IVANHOE ATLANTIC (FORMERLY HIGH POWER EXPLORATION INC.),17,17,542,Other / Multi-sector
client_04480,"K.P. KAUFFMAN COMPANY, INC.",34,34,535,Other / Multi-sector
client_04481,KRUGER INC. AND ITS SUBSIDIARIES,175,175,1363,Other / Multi-sector
client_04482,LATTICE SEMICONDUCTOR,152,152,62,Other / Multi-sector
client_04483,LYCOMING COUNTY,39,39,965,Other / Multi-sector
client_04484,MIDWEST CITY MEMORIAL HOSPITAL AUTHORITY,72,72,62,Other / Multi-sector
client_04485,NATIONAL ASSOCIATION OF DISABILITY REPRESENTATIVES,180,180,1407,Legal & Lobbying / Healthcare & Pharma
client_04486,NATIONAL ASSOCIATION OF ORDNANCE CONTRACTORS,5,5,62,Other / Multi-sector
client_04487,NATIONAL ASSOCIATION OF PROFESSIONAL EMPLOYER ORGANIZATIONS,30,30,62,Other / Multi-sector
client_04488,NATIONAL HEAD START ASSOCIATION,21,21,438,Other / Multi-sector / Education & Research
client_04489,NATIONAL MINING ASSOCIATION,129,129,542,Other / Multi-sector / Energy & Environment
client_04490,NATIONAL SPACE GRANT ALLIANCE,2,2,62,Other / Multi-sector
client_04491,NORTHWEST PUBLIC POWER ASSOCIATION,115,115,542,Other / Multi-sector
client_04492,"NOVO NORDISK, INC.",49,49,62,Other / Multi-sector / Healthcare & Pharma
client_04493,"OCEANS ACQUISITION, INC.",62,62,255,Healthcare & Pharma / Other / Multi-sector
client_04494,PACTIV EVERGREEN INC.,95,95,62,Other / Multi-sector
client_04495,PIEDMONT HEALTHCARE,84,84,1119,Other / Multi-sector
client_04496,PUERTO RICO HOUSE OF REPRESENTATIVES,62,62,62,Healthcare & Pharma / Other / Multi-sector
client_04497,REPO ALLIANCE INC. (FKA AMERICAN RECOVERY ASSOCIATION),195,195,62,Other / Multi-sector / Finance & Banking
client_04498,SACRAMENTO AREA FLOOD CONTROL AGENCY (SAFCA),7,7,1168,Other / Multi-sector
client_04499,SACRAMENTO AREA FLOOD CONTROL AGENCY,67,67,1606,Other / Multi-sector
client_04500,SEMICONDUCTOR TECHNOLOGY LEADERSHIP COUNCIL,30,30,62,Other / Multi-sector
client_04501,"SL 2T, LLC (""SMARTLABS"")",216,216,62,Other / Multi-sector / Healthcare & Pharma
client_04502,SNCF AMERICA INC,36,36,62,Other / Multi-sector
client_04503,ST. JUDE CHILDREN'S RESEARCH HOSPITAL,216,216,62,Other / Multi-sector / Healthcare & Pharma
client_04504,STATE UNIVERSITY SYSTEM OF FLORIDA,325,325,535,Other / Multi-sector / Education & Research
client_04505,TEXAS CHILDREN'S HOSPITAL,216,216,62,Other / Multi-sector / Healthcare & Pharma
client_04506,THE ROGOSIN INSTITUTE,168,168,1124,Other / Multi-sector / Healthcare & Pharma
client_04507,THE VILLAGE OF OSWEGO,27,27,62,Other / Multi-sector
client_04508,"TOWING & RECOVERY ASSOCIATION OF AMERICA, INC.",27,27,62,Other / Multi-sector
client_04509,"VIEW, INC.",34,34,62,Other / Multi-sector
client_04510,"WAYNE FARMS, LLC",6,6,62,Other / Multi-sector
client_04511,"WHOOP, INC.",5,5,62,Other / Multi-sector
client_04512,WILLIAMSPORT MUNICIPAL WATER AUTHORITY-WILLIAMSPORT SANITARY AUTHORITY,67,67,965,Other / Multi-sector
client_04514,MERIDIAN MEDICAL TECHNOLOGIES,5,5,62,Other / Multi-sector
client_04515,BIFMA,48,48,1580,Other / Multi-sector
client_04516,PUBLIC KNOWLEDGE,95,95,1609,Other / Multi-sector
client_04517,GRANT COUNTY PUBLIC UTILITY DISTRICT,242,242,172,Other / Multi-sector / Energy & Environment
client_04518,DIRECT PRIMARY CARE COALITION,216,216,1726,Other / Multi-sector / Healthcare & Pharma
client_04520,"ASTRANIS SPACE TECHNOLOGIES, INC.",219,219,62,Other / Multi-sector
client_04521,DOYON LTD,7,7,62,Other / Multi-sector
client_04522,JUST TRANSITION FUND,94,94,438,Other / Multi-sector
client_04523,"SMITH & WESSON BRANDS, INC.",229,229,62,Other / Multi-sector
client_04524,MISSOURI RIVER ENERGY SERVICES,96,96,1384,Other / Multi-sector / Energy & Environment
client_04525,TULE RIVER TRIBE,81,81,1652,Other / Multi-sector / Healthcare & Pharma
client_04526,KOHLER CO.,14,14,62,Other / Multi-sector
client_04527,PORT OF PORT ARTHUR,133,133,1250,Other / Multi-sector / Transportation & Auto
client_04528,STATE FARM INSURANCE COMPANY,221,221,186,Other / Multi-sector
client_04529,1890 UNIVERSITIES FOUNDATION,66,66,62,Education & Research / Other / Multi-sector
client_04530,340B WORKING TABLE,216,216,62,Other / Multi-sector / Healthcare & Pharma
client_04531,3D SYSTEMS CORPORATION,8,8,62,Other / Multi-sector
client_04533,ALASKA FEDERATION OF NATIVES,58,58,62,Other / Multi-sector
client_04535,AMERICAN ORGANIZATION FOR NURSING LEADERSHIP FORMERLY AMERICAN ORGANIZATION FOR,216,216,1918,Other / Multi-sector / Healthcare & Pharma
client_04536,AMERICAN SAMOA,168,168,62,Other / Multi-sector / Healthcare & Pharma
client_04537,AMERISOURCE BERGEN,62,62,0,Healthcare & Pharma / Other / Multi-sector
client_04538,ASSOCIATION OF FLIGHT ATTENDANTS-CWA,176,176,1010,Other / Multi-sector
client_04539,BLACKSTONE,4,4,604,Other / Multi-sector
client_04540,BUSINESS COUNCIL FOR SUSTAINABLE ENERGY,227,227,111,Other / Multi-sector / Energy & Environment
client_04541,CAPITAL METROPOLITAN TRANSPORTATION AUTHORITY,27,27,542,Other / Multi-sector
client_04542,CARESOURCE MANAGEMENT SERVICES CO.,168,168,1179,Other / Multi-sector / Healthcare & Pharma
client_04543,"CARESTREAM HEALTH, INC.",45,45,62,Other / Multi-sector
client_04544,CENTRUS ENERGY CORP. (FORMERLY KNOWN AS USEC INC.),78,78,62,Other / Multi-sector / Energy & Environment
client_04545,CITIGROUP MANAGEMENT CORP.,195,195,62,Other / Multi-sector / Finance & Banking
client_04546,CITY OF GRESHAM,278,278,62,Technology & Telecom / Defense & Aerospace
client_04547,"CITY OF KANSAS CITY, MISSOURI",50,50,319,Other / Multi-sector
client_04548,COSTAR GROUP,64,64,62,Other / Multi-sector
client_04549,"DOOSAN BOBCAT NORTH AMERICA, INC.",45,45,62,Other / Multi-sector
client_04550,DOUBLEVERIFY INC.,186,186,62,Other / Multi-sector
client_04551,EDP RENEWABLES NORTH AMERICA LLC,0,0,62,Other / Multi-sector
client_04552,EDWARD JONES,195,195,62,Other / Multi-sector / Finance & Banking
client_04553,ERNST & YOUNG U.S. LLP (EY),195,195,62,Other / Multi-sector / Finance & Banking
client_04554,FLIGHTSAFETY INTERNATIONAL INC.,72,72,1286,Other / Multi-sector
client_04555,GENERAL ELECTRIC COMPANY (PREVIOUSLY REPORTED AS GE AVIATION),222,222,62,Other / Multi-sector
client_04556,GREYSCAN AUSTRALIA PTY LTD.,50,50,928,Other / Multi-sector
client_04557,HAMILTON COUNTY,147,147,582,Other / Multi-sector
client_04558,HEALTH CARE SERVICE CORPORATION,239,239,62,Other / Multi-sector / Healthcare & Pharma
client_04559,HIV MEDICINE ASSOCIATION,49,49,582,Other / Multi-sector / Healthcare & Pharma
client_04560,INTELSAT GENERAL,8,8,1029,Other / Multi-sector
client_04561,INTERNATIONAL PAPER,48,48,111,Other / Multi-sector
client_04562,JAPAN SECURITIES CLEARING CORPORATION,195,195,62,Other / Multi-sector / Finance & Banking
client_04563,MORTGAGE BANKERS ASSOCIATION,4,4,111,Other / Multi-sector
client_04564,NMAC (ON BEHALF OF THE HIV/STD PARTNERSHIP),216,216,62,Other / Multi-sector / Healthcare & Pharma
client_04565,OPTION CARE HEALTH,100,100,62,Other / Multi-sector / Healthcare & Pharma
client_04566,OSAGE CASINOS,58,58,62,Other / Multi-sector
client_04567,OVINTIV INC.,6,6,542,Other / Multi-sector
client_04568,"PRESERVATION TECHNOLOGIES, L.P.",67,67,62,Other / Multi-sector
client_04569,PRYSMIAN GROUP,95,95,62,Other / Multi-sector
client_04570,"SAFE BOATS INTERNATIONAL, LLC",8,8,62,Other / Multi-sector
client_04571,SEABOARD CORPORATION,120,120,62,Other / Multi-sector / Energy & Environment
client_04572,SENTURE LLC,41,41,1225,Other / Multi-sector
client_04573,TANANA CHIEFS CONFERENCE,7,7,190,Other / Multi-sector
client_04574,"THE REALREAL, INC.",61,61,62,Other / Multi-sector
client_04575,TSMC ARIZONA,215,215,62,Other / Multi-sector
client_04576,UNIVERSITY OF SOUTHERN CALIFORNIA,8,8,62,Other / Multi-sector
client_04577,"VANNEVAR LABS, INC.",67,67,62,Other / Multi-sector
client_04578,VERTEX PHARMACEUTICALS INCORPORATED,216,216,62,Other / Multi-sector / Healthcare & Pharma
client_04579,"VOLKSWAGEN GROUP OF AMERICA, INC.",25,25,542,Other / Multi-sector
client_04580,WESTERN DIGITAL CORPORATION,6,6,62,Other / Multi-sector
client_04582,X-BOW LAUNCH SYSTEMS,322,322,189,Other / Multi-sector
client_04583,SMARTER HEALTH CARE COALITION,104,104,62,Other / Multi-sector / Healthcare & Pharma
client_04584,PRIME THERAPEUTICS,100,100,62,Other / Multi-sector / Healthcare & Pharma
client_04585,SOCIETY FOR CARDIOVASCULAR ANGIOGRAPHY AND INTERVENTIONS,94,94,1444,Other / Multi-sector
client_04587,MODIVCARE SOLUTIONS (FORMERLY LOGISTICARE SOLUTIONS),168,168,422,Other / Multi-sector / Healthcare & Pharma
client_04588,CITY OF EMERYVILLE,133,133,62,Other / Multi-sector / Transportation & Auto
client_04589,EQUITABLE (FORMERLY AXA FINANCIAL),195,195,62,Other / Multi-sector / Finance & Banking
client_04590,MORTGAGE RESEARCH CENTER LLC AKA VETERANS UNITED (THROUGH ROBERT ZIMMER),295,295,614,Other / Multi-sector / Technology & Telecom
client_04591,SANTA ANA PUBLIC WORKS,18,18,62,Other / Multi-sector
client_04592,STEPTOE LLP (FKA STEPTOE & JOHNSON LLP),228,228,1666,Other / Multi-sector / Agriculture & Food
client_04593,TEIJIN ARAMID USA INC,152,152,62,Other / Multi-sector
client_04594,THE HEALTHCARE LEADERSHIP COUNCIL,62,62,929,Healthcare & Pharma / Other / Multi-sector
client_04595,UTAH TRANSIT AUTHORITY,27,27,62,Other / Multi-sector
client_04596,ENERGETICS TECHNOLOGY CENTER,8,8,1430,Other / Multi-sector
client_04597,NATIONAL COMMITTEE TO PRESERVE SOCIAL SECURITY AND MEDICARE,157,157,438,Other / Multi-sector / Education & Research
client_04598,PARTNERSHIP FOR PART D,168,168,1428,Other / Multi-sector / Healthcare & Pharma
client_04599,ALLEN INSTITUTE,49,49,62,Other / Multi-sector / Healthcare & Pharma
client_04600,ALLIANCE FOR SHARED VALUES,198,198,62,Other / Multi-sector
client_04601,AMERICAN NETWORK OF COMMUNITY OPTIONS AND RESOURCES (ANCOR),62,62,239,Healthcare & Pharma / Other / Multi-sector
client_04602,ARKEMA INC.,61,61,62,Other / Multi-sector
client_04603,ASSOCIATION OF ACCESSIBLE MEDICINES,216,216,62,Other / Multi-sector / Healthcare & Pharma
client_04604,"ATLAS POWER HOLDINGS, LLC",102,102,62,Other / Multi-sector / Energy & Environment
client_04605,BEEF ALLIANCE,80,80,62,Other / Multi-sector
client_04606,BOARD OF REGENTS OF THE UNIVERSITY OF OKLAHOMA,7,7,62,Other / Multi-sector
client_04607,"CHIME FINANCIAL, INC.",195,195,62,Other / Multi-sector / Finance & Banking
client_04608,COCONINO COUNTY,7,7,62,Other / Multi-sector
client_04609,COLUMBUS STATE UNIVERSITY,8,8,62,Other / Multi-sector
client_04610,COMMERCIAL DRONE ALLIANCE,34,34,62,Other / Multi-sector
client_04611,COMMONWEALTH FUSION SYSTEMS LLC,78,78,438,Other / Multi-sector / Energy & Environment
client_04612,CURIO WELLNESS,90,90,62,Other / Multi-sector
client_04613,EMPLOYERS COUNCIL ON FLEXIBLE COMPENSATION,34,34,62,Other / Multi-sector
client_04614,"EXPEDIA, INC.",25,25,62,Other / Multi-sector
client_04615,FISTA DEVELOPMENT TRUST AUTHORITY,8,8,62,Other / Multi-sector
client_04616,"FLETCHER GROUP, INC.",49,49,438,Other / Multi-sector / Healthcare & Pharma
client_04617,FOX VALLEY TECHNICAL COLLEGE,27,27,62,Other / Multi-sector
client_04618,GKN AEROSPACE,5,5,62,Other / Multi-sector
client_04619,GLAXOSMITHKLINE LLC,62,62,62,Healthcare & Pharma / Other / Multi-sector
client_04620,"GLOBE SPECIALTY METALS, INC.",45,45,62,Other / Multi-sector
client_04621,INTERNATIONAL COUNCIL OF SHOPPING CENTERS,155,155,62,Other / Multi-sector
client_04622,JAB HOLDING COMPANY,24,24,62,Other / Multi-sector
client_04623,KIRKLAND & ELLIS LLP,25,25,91,Other / Multi-sector
client_04624,"KREINDLER & KREINDLER (FOR CERTAIN PLAINTIFFS IN ""9/11"" LITIGATION)",8,8,304,Other / Multi-sector
client_04626,LAKE CHARLES HARBOR & TERMINAL DISTRICT,351,351,255,Other / Multi-sector
client_04627,LOEWS HOTELS HOLDING CORPORATION,196,196,62,Other / Multi-sector
client_04628,LUPUS RESEARCH ALLIANCE,67,67,535,Other / Multi-sector
client_04629,"MAERSK LINE, LIMITED",36,36,2152,Other / Multi-sector
client_04630,MALLINCKRODT LLC,239,239,62,Other / Multi-sector / Healthcare & Pharma
client_04631,NATIONAL AMERICAN INDIAN HOUSING COUNCIL,58,58,62,Other / Multi-sector
client_04632,NATIONAL FUNERAL DIRECTORS ASSOCIATION,81,81,62,Other / Multi-sector / Healthcare & Pharma
client_04633,"NATIONAL ORGANIC COALITION, INC FKA ""RURAL ADVANCEMENT FOUNDATION INTERN...""",178,178,359,Other / Multi-sector
client_04634,"NOBLE SUPPLY & LOGISTICS, LLC",8,8,79,Other / Multi-sector
client_04635,OCHSNER CLINIC FOUNDATION DBA OCHSNER HEALTH,100,100,62,Other / Multi-sector / Healthcare & Pharma
client_04636,PEOPLE-TEC,5,5,2359,Other / Multi-sector
client_04637,PHEASANTS FOREVER INC,80,80,1469,Other / Multi-sector
client_04638,PUTNAM INVESTMENTS,4,4,62,Other / Multi-sector
client_04639,QUINTILLION,5,5,62,Other / Multi-sector
client_04640,REGIONAL ONE HEALTH,216,216,62,Other / Multi-sector / Healthcare & Pharma
client_04641,"SKYWORKS SOLUTIONS, INC.",121,121,62,Other / Multi-sector
client_04642,SOLIS MAMMOGRAPHY,216,216,62,Other / Multi-sector / Healthcare & Pharma
client_04643,TRANSAMERICA COMPANIES,74,74,62,Other / Multi-sector
client_04644,UNIVERSITY OF TOLEDO,21,21,132,Other / Multi-sector / Education & Research
client_04645,U.S. JUSTICE ACTION NETWORK AND FIX FORFEITURE,138,138,62,Other / Multi-sector
client_04646,"WASTE MANAGEMENT, INC.",79,79,62,Other / Multi-sector
client_04648,ZERO EMISSION TRANSPORTATION ASSOCIATION (ZETA),48,48,12,Other / Multi-sector
client_04649,"ZEROEYES, INC.",121,121,172,Other / Multi-sector
client_04650,"ZEROFOX, INC.",8,8,62,Other / Multi-sector
client_04651,BENETECH INITIATIVE,37,37,0,Other / Multi-sector / Education & Research
client_04652,THE ALS ASSOCIATION,169,169,1031,Other / Multi-sector / Healthcare & Pharma
client_04653,"HEALTHPEAK PROPERTIES, INC. FKA PHYSICIANS REALTY TRUST",104,104,983,Other / Multi-sector / Healthcare & Pharma
client_04654,NCTA - THE INTERNET AND TELEVISION ASSOCIATION,95,95,62,Other / Multi-sector
client_04655,PIEDMONT MUNICIPAL POWER AGENCY,78,78,1906,Other / Multi-sector / Energy & Environment
client_04656,DISTRICT HOSPITAL LEADERSHIP FORUM,216,216,2269,Other / Multi-sector / Healthcare & Pharma
client_04657,CREDIT.COM (FORMERLY KNOWN AS PROGREXION ASG),195,195,62,Other / Multi-sector / Finance & Banking
client_04658,ENCHANT ENERGY CORPORATION,129,129,62,Other / Multi-sector / Energy & Environment
client_04659,AMERICAN SOCIETY FOR GASTROINTESTINAL ENDOSCOPY,100,100,906,Other / Multi-sector / Healthcare & Pharma
client_04660,BAYLOR SCOTT AND WHITE HEALTH -- FORMERLY BAYLOR HEALTH CARE SYSTEM,169,169,983,Other / Multi-sector / Healthcare & Pharma
client_04661,NATIONAL TRUST COMMUNITY INVESTMENT CORPORATION,34,34,396,Other / Multi-sector
client_04662,PORT OF BEAUMONT,133,133,1250,Other / Multi-sector / Transportation & Auto
client_04663,AAPAN,216,216,62,Other / Multi-sector / Healthcare & Pharma
client_04664,"AEVEX AEROSPACE, LLC",5,5,1180,Other / Multi-sector
client_04665,ALABAMA STATE PORT AUTHORITY,270,270,62,Other / Multi-sector / Education & Research
client_04666,AMERICAN ASSOCIATION OF COLLEGES OF OSTEOPATHIC MEDICINE,216,216,62,Other / Multi-sector / Healthcare & Pharma
client_04667,AMERICAN AUTOMOTIVE LEASING ASSOCIATION,181,181,62,Other / Multi-sector / Energy & Environment
client_04668,AMERICAN BRAIN COALITION,67,67,535,Other / Multi-sector
client_04669,AMERICAN FEED INDUSTRY ASSOCIATION (AFIA),340,340,62,Other / Multi-sector / Government & Nonprofit
client_04670,BUHLER QUALITY YARNS CORPORATION,45,45,62,Other / Multi-sector
client_04671,CAREQUEST INSTITUTE FOR ORAL HEALTH (F/K/A CATALYST INSTITUTE),100,100,62,Other / Multi-sector / Healthcare & Pharma
client_04672,CBC MORTGAGE AGENCY,195,195,62,Other / Multi-sector / Finance & Banking
client_04673,CEMEX INC,36,36,467,Other / Multi-sector
client_04674,CHAMBER OF PROGRESS,30,30,62,Other / Multi-sector
client_04675,"CHURCHILL DOWNS, INCORPORATED",67,67,62,Other / Multi-sector
client_04676,CITY OF ST GEORGE,133,133,62,Other / Multi-sector / Transportation & Auto
client_04677,CONVENIENCE DISTRIBUTION ASSOCIATION,19,19,62,Other / Multi-sector
client_04678,"COX ENTERPRISES, INC.",34,34,62,Other / Multi-sector
client_04679,CRRC SIFANG AMERICA INCORPORATED,72,72,62,Other / Multi-sector
client_04680,DELTA OFFSHORE ENERGY AMERICA'S LLC,78,78,1153,Other / Multi-sector / Energy & Environment
client_04681,DESERT WATER AGENCY,33,33,112,Other / Multi-sector / Government & Nonprofit
client_04682,EYECARE PARTNERS LLC,62,62,62,Healthcare & Pharma / Other / Multi-sector
client_04683,GCI HOLDINGS LLC,34,34,62,Other / Multi-sector
client_04684,GEORGE MASON UNIVERSITY,56,56,62,Other / Multi-sector
client_04685,GRUBHUB HOLDINGS INC.,25,25,62,Other / Multi-sector
client_04686,H-E-B,62,62,62,Healthcare & Pharma / Other / Multi-sector
client_04687,HEALTHCARE BUSINESS & MANAGEMENT ASSOC (FKA HEALTHCARE BILLING & MGMT),62,62,1090,Healthcare & Pharma / Other / Multi-sector
client_04688,HERO HOMES,67,67,1954,Other / Multi-sector
client_04689,INNOVATIVE VACCINE TECHNOLOGIES,67,67,62,Other / Multi-sector
client_04690,"INTEGRA CONNECT, LLC",100,100,62,Other / Multi-sector / Healthcare & Pharma
client_04691,IRISH DISTILLERS,109,109,319,Other / Multi-sector
client_04692,JACKSONVILLE AVIATION AUTHORITY,36,36,1463,Other / Multi-sector
client_04693,KOLMAR AMERICAS INC.,238,238,62,Other / Multi-sector / Energy & Environment
client_04694,LAS VEGAS SANDS,345,345,62,Other / Multi-sector / Transportation & Auto
client_04695,LIGGETT VECTOR BRANDS LLC,109,109,62,Other / Multi-sector
client_04696,LOS ANGELES WORLD AIRPORTS (LAWA),149,149,62,Technology & Telecom / Other / Multi-sector
client_04697,NATIONAL IMMIGRATION FORUM ACTION (FKA AMERICA IS BETTER),145,145,62,Other / Multi-sector / Education & Research
client_04698,PARK CITY UTAH,146,146,854,Other / Multi-sector / Energy & Environment
client_04699,PARTNER THERAPEUTICS,49,49,62,Other / Multi-sector / Healthcare & Pharma
client_04700,PUERTO RICO DEPARTMENT OF HEALTH,100,100,62,Other / Multi-sector / Healthcare & Pharma
client_04701,PUTALA STRATEGIES LLC (ON BEHALF OF PARTNER THERAPEUTICS),216,216,172,Other / Multi-sector / Healthcare & Pharma
client_04702,"REMITLY, INC.",24,24,62,Other / Multi-sector
client_04703,RESEARCH SOCIETY ON ALCOHOL (FORMERLY KNOWNS AS RESEARCH SOCIETY ON ALCOHOLISM),67,67,62,Other / Multi-sector
client_04704,ROCHE DIAGNOSTICS,216,216,62,Other / Multi-sector / Healthcare & Pharma
client_04705,STANFORD UNIVERSITY,55,55,62,Other / Multi-sector / Energy & Environment
client_04706,TOWNES 5G LLC,95,95,229,Other / Multi-sector
client_04707,UNITED FOR PATENT REFORM,163,163,62,Other / Multi-sector
client_04708,VANTEO (FORMERLY KNOWN AS BDV SOLUTIONS),74,74,62,Other / Multi-sector
client_04709,VIRGINIA HOSPITAL & HEALTHCARE ASSOCIATION,100,100,62,Other / Multi-sector / Healthcare & Pharma
client_04711,W R GRACE,322,322,62,Other / Multi-sector
client_04712,"WASTE CONTROL SPECIALISTS, LLC",158,158,62,Other / Multi-sector / Energy & Environment
client_04713,WATER REPLENISHMENT DISTRICT OF SOUTHERN CALIFORNIA,7,7,1464,Other / Multi-sector
client_04714,WEDGEWOOD PHARMACY LLC,67,67,62,Other / Multi-sector
client_04715,"YOUNG ADULT INSTITUTE, INC.",37,37,674,Other / Multi-sector / Education & Research
client_04716,ARKANSAS FARM BUREAU FEDERATION,6,6,65,Other / Multi-sector
client_04717,CONSUMER TECHNOLOGY ASSOCIATION (FKA CONSUMER ELECTRONICS ASSOCIATION (CEA)),36,36,62,Other / Multi-sector
client_04718,ACTORS' EQUITY,30,30,79,Other / Multi-sector
client_04719,LEXINGTON LAW,195,195,62,Other / Multi-sector / Finance & Banking
client_04720,PETROLEUM MARKETERS ASSOCIATION OF AMERICA,181,181,542,Other / Multi-sector / Energy & Environment
client_04721,STATE FEDERAL STRATEGIES ON BEHALF OF TC ENERGY,87,87,159,Other / Multi-sector
client_04722,CITY OF LAGUNA BEACH,83,83,62,Other / Multi-sector
client_04723,A16Z CAPITAL MANAGEMENT LLC,195,195,62,Other / Multi-sector / Finance & Banking
client_04724,ADVANCED FUNCTIONAL FABRICS OF AMERICA,5,5,676,Other / Multi-sector
client_04725,"AMERICAN BUS ASSOCIATION, INC.",19,19,62,Other / Multi-sector
client_04726,AMERICAN NURSES ASSOCIATION,21,21,1119,Other / Multi-sector / Education & Research
client_04727,APPLIED DIGITAL,78,78,62,Other / Multi-sector / Energy & Environment
client_04728,ARGENTUM,49,49,438,Other / Multi-sector / Healthcare & Pharma
client_04729,ASSOCIATION FOR MATERIALS PROTECTION AND PERFORMANCE (FORMERLY NACE INT.),72,72,62,Other / Multi-sector
client_04730,ASSOCIATION OF SCHOOLS AND PROGRAMS OF PUBLIC HEALTH,67,67,62,Other / Multi-sector
client_04731,AVEDA INSTITUTE COALITION (INFORMAL COALITION),34,34,1623,Other / Multi-sector
client_04732,BIOSTAR MEDICAL LLC,60,60,91,Other / Multi-sector / Healthcare & Pharma
client_04733,BOWERY FARMING INC.,80,80,62,Other / Multi-sector
client_04734,CARPET & RUG INSTITUTE,61,61,1119,Other / Multi-sector
client_04735,"CASTLE HARLAN, INC.",195,195,62,Other / Multi-sector / Finance & Banking
client_04736,CATALYST PHARMACEUTICALS,216,216,62,Other / Multi-sector / Healthcare & Pharma
client_04737,CENTER FOR HUMANE TECHNOLOGY,323,323,62,Other / Multi-sector / Technology & Telecom
client_04738,CHEVRON CORP.,109,109,62,Other / Multi-sector
client_04739,"CIGAR ASSOCIATION OF AMERICA, INC.",41,41,79,Other / Multi-sector
client_04740,CITY OF DETROIT,41,41,62,Other / Multi-sector
client_04741,"CITY OF EVERETT, WA",204,204,62,Other / Multi-sector
client_04742,"CITY OF KNOXVILLE, TENNESSEE",347,347,111,Other / Multi-sector
client_04743,"CONSOLIDATED METCO, INC.",19,19,603,Other / Multi-sector
client_04744,COORSTEK INC,222,222,1088,Other / Multi-sector
client_04745,CUSTOMIZED LOGISTICS & DELIVERY ASSN. (FORMERLY MESSENGER COURIER ASSOCIATION),188,188,62,Other / Multi-sector / Education & Research
client_04746,DE BEERS UK LIMITED (DBUK),5,5,62,Other / Multi-sector
client_04747,DIRECTV,4,4,62,Other / Multi-sector
client_04748,DYNCORP INTERNATIONAL LLC,50,50,62,Other / Multi-sector
client_04749,"FASKEN OIL AND RANCH, LTD.",87,87,62,Other / Multi-sector
client_04750,FEDERAL HOME LOAN BANK OF DES MOINES (FORMERLY KNOWN AS SEATTLE/DES MOINES),111,111,62,Other / Multi-sector / Finance & Banking
client_04751,GECKO ROBOTICS,227,227,62,Other / Multi-sector / Energy & Environment
client_04752,GOLDEN PASS LNG TERMINAL LLC (FORMERLY KNOWN AS GOLDEN PASS PRODUCTS LLC),78,78,62,Other / Multi-sector / Energy & Environment
client_04753,GRAND CANYON UNIVERSITY,37,37,62,Other / Multi-sector / Education & Research
client_04754,HOSPITALS FOR ACCOUNTABILITY THROUGH JUDICIAL REVIEW,62,62,62,Healthcare & Pharma / Other / Multi-sector
client_04755,"HOWELL LABORATORIES, INC.",134,134,62,Other / Multi-sector
client_04756,INFINERA CORPORATION,95,95,62,Other / Multi-sector
client_04758,INTERSYSTEMS,35,35,2287,Other / Multi-sector / Healthcare & Pharma
client_04759,KAREN BACARDI,74,74,928,Other / Multi-sector
client_04760,LIFESHARE TRANSPLANT DONOR SERVICES OF OKLAHOMA,35,35,62,Other / Multi-sector / Healthcare & Pharma
client_04761,LOUISIANA MID-CONTINENT OIL AND GAS ASSOCIATION (LMOGA),336,336,62,Energy & Environment / Other / Multi-sector
client_04762,"MEDICAL FACULTY ASSOCIATES, INC.",100,100,62,Other / Multi-sector / Healthcare & Pharma
client_04763,MIRABELLA SG SPA,5,5,535,Other / Multi-sector
client_04764,"MOTOROLA SOLUTIONS, INC.",67,67,62,Other / Multi-sector
client_04765,MSGN HOLDINGS L.P.,95,95,62,Other / Multi-sector
client_04766,"MT PHARMA AMERICA, INC.",100,100,62,Other / Multi-sector / Healthcare & Pharma
client_04767,NATIONAL ASSOCIATION FOR STOCK CAR AUTO RACING,122,122,2102,Other / Multi-sector
client_04768,NATIONAL CENTER FOR DEFENSE MANUFACTURING & MACHINING,67,67,62,Other / Multi-sector
client_04769,"NAVIGATE AFFORDABLE HOUSING PARTNERS, INC.",67,67,62,Other / Multi-sector
client_04770,NORTH AMERICAN DIE CASTING ASSOCIATION,95,95,617,Other / Multi-sector
client_04771,NORTHROP GRUMMAN SYSTEMS CORPORATION,261,261,62,Other / Multi-sector
client_04772,NORTHWEST RIVERPARTNERS,70,70,62,Other / Multi-sector / Energy & Environment
client_04773,NUCLEAR DEVELOPMENT LLC,78,78,597,Other / Multi-sector / Energy & Environment
client_04774,PENINSULA CORRIDOR JOINT POWERS BOARD,27,27,62,Other / Multi-sector
client_04775,"POLARIS INDUSTRIES, INC.",269,269,62,Other / Multi-sector
client_04776,PRINTED CIRCUIT BOARD ASSOCIATION OF AMERICA,5,5,62,Other / Multi-sector
client_04777,PSGC (PRAIRIE STATE GENERATING COMPANY),23,23,62,Other / Multi-sector / Energy & Environment
client_04778,"REVELLE AESTHETICS, INC.",60,60,91,Other / Multi-sector / Healthcare & Pharma
client_04779,RIVERBRIDGE SPECIALTY HOSPITAL,62,62,255,Healthcare & Pharma / Other / Multi-sector
client_04780,"SAMUMED, LLC",104,104,62,Other / Multi-sector / Healthcare & Pharma
client_04781,SAREPTA THERAPEUTICS,100,100,62,Other / Multi-sector / Healthcare & Pharma
client_04782,SEATTLE ARENA COMPANY,233,233,172,Other / Multi-sector / Transportation & Auto
client_04783,SEQIRUS USA INC,8,8,62,Other / Multi-sector
client_04784,SIMPLOT CO. J.R.,6,6,1890,Other / Multi-sector
client_04785,"TAPESTRY, INC.",109,109,62,Other / Multi-sector
client_04786,THE ASHCROFT LAW FIRM (ON BEHALF OF BASSEM AWADALLAH),50,50,91,Other / Multi-sector
client_04787,THE NATIONAL WILDLIFE FEDERATION ACTION FUND,80,80,62,Other / Multi-sector
client_04788,ULSE INC. D/B/A UL STANDARDS & ENGAGEMENT,170,170,62,Other / Multi-sector / Legal & Lobbying
client_04789,UNIPER GLOBAL COMMODITIES NORTH AMERICA LLC,57,57,62,Other / Multi-sector / Energy & Environment
client_04790,"VALNEVA USA, INC.",216,216,62,Other / Multi-sector / Healthcare & Pharma
client_04791,"VERIZON COMMUNICATIONS, INC.",95,95,62,Other / Multi-sector
client_04792,VERIZON,127,127,62,Other / Multi-sector / Legal & Lobbying
client_04793,"VIA TRANSPORTATION, INC.",27,27,62,Other / Multi-sector
client_04794,"VILLAGE OF PLAINFIELD, IL",133,133,951,Other / Multi-sector / Transportation & Auto
client_04795,VILLANOVA UNIVERSITY,56,56,62,Other / Multi-sector
client_04796,VIRTU FINANCIAL,195,195,326,Other / Multi-sector / Finance & Banking
client_04797,WALMART INC.,216,216,79,Other / Multi-sector / Healthcare & Pharma
client_04798,WESTCOR LAND TITLE INSURANCE COMPANY,221,221,62,Other / Multi-sector
client_04799,"WILD LANDSCAPES, INC.",67,67,62,Other / Multi-sector
client_04800,ZAI LAB (US) LLC,117,117,62,Other / Multi-sector / Healthcare & Pharma
client_04801,CENTRAL ROMANA CORPORATION,45,45,1103,Other / Multi-sector
client_04802,NAVY LEAGUE OF THE UNITED STATES,281,281,1495,Other / Multi-sector / Government & Nonprofit
client_04803,TDS TELECOMMUNICATIONS CORPORATION,95,95,2209,Other / Multi-sector
client_04804,ECOSYSTEM INVESTMENT PARTNERS,17,17,12,Other / Multi-sector
client_04805,FIRST COMMAND FINANCIAL SERVICES,261,261,62,Other / Multi-sector
client_04806,"GEOOPTICS, INC.",8,8,1035,Other / Multi-sector
client_04807,HUSCH BLACKWELL LLP ON BEHALF OF MONARCH-CHESTERFIELD LEVEE DISTRICT,36,36,62,Other / Multi-sector
client_04808,ALZHEIMER'S FOUNDATION OF AMERICA,157,157,438,Other / Multi-sector / Education & Research
client_04809,COUNTY OF SANTA BARBARA,50,50,1017,Other / Multi-sector
client_04810,HACKENSACK UNIVERSITY HEALTH NETWORK,85,85,1430,Other / Multi-sector / Healthcare & Pharma
client_04811,LAS VIRGENES-TRIUNFO JOINT POWERS AUTHORITY,91,91,605,Other / Multi-sector
client_04812,GILBERT HYATT,163,163,559,Other / Multi-sector
client_04813,THE SENTENCING PROJECT,138,138,62,Other / Multi-sector
client_04814,202 GROUP BLUEVOYANT FEDERAL,5,5,988,Other / Multi-sector
client_04815,ABILENE CHRISTIAN UNIVERSITY,78,78,62,Other / Multi-sector / Energy & Environment
client_04816,AERION CORPORATION,149,149,62,Technology & Telecom / Other / Multi-sector
client_04817,ALARM.COM,175,175,62,Other / Multi-sector
client_04818,AMERESCO,57,57,62,Other / Multi-sector / Energy & Environment
client_04819,AMERICAN ASSOCIATION OF TEACHING HEALTH CENTERS,67,67,62,Other / Multi-sector
client_04820,ATLANTIC DIVING SUPPLY INC. (ADS INC.),5,5,1319,Other / Multi-sector
client_04821,BARCLAYS US GPF INC.,4,4,1029,Other / Multi-sector
client_04823,CEDRUS BANK,195,195,62,Other / Multi-sector / Finance & Banking
client_04824,COMMITTEE OF ANNUITY INSURERS,4,4,62,Other / Multi-sector
client_04825,CROPLIFE AMERICA,6,6,112,Other / Multi-sector
client_04826,CRYSTALLEX,198,198,62,Other / Multi-sector
client_04827,DALRADIAN USA,17,17,319,Other / Multi-sector
client_04828,DE BEERS PLC,152,152,2393,Other / Multi-sector
client_04829,DREW COMPANY,67,67,928,Other / Multi-sector
client_04830,ELION PARTNERS,27,27,1114,Other / Multi-sector
client_04831,ENTRUST TECHNOLOGIES,67,67,62,Other / Multi-sector
client_04832,EVERGLADES UNIVERSITY,37,37,508,Other / Multi-sector / Education & Research
client_04833,FIRST FIVE ACTION FUND,41,41,62,Other / Multi-sector
client_04834,GAVI ALLIANCE (FORMERLY KNOWN AS THE GAVI FUND),67,67,421,Other / Multi-sector
client_04835,GOLDEN PASS LNG TERMINAL LLC - FKA - GOLDEN PASS PRODUCTS LLC,96,96,62,Other / Multi-sector / Energy & Environment
client_04836,"HILLWOOD, FKA ALLIANCE AIR SERVICES",72,72,62,Other / Multi-sector
client_04837,KENNEDY KRIEGER INSTITUTE,8,8,62,Other / Multi-sector
client_04838,LIVANOVA USA,239,239,62,Other / Multi-sector / Healthcare & Pharma
client_04839,MARION COUNTY OREGON,27,27,60,Other / Multi-sector
client_04840,MEALS ON WHEELS AMERICA,241,241,62,Other / Multi-sector
client_04841,"MERCK & CO., INC.",239,239,62,Other / Multi-sector / Healthcare & Pharma
client_04842,MLA ASSOCIATES ON BEHALF OF CLARK STREET ASSOCIATES LLC ON BEHALF OF QORVO,85,85,1718,Other / Multi-sector / Healthcare & Pharma
client_04843,MONTEREY BAY AQUARIUM,18,18,79,Other / Multi-sector
client_04844,NATIONAL RAILROAD CONSTRUCTION AND MAINTENANCE ASSOCIATION,233,233,951,Other / Multi-sector / Transportation & Auto
client_04845,ORSTED OFFSHORE NORTH AMERICA,34,34,62,Other / Multi-sector
client_04846,PAYMENTS LEADERSHIP COUNCIL,111,111,62,Other / Multi-sector / Finance & Banking
client_04847,"PORSCHE CARS NORTH AMERICA, INC.",158,158,62,Other / Multi-sector / Energy & Environment
client_04848,PRIMEX FAMILY OF COMPANIES,45,45,62,Other / Multi-sector
client_04849,"RECYCLED MATERIALS ASSOCIATION FKA INSTITUTE OF SCRAP RECYCLING INDUSTRIES, INC",6,6,62,Other / Multi-sector
client_04850,SENTRY DATA SYSTEMS,216,216,1123,Other / Multi-sector / Healthcare & Pharma
client_04851,TENNECO INC,14,14,62,Other / Multi-sector
client_04852,"THE WILLIAMS COMPANIES, INC.",78,78,62,Other / Multi-sector / Energy & Environment
client_04853,TRIDEUM CORPORATION,5,5,62,Other / Multi-sector
client_04854,"UPSIDE FOODS (FKA MEMPHIS MEATS, INC.)",80,80,62,Other / Multi-sector
client_04855,URAC,62,62,2290,Healthcare & Pharma / Other / Multi-sector
client_04856,"VANTAGEKNIGHT, INC. ON BEHALF OF CITGO PETROLEUM CORPORATION",78,78,664,Other / Multi-sector / Energy & Environment
client_04857,WASTE MANAGEMENT,124,124,62,Other / Multi-sector / Legal & Lobbying
client_04858,TA AHERN CONTRACTORS CORP.,131,131,674,Other / Multi-sector / Legal & Lobbying
client_04859,BRENNAN CENTER FOR JUSTICE AT NEW YORK UNIVERSITY SCHOOL OF LAW,127,127,79,Other / Multi-sector / Legal & Lobbying
client_04860,"GREAT AMERICAN OUTDOORS GROUP, LLC",120,120,62,Other / Multi-sector / Energy & Environment
client_04861,OWL ROCK CAPITAL PARTNERS,4,4,62,Other / Multi-sector
client_04862,RAYTHEON COMPANY,5,5,438,Other / Multi-sector
client_04863,WORCESTER POLYTECHNIC INSTITUTE (WPI),56,56,62,Other / Multi-sector
client_04864,TACOMA WASHINGTON,259,259,1132,Other / Multi-sector
client_04865,RAPE ABUSE & INCEST NATIONAL NETWORK,294,294,427,Other / Multi-sector
client_04866,"CROSS SOUND FERRY SERVICES, INC.",230,230,542,Legal & Lobbying / Government & Nonprofit
client_04867,CORPORACION INTERNACIONAL CEMCAL,198,198,62,Other / Multi-sector
client_04868,GPS INNOVATION ALLIANCE,281,281,2017,Other / Multi-sector / Government & Nonprofit
client_04869,AMERICAN SOCIETY OF TROPICAL MEDICINE AND HYGIENE,261,261,255,Other / Multi-sector
client_04870,ARIEL INVESTMENTS,24,24,62,Other / Multi-sector
client_04871,ASCENSUS,195,195,928,Other / Multi-sector / Finance & Banking
client_04872,ATRIUM,8,8,62,Other / Multi-sector
client_04873,BOONE AND CROCKETT CLUB,17,17,62,Other / Multi-sector
client_04874,CATFISH FARMERS OF AMERICA,231,231,62,Legal & Lobbying / Other / Multi-sector
client_04875,CCIA (CONSUMER CREDIT INDUSTRY ASSOCIATION),111,111,62,Other / Multi-sector / Finance & Banking
client_04876,CEPHEID,62,62,62,Healthcare & Pharma / Other / Multi-sector
client_04877,"CITY OF ALAMEDA, CALIFORNIA",67,67,1132,Other / Multi-sector
client_04878,CLIMEWORKS CORPORATION,23,23,62,Other / Multi-sector / Energy & Environment
client_04879,COALITION FOR AMERICAN INSURANCE,34,34,62,Other / Multi-sector
client_04880,COALITION FOR CLIMATE SMART AGRICULTURE FKA SUSTAINABLE SUPPLY CHAIN COALITION,80,80,62,Other / Multi-sector
client_04881,"COAST PROFESSIONAL, INC.",41,41,62,Other / Multi-sector
client_04882,CORFIN HOLDINGS INC. DBA MICROSS,121,121,62,Other / Multi-sector
client_04883,CURRAX PHARMACEUTICALS LLC,60,60,62,Other / Multi-sector / Healthcare & Pharma
client_04884,DOMINICAN SUGAR INDUSTRY COALITION,25,25,62,Other / Multi-sector
client_04885,"ENGIE NORTH AMERICA, INC.",102,102,12,Other / Multi-sector / Energy & Environment
client_04886,EPC POWER,102,102,62,Other / Multi-sector / Energy & Environment
client_04887,"FINANCIAL INDUSTRY REGULATORY AUTHORITY (""FINRA"", FORMERLY NASD)",195,195,62,Other / Multi-sector / Finance & Banking
client_04888,FREEDOM HOLDING CORP,120,120,62,Other / Multi-sector / Energy & Environment
client_04889,GHGSAT INC.,61,61,62,Other / Multi-sector
client_04890,INTERNATIONAL CHAMBER OF COMMERCE,45,45,1275,Other / Multi-sector
client_04891,"JACKSON HEWITT, INC.",4,4,62,Other / Multi-sector
client_04892,JUVARE,190,190,79,Other / Multi-sector
client_04893,LANDRY'S,43,43,62,Other / Multi-sector
client_04894,"LG CHEM, LTD.",48,48,62,Other / Multi-sector
client_04895,"LOCKE LORD LLP (ON BEHALF OF LINCOLN MILITARY HOUSING, LLC)",59,59,62,Other / Multi-sector / Real Estate & Construction
client_04896,MAUREL & PROM,198,198,62,Other / Multi-sector
client_04897,"MCS HEALTHCARE HOLDINGS, LLC",168,168,62,Other / Multi-sector / Healthcare & Pharma
client_04898,MESSER FINANCIAL GROUP,195,195,0,Other / Multi-sector / Finance & Banking
client_04899,METAL SHARK BOATS,8,8,62,Other / Multi-sector
client_04900,NAHIGIAN STRATEGIES ON BEHALF OF CLARIOS,23,23,91,Other / Multi-sector / Energy & Environment
client_04901,NEWS CORPORATION,25,25,62,Other / Multi-sector
client_04902,"NISSAN NORTH AMERICA, INC.",269,269,62,Other / Multi-sector
client_04903,NORTH DAKOTA GRAIN GROWERS ASSOCIATION,17,17,285,Other / Multi-sector
client_04904,NYDIG,195,195,62,Other / Multi-sector / Finance & Banking
client_04905,ORANO USA LLC,158,158,62,Other / Multi-sector / Energy & Environment
client_04906,PEC INC.,5,5,988,Other / Multi-sector
client_04907,PSEG,34,34,62,Other / Multi-sector
client_04908,"RACKSPACE US, INC.",24,24,79,Other / Multi-sector
client_04909,REFLEXION MEDICAL,62,62,62,Healthcare & Pharma / Other / Multi-sector
client_04910,"REPUBLIC AIRLINES, INC.",149,149,62,Technology & Telecom / Other / Multi-sector
client_04911,RI INTERNATIONAL,216,216,239,Other / Multi-sector / Healthcare & Pharma
client_04912,ROLLS-ROYCE NORTH AMERICA,5,5,62,Other / Multi-sector
client_04913,SEACORP,5,5,676,Other / Multi-sector
client_04914,SERRALLES DISTILLERY,4,4,1547,Other / Multi-sector
client_04915,"SERVICENOW, INC.",2,2,62,Other / Multi-sector
client_04916,SIGNIFY LIGHTING NORTH AMERICA CORPORATION,102,102,1119,Other / Multi-sector / Energy & Environment
client_04917,THE COLLEGE AND UNIVERSITY PROFESSIONAL ASSOCIATION FOR HUMAN RESOURCES,30,30,62,Other / Multi-sector
client_04918,U.S. BEET SUGAR ASSOCIATION (USBSA),116,116,62,Other / Multi-sector
client_04919,VMWARE LLC,8,8,62,Other / Multi-sector
client_04920,WASHOE COUNTY REGIONAL TRANSPORTATION COMMISSION,27,27,62,Other / Multi-sector
client_04921,WATER QUALITY ASSOCIATION,244,244,62,Legal & Lobbying / Government & Nonprofit
client_04922,"WEST END PROPERTY II, LLC",4,4,542,Other / Multi-sector
client_04923,WILL COUNTY,27,27,1114,Other / Multi-sector
client_04924,YELLOW CORPORATION,54,54,62,Other / Multi-sector / Government & Nonprofit
client_04925,COALITION TO STOP FLU,49,49,62,Other / Multi-sector / Healthcare & Pharma
client_04926,LPC CONSERVATION LLC,17,17,62,Other / Multi-sector
client_04927,MOORESVILLE-NC TOWN OF,199,199,582,Other / Multi-sector
client_04928,THE SEATTLE TIMES,67,67,172,Other / Multi-sector
client_04929,WATERFORD INSTITUTE,37,37,1869,Other / Multi-sector / Education & Research
client_04930,BAY AREA AIR QUALITY MANAGEMENT DISTRICT,147,147,62,Other / Multi-sector
client_04931,ALLIANCE FOR PLANT BASED INCLUSION,80,80,62,Other / Multi-sector
client_04932,AMERICAN COLLEGE OF GASTROENTEROLOGY,62,62,62,Healthcare & Pharma / Other / Multi-sector
client_04933,AMERICAN COLLEGE OF RADIATION ONCOLOGY,168,168,62,Other / Multi-sector / Healthcare & Pharma
client_04934,"AMERICAN CONSOLIDATED NATURAL RESOURCES OBO FORESIGHT ENERGY RESOURCES, LLC",6,6,62,Other / Multi-sector
client_04935,AMERICAN COUNCIL ON THE TEACHING OF FOREIGN LANGUAGES,37,37,0,Other / Multi-sector / Education & Research
client_04936,AMERICANS FOR CARBON DIVIDENDS (FORMERLY LISTED AS CLIMATE LEADERSHIP COUNCIL),238,238,62,Other / Multi-sector / Energy & Environment
client_04937,AMNEAL PHARMACEUTICAL,216,216,62,Other / Multi-sector / Healthcare & Pharma
client_04938,APIXIO,62,62,1938,Healthcare & Pharma / Other / Multi-sector
client_04939,AUTOMOTIVE COALITION FOR TRAFFIC SAFETY,36,36,62,Other / Multi-sector
client_04940,"BERRY AVIATION, INC.",5,5,62,Other / Multi-sector
client_04941,CARBON SOLUTIONS GROUP,78,78,62,Other / Multi-sector / Energy & Environment
client_04942,"CITY OF PORT ST. LUCIE, FL",39,39,459,Other / Multi-sector
client_04943,"CLARK STREET ASSOCIATES ON BEHALF OF IONQ, INC.",8,8,62,Other / Multi-sector
client_04944,CTS CEMENT MANUFACTURING CORPORATION,95,95,725,Other / Multi-sector
client_04945,DIABETIC WOUND AWARENESS PAC,168,168,91,Other / Multi-sector / Healthcare & Pharma
client_04946,ELBIT SYSTEMS OF AMERICA,5,5,62,Other / Multi-sector
client_04947,"FARM JOURNAL, INC.",80,80,62,Other / Multi-sector
client_04948,FLORIDA FRUIT AND VEGETABLE ASSOCIATION,6,6,62,Other / Multi-sector
client_04949,HALKBANK,111,111,113,Other / Multi-sector / Finance & Banking
client_04950,HEXCEL CORPORATION,152,152,62,Other / Multi-sector
client_04951,HIGH POINT AEROTECHNOLOGIES LLC,5,5,62,Other / Multi-sector
client_04952,ILLINOIS TOOL WORKS,48,48,1273,Other / Multi-sector
client_04953,INDEPENDENT HEALTH,62,62,1938,Healthcare & Pharma / Other / Multi-sector
client_04954,INTERNATIONAL ASSOCIATION OF FIRE CHIEFS,21,21,1029,Other / Multi-sector / Education & Research
client_04955,KONTOOR BRANDS,45,45,62,Other / Multi-sector
client_04956,L.A. CARE HEALTH PLAN,216,216,62,Other / Multi-sector / Healthcare & Pharma
client_04957,LAKE CHARLES REGIONAL AIRPORT,27,27,255,Other / Multi-sector
client_04958,LIBERTY LATIN AMERICA,95,95,62,Other / Multi-sector
client_04959,MASTERCARD INTERNATIONAL INCORPORATED,4,4,62,Other / Multi-sector
client_04960,MEGVII TECHNOLOGY GROUP,121,121,62,Other / Multi-sector
client_04961,"METLIFE GROUP, INC. (FKA METLIFE SERVICES AND SOLUTIONS, LLC)",216,216,62,Other / Multi-sector / Healthcare & Pharma
client_04962,MHP FOOD TRADING LLC,6,6,91,Other / Multi-sector
client_04963,NET POWER LLC,23,23,62,Other / Multi-sector / Energy & Environment
client_04964,NEXTDOOR,25,25,62,Other / Multi-sector
client_04965,NITRON GROUP LLC,198,198,91,Other / Multi-sector
client_04966,OREGON DEPARTMENT OF CONSUMER AND BUSINESS SERVICES,216,216,62,Other / Multi-sector / Healthcare & Pharma
client_04967,ORGANIC PRODUCE ASSOCIATION,6,6,62,Other / Multi-sector
client_04968,PARALLEL SYSTEMS,96,96,62,Other / Multi-sector / Energy & Environment
client_04970,PREMISE,72,72,62,Other / Multi-sector
client_04971,"PUERTO RICO LEGAL AND EDUCATIONAL FOUNDATION, INC.",168,168,62,Other / Multi-sector / Healthcare & Pharma
client_04972,REAL TIME MEDICAL SYSTEMS,216,216,62,Other / Multi-sector / Healthcare & Pharma
client_04973,SAS,138,138,62,Other / Multi-sector
client_04974,"SAXON, GILMORE & CARRAWAY, P.A. ON BEHALF OF MERIDIAN RIVER DEVELOPMENT CORP.",41,41,62,Other / Multi-sector
client_04975,SECURITIES INDUSTRY AND FINANCIAL MARKETS ASSOCIATION,34,34,111,Other / Multi-sector
client_04976,"SELLERS, DORSEY & ASSOCIATES, LLC",168,168,62,Other / Multi-sector / Healthcare & Pharma
client_04977,SIGMA DEFENSE SYSTEMS LLC,8,8,62,Other / Multi-sector
client_04978,TASKRABBIT,30,30,62,Other / Multi-sector
client_04979,THE CATHOLIC CHURCH EXTENSION SOCIETY OF THE UNITED STATES OF AMERICA,59,59,62,Other / Multi-sector / Real Estate & Construction
client_04980,TOTALENERGIES EP MOZAMBIQUE AREA 1,78,78,91,Other / Multi-sector / Energy & Environment
client_04981,UBER TECHNOLOGIES. INC.,25,25,62,Other / Multi-sector
client_04982,UNITY POINT HEALTH,62,62,62,Healthcare & Pharma / Other / Multi-sector
client_04983,USAGAINSTALZHEIMER'S ACTION,100,100,62,Other / Multi-sector / Healthcare & Pharma
client_04984,WITH HONOR ACTION,50,50,62,Other / Multi-sector
client_04985,HUMANE SOCIETY LEGISLATIVE FUND,80,80,62,Other / Multi-sector
client_04986,COLLEGE OF HEALTHCARE INFORMATION MANAGEMENT EXECUTIVES,282,282,1540,Other / Multi-sector / Healthcare & Pharma
client_04987,DOLLAR GENERAL,62,62,62,Healthcare & Pharma / Other / Multi-sector
client_04988,COAST COMMUNITY COLLEGE DISTRICT,145,145,62,Other / Multi-sector / Education & Research
client_04989,SOCIETY OF CHEMICAL MANUFACTURERS & AFFILIATES,14,14,21,Other / Multi-sector
client_04990,PARKVIEW HEALTH SYSTEM,100,100,1119,Other / Multi-sector / Healthcare & Pharma
client_04991,WASHOE COUNTY,27,27,62,Other / Multi-sector
client_04992,NATIONAL ASSOCIATION OF PEDIATRIC NURSE PRACTITIONERS,21,21,1029,Other / Multi-sector / Education & Research
client_04993,CITY OF BILOXI,67,67,62,Other / Multi-sector
client_04994,D'YOUVILLE UNIVERSITY (FKA D'YOUVILLE COLLEGE),37,37,1851,Other / Multi-sector / Education & Research
client_04995,GREENVILLE UTILITIES COMMISSION,215,215,582,Other / Multi-sector
client_04996,"HEALTH CARE NAVIGATORS, LLC",216,216,667,Other / Multi-sector / Healthcare & Pharma
client_04997,NAHEFFA,4,4,62,Other / Multi-sector
client_04998,NEWNAME BUILDING PERFORMANCE ASSOCIATION(FKA AS HOME PERFORMANCE COALITION),115,115,111,Other / Multi-sector
client_04999,OMEROS CORPORATION,168,168,62,Other / Multi-sector / Healthcare & Pharma
gov_0000,HOUSE OF REPRESENTATIVES,0,0,438,Other / Multi-sector
gov_0001,SENATE,0,0,438,Other / Multi-sector
gov_0002,White House Office,0,0,438,Other / Multi-sector
gov_0003,"Health & Human Services, Dept of (HHS)",216,216,112,Other / Multi-sector / Healthcare & Pharma
gov_0004,"Treasury, Dept of",195,195,111,Other / Multi-sector / Finance & Banking
gov_0005,"Transportation, Dept of (DOT)",149,149,66,Technology & Telecom / Other / Multi-sector
gov_0006,"Commerce, Dept of (DOC)",95,95,66,Other / Multi-sector
gov_0007,Environmental Protection Agency (EPA),61,61,111,Other / Multi-sector
gov_0008,"Agriculture, Dept of (USDA)",80,80,111,Other / Multi-sector
gov_0009,U.S. Trade Representative (USTR),92,92,112,Government & Nonprofit / Other / Multi-sector
gov_0010,"Energy, Dept of",78,78,112,Other / Multi-sector / Energy & Environment
gov_0011,"Defense, Dept of (DOD)",5,5,112,Other / Multi-sector
gov_0012,Centers For Medicare and Medicaid Services (CMS),168,168,438,Other / Multi-sector / Healthcare & Pharma
gov_0013,Executive Office of the President (EOP),201,201,112,Other / Multi-sector / Education & Research
gov_0014,"Homeland Security, Dept of (DHS)",74,74,111,Other / Multi-sector
gov_0015,Office of Management & Budget (OMB),97,97,112,Government & Nonprofit / Healthcare & Pharma
gov_0016,"State, Dept of (DOS)",92,92,112,Government & Nonprofit / Other / Multi-sector
gov_0017,"Labor, Dept of (DOL)",98,98,111,Government & Nonprofit / Other / Multi-sector
gov_0018,"Interior, Dept of (DOI)",263,263,112,Other / Multi-sector / Government & Nonprofit
gov_0019,Food & Drug Administration (FDA),97,97,66,Government & Nonprofit / Healthcare & Pharma
gov_0020,"Army, Dept of (Corps of Engineers)",263,263,112,Other / Multi-sector / Government & Nonprofit
gov_0021,"Education, Dept of",225,225,112,Education & Research / Other / Multi-sector
gov_0022,"Justice, Dept of (DOJ)",127,127,112,Other / Multi-sector / Legal & Lobbying
gov_0023,Federal Communications Commission (FCC),101,101,112,Government & Nonprofit / Technology & Telecom
gov_0024,Small Business Administration (SBA),299,299,112,Other / Multi-sector / Government & Nonprofit
gov_0025,"Housing & Urban Development, Dept of (HUD)",59,59,111,Other / Multi-sector / Real Estate & Construction
gov_0026,"Veterans Affairs, Dept of (VA)",295,295,111,Other / Multi-sector / Technology & Telecom
gov_0027,Natl Economic Council (NEC),92,92,66,Government & Nonprofit / Other / Multi-sector
gov_0028,Internal Revenue Service (IRS),92,92,112,Government & Nonprofit / Other / Multi-sector
gov_0029,Federal Aviation Administration (FAA),248,248,66,Transportation & Auto / Technology & Telecom
gov_0030,Federal Emergency Management Agency (FEMA),97,97,111,Government & Nonprofit / Healthcare & Pharma
gov_0031,Securities & Exchange Commission (SEC),128,128,112,Finance & Banking / Government & Nonprofit
gov_0032,Centers For Disease Control & Prevention (CDC),97,97,66,Government & Nonprofit / Healthcare & Pharma
gov_0033,Federal Trade Commission (FTC),108,108,112,Other / Multi-sector / Government & Nonprofit
gov_0034,Federal Reserve System,1,1,112,Government & Nonprofit / Finance & Banking
gov_0035,Natl Institutes of Health (NIH),97,97,438,Government & Nonprofit / Healthcare & Pharma
gov_0036,Natl Security Council (NSC),92,92,112,Government & Nonprofit / Other / Multi-sector
gov_0037,Council on Environmental Quality (CEQ),263,263,112,Other / Multi-sector / Government & Nonprofit
gov_0038,U.S. Customs & Border Protection,248,248,112,Transportation & Auto / Technology & Telecom
gov_0039,Natl Oceanic & Atmospheric Administration (NOAA),263,263,438,Other / Multi-sector / Government & Nonprofit
gov_0040,Office of Science & Technology Policy (OSTP),130,130,66,Technology & Telecom / Education & Research
gov_0041,Consumer Financial Protection Bureau (CFPB),1,1,111,Government & Nonprofit / Finance & Banking
gov_0042,Health Resources & Services Administration (HRSA),97,97,438,Government & Nonprofit / Healthcare & Pharma
gov_0043,Bureau of Reclamation,263,263,112,Other / Multi-sector / Government & Nonprofit
gov_0044,General Services Administration (GSA),9,9,112,Government & Nonprofit / Other / Multi-sector
gov_0045,Natl Highway Traffic Safety Administration (NHTSA),10,10,438,Government & Nonprofit
gov_0046,Patent & Trademark Office (PTO),11,11,112,Other / Multi-sector
gov_0047,Federal Energy Regulatory Commission (FERC),13,13,112,Other / Multi-sector / Defense & Aerospace
gov_0048,Commodity Futures Trading Commission (CFTC),128,128,112,Finance & Banking / Government & Nonprofit
gov_0049,Occupational Safety & Health Administration (OSHA),98,98,542,Government & Nonprofit / Other / Multi-sector
gov_0050,U.S. Fish & Wildlife Service (USFWS),263,263,112,Other / Multi-sector / Government & Nonprofit
gov_0051,U.S. Forest Service,263,263,542,Other / Multi-sector / Government & Nonprofit
gov_0052,"Navy, Dept of",144,144,79,Defense & Aerospace / Other / Multi-sector
gov_0053,Bureau of Land Management (BLM),263,263,542,Other / Multi-sector / Government & Nonprofit
gov_0054,"Army, Dept of (Other)",144,144,79,Defense & Aerospace / Other / Multi-sector
gov_0055,"Air Force, Dept of",144,144,79,Defense & Aerospace / Other / Multi-sector
gov_0056,Federal Motor Carrier Safety Administration,10,10,112,Government & Nonprofit
gov_0057,Federal Highway Administration (FHA),10,10,79,Government & Nonprofit
gov_0058,Natl Aeronautics & Space Administration (NASA),144,144,438,Defense & Aerospace / Other / Multi-sector
gov_0059,U.S. Agency for International Development (USAID),92,92,111,Government & Nonprofit / Other / Multi-sector
gov_0060,Federal Deposit Insurance Corporation (FDIC),1,1,112,Government & Nonprofit / Finance & Banking
gov_0061,U.S. Coast Guard (USCG),275,275,79,Other / Multi-sector / Government & Nonprofit
gov_0062,Office of the Vice President of the United States,97,97,112,Government & Nonprofit / Healthcare & Pharma
gov_0063,Natl Institute of Standards & Technology (NIST),130,130,112,Technology & Telecom / Education & Research
gov_0064,Office of the Comptroller of the Currency (OCC),1,1,112,Government & Nonprofit / Finance & Banking
gov_0065,U.S. International Trade Commission (ITC),92,92,79,Government & Nonprofit / Other / Multi-sector
gov_0066,Federal Housing Finance Agency (FHFA),150,150,111,Real Estate & Construction / Other / Multi-sector
gov_0067,Transportation Security Administration (TSA),248,248,112,Transportation & Auto / Technology & Telecom
gov_0068,Natl Science Foundation (NSF),130,130,79,Technology & Telecom / Education & Research
gov_0069,Natl Telecommunications & Information Administration (NTIA),101,101,112,Government & Nonprofit / Technology & Telecom
gov_0070,President of the U.S.,97,97,438,Government & Nonprofit / Healthcare & Pharma
gov_0071,Economic Development Administration,154,154,79,Government & Nonprofit / Other / Multi-sector
gov_0072,Bureau of Indian Affairs (BIA),58,58,66,Other / Multi-sector
gov_0073,Substance Abuse & Mental Health Services Administration (SAMHSA),97,97,438,Government & Nonprofit / Healthcare & Pharma
gov_0074,Federal Railroad Administration,248,248,111,Transportation & Auto / Technology & Telecom
gov_0075,Intl Trade Administration (ITA),92,92,79,Government & Nonprofit / Other / Multi-sector
gov_0076,Vice President of the U.S.,97,97,79,Government & Nonprofit / Healthcare & Pharma
gov_0077,Federal Transit Administration (FTA),10,10,542,Government & Nonprofit
gov_0078,Surface Transportation Board (STB),248,248,111,Transportation & Auto / Technology & Telecom
gov_0079,Natl Park Service (NPS),263,263,79,Other / Multi-sector / Government & Nonprofit
gov_0080,Consumer Product Safety Commission (CPSC),108,108,66,Other / Multi-sector / Government & Nonprofit
gov_0081,Government Accountability Office (GAO),97,97,112,Government & Nonprofit / Healthcare & Pharma
gov_0082,U.S. Copyright Office,11,11,112,Other / Multi-sector
gov_0083,Administration for Children & Families (ACF),97,97,438,Government & Nonprofit / Healthcare & Pharma
gov_0084,Natl Labor Relations Board (NLRB),98,98,112,Government & Nonprofit / Other / Multi-sector
gov_0085,Pipeline & Hazardous Materials Safety Administration,248,248,66,Transportation & Auto / Technology & Telecom
gov_0086,Bureau of Citizenship & Immigration Services (BCIS),156,156,112,Government & Nonprofit / Other / Multi-sector
gov_0087,Maritime Administration (MARAD),275,275,66,Other / Multi-sector / Government & Nonprofit
gov_0088,U.S. Postal Service (USPS),314,314,66,Other / Multi-sector / Energy & Environment
gov_0089,Equal Employment Opportunity Commission (EEOC),98,98,112,Government & Nonprofit / Other / Multi-sector
gov_0090,Federal Maritime Commission,10,10,66,Government & Nonprofit
gov_0091,Office of Personnel Management (OPM),9,9,79,Government & Nonprofit / Other / Multi-sector
gov_0092,Social Security Administration (SSA),9,9,112,Government & Nonprofit / Other / Multi-sector
gov_0093,Agency for Healthcare Research & Quality (AHRQ),97,97,438,Government & Nonprofit / Healthcare & Pharma
gov_0094,U.S. Immigration & Customs Enforcement (ICE),156,156,79,Government & Nonprofit / Other / Multi-sector
gov_0095,Pension Benefit Guaranty Corporation (PBGC),210,210,112,Other / Multi-sector
gov_0096,Federal Bureau of Investigation (FBI),156,156,79,Government & Nonprofit / Other / Multi-sector
gov_0097,Drug Enforcement Administration (DEA),97,97,438,Government & Nonprofit / Healthcare & Pharma
gov_0098,Medicare Payment Advisory Commission (MedPAC),97,97,438,Government & Nonprofit / Healthcare & Pharma
gov_0099,Export-Import Bank of the United States (EXIM Bank),92,92,79,Government & Nonprofit / Other / Multi-sector
gov_0100,Indian Health Service,58,58,438,Other / Multi-sector
gov_0101,AMTRAK - Natl Railroad Passenger Corporation,248,248,542,Transportation & Auto / Technology & Telecom
gov_0102,Office of Natl Drug Control Policy (NDCP),97,97,438,Government & Nonprofit / Healthcare & Pharma
gov_0103,Bureau of Industry and Security (BIS),92,92,112,Government & Nonprofit / Other / Multi-sector
gov_0104,U.S. Geological Survey (USGS),263,263,111,Other / Multi-sector / Government & Nonprofit
gov_0105,Alcohol & Tobacco Tax & Trade Bureau (TTB),92,92,79,Government & Nonprofit / Other / Multi-sector
gov_0106,Administration on Aging,97,97,438,Government & Nonprofit / Healthcare & Pharma
gov_0107,Director of National Intelligence (ODNI),144,144,438,Defense & Aerospace / Other / Multi-sector
gov_0108,Nuclear Regulatory Commission (NRC),13,13,438,Other / Multi-sector / Defense & Aerospace
gov_0109,Bureau of the Census,9,9,111,Government & Nonprofit / Other / Multi-sector
gov_0110,Postal Regulatory Commission,314,314,66,Other / Multi-sector / Energy & Environment
gov_0111,Natl Endowment for the Arts,154,154,459,Government & Nonprofit / Other / Multi-sector
gov_0112,Natl Credit Union Administration (NCUA),1,1,111,Government & Nonprofit / Finance & Banking
gov_0113,Bureau of Justice Assistance,156,156,1029,Government & Nonprofit / Other / Multi-sector
gov_0114,Congressional Budget Office (CBO),97,97,438,Government & Nonprofit / Healthcare & Pharma
gov_0115,Defense Logistics Agency,144,144,79,Defense & Aerospace / Other / Multi-sector
gov_0116,U.S. Marines,144,144,79,Defense & Aerospace / Other / Multi-sector
gov_0117,Defense Advanced Research Projects Agency (DARPA),144,144,79,Defense & Aerospace / Other / Multi-sector
gov_0118,Office of the Secretary of Defense,144,144,79,Defense & Aerospace / Other / Multi-sector
gov_0119,Council of Economic Advisers (CEA),97,97,79,Government & Nonprofit / Healthcare & Pharma
gov_0120,Natl Transportation Safety Board (NTSB),248,248,438,Transportation & Auto / Technology & Telecom
gov_0121,Natl Security Agency (NSA),144,144,438,Defense & Aerospace / Other / Multi-sector
gov_0122,Financial Crimes Enforcement Network (FinCEN),1,1,111,Government & Nonprofit / Finance & Banking
gov_0123,Mine Safety & Health Administration (MSHA),98,98,542,Government & Nonprofit / Other / Multi-sector
gov_0124,Office of Justice Program,156,156,1029,Government & Nonprofit / Other / Multi-sector
gov_0125,Overseas Private Investment Corp (OPIC),92,92,542,Government & Nonprofit / Other / Multi-sector
gov_0126,Office of Juvenile Justice & Delinquency Prevention,156,156,438,Government & Nonprofit / Other / Multi-sector
gov_0127,Veterans Employment & Training Service,295,295,79,Other / Multi-sector / Technology & Telecom
gov_0128,Office of Administration,92,92,0,Government & Nonprofit / Other / Multi-sector
gov_0129,Bureau of Labor Statistics (BLS),98,98,112,Government & Nonprofit / Other / Multi-sector
gov_0130,Corporation for Natl & Community Service,97,97,79,Government & Nonprofit / Healthcare & Pharma
gov_0131,Bureau of Alcohol Tobacco Firearms & Explosives,256,256,1029,Other / Multi-sector / Government & Nonprofit
gov_0132,Natl Guard,144,144,79,Defense & Aerospace / Other / Multi-sector
gov_0133,Natl Geospatial Intelligence Agency,144,144,438,Defense & Aerospace / Other / Multi-sector
gov_0134,Library of Congress (LOC),11,11,79,Other / Multi-sector
gov_0135,Appalachian Regional Commission,154,154,438,Government & Nonprofit / Other / Multi-sector
gov_0136,U.S. Trade & Development Agency (USTDA),92,92,112,Government & Nonprofit / Other / Multi-sector
gov_0137,Institute of Museum and Library Services (IMLS),225,225,79,Education & Research / Other / Multi-sector
gov_0138,Risk Management Agency,9,9,285,Government & Nonprofit / Other / Multi-sector
gov_0139,Natl Indian Gaming Commission,58,58,66,Other / Multi-sector
gov_0140,Defense Commissary Agency,29,29,79,Defense & Aerospace / Other / Multi-sector
gov_0141,Natl Endowment for the Humanities,225,225,79,Education & Research / Other / Multi-sector
gov_0142,Employment & Training Administration,98,98,111,Government & Nonprofit / Other / Multi-sector
gov_0143,Defense Finance & Accounting Service (DFAS),29,29,79,Defense & Aerospace / Other / Multi-sector
gov_0144,Defense Contract Audit Agency (DCAA),29,29,79,Defense & Aerospace / Other / Multi-sector
gov_0145,Central Intelligence Agency (CIA),144,144,112,Defense & Aerospace / Other / Multi-sector
gov_0146,Farm Credit Administration,9,9,285,Government & Nonprofit / Other / Multi-sector
gov_0147,Election Assistance Commission (EAC),9,9,86,Government & Nonprofit / Other / Multi-sector
gov_0148,Federal Accounting Standards Advisory Board (FASAB),1,1,79,Government & Nonprofit / Finance & Banking
gov_0149,Railroad Retirement Board,248,248,542,Transportation & Auto / Technology & Telecom
gov_0150,Bureau of Prisons (BOP),156,156,438,Government & Nonprofit / Other / Multi-sector
gov_0151,Advisory Council on Historic Preservation (ACHP),263,263,542,Other / Multi-sector / Government & Nonprofit
gov_0152,Natl Mediation Board,248,248,542,Transportation & Auto / Technology & Telecom
gov_0153,Office of Policy Development,97,97,79,Government & Nonprofit / Healthcare & Pharma
gov_0154,U.S. Marshals Service,293,293,935,Other / Multi-sector / Government & Nonprofit
gov_0155,Defense Security Cooperation Agency (DSCA),144,144,438,Defense & Aerospace / Other / Multi-sector
gov_0156,Ginnie Mae,150,150,111,Real Estate & Construction / Other / Multi-sector
gov_0157,U.S. Architectural & Transportation Barriers Compliance Board (ACCESS),10,10,542,Government & Nonprofit
gov_0158,Federal Retirement Thrift Investment Board,128,128,79,Finance & Banking / Government & Nonprofit
gov_0159,Federal Election Commission (FEC),9,9,79,Government & Nonprofit / Other / Multi-sector
gov_0160,Government Printing Office (GPO),29,29,79,Defense & Aerospace / Other / Multi-sector
gov_0161,Bureau of Economic Analysis,10,10,79,Government & Nonprofit
gov_0162,Defense Information Systems Agency,144,144,79,Defense & Aerospace / Other / Multi-sector
gov_0163,Office on Violence Against Women,156,156,1029,Government & Nonprofit / Other / Multi-sector
gov_0164,Smithsonian Institution,130,130,112,Technology & Telecom / Education & Research
gov_0165,Office of Faith-Based & Community Initiatives,98,98,438,Government & Nonprofit / Other / Multi-sector
gov_0166,U.S. Chemical Safety & Hazard Investigation Board,98,98,21,Government & Nonprofit / Other / Multi-sector
gov_0167,Joint Chiefs of Staff,144,144,438,Defense & Aerospace / Other / Multi-sector
gov_0168,Agency for Toxic Substances & Disease Registry,98,98,112,Government & Nonprofit / Other / Multi-sector
gov_0169,U.S. Mint,38,38,79,Other / Multi-sector / Government & Nonprofit
gov_0170,Office of Natl AIDS Policy,97,97,582,Government & Nonprofit / Healthcare & Pharma
gov_0171,U.S. Secret Service,156,156,1029,Government & Nonprofit / Other / Multi-sector
gov_0172,Defense Threat Reduction Agency (DTRA),144,144,79,Defense & Aerospace / Other / Multi-sector
gov_0173,Natl Council on Disability,9,9,542,Government & Nonprofit / Other / Multi-sector
gov_0174,Natl Institute on Alcohol Abuse & Alcoholism (NIAA),92,92,79,Government & Nonprofit / Other / Multi-sector
gov_0175,U.S. Commission on Civil Rights,98,98,79,Government & Nonprofit / Other / Multi-sector
gov_0176,Federal Mediation & Conciliation Service,92,92,79,Government & Nonprofit / Other / Multi-sector
gov_0177,Architectural & Transportation Barriers Compliance Board,98,98,542,Government & Nonprofit / Other / Multi-sector
gov_0178,Bureau of Engraving & Printing,38,38,79,Other / Multi-sector / Government & Nonprofit
gov_0179,St. Lawrence Seaway Development Corporation,275,275,79,Other / Multi-sector / Government & Nonprofit
gov_0180,Natl Archives & Records Administration (NARA),225,225,79,Education & Research / Other / Multi-sector
gov_0181,Office of Surface Mining Reclamation & Enforcement,263,263,542,Other / Multi-sector / Government & Nonprofit
gov_0182,Defense Intelligence Agency (DIA),144,144,79,Defense & Aerospace / Other / Multi-sector
gov_0183,Bureau of Justice Statistics,166,166,438,Government & Nonprofit / Education & Research
gov_0184,Research & Special Programs Administration,92,92,1509,Government & Nonprofit / Other / Multi-sector
gov_0185,Minerals Management Service,248,248,111,Transportation & Auto / Technology & Telecom
gov_0186,Natl Foundation on the Arts & Humanities,263,263,79,Other / Multi-sector / Government & Nonprofit
gov_0187,Tennessee Valley Authority (TVA),13,13,542,Other / Multi-sector / Defense & Aerospace
gov_0188,Office of Special Counsel,9,9,79,Government & Nonprofit / Other / Multi-sector
gov_0189,Voice of America,263,263,79,Other / Multi-sector / Government & Nonprofit
gov_0190,Natl Institute of Justice,166,166,1029,Government & Nonprofit / Education & Research
gov_0191,Natl Institute of Mental Health (NIMH),97,97,542,Government & Nonprofit / Healthcare & Pharma
gov_0192,Office of Technology Policy (OTP),130,130,438,Technology & Telecom / Education & Research
gov_0193,Merit Systems Protection Board,9,9,79,Government & Nonprofit / Other / Multi-sector
gov_0194,Defense Department Field Activities,29,29,79,Defense & Aerospace / Other / Multi-sector
gov_0195,Job Corps,98,98,438,Government & Nonprofit / Other / Multi-sector
gov_0196,Office for Victims of Crime,156,156,1029,Government & Nonprofit / Other / Multi-sector
gov_0197,Bureau of Transportation Statistics,248,248,1463,Transportation & Auto / Technology & Telecom
gov_0198,U.S. Commission on International Religious Freedom,198,198,346,Other / Multi-sector
gov_0199,Legal Services Corporation,9,9,1025,Government & Nonprofit / Other / Multi-sector
gov_0200,Pension & Welfare Benefits Administration,210,210,62,Other / Multi-sector
gov_0201,Ballistic Missile Defense Organization,144,144,415,Defense & Aerospace / Other / Multi-sector
gov_0202,Architect of the Capitol (AOC),13,13,603,Other / Multi-sector / Defense & Aerospace
gov_0203,Office of Government Ethics (OGE),98,98,79,Government & Nonprofit / Other / Multi-sector
gov_0204,Financial Management Service (FMS),92,92,438,Government & Nonprofit / Other / Multi-sector
gov_0205,Defense Nuclear Facilities Safety Board,13,13,2064,Other / Multi-sector / Defense & Aerospace
gov_0206,Minority Business Development Agency,299,299,79,Other / Multi-sector / Government & Nonprofit
gov_0207,Marine Mammal Commission,151,151,1063,Other / Multi-sector
gov_0208,American Battle Monuments Commission,9,9,79,Government & Nonprofit / Other / Multi-sector
gov_0209,Pentagon Force Protection Agency,144,144,1502,Defense & Aerospace / Other / Multi-sector
gov_0210,African Development Foundation,362,362,542,Other / Multi-sector / Education & Research
gov_0211,State Justice Institute,314,314,514,Other / Multi-sector / Energy & Environment
gov_0212,Occupational Safety & Health Review Commission,98,98,542,Government & Nonprofit / Other / Multi-sector
gov_0213,On-Site Inspection Agency,97,97,2054,Government & Nonprofit / Healthcare & Pharma
gov_0214,Federal Law Enforcement Training Center,248,248,1348,Transportation & Auto / Technology & Telecom
gov_0215,U.S. Commission of Fine Arts,263,263,79,Other / Multi-sector / Government & Nonprofit
gov_0216,USA Freedom Corps,320,320,1029,Other / Multi-sector
gov_0217,Natl Technical Information Service,101,101,112,Government & Nonprofit / Technology & Telecom
gov_0218,Bureau of the Public Debt,9,9,79,Government & Nonprofit / Other / Multi-sector
gov_0219,Bureau of Arms Control,144,144,1543,Defense & Aerospace / Other / Multi-sector
gov_0220,Inter-American Foundation,263,263,79,Other / Multi-sector / Government & Nonprofit
gov_0221,Defense Security Assistance Agency,144,144,62,Defense & Aerospace / Other / Multi-sector
gov_0222,U.S. Institute of Peace,312,312,79,Defense & Aerospace / Other / Multi-sector
gov_0223,Federal Labor Relations Authority (FLRA),98,98,961,Government & Nonprofit / Other / Multi-sector
gov_0224,Office of Thrift Supervision (OTS),97,97,1324,Government & Nonprofit / Healthcare & Pharma
gov_0225,Defense Special Weapons Agency,144,144,912,Defense & Aerospace / Other / Multi-sector
gov_0226,Peace Corps,225,225,438,Education & Research / Other / Multi-sector
gov_0227,Natl Capital Planning Commission (NCPC),97,97,1604,Government & Nonprofit / Healthcare & Pharma
gov_0228,Defense Legal Services Agency,13,13,79,Other / Multi-sector / Defense & Aerospace
gov_0229,Program Support Center,9,9,972,Government & Nonprofit / Other / Multi-sector
gov_0230,Selective Service System,29,29,62,Defense & Aerospace / Other / Multi-sector
gov_0231,U.S. International Development Finance Corporation (DFC),1,1,896,Government & Nonprofit / Finance & Banking
gov_0232,U.S. Information Agency (USIA),293,293,155,Other / Multi-sector / Government & Nonprofit
gov_0233,U.S. Botanic Garden,13,13,1155,Other / Multi-sector / Defense & Aerospace
gov_0234,Corrections Program Office,263,263,62,Other / Multi-sector / Government & Nonprofit
gov_0235,U.S. Natl Central Bureau - Intl Criminal Police Organization,263,263,916,Other / Multi-sector / Government & Nonprofit
gov_0236,Drug Court Program Office,123,123,62,Other / Multi-sector
gov_0237,Mine Safety & Health Review Commission,97,97,391,Government & Nonprofit / Healthcare & Pharma
gov_0238,Defense Business Transformation Agency (BTA),13,13,1214,Other / Multi-sector / Defense & Aerospace
gov_0239,U.S. International Development Cooperation Agency,128,128,62,Finance & Banking / Government & Nonprofit
lobbyist_27658,BRUCE MEHLMAN,0,0,62,Other / Multi-sector
lobbyist_7381,DAVID THOMAS,0,0,62,Other / Multi-sector
lobbyist_61179,SAGE EASTMAN,0,0,62,Other / Multi-sector
lobbyist_11329,ELISE FINLEY PICKERING,0,0,62,Other / Multi-sector
lobbyist_62279,MICHAEL ROBINSON,0,0,62,Other / Multi-sector
lobbyist_62201,LAUREN ARONSON,0,0,62,Other / Multi-sector
lobbyist_5659,DEAN ROSEN,0,0,62,Other / Multi-sector
lobbyist_69162,HELEN TOLAR,0,0,62,Other / Multi-sector
lobbyist_70218,NICHOLE DISTEFANO,0,0,62,Other / Multi-sector
lobbyist_64185,CONSTANTINE HINGSON,0,0,62,Other / Multi-sector
lobbyist_71503,PAUL THORNELL,0,0,62,Other / Multi-sector
lobbyist_101614,ROSEMARY GUTIERREZ,0,0,62,Other / Multi-sector
lobbyist_101395,ALEXANDER PERKINS,0,0,62,Other / Multi-sector
lobbyist_101897,STEPHEN COTE,0,0,62,Other / Multi-sector
lobbyist_107920,ZACHARY MALLOVE,0,0,62,Other / Multi-sector
lobbyist_57902,ELIZABETH GREER,0,0,62,Other / Multi-sector
lobbyist_107260,VICTORIA FLOOD,0,0,62,Other / Multi-sector
lobbyist_68997,CYNTHIA BROWN,0,0,62,Other / Multi-sector
lobbyist_57923,JEFFREY FORBES,0,0,62,Other / Multi-sector
lobbyist_14629,DAVID CASTAGNETTI,0,0,62,Other / Multi-sector
lobbyist_134963,STEVE HARO,0,0,62,Other / Multi-sector
lobbyist_26124,JENNIFER YOUNG,3,3,62,Other / Multi-sector
lobbyist_64513,CHARLOTTE IVANCIC,3,3,62,Other / Multi-sector
lobbyist_141085,LISA GOLDMAN,0,0,62,Other / Multi-sector
lobbyist_51316,STEVEN ELMENDORF,0,0,62,Other / Multi-sector
lobbyist_61537,ELIZABETH MURRAY,3,3,62,Other / Multi-sector
lobbyist_65078,PAMELA SMITH,3,3,62,Other / Multi-sector
lobbyist_7749,RAISSA DOWNS,3,3,62,Other / Multi-sector
lobbyist_67897,RICK MURPHY,0,0,62,Other / Multi-sector
lobbyist_71297,EMILY MURRY,3,3,62,Other / Multi-sector
lobbyist_141084,CAITLIN VAN SANT,0,0,62,Other / Multi-sector
lobbyist_57908,JERRY DRISCOLL,0,0,62,Other / Multi-sector
lobbyist_14682,SUSAN HIRSCHMANN,0,0,62,Other / Multi-sector
lobbyist_57921,WESLEY WELCH,0,0,62,Other / Multi-sector
lobbyist_63838,JOHN STIPICEVIC,0,0,62,Other / Multi-sector
lobbyist_58264,JEFFREY STRUNK,0,0,62,Other / Multi-sector
lobbyist_50936,HUNTER MOORHEAD,0,0,62,Other / Multi-sector
lobbyist_71625,SAMUEL WHITEHORN,0,0,62,Other / Multi-sector
lobbyist_72632,ROBERT CHAMBERLIN,0,0,62,Other / Multi-sector
lobbyist_54050,JAY CRANFORD,0,0,62,Other / Multi-sector
lobbyist_36872,SAM GEDULDIG,0,0,62,Other / Multi-sector
lobbyist_12806,LETITIA WHITE,8,8,62,Other / Multi-sector
lobbyist_70721,MCKENZIE BRICE,0,0,62,Other / Multi-sector
lobbyist_67932,JASON GLEASON,0,0,62,Other / Multi-sector
lobbyist_61627,KYLE NEVINS,4,4,62,Other / Multi-sector
lobbyist_61629,STEVE STOMBRES,4,4,62,Other / Multi-sector
lobbyist_58316,MIKE NIELSEN,0,0,62,Other / Multi-sector
lobbyist_61630,MANNY ROSSMAN,4,4,62,Other / Multi-sector
lobbyist_39041,KAI ANDERSON,0,0,62,Other / Multi-sector
lobbyist_67957,SALIM ALAMEDDIN,0,0,62,Other / Multi-sector
lobbyist_70490,JONATHAN SLEMROD,4,4,62,Other / Multi-sector
lobbyist_144733,WILLIAM GWINN,7,7,582,Other / Multi-sector
lobbyist_66072,LAURA KROEGER,27,27,62,Other / Multi-sector
lobbyist_38069,JAMES RICHARDS,0,0,62,Other / Multi-sector
lobbyist_63116,CARL KIME,8,8,62,Other / Multi-sector
lobbyist_38858,MARK LIMBAUGH,7,7,582,Other / Multi-sector
lobbyist_66796,ANTHONY LAZARSKI,8,8,62,Other / Multi-sector
lobbyist_57218,RACHEL MILLER,0,0,62,Other / Multi-sector
lobbyist_58563,TODD WEISS,0,0,62,Other / Multi-sector
lobbyist_66499,CHRIS MILLER,0,0,62,Other / Multi-sector
lobbyist_72857,SCOTT RIPLINGER,0,0,62,Other / Multi-sector
lobbyist_145248,ERICA CHABOT,0,0,62,Other / Multi-sector
lobbyist_16223,MICHAEL SMITH,0,0,62,Other / Multi-sector
lobbyist_61342,KATE HULL,0,0,62,Other / Multi-sector
lobbyist_61343,KIRSTEN CHADWICK,0,0,62,Other / Multi-sector
lobbyist_62548,WILLIAM PIPER,0,0,62,Other / Multi-sector
lobbyist_65984,DANIEL MCFAUL,0,0,91,Other / Multi-sector
lobbyist_50836,JOHN GREEN,0,0,62,Other / Multi-sector
lobbyist_62605,WILLIAM BLALOCK,0,0,62,Other / Multi-sector
lobbyist_62662,MICHAEL CHAPPELL,0,0,62,Other / Multi-sector
lobbyist_69840,CHRISTOPHER WILCOX,0,0,62,Other / Multi-sector
lobbyist_144745,ALYENE MLINAR,0,0,62,Other / Multi-sector
lobbyist_24640,RHOD SHAW,0,0,62,Other / Multi-sector
lobbyist_64381,DEVON SEIBERT-BAILEY,3,3,1119,Other / Multi-sector
lobbyist_72723,ALEX RENJEL,0,0,62,Other / Multi-sector
lobbyist_67291,CORNELL TEAGUE,0,0,62,Other / Multi-sector
lobbyist_143712,JEFFREY MARKEY,0,0,62,Other / Multi-sector
lobbyist_65069,ANN JABLON,3,3,62,Other / Multi-sector
lobbyist_43625,MICHELLE EASTON,3,3,62,Other / Multi-sector
lobbyist_70162,KRISTINA DUNKLIN,0,0,62,Other / Multi-sector
lobbyist_27097,GORDON TAYLOR,0,0,62,Other / Multi-sector
lobbyist_62044,TYLER STEPHENS,0,0,62,Other / Multi-sector
lobbyist_66004,ERIC ZULKOSKY,0,0,62,Other / Multi-sector
lobbyist_1699,JASON SCHENDLE,0,0,62,Other / Multi-sector
lobbyist_143666,LAWRENCE SPIVEY,0,0,62,Other / Multi-sector
lobbyist_65205,WALLY BURNETT,0,0,62,Other / Multi-sector
lobbyist_53590,SUSAN SWEAT,0,0,62,Other / Multi-sector
lobbyist_107267,KIMBERLY BRANDT,3,3,62,Other / Multi-sector
lobbyist_38958,MATTHEW TANIELIAN,25,25,62,Other / Multi-sector
lobbyist_38979,JOSHUA ACKIL,25,25,62,Other / Multi-sector
lobbyist_43397,MICHAEL MEROLA,3,3,62,Other / Multi-sector
lobbyist_69064,SARAH BETH JANSEN,25,25,62,Other / Multi-sector
lobbyist_43332,CHRISTOPHER HATCHER,0,0,62,Other / Multi-sector
lobbyist_64326,DERRICK WHITE,3,3,62,Other / Multi-sector
lobbyist_66518,SHAY HANCOCK,0,0,62,Other / Multi-sector
lobbyist_69857,AARON SZABO,0,0,62,Other / Multi-sector
lobbyist_69294,JOSEPH EANNELLO,0,0,62,Other / Multi-sector
lobbyist_58384,JEFFREY SHAPIRO,0,0,62,Other / Multi-sector
lobbyist_60050,KARISSA WILLHITE,0,0,62,Other / Multi-sector
lobbyist_65518,WILLIAM SMITH,0,0,62,Other / Multi-sector
lobbyist_62753,JOHN O'NEILL,4,4,62,Other / Multi-sector
lobbyist_63568,JEFFREY SADOSKY,0,0,62,Other / Multi-sector
lobbyist_60458,MICHAEL BEER,0,0,62,Other / Multi-sector
lobbyist_62322,PAUL HOOVER,65,65,466,Other / Multi-sector / Transportation & Auto
lobbyist_51015,ANDREW WOODS,3,3,62,Other / Multi-sector
lobbyist_50849,JASON MCKITRICK,3,3,62,Other / Multi-sector
lobbyist_49436,STACEY ALEXANDER,0,0,62,Other / Multi-sector
lobbyist_61346,ALEIX JARVIS,0,0,62,Other / Multi-sector
lobbyist_59669,TUCKER SHUMACK,0,0,62,Other / Multi-sector
lobbyist_65477,THOMAS DOWNS,55,55,132,Other / Multi-sector / Energy & Environment
lobbyist_46731,BARRY LASALA,0,0,62,Other / Multi-sector
lobbyist_16412,COURTNEY JOHNSON,0,0,62,Other / Multi-sector
lobbyist_61089,ZACHARY PFISTER,0,0,62,Other / Multi-sector
lobbyist_60461,JENNY DIJAMES,0,0,62,Other / Multi-sector
lobbyist_66496,JASON VAN PELT,0,0,62,Other / Multi-sector
lobbyist_56172,MARC LAMPKIN,0,0,62,Other / Multi-sector
lobbyist_15582,MOSES MERCADO,0,0,62,Other / Multi-sector
lobbyist_65035,JULIE MINERVA,27,27,752,Other / Multi-sector
lobbyist_60457,REBECCA ANDERSON,0,0,62,Other / Multi-sector
lobbyist_65300,E. ASHLEY HOY,0,0,62,Other / Multi-sector
lobbyist_24056,JOEL RUBIN,27,27,60,Other / Multi-sector
lobbyist_69369,NADEAM ELSHAMI,0,0,62,Other / Multi-sector
lobbyist_21465,THOMAS SHIPMAN,6,6,62,Other / Multi-sector
lobbyist_142331,LISA KOUNTOUPES,0,0,62,Other / Multi-sector
lobbyist_38695,DEAN AGUILLEN,0,0,62,Other / Multi-sector
lobbyist_147548,NAVEEN PARMAR,0,0,62,Other / Multi-sector
lobbyist_67822,MATT BRAVO,0,0,62,Other / Multi-sector
lobbyist_67763,ISRAEL KLEIN,0,0,62,Other / Multi-sector
lobbyist_31921,DANE CHRISTIANSEN,216,216,835,Other / Multi-sector / Healthcare & Pharma
lobbyist_48303,JAMES RYAN,0,0,62,Other / Multi-sector
lobbyist_67764,MATTHEW JOHNSON,0,0,62,Other / Multi-sector
lobbyist_9077,ANDREW QUINN,8,8,1430,Other / Multi-sector
lobbyist_45236,WILLIAM SIMMONS,0,0,62,Other / Multi-sector
lobbyist_3117,CHRIS GIBLIN,0,0,62,Other / Multi-sector
lobbyist_64574,JEFFERY MORTIER,3,3,62,Other / Multi-sector
lobbyist_57598,CONRAD LASS,0,0,62,Other / Multi-sector
lobbyist_67723,MICHAEL HAYWOOD,0,0,62,Other / Multi-sector
lobbyist_47178,JOHN GONZALEZ,0,0,62,Other / Multi-sector
lobbyist_63678,JEFF MACKINNON,3,3,62,Other / Multi-sector
lobbyist_57956,CHARLES WOOTERS,0,0,62,Other / Multi-sector
lobbyist_65014,JAMES HEIMBACH,0,0,62,Other / Multi-sector
lobbyist_63584,TIMOTHY MOLINO,0,0,62,Other / Multi-sector
lobbyist_70391,CEDRIC GRANT,0,0,62,Other / Multi-sector
lobbyist_107393,BENJAMIN GOLDEEN,27,27,62,Other / Multi-sector
lobbyist_65005,SARAH WALTER,3,3,62,Other / Multi-sector
lobbyist_48891,MARY STANTON,0,0,62,Other / Multi-sector
lobbyist_69314,PAUL EDATTEL,3,3,62,Other / Multi-sector
lobbyist_146767,ANNIE WOLF,0,0,62,Other / Multi-sector
lobbyist_148707,CHARLES VERDERY,0,0,62,Other / Multi-sector
lobbyist_76215,MAURICE KURLAND`,42,42,1463,Other / Multi-sector
lobbyist_66364,EDWARD WHITFIELD,3,3,62,Other / Multi-sector
lobbyist_67702,THOMAS KOONCE,4,4,62,Other / Multi-sector
lobbyist_65879,BRIAN WORTH,25,25,62,Other / Multi-sector
lobbyist_41105,DREW CANTOR,4,4,62,Other / Multi-sector
lobbyist_63572,KATHRYN MILLS,0,0,62,Other / Multi-sector
lobbyist_61401,JENNIFER OLSON,0,0,62,Other / Multi-sector
lobbyist_45265,ROBERT ZUCKER,3,3,62,Other / Multi-sector
lobbyist_72494,BILL GHENT,0,0,62,Other / Multi-sector
lobbyist_62564,DANIEL TODD,3,3,62,Other / Multi-sector
lobbyist_63565,PHILIP GOGLAS,216,216,835,Other / Multi-sector / Healthcare & Pharma
lobbyist_70587,NATALIE FARR HARRISON,0,0,62,Other / Multi-sector
lobbyist_65415,KEVIN KELLY,0,0,62,Other / Multi-sector
lobbyist_59326,MARY REID,0,0,62,Other / Multi-sector
lobbyist_53268,ELIZABETH FRAZEE,25,25,62,Other / Multi-sector
lobbyist_62667,THOMAS HAWKS,0,0,62,Other / Multi-sector
lobbyist_62733,WARREN TRYON,4,4,62,Other / Multi-sector
lobbyist_26450,JONATHON JONES,0,0,62,Other / Multi-sector
lobbyist_70188,MICHAEL GOODMAN,0,0,62,Other / Multi-sector
lobbyist_65235,DAVID PELUSO,0,0,62,Other / Multi-sector
lobbyist_95479,AMBER KIRCHHOEFER,0,0,62,Other / Multi-sector
lobbyist_66672,CHRISTOPHER KEARNEY,7,7,582,Other / Multi-sector
lobbyist_69972,RUSSELL SULLIVAN,4,4,62,Other / Multi-sector
lobbyist_67821,DAVID RUDD,0,0,62,Other / Multi-sector
lobbyist_66601,JOHN MULLIGAN,0,0,62,Other / Multi-sector
lobbyist_43521,EDWARD KRENIK,0,0,62,Other / Multi-sector
lobbyist_150448,GEORGE MILLER,7,7,582,Other / Multi-sector
lobbyist_141160,MARGARET JOSEPH,3,3,62,Other / Multi-sector
lobbyist_54245,JOHN SCOFIELD,0,0,62,Other / Multi-sector
lobbyist_63219,RUSSELL THOMASSON,0,0,62,Other / Multi-sector
lobbyist_71754,ED PAGANO,0,0,62,Other / Multi-sector
lobbyist_62601,ROBERT HOBART,0,0,62,Other / Multi-sector
lobbyist_60159,KEITH STUDDARD,3,3,62,Other / Multi-sector
lobbyist_65206,MARC NUMEDAHL,0,0,62,Other / Multi-sector
lobbyist_71377,TRACY TAYLOR,0,0,62,Other / Multi-sector
lobbyist_139662,JARED SAWYER,4,4,62,Other / Multi-sector
lobbyist_53650,JOHN HERZOG,3,3,62,Other / Multi-sector
lobbyist_64085,ANNE MACMILLAN,0,0,62,Other / Multi-sector
lobbyist_70015,FRANCESCA MCCRARY,0,0,62,Other / Multi-sector
lobbyist_62126,ZACHARY ISRAEL,7,7,582,Other / Multi-sector
lobbyist_59995,MARTIN DELGADO,0,0,62,Other / Multi-sector
lobbyist_57726,MICHAEL BUCHANAN,4,4,62,Other / Multi-sector
lobbyist_63196,RASHID HALLAWAY,0,0,62,Other / Multi-sector
lobbyist_45200,LORI DENHAM,0,0,62,Other / Multi-sector
lobbyist_29702,ALFRED MOTTUR,0,0,62,Other / Multi-sector
lobbyist_60077,HARRY GLENN,0,0,62,Other / Multi-sector
lobbyist_141752,PETER FISE,3,3,62,Other / Multi-sector
lobbyist_56147,JENNIFER COVINO,71,71,1132,Other / Multi-sector
lobbyist_43912,STEVEN EICHENAUER,0,0,62,Other / Multi-sector
lobbyist_65543,RYAN MULVENON,0,0,62,Other / Multi-sector
lobbyist_53996,OMAR FRANCO,0,0,62,Other / Multi-sector
lobbyist_72650,OSCAR RAMIREZ,0,0,62,Other / Multi-sector
lobbyist_56689,TIMOTHY HANNEGAN,0,0,62,Other / Multi-sector
lobbyist_93714,KEENAN AUSTIN REED,0,0,62,Other / Multi-sector
lobbyist_59796,CHELSEY PENROD HICKMAN,3,3,62,Other / Multi-sector
lobbyist_68464,LAURA MORGAN-KESSLER,27,27,752,Other / Multi-sector
lobbyist_72651,DANA THOMPSON,0,0,62,Other / Multi-sector
lobbyist_67707,CHARLA PENN,3,3,62,Other / Multi-sector
lobbyist_11986,MARTIN WHITMER,0,0,62,Other / Multi-sector
lobbyist_70770,MJ KENNY,0,0,62,Other / Multi-sector
lobbyist_61426,CHERYL JAEGER,3,3,62,Other / Multi-sector
lobbyist_45714,CRAIG SAPERSTEIN,5,5,62,Other / Multi-sector
lobbyist_58588,ELIZABETH MAIER,0,0,62,Other / Multi-sector
lobbyist_147448,BRENT MERCHANT,42,42,62,Other / Multi-sector
lobbyist_44116,JACK DEUSER,0,0,62,Other / Multi-sector
lobbyist_67296,JOHN RAY,3,3,62,Other / Multi-sector
lobbyist_95481,TIM PATAKI,0,0,62,Other / Multi-sector
lobbyist_57938,JOHN ANDERSON,4,4,62,Other / Multi-sector
lobbyist_37173,KARINA LYNCH,3,3,62,Other / Multi-sector
lobbyist_36434,JORDAN BERNSTEIN,0,0,62,Other / Multi-sector
lobbyist_63034,DAVID OLANDER,4,4,62,Other / Multi-sector
lobbyist_67799,ANDREW LEWIN,0,0,62,Other / Multi-sector
lobbyist_63745,TODD WEBSTER,0,0,62,Other / Multi-sector
lobbyist_144804,CURTIS PHILIP,0,0,62,Other / Multi-sector
lobbyist_31020,LOUIE PERRY,0,0,62,Other / Multi-sector
lobbyist_71240,GREG BARNES,25,25,62,Other / Multi-sector
lobbyist_72734,BARRETT THORNHILL,3,3,62,Other / Multi-sector
lobbyist_70446,KEVIN CASEY,0,0,62,Other / Multi-sector
lobbyist_61631,MALLOY MCDANIEL,0,0,62,Other / Multi-sector
lobbyist_70916,DAVID GELLMAN,71,71,1132,Other / Multi-sector
lobbyist_88200,RYAN KELLY,88,88,62,Other / Multi-sector
lobbyist_107241,EMILY TRANTER,88,88,62,Other / Multi-sector
lobbyist_93331,IAN RAYDER,0,0,62,Other / Multi-sector
lobbyist_107303,BRITTANY HERNANDEZ,0,0,62,Other / Multi-sector
lobbyist_65158,LANGSTON EMERSON,4,4,62,Other / Multi-sector
lobbyist_56188,KIMBERLY ELLIS,0,0,62,Other / Multi-sector
lobbyist_68975,SARAH (BEATTY) ROGERS,4,4,62,Other / Multi-sector
lobbyist_50275,BRIAN PETERS,25,25,62,Other / Multi-sector
lobbyist_56118,TONY ESSALIH,0,0,62,Other / Multi-sector
lobbyist_65209,KATHERINE DAPPER,0,0,62,Other / Multi-sector
lobbyist_65394,ADRIENNE SCHWEER,0,0,62,Other / Multi-sector
lobbyist_59694,LESLIE POLLNER,27,27,62,Other / Multi-sector
lobbyist_67979,EMILY KIRLIN,0,0,62,Other / Multi-sector
lobbyist_69536,JOHN SANDELL,0,0,62,Other / Multi-sector
lobbyist_28532,RAY COLE,0,0,62,Other / Multi-sector
lobbyist_141954,LAURA FRIEDEL,3,3,62,Other / Multi-sector
lobbyist_27053,DALE DIRKS,3,3,835,Other / Multi-sector
lobbyist_66524,KIRBY GARRETT,27,27,60,Other / Multi-sector
lobbyist_72234,CHRIS BROWN,4,4,62,Other / Multi-sector
lobbyist_10566,MARK RAYDER,3,3,62,Other / Multi-sector
lobbyist_38922,MARK KADESH,18,18,62,Other / Multi-sector
lobbyist_65218,MATT HENKEN,0,0,62,Other / Multi-sector
lobbyist_67663,JULIANE SULLIVAN,0,0,62,Other / Multi-sector
lobbyist_138827,MICHAEL WILLIAMS,0,0,62,Other / Multi-sector
lobbyist_412,BARRY BROWN,0,0,62,Other / Multi-sector
lobbyist_107322,OLIVIA KURTZ,0,0,62,Other / Multi-sector
lobbyist_141074,ALISON GRAAB,0,0,62,Other / Multi-sector
lobbyist_39053,GEOFF VERHOFF,0,0,62,Other / Multi-sector
lobbyist_41547,WILLIAM MOSCHELLA,0,0,62,Other / Multi-sector
lobbyist_58343,MICHAEL STRAZZELLA,100,100,586,Other / Multi-sector / Healthcare & Pharma
lobbyist_62372,LAURA SIMMONS,0,0,62,Other / Multi-sector
lobbyist_66491,DAVE RAMEY,18,18,62,Other / Multi-sector
lobbyist_69921,MATTHEW LEFFINGWELL,0,0,62,Other / Multi-sector
lobbyist_67762,ANDREW PALMER,4,4,62,Other / Multi-sector
lobbyist_38913,CHRISTIAN KIERIG,18,18,62,Other / Multi-sector
lobbyist_62170,KARA CALVERT CAMPBELL,25,25,62,Other / Multi-sector
lobbyist_59427,LAUREN BAZEL,0,0,62,Other / Multi-sector
lobbyist_145343,ALEXANDER VOGEL,0,0,62,Other / Multi-sector
lobbyist_56757,LESLEE GILBERT,0,0,62,Other / Multi-sector
lobbyist_140316,ELIZABETH FOLEY,8,8,1430,Other / Multi-sector
lobbyist_61633,KRISTI REMINGTON,0,0,62,Other / Multi-sector
lobbyist_136650,CORINNE TAKKINEN,27,27,62,Other / Multi-sector
lobbyist_66447,THOMAS KELLER,22,22,965,Other / Multi-sector
lobbyist_49745,DREW GOESL,0,0,62,Other / Multi-sector
lobbyist_62920,CHRIS GASTON,4,4,62,Other / Multi-sector
lobbyist_73382,STACY RICH,0,0,62,Other / Multi-sector
lobbyist_48922,NICCOLO DELUCA,27,27,62,Other / Multi-sector
lobbyist_7,SHANTI STANTON,0,0,62,Other / Multi-sector
lobbyist_108164,KATE LYNCH,0,0,62,Other / Multi-sector
lobbyist_63760,JERR ROSENBAUM,0,0,62,Other / Multi-sector
lobbyist_34709,EDWARD AYOOB,67,67,62,Other / Multi-sector
lobbyist_67397,GREGG HARTLEY,0,0,62,Other / Multi-sector
lobbyist_5474,JEFFERY GREEN,5,5,62,Other / Multi-sector
lobbyist_59406,SAM OLSWANGER,0,0,62,Other / Multi-sector
lobbyist_70436,RYAN BERGER,0,0,62,Other / Multi-sector
lobbyist_66060,JAMES MASSIE,0,0,62,Other / Multi-sector
lobbyist_66320,ANA SCHWAB,91,91,605,Other / Multi-sector
lobbyist_46897,BRYAN CUNNINGHAM,4,4,62,Other / Multi-sector
lobbyist_46545,DANIEL GANS,4,4,62,Other / Multi-sector
lobbyist_72282,JONATHAN JACKSON,27,27,62,Other / Multi-sector
lobbyist_23860,ROBERT WOOD,3,3,62,Other / Multi-sector
lobbyist_58032,MICHAEL BORDEN,4,4,62,Other / Multi-sector
lobbyist_54867,ROBERT SIGGINS,3,3,62,Other / Multi-sector
lobbyist_15113,DIANE BLAGMAN,0,0,62,Other / Multi-sector
lobbyist_68994,COLIN HAYES,0,0,12,Other / Multi-sector
lobbyist_57185,LAURA BOZELL,3,3,62,Other / Multi-sector
lobbyist_64811,EDWARD HILD,0,0,586,Other / Multi-sector
lobbyist_68434,LANDON STROPKO,0,0,62,Other / Multi-sector
lobbyist_52662,LINDSEY LEDWIN,0,0,62,Other / Multi-sector
lobbyist_48793,STANTON BULLOCK,0,0,62,Other / Multi-sector
lobbyist_6542,SEAN RICHARDSON,0,0,62,Other / Multi-sector
lobbyist_86705,JEROME MURRAY,0,0,62,Other / Multi-sector
lobbyist_65617,KATE DICKENS,0,0,62,Other / Multi-sector
lobbyist_54275,SUSANN EDWARDS,8,8,62,Other / Multi-sector
lobbyist_57524,CHANI WIGGINS,42,42,1395,Other / Multi-sector
lobbyist_2268,JENNIFER IMO,18,18,582,Other / Multi-sector
lobbyist_67337,PAUL BRATHWAITE,0,0,62,Other / Multi-sector
lobbyist_56175,HASAN SARSOUR,17,17,1029,Other / Multi-sector
lobbyist_65965,GRETA JOYNES,25,25,62,Other / Multi-sector
lobbyist_70149,LOWRY CROOK,91,91,605,Other / Multi-sector
lobbyist_115643,CHARLIE SCHREIBER,4,4,62,Other / Multi-sector
lobbyist_55656,CATHARINE RANSOM,0,0,62,Other / Multi-sector
lobbyist_69159,HAROLD HANCOCK,4,4,62,Other / Multi-sector
lobbyist_20965,LESLIE BELCHER,0,0,62,Other / Multi-sector
lobbyist_53035,MELISSA EDWARDS,63,63,62,Other / Multi-sector / Legal & Lobbying
lobbyist_65653,TARA BILLINGSLEY,0,0,62,Other / Multi-sector
lobbyist_51049,GREG LAUGHLIN,5,5,62,Other / Multi-sector
lobbyist_57907,DANIEL TATE,0,0,62,Other / Multi-sector
lobbyist_62308,JENNIFER WALSH,3,3,62,Other / Multi-sector
lobbyist_71621,JULIE HRDLICKA,0,0,62,Other / Multi-sector
lobbyist_65297,JOSH KARDON,0,0,62,Other / Multi-sector
lobbyist_47487,JENNIFER CAVE,0,0,62,Other / Multi-sector
lobbyist_93374,ELIZABETH BENNETT,0,0,62,Other / Multi-sector
lobbyist_64580,"VINCENT ROBERTI, SR.",0,0,62,Other / Multi-sector
lobbyist_72906,JAY SULZMANN,0,0,62,Other / Multi-sector
lobbyist_93554,JOSE BORJON,0,0,62,Other / Multi-sector
lobbyist_23160,DONNA MULLINS,3,3,62,Other / Multi-sector
lobbyist_70116,CRAIG KALKUT,0,0,62,Other / Multi-sector
lobbyist_9573,JOHN MCMANUS,3,3,62,Other / Multi-sector
lobbyist_65427,ROBB WALTON,3,3,62,Other / Multi-sector
lobbyist_62359,ROB SEIDMAN,25,25,62,Other / Multi-sector
lobbyist_64367,WILLIAM SOUTHERLAND,0,0,62,Other / Multi-sector
lobbyist_66830,CHARLES SYDNOR,8,8,62,Other / Multi-sector
lobbyist_60621,STEPHANIE MISSERT,7,7,582,Other / Multi-sector
lobbyist_70096,CAROLYN CODA,4,4,62,Other / Multi-sector
lobbyist_23462,TRACY SPICER,3,3,62,Other / Multi-sector
lobbyist_33930,JENNIFER LATOURETTE,0,0,62,Other / Multi-sector
lobbyist_60690,AARON COHEN,3,3,62,Other / Multi-sector
lobbyist_66663,ALLISON TREXLER,0,0,62,Other / Multi-sector
lobbyist_61635,ASHLEY DAVIS,0,0,62,Other / Multi-sector
lobbyist_70045,DOYLE BARTLETT,4,4,62,Other / Multi-sector
lobbyist_48261,ERIC TOBER,0,0,62,Other / Multi-sector
lobbyist_68314,CHRISTOPHER MATTHIESEN,4,4,62,Other / Multi-sector
lobbyist_60147,LUKE HATZIS,3,3,62,Other / Multi-sector
lobbyist_43300,MICHAEL HENRY,0,0,62,Other / Multi-sector
lobbyist_70852,HAZEN MARSHALL,0,0,62,Other / Multi-sector
lobbyist_66844,CHARLES THOMAS,4,4,62,Other / Multi-sector
lobbyist_70067,MONICA POPP,0,0,62,Other / Multi-sector
lobbyist_139832,ANNA KARAKITSOS,0,0,62,Other / Multi-sector
lobbyist_143823,REMY MASON,3,3,62,Other / Multi-sector
lobbyist_70238,DAVID HODGES,27,27,60,Other / Multi-sector
lobbyist_66231,TODD NOVASCONE,0,0,62,Other / Multi-sector
lobbyist_68497,SAMIR KAPADIA,0,0,62,Other / Multi-sector
lobbyist_70727,NICOLE VENABLE,0,0,62,Other / Multi-sector
lobbyist_66912,GENEVIEVE COWAN,0,0,62,Other / Multi-sector
lobbyist_55182,JOSEPH BARTON,8,8,62,Other / Multi-sector
lobbyist_40247,SHAWNA FRANCIS WATLEY,0,0,62,Other / Multi-sector
lobbyist_49112,DWIGHT FETTIG,4,4,62,Other / Multi-sector
lobbyist_17952,KRISTI MORE,7,7,582,Other / Multi-sector
lobbyist_55168,ERSKINE WELLS,0,0,62,Other / Multi-sector
lobbyist_71785,JANE LUCAS,3,3,62,Other / Multi-sector
lobbyist_101291,LISA PETO,4,4,62,Other / Multi-sector
lobbyist_110089,JEFFREY CARROLL,3,3,62,Other / Multi-sector
lobbyist_53314,WILLIAM MUELLER,4,4,62,Other / Multi-sector
lobbyist_67961,CRISTINA ANTELO,0,0,62,Other / Multi-sector
lobbyist_93089,ROBERT DIAMOND,3,3,62,Other / Multi-sector
lobbyist_70011,BEAU SCHUYLER,3,3,62,Other / Multi-sector
lobbyist_48067,BRANT IMPERATORE,4,4,62,Other / Multi-sector
lobbyist_139305,WESLEY MCCLELLAND,25,25,62,Other / Multi-sector
lobbyist_65075,PAUL POTEET,0,0,62,Other / Multi-sector
lobbyist_71310,BEN MCMAKIN,0,0,62,Other / Multi-sector
lobbyist_19742,JOEL OSWALD,4,4,62,Other / Multi-sector
lobbyist_61699,KEITH PEMRICK,74,74,744,Other / Multi-sector
lobbyist_63570,GEORGE MCELWEE,74,74,744,Other / Multi-sector
lobbyist_61636,SHIMON STEIN,0,0,62,Other / Multi-sector
lobbyist_59987,ROBERT RUSSELL,0,0,438,Other / Multi-sector
lobbyist_70784,ERIC LAUSTEN,27,27,62,Other / Multi-sector
lobbyist_62651,AMELIA JENKINS,0,0,62,Other / Multi-sector
lobbyist_64550,BRYAN BLOM,4,4,62,Other / Multi-sector
lobbyist_63646,EUGENIA PIERSON,3,3,62,Other / Multi-sector
lobbyist_61952,ETHAN PITTLEMAN,0,0,62,Other / Multi-sector
lobbyist_109739,JEFF LUCAS,3,3,62,Other / Multi-sector
lobbyist_68141,ERIC O'DONNELL,83,83,62,Other / Multi-sector
lobbyist_59932,JASON ROSENSTOCK,4,4,62,Other / Multi-sector
lobbyist_67222,RANDALL GERARD,0,0,62,Other / Multi-sector
lobbyist_61020,DAWN SEARS,4,4,62,Other / Multi-sector
lobbyist_144289,LINDSAY AUSTIN,0,0,62,Other / Multi-sector
lobbyist_5584,CHAD SCHULKEN,0,0,62,Other / Multi-sector
lobbyist_68995,ZACHARY RUDISILL,0,0,62,Other / Multi-sector
lobbyist_10646,JULIE CARR,0,0,62,Other / Multi-sector
lobbyist_67342,ALISSA CLEES,0,0,62,Other / Multi-sector
lobbyist_60075,DENNIS CARDOZA,3,3,62,Other / Multi-sector
lobbyist_120317,MEG THOMPSON,0,0,79,Other / Multi-sector
lobbyist_725,LENDELL PORTERFIELD,4,4,62,Other / Multi-sector
lobbyist_59650,DEVIN RHINERSON,0,0,62,Other / Multi-sector
lobbyist_68077,CHRISTOPHER BAXTER,0,0,62,Other / Multi-sector
lobbyist_69598,HEATHER MCHUGH,4,4,62,Other / Multi-sector
lobbyist_69767,CLIFFORD ROBERTI,4,4,62,Other / Multi-sector
lobbyist_40853,ROBERT LIVINGSTON,0,0,62,Other / Multi-sector
lobbyist_42697,J MARTIN,0,0,62,Other / Multi-sector
lobbyist_146909,JENNIFER FORREST,0,0,62,Other / Multi-sector
lobbyist_65202,LAUREN LIPIN,0,0,62,Other / Multi-sector
lobbyist_93130,STEPHANIE LEGER,0,0,62,Other / Multi-sector
lobbyist_51894,LEE WEINGART,0,0,603,Other / Multi-sector
lobbyist_26331,MARY SAVARY TAYLOR,3,3,62,Other / Multi-sector
lobbyist_61615,BRIAN SUTTER,3,3,62,Other / Multi-sector
lobbyist_67737,BRIAN MCGUIRE,0,0,62,Other / Multi-sector
lobbyist_65466,CHARLES BRITTINGHAM,0,0,62,Other / Multi-sector
lobbyist_57691,JOHN WILLIAMS,3,3,513,Other / Multi-sector
lobbyist_61691,BRIAN WILD,0,0,62,Other / Multi-sector
lobbyist_65212,ANDY KEISER,0,0,62,Other / Multi-sector
lobbyist_69884,GEORGE CARAM,0,0,62,Other / Multi-sector
lobbyist_147126,ROBERT PORE,0,0,62,Other / Multi-sector
lobbyist_68758,OSWALDO PALOMO,4,4,62,Other / Multi-sector
lobbyist_3241,TJ PETRIZZO,3,3,62,Other / Multi-sector
lobbyist_59712,BRIAN DIFFELL,4,4,62,Other / Multi-sector
lobbyist_109746,NICHOLAS UEHLECKE,3,3,62,Other / Multi-sector
lobbyist_114628,SAMANTHA MACIEL,27,27,62,Other / Multi-sector
lobbyist_139042,CHRIS FISH,56,56,62,Other / Multi-sector
lobbyist_81802,BRYCE HARLOW,0,0,62,Other / Multi-sector
lobbyist_66235,CHRISTOPHER SARLEY,0,0,62,Other / Multi-sector
lobbyist_54201,LAURI HETTINGER,27,27,62,Other / Multi-sector
lobbyist_54321,TOM TILTON,0,0,62,Other / Multi-sector
lobbyist_70372,ROSS ARNETT,0,0,62,Other / Multi-sector
lobbyist_35009,ELIZABETH POWELL,42,42,615,Other / Multi-sector
lobbyist_147219,PATRICIA DELOATCHE,0,0,62,Other / Multi-sector
lobbyist_52696,MICHAEL PARK,3,3,62,Other / Multi-sector
lobbyist_70241,JOSEPH EAVES,0,0,12,Other / Multi-sector
lobbyist_94084,BLAIR HANCOCK,4,4,62,Other / Multi-sector
lobbyist_51473,DARREN WILLCOX,3,3,62,Other / Multi-sector
lobbyist_67206,JASON TAI,27,27,951,Other / Multi-sector
lobbyist_69202,ERIC ROSEN,0,0,62,Other / Multi-sector
lobbyist_52266,BRIAN GASTON,0,0,62,Other / Multi-sector
lobbyist_60564,DANA DEBEAUMONT,42,42,565,Other / Multi-sector
lobbyist_63515,BENJAMIN QUAYLE,0,0,62,Other / Multi-sector
lobbyist_50817,WILLIAM LAMOND,0,0,62,Other / Multi-sector
lobbyist_149379,JON ADAME,0,0,62,Other / Multi-sector
lobbyist_61872,DAVID SCHNITTGER,0,0,62,Other / Multi-sector
lobbyist_61759,HEATHER MOLINO,8,8,62,Other / Multi-sector
lobbyist_53436,MANUS COONEY,0,0,62,Other / Multi-sector
lobbyist_59989,KYLE SIMMONS,0,0,438,Other / Multi-sector
lobbyist_59487,ERIK OLSON,0,0,603,Other / Multi-sector
lobbyist_63832,LIANNE ENDO,173,173,217,Other / Multi-sector
lobbyist_65341,ANDREW COATS,3,3,513,Other / Multi-sector
lobbyist_139348,STEVEN SCHULTZ,0,0,62,Other / Multi-sector
lobbyist_67904,HADLEY SOSNOFF,4,4,62,Other / Multi-sector
lobbyist_70863,QUINCY ENOCH,4,4,62,Other / Multi-sector
lobbyist_148200,MICHAEL FERENCE,0,0,62,Other / Multi-sector
lobbyist_64752,BRIAN MCKEON,0,0,62,Other / Multi-sector
lobbyist_72327,KATHLEEN HATFIELD,73,73,62,Healthcare & Pharma / Other / Multi-sector
lobbyist_41501,JEFF MCMILLEN,0,0,62,Other / Multi-sector
lobbyist_59960,ERIK FATEMI,0,0,62,Other / Multi-sector
lobbyist_45392,RICH THOMAS,0,0,62,Other / Multi-sector
lobbyist_71392,CHRISTOPHER MCCANNELL,4,4,62,Other / Multi-sector
lobbyist_59213,STEVEN PALMER,27,27,62,Other / Multi-sector
lobbyist_47192,JONATHAN MANTZ,0,0,62,Other / Multi-sector
lobbyist_51860,BENJAMIN KLEIN,0,0,62,Other / Multi-sector
lobbyist_145552,JOHN LEGANSKI,4,4,62,Other / Multi-sector
lobbyist_59214,KATHERINE CULLEN,0,0,62,Other / Multi-sector
lobbyist_54495,ANDREW FORBES,8,8,62,Other / Multi-sector
lobbyist_72966,ADAM HECHAVARRIA,0,0,62,Other / Multi-sector
lobbyist_56105,CHRISTOPHER HODGSON,8,8,62,Other / Multi-sector
lobbyist_57457,RYAN THOMPSON,0,0,62,Other / Multi-sector
lobbyist_67545,JOHN STONE,3,3,62,Other / Multi-sector
lobbyist_71275,WILLIAM TODD,8,8,62,Other / Multi-sector
lobbyist_71610,LEA SULKALA,4,4,62,Other / Multi-sector
lobbyist_73822,JOHN BREAUX,0,0,62,Other / Multi-sector
lobbyist_27186,JACK VICTORY,5,5,62,Other / Multi-sector
lobbyist_66887,CHRISTINA MCGARRY DAVID,0,0,62,Other / Multi-sector
lobbyist_101306,KEITH CASTALDO,0,0,62,Other / Multi-sector
lobbyist_21512,JONATHAN TALISMAN,4,4,62,Other / Multi-sector
lobbyist_32868,JOSEPH MIKRUT,4,4,62,Other / Multi-sector
lobbyist_38757,JOEL ROBERSON,0,0,62,Other / Multi-sector
lobbyist_138587,THOMAS NAGLE,0,0,62,Other / Multi-sector
lobbyist_142911,KELLI BRIGGS,0,0,62,Other / Multi-sector
lobbyist_73551,DANIEL FARMER,3,3,62,Other / Multi-sector
lobbyist_54755,VICTOR KLATT,21,21,62,Other / Multi-sector / Education & Research
lobbyist_53422,ALEXANDER NOCK,21,21,62,Other / Multi-sector / Education & Research
lobbyist_52213,LAVERNE HUBERT,6,6,62,Other / Multi-sector
lobbyist_71787,MARK WILLIAMS,0,0,62,Other / Multi-sector
lobbyist_57020,PATRICK BOUSLIMAN,0,0,62,Other / Multi-sector
lobbyist_62729,BRENT DEL MONTE,3,3,62,Other / Multi-sector
lobbyist_40272,JAMES CRUM,3,3,62,Other / Multi-sector
lobbyist_72994,ANDREW BARBOUR,4,4,62,Other / Multi-sector
lobbyist_70078,TROY PERRY,25,25,62,Other / Multi-sector
lobbyist_65006,J WALSH,3,3,62,Other / Multi-sector
lobbyist_67791,MATTHEW HERRMANN,5,5,988,Other / Multi-sector
lobbyist_45748,OLIVER MEISSNER,42,42,1921,Other / Multi-sector
lobbyist_50158,AURENE MARTIN,30,30,66,Other / Multi-sector
lobbyist_53077,CHARLES COOPER,0,0,91,Other / Multi-sector
lobbyist_43388,LISA BARKOVIC,27,27,62,Other / Multi-sector
lobbyist_66864,GEOFFREY BOWMAN,27,27,62,Other / Multi-sector
lobbyist_61622,DOUGLAS SCHWARTZ,0,0,62,Other / Multi-sector
lobbyist_102027,LANE DICKSON,7,7,582,Other / Multi-sector
lobbyist_33387,MARK MIODUSKI,0,0,62,Other / Multi-sector
lobbyist_29675,WILLIAM MCCANN,5,5,676,Other / Multi-sector
lobbyist_139259,GREG RUBIO,88,88,62,Other / Multi-sector
lobbyist_65981,REBECCA BENN,0,0,91,Other / Multi-sector
lobbyist_71999,MIYA PATEL,4,4,62,Other / Multi-sector
lobbyist_54211,JOSEPH GIBSON,0,0,62,Other / Multi-sector
lobbyist_139534,JORDAN HAGERT,88,88,62,Other / Multi-sector
lobbyist_108841,JOSE CEBALLOS,0,0,62,Other / Multi-sector
lobbyist_139224,DYLAN MOORE,3,3,62,Other / Multi-sector
lobbyist_70247,VIRGIL MILLER,0,0,62,Other / Multi-sector
lobbyist_86742,BEN MILLER,18,18,62,Other / Multi-sector
lobbyist_142122,BRET MANLEY,0,0,62,Other / Multi-sector
lobbyist_70960,MIKE IGER,0,0,62,Other / Multi-sector
lobbyist_46253,KATHERINE VANLANDINGHAM,3,3,62,Other / Multi-sector
lobbyist_43818,MICHAEL TORREY,6,6,62,Other / Multi-sector
lobbyist_59945,IAN LYLE,33,33,542,Other / Multi-sector / Government & Nonprofit
lobbyist_32310,CHRISTOPHER COX,4,4,62,Other / Multi-sector
lobbyist_17397,BILL VINEY,0,0,62,Other / Multi-sector
lobbyist_79730,PETER FREEMAN,4,4,62,Other / Multi-sector
lobbyist_92746,ZACHARY OSTRO,4,4,62,Other / Multi-sector
lobbyist_53494,ANDREW MCKECHNIE,3,3,62,Other / Multi-sector
lobbyist_14141,KEVIN BINGER,0,0,62,Other / Multi-sector
lobbyist_141566,TRAVIS NORTON,4,4,62,Other / Multi-sector
lobbyist_143752,MARTHA MILLER,0,0,62,Other / Multi-sector
lobbyist_45967,JAKE JOHNSTON,83,83,79,Other / Multi-sector
lobbyist_62893,MICHAEL COLLINS,0,0,62,Other / Multi-sector
lobbyist_65759,PETE LANDRUM,8,8,62,Other / Multi-sector
lobbyist_67392,JOHN ARIALE,0,0,62,Other / Multi-sector
lobbyist_57882,DONALD KENT,0,0,62,Other / Multi-sector
lobbyist_69887,GREGORY BURNS,18,18,62,Other / Multi-sector
lobbyist_67244,FRANK MCCARTHY,27,27,62,Other / Multi-sector
lobbyist_139590,GEOFFREY BURR,0,0,62,Other / Multi-sector
lobbyist_56477,STEVEN IRIZARRY,0,0,62,Other / Multi-sector
lobbyist_93673,DAO NGUYEN,0,0,62,Other / Multi-sector
lobbyist_54039,EARL POMEROY,3,3,62,Other / Multi-sector
lobbyist_69163,JULIE EDDY ROKALA,0,0,62,Other / Multi-sector
lobbyist_43539,SCOTT KLUG,3,3,62,Other / Multi-sector
lobbyist_59537,DAVID SCHIAPPA,0,0,62,Other / Multi-sector
lobbyist_65809,NOAH KOWALSKI,5,5,62,Other / Multi-sector
lobbyist_69835,MICHAELEEN CROWELL,0,0,62,Other / Multi-sector
lobbyist_63702,PAUL DININO,123,123,62,Other / Multi-sector
lobbyist_121840,JOEL BAILEY,3,3,62,Other / Multi-sector
lobbyist_71300,ERIN NEAL,5,5,62,Other / Multi-sector
lobbyist_72645,JOSEPH LAI,0,0,62,Other / Multi-sector
lobbyist_147173,DAVID LEITER,0,0,79,Other / Multi-sector
lobbyist_51079,JEFF CHOUDHRY,0,0,62,Other / Multi-sector
lobbyist_101682,HAMILTON BLOOM,0,0,62,Other / Multi-sector
lobbyist_56499,WILLIAM SETH,39,39,459,Other / Multi-sector
lobbyist_56628,MATTHEW WARD,39,39,459,Other / Multi-sector
lobbyist_73874,JOHN DEARBORN,0,0,62,Other / Multi-sector
lobbyist_102877,JAMES PALUSKIEWICZ,3,3,62,Other / Multi-sector
lobbyist_60800,ASHLEY BADESCH,39,39,459,Other / Multi-sector
lobbyist_107185,COREY MALMGREN,3,3,62,Other / Multi-sector
lobbyist_107381,PARKER POLING,4,4,62,Other / Multi-sector
lobbyist_63716,JOHN KINGSTON,0,0,62,Other / Multi-sector
lobbyist_60070,CARL CHIDLOW,0,0,62,Other / Multi-sector
lobbyist_5843,TYSON REDPATH,6,6,62,Other / Multi-sector
lobbyist_12266,KARL KOCH,0,0,62,Other / Multi-sector
lobbyist_70203,JEREMY STESLICKI,5,5,676,Other / Multi-sector
lobbyist_92610,DOUGLAS C. MCINTYRE,42,42,79,Other / Multi-sector
lobbyist_146593,CAMILLE BIANCHINI,28,28,62,Other / Multi-sector
lobbyist_20062,RACHEL JONES HENSLER,0,0,62,Other / Multi-sector
lobbyist_23176,ANDREW BUCZEK,0,0,79,Other / Multi-sector
lobbyist_94512,SAMANTHA CARL-YODER,0,0,62,Other / Multi-sector
lobbyist_143844,ROBERT VAN HEUVELEN,0,0,62,Other / Multi-sector
lobbyist_50816,ANDREW ROSENBERG,3,3,62,Other / Multi-sector
lobbyist_41326,GREG MEANS,0,0,62,Other / Multi-sector
lobbyist_62941,MICHAEL FRIEDBERG,27,27,62,Other / Multi-sector
lobbyist_67682,DIMITRIOS KARAKITSOS,0,0,62,Other / Multi-sector
lobbyist_141500,ARTHUR SIDNEY,0,0,62,Other / Multi-sector
lobbyist_10629,SCOTT NELSON,0,0,62,Other / Multi-sector
lobbyist_21262,MARILYN YAGER,3,3,62,Other / Multi-sector
lobbyist_43712,SHAWN SMEALLIE,0,0,62,Other / Multi-sector
lobbyist_5513,HEATHER PODESTA,0,0,62,Other / Multi-sector
lobbyist_45241,PAUL DOERRER,24,24,62,Other / Multi-sector
lobbyist_52116,GARY PALMQUIST,3,3,62,Other / Multi-sector
lobbyist_61209,MARTIN GOLD,3,3,62,Other / Multi-sector
lobbyist_65067,Y. BRIAN LEE,3,3,62,Other / Multi-sector
lobbyist_52725,CHRIS ISRAEL,0,0,62,Other / Multi-sector
lobbyist_62907,JULIE PHILP,0,0,62,Other / Multi-sector
lobbyist_68428,SEAN JOYCE,0,0,603,Other / Multi-sector
lobbyist_62356,MATTHEW MCGINLEY,0,0,62,Other / Multi-sector
lobbyist_141522,JOSHUA HURVITZ,0,0,62,Other / Multi-sector
lobbyist_63536,DAVID HEIL,0,0,79,Other / Multi-sector
lobbyist_66886,MARNE MAROTTA,0,0,62,Other / Multi-sector
lobbyist_68958,HUNTER HALL,3,3,255,Other / Multi-sector
lobbyist_51076,RONALD ERITANO,26,26,79,Other / Multi-sector
lobbyist_60605,ALBERT WYNN,0,0,62,Other / Multi-sector
lobbyist_140826,TED LEHMAN,3,3,62,Other / Multi-sector
lobbyist_64736,JON GANS,4,4,62,Other / Multi-sector
lobbyist_67394,WILLIAM FOX,0,0,62,Other / Multi-sector
lobbyist_142860,KATHERINE COTTON,3,3,62,Other / Multi-sector
lobbyist_52269,GRANT MITCHELL,6,6,62,Other / Multi-sector
lobbyist_67990,DOUGLAS NAPPI,4,4,62,Other / Multi-sector
lobbyist_80339,CHRISTIAN LEE,8,8,62,Other / Multi-sector
lobbyist_143856,IVELISSE PORROA-GARCIA,0,0,62,Other / Multi-sector
lobbyist_72218,DAVID SKILLMAN,0,0,62,Other / Multi-sector
lobbyist_34903,JOHN CRUMBLISS,0,0,62,Other / Multi-sector
lobbyist_70425,EMILY FELDER,3,3,62,Other / Multi-sector
lobbyist_69242,DAVID LESSTRANG,0,0,62,Other / Multi-sector
lobbyist_139666,JOEL RICHARD,0,0,62,Other / Multi-sector
lobbyist_141909,SCOTT SHEWCRAFT,4,4,62,Other / Multi-sector
lobbyist_61745,DAVID EDWARDS,0,0,62,Other / Multi-sector
lobbyist_51869,TIMOTHY PUNKE,0,0,62,Other / Multi-sector
lobbyist_62301,CHARLES FRENCH,0,0,62,Other / Multi-sector
lobbyist_58256,DAVID HAINES,0,0,62,Other / Multi-sector
lobbyist_4835,JOEL JOHNSON,0,0,62,Other / Multi-sector
lobbyist_69256,JUSTIN RZEPKA,109,109,62,Other / Multi-sector
lobbyist_143850,CHRISTOPHER TREANOR,0,0,62,Other / Multi-sector
lobbyist_38177,GREGORY NICKERSON,4,4,62,Other / Multi-sector
lobbyist_147125,PARICK CARROLL,3,3,62,Other / Multi-sector
lobbyist_72792,KEVIN YODER,0,0,62,Other / Multi-sector
lobbyist_59585,AMANDA WOOD,133,133,62,Other / Multi-sector / Transportation & Auto
lobbyist_4796,KEITH MORRISON,0,0,132,Other / Multi-sector
lobbyist_71740,JONATHAN HILER,0,0,62,Other / Multi-sector
lobbyist_23876,DENNIS POTTER,0,0,62,Other / Multi-sector
lobbyist_86091,TODD WOOTEN,0,0,62,Other / Multi-sector
lobbyist_60481,JOEL WIDDER,0,0,79,Other / Multi-sector
lobbyist_38828,ELINOR HILLER,3,3,62,Other / Multi-sector
lobbyist_43409,ROBERT BRADNER,3,3,62,Other / Multi-sector
lobbyist_43975,DANIEL MURPHY,0,0,62,Other / Multi-sector
lobbyist_79144,ERYNN HOOK,8,8,62,Other / Multi-sector
lobbyist_58455,JEFFREY LOVENG,23,23,62,Other / Multi-sector / Energy & Environment
lobbyist_58486,JENNIFER DIONNE,8,8,1319,Other / Multi-sector
lobbyist_38765,CARMENCITA WHONDER,4,4,62,Other / Multi-sector
lobbyist_64753,DEBRA DIXON,25,25,62,Other / Multi-sector
lobbyist_81439,PAUL BOCK,0,0,62,Other / Multi-sector
lobbyist_15310,SUSAN BROPHY,25,25,62,Other / Multi-sector
lobbyist_177,RONALD SORINI,0,0,62,Other / Multi-sector
lobbyist_53901,JEFF BJORNSTAD,0,0,172,Other / Multi-sector
lobbyist_147224,SAMUAL LOVE,0,0,62,Other / Multi-sector
lobbyist_25252,JACK FIELDS,72,72,467,Other / Multi-sector
lobbyist_59642,BRIDGET HAGAN,4,4,62,Other / Multi-sector
lobbyist_66515,KATIE MITCHELL,0,0,62,Other / Multi-sector
lobbyist_24818,ROBERT HICKMOTT,0,0,62,Other / Multi-sector
lobbyist_65204,JASPER THOMSON,0,0,62,Other / Multi-sector
lobbyist_69706,BENJAMIN STEINBERG,0,0,603,Other / Multi-sector
lobbyist_71228,EMILY WILKINSON-HOLLAND,3,3,62,Other / Multi-sector
lobbyist_33824,DAN RENBERG,0,0,62,Other / Multi-sector
lobbyist_63029,LISA RULLI,72,72,467,Other / Multi-sector
lobbyist_109757,TAYLOR SEXTON,3,3,62,Other / Multi-sector
lobbyist_90630,ALEXIS OBERG,0,0,603,Other / Multi-sector
lobbyist_63532,AMY DAVENPORT,0,0,62,Other / Multi-sector
lobbyist_20565,ANDREA LARUE,0,0,62,Other / Multi-sector
lobbyist_144898,ERIC BERGREN,3,3,62,Other / Multi-sector
lobbyist_69989,SCOTT BRENNER,0,0,62,Other / Multi-sector
lobbyist_51022,STACEY SMITH,3,3,62,Other / Multi-sector
lobbyist_58185,MICHELLE GREENE,8,8,62,Other / Multi-sector
lobbyist_64036,STUART CHAPMAN,3,3,62,Other / Multi-sector
lobbyist_69358,TRACEY LATURNER,0,0,62,Other / Multi-sector
lobbyist_139496,MARTIN REISER,0,0,62,Other / Multi-sector
lobbyist_65213,SILVANA CALDERA,259,259,1132,Other / Multi-sector
lobbyist_69617,ZACHARY PRICE,4,4,62,Other / Multi-sector
lobbyist_101239,MARK WARREN,4,4,62,Other / Multi-sector
lobbyist_98808,ELLIOT HOWARD,0,0,62,Other / Multi-sector
lobbyist_62958,TIMOTHY MCGIVERN,0,0,62,Other / Multi-sector
lobbyist_52134,BRIAN POMPER,0,0,62,Other / Multi-sector
lobbyist_101393,MONIQUE FRAZIER,4,4,62,Other / Multi-sector
lobbyist_86428,RYAN MCCONAGHY,0,0,62,Other / Multi-sector
lobbyist_59571,BRADLEY MOLLET,3,3,62,Other / Multi-sector
lobbyist_106503,ELIZABETH STANLEY,4,4,62,Other / Multi-sector
lobbyist_71054,ALEX GLEASON,0,0,62,Other / Multi-sector
lobbyist_69194,KEVIN EASTMAN,0,0,62,Other / Multi-sector
lobbyist_54164,MELISSA MUELLER,4,4,62,Other / Multi-sector
lobbyist_145286,JOHN ASSINI,42,42,62,Other / Multi-sector
lobbyist_73447,RALPH HELLMANN,43,43,62,Other / Multi-sector
lobbyist_45250,SHERYL COHEN,27,27,62,Other / Multi-sector
lobbyist_67461,SHAVENOR WINTERS,8,8,62,Other / Multi-sector
lobbyist_71066,GRAHAM HALL,0,0,62,Other / Multi-sector
lobbyist_78975,MAHLET MAKONNEN,4,4,62,Other / Multi-sector
lobbyist_116014,CHRISTOPHER EDDOWES,0,0,603,Other / Multi-sector
lobbyist_69342,JESSICA SCHULKEN,6,6,62,Other / Multi-sector
lobbyist_89965,GREG D'ANGELO,3,3,62,Other / Multi-sector
lobbyist_152536,KENDRICK MASTERMAN-BURNS,8,8,1430,Other / Multi-sector
lobbyist_66492,PATRICK GRANT,0,0,62,Other / Multi-sector
lobbyist_14319,PAUL CAMBON,0,0,62,Other / Multi-sector
lobbyist_54838,JON PORTER,27,27,62,Other / Multi-sector
lobbyist_65487,MAYA SEIDEN,0,0,62,Other / Multi-sector
lobbyist_66821,MICHAEL TOMBERLIN,0,0,62,Other / Multi-sector
lobbyist_68539,DAVID STEWART,0,0,62,Other / Multi-sector
lobbyist_10833,THEODORE BORNSTEIN,3,3,62,Other / Multi-sector
lobbyist_48260,ELIZABETH BARNETT,3,3,62,Other / Multi-sector
lobbyist_51743,ARSHI SIDDIQUI,0,0,62,Other / Multi-sector
lobbyist_61584,AARON CUTLER,0,0,62,Other / Multi-sector
lobbyist_66636,MICHAEL FREEMAN,0,0,62,Other / Multi-sector
lobbyist_71091,ZACKARY LINICK,8,8,62,Other / Multi-sector
lobbyist_73194,KELLIE DONNELLY,0,0,12,Other / Multi-sector
lobbyist_143842,LAURA BOLLIER,3,3,62,Other / Multi-sector
lobbyist_70020,NANCY FOX,5,5,62,Other / Multi-sector
lobbyist_139482,GRAHAM HILL,31,31,542,Other / Multi-sector
lobbyist_50115,ANDREW VANDERJACK,0,0,62,Other / Multi-sector
lobbyist_53388,MIKE MCKAY,0,0,62,Other / Multi-sector
lobbyist_66011,AUSTIN HARRISON,0,0,62,Other / Multi-sector
lobbyist_61653,MARK DEDRICK,3,3,556,Other / Multi-sector
lobbyist_66662,GORDON BATES,0,0,62,Other / Multi-sector
lobbyist_147159,HENRY BRADLEY,23,23,62,Other / Multi-sector / Energy & Environment
lobbyist_18680,CHRISTOPHER PUTALA,0,0,62,Other / Multi-sector
lobbyist_8927,SCOTT ALIFERIS,0,0,62,Other / Multi-sector
lobbyist_60429,SOHINI GUPTA,0,0,62,Other / Multi-sector
lobbyist_69623,ASHLEY GUNN,0,0,62,Other / Multi-sector
lobbyist_92853,NICOLE MORTIER,43,43,62,Other / Multi-sector
lobbyist_37627,ANDREW HARKER,6,6,62,Other / Multi-sector
lobbyist_101409,MICHAEL LONG,0,0,62,Other / Multi-sector
lobbyist_60601,ROBERT MANGAS,0,0,62,Other / Multi-sector
lobbyist_50210,PHILIP ENGLISH,0,0,62,Other / Multi-sector
lobbyist_65530,LORI HARJU,0,0,62,Other / Multi-sector
lobbyist_64122,CHRIS JONES,0,0,62,Other / Multi-sector
lobbyist_26545,LOREN MONROE,0,0,62,Other / Multi-sector
lobbyist_47810,GREGG ROTHSCHILD,25,25,62,Other / Multi-sector
lobbyist_71629,MAX ROSEN,0,0,62,Other / Multi-sector
lobbyist_142910,KEVIN CUMMINS,25,25,62,Other / Multi-sector
lobbyist_43711,DAVID URBAN,0,0,62,Other / Multi-sector
lobbyist_69556,JESSICA TOCCO,15,15,928,Other / Multi-sector
lobbyist_43813,MARY BETH MCGOWAN,0,0,79,Other / Multi-sector
lobbyist_70429,ARI ZIMMERMAN,0,0,62,Other / Multi-sector
lobbyist_72742,CARLISLE CLARKE,0,0,62,Other / Multi-sector
lobbyist_142030,SAMANTHA MCLEAN,0,0,62,Other / Multi-sector
lobbyist_151069,JOSEPH BROWN,0,0,62,Other / Multi-sector
lobbyist_100741,JOHN CZERWINSKI,42,42,1308,Other / Multi-sector
lobbyist_19132,MICHAEL HERSON,5,5,62,Other / Multi-sector
lobbyist_59711,CLARENCE WILLIAMS,0,0,62,Other / Multi-sector
lobbyist_104509,GENEVIEVE BELTRONE,0,0,62,Other / Multi-sector
lobbyist_53409,D'ARCY PHILPS,21,21,62,Other / Multi-sector / Education & Research
lobbyist_72609,OLIVER SPURGEON III,0,0,62,Other / Multi-sector
lobbyist_143824,JOSEPH HOGAN,0,0,62,Other / Multi-sector
lobbyist_139943,ANDREW USYK,0,0,62,Other / Multi-sector
lobbyist_63394,SARAH HELTON,0,0,62,Other / Multi-sector
lobbyist_146639,THOMAS ANDREWS,0,0,62,Other / Multi-sector
lobbyist_37311,MARY PAVEL,67,67,190,Other / Multi-sector
lobbyist_66964,JARED RIFIS,3,3,62,Other / Multi-sector
lobbyist_48804,KARISHMA PAGE,4,4,62,Other / Multi-sector
lobbyist_68867,BRENDAN DUNN,4,4,62,Other / Multi-sector
lobbyist_70688,JOSHUA GABOTON,126,126,598,Other / Multi-sector
lobbyist_116597,SARAH YOUNG GLACKIN,8,8,62,Other / Multi-sector
lobbyist_10639,MICHAEL BARBERA,5,5,62,Other / Multi-sector
lobbyist_73658,TIMOTHY MARTIN,0,0,62,Other / Multi-sector
lobbyist_67732,DARRYL NIRENBERG,0,0,62,Other / Multi-sector
lobbyist_57826,JONATHAN MCCOLLUM,56,56,1394,Other / Multi-sector
lobbyist_62643,HARRIET MELVIN,0,0,62,Other / Multi-sector
lobbyist_94896,PETE GOULD,41,41,62,Other / Multi-sector
lobbyist_134306,RYAN DIFFLEY,0,0,62,Other / Multi-sector
lobbyist_72986,RICK DEARBORN,0,0,62,Other / Multi-sector
lobbyist_143778,WILLIAM DAVIS,4,4,62,Other / Multi-sector
lobbyist_57961,WILLIAM TATUM,193,193,62,Other / Multi-sector
lobbyist_71498,SARAH MARIN,39,39,459,Other / Multi-sector
lobbyist_80766,BRANDON KIRBY,42,42,1921,Other / Multi-sector
lobbyist_144121,JEANNE HAGGERTY,3,3,62,Other / Multi-sector
lobbyist_57234,NORM COLEMAN,0,0,62,Other / Multi-sector
lobbyist_71119,ROBERT JONES,0,0,62,Other / Multi-sector
lobbyist_134466,CARLOS JACKSON,3,3,62,Other / Multi-sector
lobbyist_66875,WILLIAM KATT,0,0,62,Other / Multi-sector
lobbyist_138930,CHANNON HANNA,27,27,752,Other / Multi-sector
lobbyist_143888,SAATHVIK ALETY,4,4,62,Other / Multi-sector
lobbyist_59381,TARA SMITH,6,6,62,Other / Multi-sector
lobbyist_67220,ANDREW KAUDERS,0,0,62,Other / Multi-sector
lobbyist_147545,ASHLI SCOTT PALMER,4,4,62,Other / Multi-sector
lobbyist_2190,FRANK VLOSSAK,4,4,62,Other / Multi-sector
lobbyist_53472,VALERIE HENRY,3,3,62,Other / Multi-sector
lobbyist_54701,JAMES DERDERIAN,3,3,62,Other / Multi-sector
lobbyist_71326,GALEN ROEHL,0,0,62,Other / Multi-sector
lobbyist_48284,JOHN COLBERT,37,37,62,Other / Multi-sector / Education & Research
lobbyist_100441,DANIEL SENNOTT,5,5,62,Other / Multi-sector
lobbyist_107139,CLAYTON HAYES,0,0,62,Other / Multi-sector
lobbyist_38879,SCOTT DACEY,0,0,62,Other / Multi-sector
lobbyist_145728,BENJAMIN TURNER,4,4,62,Other / Multi-sector
lobbyist_68649,RYAN BERNSTEIN,0,0,62,Other / Multi-sector
lobbyist_113477,KATIE HAZLETT,74,74,744,Other / Multi-sector
lobbyist_59931,ALAN WHEAT,0,0,1119,Other / Multi-sector
lobbyist_62404,JAMES BRANDELL,0,0,79,Other / Multi-sector
lobbyist_93936,HUNTER MORGEN,0,0,91,Other / Multi-sector
lobbyist_116668,JULIE SHROYER,0,0,1119,Other / Multi-sector
lobbyist_138392,REBECCA SHAW,0,0,62,Other / Multi-sector
lobbyist_93678,TOLA THOMPSON,8,8,91,Other / Multi-sector
lobbyist_85412,ANDREW JONES,0,0,62,Other / Multi-sector
lobbyist_33975,DAVID COHEN,0,0,62,Other / Multi-sector
lobbyist_79415,LILIA HORDER,6,6,62,Other / Multi-sector
lobbyist_52474,STEPHEN PERANICH,0,0,62,Other / Multi-sector
lobbyist_48120,ALEXANDER STERNHELL,195,195,62,Other / Multi-sector / Finance & Banking
lobbyist_65356,MICHAEL HIGDON,5,5,542,Other / Multi-sector
lobbyist_68905,KATHRYN WISE,0,0,62,Other / Multi-sector
lobbyist_1526,MARLA GROSSMAN,45,45,1239,Other / Multi-sector
lobbyist_55359,CATHERINE FINLEY,3,3,62,Other / Multi-sector
lobbyist_72863,NEAL PATEL,0,0,62,Other / Multi-sector
lobbyist_45210,NICHOLAS PYLE,42,42,72,Other / Multi-sector
lobbyist_71388,KATHERINE KEATING,0,0,62,Other / Multi-sector
lobbyist_57833,RICHARD HARMON,42,42,62,Other / Multi-sector
lobbyist_67634,JUSTIN SAYFIE,0,0,91,Other / Multi-sector
lobbyist_79182,BENJAMIN HOWARD,0,0,62,Other / Multi-sector
lobbyist_45300,DONNA DENISON,22,22,62,Other / Multi-sector
lobbyist_46567,KATHRYN LEHMAN,0,0,62,Other / Multi-sector
lobbyist_49748,MARK LINDSAY,37,37,508,Other / Multi-sector / Education & Research
lobbyist_114912,NOAH MARINE,4,4,62,Other / Multi-sector
lobbyist_46386,JENNIFER LUKAWSKI,0,0,62,Other / Multi-sector
lobbyist_72342,RYAN LEAVITT,36,36,854,Other / Multi-sector
lobbyist_67864,CHRISTIAN MORGAN,0,0,62,Other / Multi-sector
lobbyist_140175,BEN HARNEY,4,4,62,Other / Multi-sector
lobbyist_67679,JEFFREY WIENER,0,0,62,Other / Multi-sector
lobbyist_7488,CESAR CONDA,0,0,62,Other / Multi-sector
lobbyist_59003,ERIC BERGER,3,3,62,Other / Multi-sector
lobbyist_63611,KRISTINE BLACKWOOD,3,3,62,Other / Multi-sector
lobbyist_72000,TRAVIS JOHNSON,4,4,62,Other / Multi-sector
lobbyist_141547,DAVID MARTEN,0,0,62,Other / Multi-sector
lobbyist_47483,LAURIE PURPURO,0,0,62,Other / Multi-sector
lobbyist_64545,TYLER NELSON,0,0,62,Other / Multi-sector
lobbyist_65579,ETHAN JORGENSEN-EARP,3,3,62,Other / Multi-sector
lobbyist_69833,RANDALL DEVALK,0,0,62,Other / Multi-sector
lobbyist_73575,ALEXANDER ANGELSON,0,0,62,Other / Multi-sector
lobbyist_72216,MEGAN MOORE,0,0,62,Other / Multi-sector
lobbyist_70135,RODNEY WHITLOCK,3,3,62,Other / Multi-sector
lobbyist_107000,MICHAEL GAFFIN,0,0,62,Other / Multi-sector
lobbyist_69258,GREGORY NOLL,21,21,62,Other / Multi-sector / Education & Research
lobbyist_18054,DAVID CROW,61,61,62,Other / Multi-sector
lobbyist_46175,PETE KIRKHAM,0,0,62,Other / Multi-sector
lobbyist_64027,SUDAFI HENRY,0,0,62,Other / Multi-sector
lobbyist_67371,NEELY SILBEY,8,8,62,Other / Multi-sector
lobbyist_69446,STEPHANIE WALKER,27,27,62,Other / Multi-sector
lobbyist_39924,STANLEY KOLBE,42,42,1769,Other / Multi-sector
lobbyist_40740,TIMOTHY TRYSLA,3,3,62,Other / Multi-sector
lobbyist_58110,JESSE APPLETON,4,4,62,Other / Multi-sector
lobbyist_33094,JAMES ERVIN,152,152,62,Other / Multi-sector
lobbyist_67003,MIKE AHERN,195,195,62,Other / Multi-sector / Finance & Banking
lobbyist_70895,RONTEL BATIE,0,0,62,Other / Multi-sector
lobbyist_66925,ED KUTLER,0,0,62,Other / Multi-sector
lobbyist_67911,TODD BERTOSON,32,32,62,Other / Multi-sector / Legal & Lobbying
lobbyist_70223,KRISTEN O'NEILL,3,3,62,Other / Multi-sector
lobbyist_3763,ERIKA MILLER,3,3,535,Other / Multi-sector
lobbyist_45125,VAN HIPP,5,5,62,Other / Multi-sector
lobbyist_46225,MICHAEL BELL,0,0,62,Other / Multi-sector
lobbyist_56443,RICK DESIMONE,70,70,62,Other / Multi-sector / Energy & Environment
lobbyist_60462,PATRICK PETTEY,0,0,62,Other / Multi-sector
lobbyist_111199,IVONNE HERNANDEZ LOPEZ,71,71,1132,Other / Multi-sector
lobbyist_79410,ANTHONY BEDELL,42,42,62,Other / Multi-sector
lobbyist_106933,SCOTT GELBMAN,0,0,62,Other / Multi-sector
lobbyist_63173,AMY SWONGER,0,0,62,Other / Multi-sector
lobbyist_68897,JOSH FINESTONE,272,272,62,Other / Multi-sector
lobbyist_100784,BRYAN ZUMWALT,0,0,62,Other / Multi-sector
lobbyist_63527,SEAN TAYLOR,0,0,62,Other / Multi-sector
lobbyist_142223,STEVEN PFRANG,0,0,62,Other / Multi-sector
lobbyist_65954,REBECCA KANNINEN,173,173,217,Other / Multi-sector
lobbyist_66631,SARA LOVE RAWLINGS,0,0,62,Other / Multi-sector
lobbyist_52327,MAURICIO TAMARGO,42,42,1549,Other / Multi-sector
lobbyist_61665,JAMES KOLB,3,3,556,Other / Multi-sector
lobbyist_141071,CHUCK BRAIN,3,3,62,Other / Multi-sector
lobbyist_55557,NATHANIEL BELL,5,5,62,Other / Multi-sector
lobbyist_21934,BETH VIOLA,0,0,62,Other / Multi-sector
lobbyist_70229,NICHOLAS CHOATE,272,272,62,Other / Multi-sector
lobbyist_70742,JEN ADLER,0,0,62,Other / Multi-sector
lobbyist_44092,ROGER SZEMRAJ,0,0,62,Other / Multi-sector
lobbyist_46005,LAURA LAY,329,329,62,Other / Multi-sector
lobbyist_73396,ANTHONY HOBBS,0,0,319,Other / Multi-sector
lobbyist_95482,BENJAMIN JARRETT,8,8,62,Other / Multi-sector
lobbyist_14074,BRIAN GRIFFIN,0,0,62,Other / Multi-sector
lobbyist_61187,JEREMY RABINOVITZ,4,4,62,Other / Multi-sector
lobbyist_70883,ANDREW WINER,18,18,62,Other / Multi-sector
lobbyist_21907,GERALD HARRINGTON,0,0,62,Other / Multi-sector
lobbyist_71898,MICHAEL ROGERS,8,8,62,Other / Multi-sector
lobbyist_63331,TREVOR KOLEGO,0,0,62,Other / Multi-sector
lobbyist_69170,MATT HOFFMANN,3,3,62,Other / Multi-sector
lobbyist_102194,JANICE BASHFORD,0,0,62,Other / Multi-sector
lobbyist_139645,DONALD POLESE,145,145,769,Other / Multi-sector / Education & Research
lobbyist_65031,ELIZABETH WHITNEY,115,115,542,Other / Multi-sector
lobbyist_66608,MICHAEL KESTI,42,42,2046,Other / Multi-sector
lobbyist_52320,JASON POBLETE,42,42,2266,Other / Multi-sector
lobbyist_61254,SUZANNE SULLIVAN,72,72,62,Other / Multi-sector
lobbyist_61847,LELAND COGLIANI,0,0,62,Other / Multi-sector
lobbyist_139052,JOANNE SEARS,5,5,62,Other / Multi-sector
lobbyist_73075,ALANNA TEMME,3,3,62,Other / Multi-sector
lobbyist_108971,JACK CAMPBELL,4,4,62,Other / Multi-sector
lobbyist_7527,WALKER ROBERTS,0,0,62,Other / Multi-sector
lobbyist_52936,JOHN MCMICKLE,30,30,62,Other / Multi-sector
lobbyist_142000,ROBERT BABCOCK,0,0,62,Other / Multi-sector
lobbyist_37794,DANIEL BOSTON,3,3,62,Other / Multi-sector
lobbyist_48894,CHARLES MELLODY,43,43,111,Other / Multi-sector
lobbyist_68970,DIEGO SANCHEZ,127,127,62,Other / Multi-sector / Legal & Lobbying
lobbyist_108446,JOHN STEITZ,0,0,62,Other / Multi-sector
lobbyist_54249,BART GORDON,0,0,62,Other / Multi-sector
lobbyist_62229,ROBERT LEHMAN,0,0,62,Other / Multi-sector
lobbyist_100727,TOM QUINN,152,152,62,Other / Multi-sector
lobbyist_71355,WARREN PAYNE,14,14,62,Other / Multi-sector
lobbyist_115306,VALERIE WEST,41,41,62,Other / Multi-sector
lobbyist_141958,SARAH VENUTO,0,0,62,Other / Multi-sector
lobbyist_51449,CARLYLE THORSEN,0,0,62,Other / Multi-sector
lobbyist_55738,STEPHEN WARD,0,0,62,Other / Multi-sector
lobbyist_22642,JOSH RUBIN,93,93,79,Other / Multi-sector
lobbyist_69611,KELLY MCGRATH,4,4,62,Other / Multi-sector
lobbyist_65028,EMILY PETERSON,115,115,542,Other / Multi-sector
lobbyist_45807,CHRISTOPHER DELACY,0,0,62,Other / Multi-sector
lobbyist_60021,TODD HARMER,5,5,62,Other / Multi-sector
lobbyist_40951,PETER EVICH,3,3,62,Other / Multi-sector
lobbyist_48786,DAVID WILKINS,0,0,62,Other / Multi-sector
lobbyist_97583,LAWRENCE ECKHOUSE,341,341,438,Other / Multi-sector
lobbyist_53473,TYRON PICARD,3,3,255,Other / Multi-sector
lobbyist_66078,RICHARD GIBBS,18,18,62,Other / Multi-sector
lobbyist_68503,MEGAN PEREZ BURKE,3,3,62,Other / Multi-sector
lobbyist_63788,BRIAN GLACKIN,8,8,62,Other / Multi-sector
lobbyist_3503,HALEY BARBOUR,0,0,62,Other / Multi-sector
lobbyist_138111,JOSHUA TEITELBAUM,0,0,62,Other / Multi-sector
lobbyist_38579,RICHARD ROBERTS,4,4,62,Other / Multi-sector
lobbyist_53886,ELIZABETH BURKS,0,0,62,Other / Multi-sector
lobbyist_56748,ALEX DELPIZZO,3,3,62,Other / Multi-sector
lobbyist_10172,JANE LOEWENSON,3,3,62,Other / Multi-sector
lobbyist_140255,CHRISTOPHER BUKI,0,0,62,Other / Multi-sector
lobbyist_65208,LESTER MUNSON,8,8,62,Other / Multi-sector
lobbyist_103387,BRETT BAKER,3,3,62,Other / Multi-sector
lobbyist_69298,GINA FOOTE,25,25,62,Other / Multi-sector
lobbyist_1101,DAVE LARSON,183,183,62,Other / Multi-sector / Healthcare & Pharma
lobbyist_61108,DOUGLAS MAGUIRE,0,0,62,Other / Multi-sector
lobbyist_29795,AARON SUNTAG,0,0,62,Other / Multi-sector
lobbyist_62883,DARREL THOMPSON,0,0,62,Other / Multi-sector
lobbyist_143189,JANE SARGENT,67,67,1132,Other / Multi-sector
lobbyist_67819,ANA MA,7,7,62,Other / Multi-sector
lobbyist_78896,JOEY SMITH,4,4,62,Other / Multi-sector
lobbyist_41569,ALLISON KASSIR,3,3,62,Other / Multi-sector
lobbyist_67597,JENNIFER ELLISON,0,0,62,Other / Multi-sector
lobbyist_26193,JAMES TUCKER,0,0,62,Other / Multi-sector
lobbyist_79448,ANDREW TERP,0,0,62,Other / Multi-sector
lobbyist_69616,DAVID WEISSMAN,250,250,112,Other / Multi-sector
lobbyist_59574,DANIEL CROWLEY,4,4,62,Other / Multi-sector
lobbyist_38035,DARYL OWEN,0,0,62,Other / Multi-sector
lobbyist_72793,CHARLES CARITHERS,8,8,62,Other / Multi-sector
lobbyist_104752,RUSS KELLEY,0,0,62,Other / Multi-sector
lobbyist_143814,CASEY HIGGINS,0,0,62,Other / Multi-sector
lobbyist_144259,PATRICK SATALIN,0,0,62,Other / Multi-sector
lobbyist_66010,ANDREW KING,0,0,62,Other / Multi-sector
lobbyist_68907,PAUL REAGAN,3,3,62,Other / Multi-sector
lobbyist_141889,STACY MCBRIDE,0,0,62,Other / Multi-sector
lobbyist_47312,ALEXANDER SILBEY,5,5,317,Other / Multi-sector
lobbyist_67072,AMY JENSEN,3,3,62,Other / Multi-sector
lobbyist_67714,SARAH EGGE,3,3,62,Other / Multi-sector
lobbyist_92875,JOSEPH BRITTON,0,0,62,Other / Multi-sector
lobbyist_138478,PAUL SHEARER,44,44,62,Other / Multi-sector
lobbyist_73496,JOHANNA GRAY,3,3,535,Other / Multi-sector
lobbyist_86510,MAIA ESTES,5,5,62,Other / Multi-sector
lobbyist_107193,LARRY MEYERS,42,42,62,Other / Multi-sector
lobbyist_61961,HOWARD MARLOWE,42,42,1470,Other / Multi-sector
lobbyist_68655,ALLEN SHOFE,0,0,62,Other / Multi-sector
lobbyist_73823,CHESTER LOTT,0,0,62,Other / Multi-sector
lobbyist_1266,DUANE GIBSON,0,0,62,Other / Multi-sector
lobbyist_3250,KRISTINA KENNEDY,0,0,62,Other / Multi-sector
lobbyist_32132,DAVID ANDERSON,17,17,12,Other / Multi-sector
lobbyist_115644,LAURI NG,4,4,62,Other / Multi-sector
lobbyist_16739,TIM STEWART,55,55,62,Other / Multi-sector / Energy & Environment
lobbyist_26120,VICKI HART,3,3,62,Other / Multi-sector
lobbyist_48877,ADAM INGOLS,0,0,62,Other / Multi-sector
lobbyist_68626,BRENDAN KRETZSCHMAR,5,5,189,Other / Multi-sector
lobbyist_139591,EDWARD ROYCE,0,0,62,Other / Multi-sector
lobbyist_55142,JENNIFER STEWART,47,47,62,Other / Multi-sector
lobbyist_72487,CHARLES RATHBURN,0,0,62,Other / Multi-sector
lobbyist_144864,SASHA HERNANDEZ,4,4,62,Other / Multi-sector
lobbyist_15073,MARCUS LUBIN,42,42,1891,Other / Multi-sector
lobbyist_69605,ALEXANDRA CAMPAU,3,3,62,Other / Multi-sector
lobbyist_72184,NORMA KRAYEM,0,0,62,Other / Multi-sector
lobbyist_56588,JUSTIN DALY,195,195,62,Other / Multi-sector / Finance & Banking
lobbyist_58996,BLANCHE LINCOLN,3,3,62,Other / Multi-sector
lobbyist_64123,ADAM HIGGINS,3,3,62,Other / Multi-sector
lobbyist_64530,AMY BUDNER SMITH,0,0,62,Other / Multi-sector
lobbyist_93892,JENNIFER STORIPAN,0,0,12,Other / Multi-sector
lobbyist_143123,JESSIE BRAIRTON,3,3,62,Other / Multi-sector
lobbyist_68345,BRYAN ALPHIN,0,0,62,Other / Multi-sector
lobbyist_72125,KEVIN BAILEY,6,6,62,Other / Multi-sector
lobbyist_67183,STEVEN BOMS,4,4,404,Other / Multi-sector
lobbyist_140065,PAUL SASS,0,0,62,Other / Multi-sector
lobbyist_144729,CHRISTOPHER KEOSIAN,91,91,605,Other / Multi-sector
lobbyist_38865,LISA FOSTER,3,3,62,Other / Multi-sector
lobbyist_51440,JAMES FRENCH,0,0,62,Other / Multi-sector
lobbyist_64355,MATTHEW BORMET,261,261,62,Other / Multi-sector
lobbyist_68761,DAVID VITTER,0,0,0,Other / Multi-sector
lobbyist_58709,JEFFERY WALTER,4,4,62,Other / Multi-sector
lobbyist_70276,GABRIEL PELLATHY,0,0,62,Other / Multi-sector
lobbyist_93141,JEFFERIES MURRAY,8,8,62,Other / Multi-sector
lobbyist_65471,ROBERT WASINGER,0,0,62,Other / Multi-sector
lobbyist_72182,ALBERT KAMMLER,0,0,62,Other / Multi-sector
lobbyist_107192,TIMOTHY DAY,42,42,62,Other / Multi-sector
lobbyist_4989,ALLEN FREEMYER,17,17,547,Other / Multi-sector
lobbyist_51704,CONNIE MYERS,25,25,62,Other / Multi-sector
lobbyist_99946,KAROLINA ARIAS,4,4,62,Other / Multi-sector
lobbyist_51394,MENDA FIFE,12,12,66,Other / Multi-sector
lobbyist_71046,RYAN SEROTE,115,115,542,Other / Multi-sector
lobbyist_54740,MARY BAKER,0,0,62,Other / Multi-sector
lobbyist_61574,BRANDON ROMAN,4,4,62,Other / Multi-sector
lobbyist_72129,JEFFREY DENHAM,0,0,62,Other / Multi-sector
lobbyist_72385,DAVID REDL,25,25,62,Other / Multi-sector
lobbyist_47530,AMY CARNEVALE,0,0,62,Other / Multi-sector
lobbyist_96834,JED BHUTA,42,42,236,Other / Multi-sector
lobbyist_43785,STEVEN VALENTINE,0,0,62,Other / Multi-sector
lobbyist_69878,EDEN SHIFERAW,0,0,62,Other / Multi-sector
lobbyist_124311,CHRISTOPHER CORLEY,51,51,62,Other / Multi-sector / Legal & Lobbying
lobbyist_141462,MARY BEAL,0,0,62,Other / Multi-sector
lobbyist_118200,JESSICA MARTINEZ,25,25,62,Other / Multi-sector
lobbyist_56752,GLYNDA BECKER FENTER,42,42,2277,Other / Multi-sector
lobbyist_66687,DREW COLE,0,0,62,Other / Multi-sector
lobbyist_102514,JONATHAN KOTT,0,0,62,Other / Multi-sector
lobbyist_51663,JAMES SARTUCCI,0,0,62,Other / Multi-sector
lobbyist_61515,BENJAMIN GROVE,37,37,1906,Other / Multi-sector / Education & Research
lobbyist_63815,DAVID THOMPSON,0,0,62,Other / Multi-sector
lobbyist_66858,AMANDA FENTON,42,42,565,Other / Multi-sector
lobbyist_73468,ANSLEY ERDEL,25,25,62,Other / Multi-sector
lobbyist_71017,GAYLE GERDES,3,3,62,Other / Multi-sector
lobbyist_67202,BRAD GENTILE,31,31,62,Other / Multi-sector
lobbyist_67409,BRANDT HERSHMAN,0,0,62,Other / Multi-sector
lobbyist_70632,BRETT HEWITT,42,42,2362,Other / Multi-sector
lobbyist_71287,DAVID PEARCE,42,42,367,Other / Multi-sector
lobbyist_55097,STEVEN BLOCH,42,42,1271,Other / Multi-sector
lobbyist_122259,ADAM TARR,6,6,62,Other / Multi-sector
lobbyist_44665,ESTUARDO RODRIGUEZ,127,127,62,Other / Multi-sector / Legal & Lobbying
lobbyist_57250,NICOLE DI RESTA,8,8,62,Other / Multi-sector
lobbyist_65072,KYLE CORMNEY,0,0,62,Other / Multi-sector
lobbyist_100976,ANDREA MARES,3,3,62,Other / Multi-sector
lobbyist_52671,MICHELE STOCKWELL,42,42,2165,Other / Multi-sector
lobbyist_68596,RICHARD SULLIVAN,0,0,62,Other / Multi-sector
lobbyist_80347,MOSHE SCHWARTZ,8,8,1677,Other / Multi-sector
lobbyist_112325,SAMANTHA SWING,0,0,62,Other / Multi-sector
lobbyist_42321,PATRICK COONEY,3,3,840,Other / Multi-sector
lobbyist_139812,KRISTEN BAUTZ,43,43,62,Other / Multi-sector
lobbyist_4106,LAWRENCE WILLCOX,4,4,62,Other / Multi-sector
lobbyist_52846,KARA RINALDI,115,115,111,Other / Multi-sector
lobbyist_67163,LAUREN FLYNN,4,4,62,Other / Multi-sector
lobbyist_72039,MILAN DALAL,195,195,62,Other / Multi-sector / Finance & Banking
lobbyist_101293,JENNIFER READ,4,4,62,Other / Multi-sector
lobbyist_79254,ANN MARIE BUERKLE,0,0,62,Other / Multi-sector
lobbyist_100994,SARAH MONTEITH,0,0,62,Other / Multi-sector
lobbyist_139472,ALEXANDER HECHT,0,0,62,Other / Multi-sector
lobbyist_143186,NICHOLAS MANETTO,3,3,255,Other / Multi-sector
lobbyist_63604,GREGORY LOUER,0,0,62,Other / Multi-sector
lobbyist_68660,MICHAEL GOO,115,115,542,Other / Multi-sector
lobbyist_87379,A.J. WOJCIAK,3,3,62,Other / Multi-sector
lobbyist_139835,BRYAN WELLS,3,3,62,Other / Multi-sector
lobbyist_61765,ROBERT EPPLIN,8,8,304,Other / Multi-sector
lobbyist_1057,JOHN CAHILL,68,68,62,Other / Multi-sector
lobbyist_55171,MITCH BUTLER,17,17,12,Other / Multi-sector
lobbyist_106919,LOGAN HOLLERS,0,0,62,Other / Multi-sector
lobbyist_114771,THADDEUS INGE,0,0,62,Other / Multi-sector
lobbyist_142772,ROBERT MOSS,59,59,62,Other / Multi-sector / Real Estate & Construction
lobbyist_65577,JOHN BOHANAN,8,8,62,Other / Multi-sector
lobbyist_70028,TODD WOMACK,0,0,542,Other / Multi-sector
lobbyist_139217,WARD CORMIER,0,0,255,Other / Multi-sector
lobbyist_48942,LISA WALTZMAN,0,0,62,Other / Multi-sector
lobbyist_107259,JOHN TWOMEY,3,3,62,Other / Multi-sector
lobbyist_143006,TRACY TOLK,0,0,62,Other / Multi-sector
lobbyist_43042,PATRICK RAFFANIELLO,4,4,62,Other / Multi-sector
lobbyist_50796,RICH MEADE,0,0,62,Other / Multi-sector
lobbyist_67436,JUSTIN PERKINS,42,42,62,Other / Multi-sector
lobbyist_68021,LOUIS AGNELLO,3,3,62,Other / Multi-sector
lobbyist_94230,DAVID GASSON,59,59,62,Other / Multi-sector / Real Estate & Construction
lobbyist_106874,JARROD LOADHOLT,24,24,62,Other / Multi-sector
lobbyist_59606,DIANE MAJOR,3,3,62,Other / Multi-sector
lobbyist_60562,KENDALL HUSSEY,3,3,62,Other / Multi-sector
lobbyist_61445,DEBORAH BURRELL,5,5,221,Other / Multi-sector
lobbyist_64952,KATE HALLAHAN,54,54,62,Other / Multi-sector / Government & Nonprofit
lobbyist_71413,BRUCE EVANS,0,0,62,Other / Multi-sector
lobbyist_18762,MARC GERSON,4,4,62,Other / Multi-sector
lobbyist_15532,STACEY HUGHES,3,3,62,Other / Multi-sector
lobbyist_63519,JACOB TRIOLO,34,34,62,Other / Multi-sector
lobbyist_79043,JULIA ANGELOTTI,42,42,62,Other / Multi-sector
lobbyist_37493,EDWARD STEINER,25,25,62,Other / Multi-sector
lobbyist_59478,TYLER THOMPSON,3,3,62,Other / Multi-sector
lobbyist_66127,WILLIAM MCGRATH,17,17,62,Other / Multi-sector
lobbyist_71071,FERNANDO RUIZ,42,42,2363,Other / Multi-sector
lobbyist_102589,FRED TURNER,0,0,62,Other / Multi-sector
lobbyist_138381,SCOTT TOMINOVICH,0,0,62,Other / Multi-sector
lobbyist_147260,MATTHEW BERZOK,25,25,62,Other / Multi-sector
lobbyist_58865,PETER LAWSON,0,0,62,Other / Multi-sector
lobbyist_59264,JASON ABEL,4,4,62,Other / Multi-sector
lobbyist_60242,EBONY SIMPSON,47,47,62,Other / Multi-sector
lobbyist_72759,ASHLI PALMER,0,0,62,Other / Multi-sector
lobbyist_143320,KATIE SCHOETTLER,3,3,62,Other / Multi-sector
lobbyist_24285,MICHAEL GALANO,27,27,62,Other / Multi-sector
lobbyist_44683,LEONARD SIMON,259,259,1132,Other / Multi-sector
lobbyist_139949,WILLIAM LILES,195,195,62,Other / Multi-sector / Finance & Banking
lobbyist_140174,KIRA FLAHERTY,216,216,835,Other / Multi-sector / Healthcare & Pharma
lobbyist_68891,EDUARDO ZAPIEN,0,0,62,Other / Multi-sector
lobbyist_72847,PETER ROSKAM,4,4,62,Other / Multi-sector
lobbyist_29197,SUSAN RAMTHUN,3,3,62,Other / Multi-sector
lobbyist_73518,RENE MUNOZ,0,0,62,Other / Multi-sector
lobbyist_60176,BRENDA REESE,3,3,62,Other / Multi-sector
lobbyist_71540,CHRISTOPHER MINAKOWSKI,5,5,62,Other / Multi-sector
lobbyist_137456,PENELOPE FARTHING,173,173,62,Other / Multi-sector
lobbyist_139665,DAN GREENWOOD,152,152,62,Other / Multi-sector
lobbyist_138179,AUGUSTUS MAPLES,27,27,951,Other / Multi-sector
lobbyist_140141,DREW GRIFFIN,0,0,62,Other / Multi-sector
lobbyist_143732,MATTHEW KELLOGG,4,4,62,Other / Multi-sector
lobbyist_44086,BRIGEN WINTERS,104,104,172,Other / Multi-sector / Healthcare & Pharma
lobbyist_72029,GREG LANKLER,8,8,62,Other / Multi-sector
lobbyist_47350,SEAN MCGLYNN,0,0,62,Other / Multi-sector
lobbyist_69933,DAVID HOOVER,0,0,582,Other / Multi-sector
lobbyist_139804,KARYN RICHMAN,8,8,62,Other / Multi-sector
lobbyist_50807,STEFAN BAILEY,0,0,62,Other / Multi-sector
lobbyist_71247,MARTI THOMAS,0,0,62,Other / Multi-sector
lobbyist_100815,JARED WEAVER,25,25,62,Other / Multi-sector
lobbyist_137858,MISHA LEHRER,5,5,62,Other / Multi-sector
lobbyist_63704,NICK KOLOVOS,25,25,62,Other / Multi-sector
lobbyist_143170,JOHN CHRISTIE,0,0,62,Other / Multi-sector
lobbyist_143793,CHRISTOPHER COOPER,42,42,615,Other / Multi-sector
lobbyist_71541,ANDERSON HEIMAN,0,0,62,Other / Multi-sector
lobbyist_138622,HEATHER VOORMAN,42,42,921,Other / Multi-sector
lobbyist_140648,CAITLIN CANTER,0,0,62,Other / Multi-sector
lobbyist_60602,TIM HUTCHINSON,0,0,62,Other / Multi-sector
lobbyist_62208,CASIE DAUGHERTY,0,0,62,Other / Multi-sector
lobbyist_65939,JOHN EASTON,3,3,438,Other / Multi-sector
lobbyist_46918,THOMAS BRIERTON,58,58,66,Other / Multi-sector
lobbyist_48806,CRAIG METZ,0,0,62,Other / Multi-sector
lobbyist_65363,KATE ROSE,3,3,62,Other / Multi-sector
lobbyist_69397,MATTHEW SPIKES,251,251,62,Other / Multi-sector
lobbyist_103206,ADAM STEINMETZ,3,3,62,Other / Multi-sector
lobbyist_58249,DE'ANA DOW,4,4,62,Other / Multi-sector
lobbyist_93522,STACEY ROLLAND,4,4,62,Other / Multi-sector
lobbyist_139011,BYRON WILLIAMS,177,177,62,Other / Multi-sector / Legal & Lobbying
lobbyist_57044,CHRISTOPHER CARON,0,0,62,Other / Multi-sector
lobbyist_71419,JEFFREY MUNK,0,0,62,Other / Multi-sector
lobbyist_70956,ERYKKA THOMPSON,42,42,1016,Other / Multi-sector
lobbyist_2371,JON BOUKER,0,0,62,Other / Multi-sector
lobbyist_139989,KATELYN BUNNING,0,0,62,Other / Multi-sector
lobbyist_72938,MARGARET FRANKLIN,3,3,62,Other / Multi-sector
lobbyist_3688,MITCHELL FEUER,4,4,62,Other / Multi-sector
lobbyist_66261,ANDREW LITTMAN,0,0,62,Other / Multi-sector
lobbyist_71522,BENJAMIN BROWN,195,195,62,Other / Multi-sector / Finance & Banking
lobbyist_54451,RYAN SMITH,7,7,62,Other / Multi-sector
lobbyist_58419,LUKE JOHNSON,17,17,62,Other / Multi-sector
lobbyist_63612,PARI MODY,3,3,62,Other / Multi-sector
lobbyist_143718,PAUL WEISS,0,0,62,Other / Multi-sector
lobbyist_70737,KELLEY HUDAK,0,0,62,Other / Multi-sector
lobbyist_139167,GREG WALDEN,0,0,62,Other / Multi-sector
lobbyist_54797,JAMES HALL,3,3,62,Other / Multi-sector
lobbyist_69457,DONALD BRAMER,8,8,62,Other / Multi-sector
lobbyist_73516,CASEY BROUHARD,3,3,62,Other / Multi-sector
lobbyist_141279,JOSEPH BRAZAUSKAS,0,0,62,Other / Multi-sector
lobbyist_145020,REBECCA ALCORN,4,4,62,Other / Multi-sector
lobbyist_67125,CRYSTAL ELLERBE,0,0,62,Other / Multi-sector
lobbyist_70608,LAMAR SMITH,0,0,62,Other / Multi-sector
lobbyist_71987,CHRISTOPHER CARNEY,36,36,62,Other / Multi-sector
lobbyist_142519,JOSEPH MELO,145,145,62,Other / Multi-sector / Education & Research
lobbyist_53458,MATT WISE,0,0,62,Other / Multi-sector
lobbyist_60098,HANNAH LAMBIOTTE SMITH,3,3,62,Other / Multi-sector
lobbyist_148710,KIERSTIN STRADFORD-PATTERSON,27,27,1114,Other / Multi-sector
lobbyist_52422,JENNIFER BELL,3,3,62,Other / Multi-sector
lobbyist_51923,MUFTIAH MCCARTIN,0,0,62,Other / Multi-sector
lobbyist_70555,LUKE STRIMER,0,0,62,Other / Multi-sector
lobbyist_146970,MADELINE VOITIER,91,91,605,Other / Multi-sector
lobbyist_70700,DAVID OXNER,4,4,62,Other / Multi-sector
lobbyist_40724,JAMES BARKER,36,36,854,Other / Multi-sector
lobbyist_58199,JAMES BARNETTE,0,0,62,Other / Multi-sector
lobbyist_61240,ANDRE MONETTE,42,42,605,Other / Multi-sector
lobbyist_67156,KYLE RUCKERT,118,118,111,Other / Multi-sector
lobbyist_69854,PATRICK MARTIN,3,3,62,Other / Multi-sector
lobbyist_115068,MICHAEL OSCAR,42,42,230,Other / Multi-sector
lobbyist_94404,BRYAN MAXWELL,5,5,676,Other / Multi-sector
lobbyist_148621,C. MAGGIE (MOORE) AARON,4,4,62,Other / Multi-sector
lobbyist_99335,NOE GARCIA,41,41,62,Other / Multi-sector
lobbyist_139925,JOSEFINA PRESCOTT,3,3,62,Other / Multi-sector
lobbyist_141629,CHRISTOPHER DAVIS,3,3,62,Other / Multi-sector
lobbyist_143287,KELSEY CARLSON,3,3,62,Other / Multi-sector
lobbyist_138330,JOHN WEBER,6,6,62,Other / Multi-sector
lobbyist_48015,JENNIFER PHARAOH,14,14,62,Other / Multi-sector
lobbyist_127340,DARIN GARDNER,3,3,62,Other / Multi-sector
lobbyist_141890,MAGGIE MCGRANE,3,3,62,Other / Multi-sector
lobbyist_6078,CHRISTINE PELLERIN,26,26,79,Other / Multi-sector
lobbyist_27500,KENNETH KIES,4,4,62,Other / Multi-sector
lobbyist_53051,CLIFF ROTHENSTEIN,0,0,62,Other / Multi-sector
lobbyist_64756,MATT WEINSTEIN,5,5,62,Other / Multi-sector
lobbyist_79412,ALFONSO LOPEZ,27,27,62,Other / Multi-sector
lobbyist_100901,KENNY ROBERTS,0,0,62,Other / Multi-sector
lobbyist_43651,JOHN RUSSELL,3,3,13,Other / Multi-sector
lobbyist_51406,ROGER MURRY,0,0,62,Other / Multi-sector
lobbyist_63167,MATTHEW HINCH,0,0,62,Other / Multi-sector
lobbyist_65058,JOHN STANFORD,24,24,1119,Other / Multi-sector
lobbyist_67626,SARA LINDER,0,0,62,Other / Multi-sector
lobbyist_68374,LAWRENCE GROSSMAN,55,55,62,Other / Multi-sector / Energy & Environment
lobbyist_143861,EMILY LAVERY,4,4,62,Other / Multi-sector
lobbyist_63658,JOSHUA LAROSE,42,42,1701,Other / Multi-sector
lobbyist_32389,DON NICKLES,0,0,62,Other / Multi-sector
lobbyist_53513,ROBERT ELLSWORTH,16,16,224,Other / Multi-sector
lobbyist_31634,JAMIE JONES,36,36,1014,Other / Multi-sector
lobbyist_93440,LUCIA ALONZO,0,0,62,Other / Multi-sector
lobbyist_100455,KATE GONZALES,17,17,62,Other / Multi-sector
lobbyist_142566,VEN NERALLA,0,0,62,Other / Multi-sector
lobbyist_64322,BRIAN MCLAUGHLIN,25,25,228,Other / Multi-sector
lobbyist_67825,KATRINA VELASQUEZ,105,105,1029,Other / Multi-sector
lobbyist_70151,LINDLEY SHERER,5,5,62,Other / Multi-sector
lobbyist_99008,DANA GRESHAM,0,0,62,Other / Multi-sector
lobbyist_60516,MATTHEW TUTEN,3,3,62,Other / Multi-sector
lobbyist_62769,JEFFERY MORE,42,42,62,Other / Multi-sector
lobbyist_68397,LUDMILLA KASULKE (NEE SAVELIEFF),0,0,62,Other / Multi-sector
lobbyist_68402,HEIDEH SHAHMORADI,36,36,66,Other / Multi-sector
lobbyist_71720,MICKAYLA STOGSDILL,3,3,62,Other / Multi-sector
lobbyist_109925,DEBRA CURTIS,3,3,62,Other / Multi-sector
lobbyist_146653,THOMAS DAVIS,0,0,62,Other / Multi-sector
lobbyist_47432,TIMOTHY YEHL,3,3,62,Other / Multi-sector
lobbyist_43920,CHRISTOPHER VITALE,0,0,62,Other / Multi-sector
lobbyist_57973,JAKE PERRY,4,4,79,Other / Multi-sector
lobbyist_139456,JULIE DUNNE,0,0,62,Other / Multi-sector
lobbyist_48943,COLBY MILLER,152,152,62,Other / Multi-sector
lobbyist_47989,RON KLINK,0,0,62,Other / Multi-sector
lobbyist_55074,BART STUPAK,4,4,62,Other / Multi-sector
lobbyist_69511,MATTHEW RUSSELL,4,4,62,Other / Multi-sector
lobbyist_143188,BRANDT ANDERSON,0,0,62,Other / Multi-sector
lobbyist_146498,TRAVIS CONE,48,48,62,Other / Multi-sector
lobbyist_138317,RONALD KLEIN,3,3,62,Other / Multi-sector
lobbyist_139779,JOHN LUNDY,52,52,62,Other / Multi-sector
lobbyist_143653,MATTHEW PLASTER,25,25,62,Other / Multi-sector
lobbyist_18231,JOHN KEAST,8,8,62,Other / Multi-sector
lobbyist_47333,JIM DAVIS,0,0,62,Other / Multi-sector
lobbyist_63587,MICHAEL KREPS,3,3,172,Other / Multi-sector
lobbyist_72152,NELL REILLY,42,42,2309,Other / Multi-sector
lobbyist_107248,ROBERT CRAMER,72,72,62,Other / Multi-sector
lobbyist_142755,CHERI BUSTOS,23,23,0,Other / Multi-sector / Energy & Environment
lobbyist_64321,JOEL RIETHMILLER,2,2,228,Other / Multi-sector
lobbyist_64995,JOAN BONDAREFF,0,0,62,Other / Multi-sector
lobbyist_70044,BRIAN JOHNSON,0,0,62,Other / Multi-sector
lobbyist_58251,EMILY PORTER,3,3,62,Other / Multi-sector
lobbyist_60557,HEIDE BAJNRAUH,3,3,62,Other / Multi-sector
lobbyist_70066,GREG MESACK,4,4,62,Other / Multi-sector
lobbyist_60441,STEPHEN NORTHRUP,3,3,62,Other / Multi-sector
lobbyist_93175,MARK EPLEY,0,0,62,Other / Multi-sector
lobbyist_52786,BEHRENDS FOSTER,3,3,62,Other / Multi-sector
lobbyist_66034,AMANDA BUNNING KELSEY,0,0,62,Other / Multi-sector
lobbyist_107246,KWABENA NSIAH,0,0,62,Other / Multi-sector
lobbyist_21772,CLAYTON HEIL,102,102,62,Other / Multi-sector / Energy & Environment
lobbyist_58243,MCKIE CAMPBELL,0,0,62,Other / Multi-sector
lobbyist_62139,KYLE MULHALL,41,41,66,Other / Multi-sector
lobbyist_92415,ZACHARY HOWELL,31,31,62,Other / Multi-sector
lobbyist_70029,BRENT HEBERLEE,0,0,62,Other / Multi-sector
lobbyist_35167,IRENE BUENO,0,0,62,Other / Multi-sector
lobbyist_60115,ALEX TEEL,4,4,62,Other / Multi-sector
lobbyist_65583,ROBERT DALEY,3,3,1119,Other / Multi-sector
lobbyist_67367,JOHN FEEHERY,3,3,438,Other / Multi-sector
lobbyist_62736,LAYTH ELHASSANI,0,0,62,Other / Multi-sector
lobbyist_86564,BRIAN HACKLER,28,28,62,Other / Multi-sector
lobbyist_142337,TYLER HARDY,0,0,62,Other / Multi-sector
lobbyist_63119,EDUARDO SOTO,138,138,62,Other / Multi-sector
lobbyist_81578,JESSICA MONAHAN,0,0,62,Other / Multi-sector
lobbyist_146514,MIKE SMULLEN,0,0,62,Other / Multi-sector
lobbyist_63823,GENEVIEVE HUBBARD (NEE' BRESNAHAN),0,0,62,Other / Multi-sector
lobbyist_68373,CHRISTOPHER BRADISH,55,55,62,Other / Multi-sector / Energy & Environment
lobbyist_69124,JON WADSWORTH,36,36,1014,Other / Multi-sector
lobbyist_48796,DAVID BEAUDREAU,61,61,62,Other / Multi-sector
lobbyist_49013,MARK REY,42,42,542,Other / Multi-sector
lobbyist_68048,BARBARA PATTERSON,6,6,62,Other / Multi-sector
lobbyist_102193,BOBBY MCMILLIN,3,3,62,Other / Multi-sector
lobbyist_148520,FREDERICK VAUGHAN,0,0,62,Other / Multi-sector
lobbyist_148938,RICHARD OLIVER,0,0,62,Other / Multi-sector
lobbyist_2312,KATE FINKELSTEIN,3,3,669,Other / Multi-sector
lobbyist_12395,ELLEN KUGLER,3,3,669,Other / Multi-sector
lobbyist_58516,ISAAC BROWN,57,57,2036,Other / Multi-sector / Energy & Environment
lobbyist_64490,BONNIE HOGUE DUFFY,3,3,62,Other / Multi-sector
lobbyist_41521,SUSAN LENT,0,0,62,Other / Multi-sector
lobbyist_54439,JON HROBSKY,17,17,62,Other / Multi-sector
lobbyist_65142,DANIEL MCCARTHY,112,112,62,Other / Multi-sector / Legal & Lobbying
lobbyist_65545,SCOTT GRAVES,0,0,62,Other / Multi-sector
lobbyist_68403,JAMES O'KEEFFE,36,36,62,Other / Multi-sector
lobbyist_69885,ALAN KATZ,22,22,965,Other / Multi-sector
lobbyist_120820,SANDRA ALCALA,0,0,62,Other / Multi-sector
lobbyist_138298,RACHEL MOTLEY,138,138,62,Other / Multi-sector
lobbyist_143833,JONATHAN YAROWSKY,0,0,62,Other / Multi-sector
lobbyist_66867,THOMAS WHARTON,3,3,62,Other / Multi-sector
lobbyist_67306,RYAN MCBRIDE,216,216,62,Other / Multi-sector / Healthcare & Pharma
lobbyist_67311,LAURA WOOSTER,216,216,62,Other / Multi-sector / Healthcare & Pharma
lobbyist_71614,AMANDA SLATER,4,4,62,Other / Multi-sector
lobbyist_151117,STEPHEN VOLJAVEC,0,0,62,Other / Multi-sector
lobbyist_139131,MARTHA ROBY,8,8,358,Other / Multi-sector
lobbyist_139201,CATHERINE LENZ,3,3,255,Other / Multi-sector
lobbyist_17845,JEANNE SLADE,216,216,62,Other / Multi-sector / Healthcare & Pharma
lobbyist_67451,JOSHUA RAYMOND,4,4,62,Other / Multi-sector
lobbyist_67617,BOB BROOKS,4,4,62,Other / Multi-sector
lobbyist_72096,JASON BUCKNER,17,17,62,Other / Multi-sector
lobbyist_140981,IAN WHITSON,0,0,62,Other / Multi-sector
lobbyist_65281,ANNE PALISI,0,0,62,Other / Multi-sector
lobbyist_68022,FRANK GUINTA,0,0,62,Other / Multi-sector
lobbyist_146689,DAVID PLANNING,0,0,62,Other / Multi-sector
lobbyist_147084,ZACHARY COMMINS,27,27,62,Other / Multi-sector
lobbyist_138427,DEVIN BARRETT,0,0,62,Other / Multi-sector
lobbyist_47685,MATTHEW MORGAN,138,138,62,Other / Multi-sector
lobbyist_133352,SHAWN FERGUSON,42,42,92,Other / Multi-sector
lobbyist_44837,DENNIS MCGRANN,173,173,217,Other / Multi-sector
lobbyist_67532,SANDRA LUFF,252,252,438,Other / Multi-sector
lobbyist_73022,RODNEY FRELINGHUYSEN,0,0,62,Other / Multi-sector
lobbyist_108342,RASHAWN MITCHELL,4,4,62,Other / Multi-sector
lobbyist_49057,MONA MOHIB,0,0,62,Other / Multi-sector
lobbyist_61911,JONATHAN VAN ARSDELL,341,341,438,Other / Multi-sector
lobbyist_65690,CRAIG FELNER,3,3,62,Other / Multi-sector
lobbyist_79283,MEGAN HERBER,3,3,62,Other / Multi-sector
lobbyist_107209,STEPHEN BORG,0,0,62,Other / Multi-sector
lobbyist_142545,PAUL MILOTTE,27,27,62,Other / Multi-sector
lobbyist_145384,ARTHUR SCOTT,113,113,62,Other / Multi-sector
lobbyist_35278,SARA FRANKO,3,3,62,Other / Multi-sector
lobbyist_47145,ANDREW BURMEISTER,173,173,217,Other / Multi-sector
lobbyist_76873,OLIVIA IGBOKWE,185,185,66,Other / Multi-sector
lobbyist_142222,PATRICK AMES,4,4,62,Other / Multi-sector
lobbyist_60356,BRIAN RICE,252,252,438,Other / Multi-sector
lobbyist_65600,BRANDI LOWELL,0,0,62,Other / Multi-sector
lobbyist_69245,JAMES REID,32,32,62,Other / Multi-sector / Legal & Lobbying
lobbyist_106298,MIKE CARR,102,102,62,Other / Multi-sector / Energy & Environment
lobbyist_61475,R. NICHOLSON,0,0,62,Other / Multi-sector
lobbyist_106242,YOGIN KOTHARI,102,102,62,Other / Multi-sector / Energy & Environment
lobbyist_142007,MARK BENEDICT,171,171,199,Other / Multi-sector
lobbyist_17987,JOEL WHITE,3,3,62,Other / Multi-sector
lobbyist_71527,TONY SAMP,152,152,62,Other / Multi-sector
lobbyist_121847,CLIFTON WILLIAMS,74,74,542,Other / Multi-sector
lobbyist_138164,ANDREW TABLER,0,0,62,Other / Multi-sector
lobbyist_58980,MATT SMITH,36,36,1014,Other / Multi-sector
lobbyist_114059,JOSEF NOVOTNY,0,0,62,Other / Multi-sector
lobbyist_136087,EDWARD ROGERS,0,0,62,Other / Multi-sector
lobbyist_147901,MEAGAN BOLTON SUNN,24,24,62,Other / Multi-sector
lobbyist_64714,JENNIFER KROWCHUN,149,149,62,Technology & Telecom / Other / Multi-sector
lobbyist_143245,JUSTIN SOK,4,4,62,Other / Multi-sector
lobbyist_37600,ANDREW SHORE,75,75,62,Other / Multi-sector / Legal & Lobbying
lobbyist_45599,CAROLINE VILCHEZ,171,171,199,Other / Multi-sector
lobbyist_58258,ROLAND LITTERST,0,0,62,Other / Multi-sector
lobbyist_140433,DANIELLE BECK,6,6,62,Other / Multi-sector
lobbyist_68521,RACHEL STAUFFER,3,3,62,Other / Multi-sector
lobbyist_68582,SARAH SAPIRSTEIN,115,115,1033,Other / Multi-sector
lobbyist_139792,TY MABRY,52,52,62,Other / Multi-sector
lobbyist_143660,CARYN LESTER,0,0,62,Other / Multi-sector
lobbyist_145299,KENDRA ISAACSON,4,4,62,Other / Multi-sector
lobbyist_147951,JASON YAWORSKE,0,0,62,Other / Multi-sector
lobbyist_61198,JOHN STERNE,42,42,62,Other / Multi-sector
lobbyist_66028,TIMOTHY CASEY,3,3,1119,Other / Multi-sector
lobbyist_66692,RYAN LITTLE,3,3,62,Other / Multi-sector
lobbyist_4779,MICHAEL RIITH,197,197,438,Other / Multi-sector
lobbyist_40669,JEANNE WOLAK,197,197,438,Other / Multi-sector
lobbyist_63558,DANIEL MURRAY,197,197,438,Other / Multi-sector
lobbyist_70030,BRENT WILES,0,0,542,Other / Multi-sector
lobbyist_142024,JEFFREY REGAN,0,0,62,Other / Multi-sector
lobbyist_143805,HAROLD LAWRENCE,197,197,438,Other / Multi-sector
lobbyist_8509,SARAH VILMS,0,0,62,Other / Multi-sector
lobbyist_16409,PETER THOMAS,3,3,62,Other / Multi-sector
lobbyist_68780,JONATHAN BECKER,0,0,62,Other / Multi-sector
lobbyist_133898,ETHAN MAHLER,42,42,1921,Other / Multi-sector
lobbyist_147950,BRITTAN SPECHT,0,0,62,Other / Multi-sector
lobbyist_148140,ALEX BOLTON,0,0,603,Other / Multi-sector
lobbyist_39035,TERRY PAUL,5,5,62,Other / Multi-sector
lobbyist_56282,NICOLE BIVENS COLLINSON,25,25,62,Other / Multi-sector
lobbyist_68257,JOHN HUGHES,42,42,2007,Other / Multi-sector
lobbyist_93548,CHRISTOPHER GILLOTT,3,3,62,Other / Multi-sector
lobbyist_143156,JOHN MARTIN,3,3,62,Other / Multi-sector
lobbyist_51350,MARK HOLMAN,23,23,62,Other / Multi-sector / Energy & Environment
lobbyist_70972,JUSTIN BROWER,5,5,62,Other / Multi-sector
lobbyist_50556,MARK DISLER,0,0,62,Other / Multi-sector
lobbyist_54736,DANIEL MAUER,27,27,62,Other / Multi-sector
lobbyist_62847,ANDREW MACPHERSON,3,3,62,Other / Multi-sector
lobbyist_100905,DANIELLE NELSON,6,6,62,Other / Multi-sector
lobbyist_101186,YVETTE CRAVINS,80,80,62,Other / Multi-sector
lobbyist_145638,SHAYNE WOODS,3,3,62,Other / Multi-sector
lobbyist_69286,PHILLIP BIANCHI,27,27,62,Other / Multi-sector
lobbyist_141323,DANIEL ZIEGLER,0,0,62,Other / Multi-sector
lobbyist_65362,KRISTIN WELSH,3,3,62,Other / Multi-sector
lobbyist_71398,SUSAN ZOOK,3,3,62,Other / Multi-sector
lobbyist_115002,RICHARD HOAR,42,42,62,Other / Multi-sector
lobbyist_103033,TRAVIS LUCAS,36,36,542,Other / Multi-sector
lobbyist_142112,KELSEY GRISWOLD-BERGER,0,0,62,Other / Multi-sector
lobbyist_5259,JEFF MARKEY,269,269,62,Other / Multi-sector
lobbyist_40510,MICHELLE MRDEZA,0,0,62,Other / Multi-sector
lobbyist_72956,KRISTIAN CHIN,27,27,1114,Other / Multi-sector
lobbyist_95480,TAYLOR JORDAN,8,8,62,Other / Multi-sector
lobbyist_139766,JOHN V. DRZEWICKI,0,0,62,Other / Multi-sector
lobbyist_61606,BRETT HEIMOV,69,69,436,Other / Multi-sector
lobbyist_38873,THOMAS STAPLETON,5,5,62,Other / Multi-sector
lobbyist_55801,CHRISTOPHER HERNDON,252,252,438,Other / Multi-sector
lobbyist_56857,GREG MAURER,252,252,438,Other / Multi-sector
lobbyist_64565,JOSEPH VASAPOLI,3,3,62,Other / Multi-sector
lobbyist_69007,CHRISTOPHER RANDLE,252,252,438,Other / Multi-sector
lobbyist_145323,ROBERT MARTIN,0,0,62,Other / Multi-sector
lobbyist_147952,PRESTON HILL,0,0,62,Other / Multi-sector
lobbyist_93755,DAVID JANSEN,0,0,62,Other / Multi-sector
lobbyist_138345,MICHAEL HETTINGER,8,8,992,Other / Multi-sector
lobbyist_69867,JAMES BURCHFIELD,0,0,62,Other / Multi-sector
lobbyist_54594,MYRIAH JORDAN,252,252,438,Other / Multi-sector
lobbyist_71126,CHELSEA CAULFIELD,341,341,438,Other / Multi-sector
lobbyist_139459,STANLEY SKOCKI,21,21,1813,Other / Multi-sector / Education & Research
lobbyist_67852,JOSH HOLLY,8,8,62,Other / Multi-sector
lobbyist_109978,JOY GREWATZ,115,115,542,Other / Multi-sector
lobbyist_5674,MICHAEL ESPOSITO,45,45,1691,Other / Multi-sector
lobbyist_64116,PAUL BLEIBERG,42,42,1490,Other / Multi-sector
lobbyist_72207,JUSTIN BROWN,34,34,73,Other / Multi-sector
lobbyist_46927,DAVID HORNE,195,195,614,Other / Multi-sector / Finance & Banking
lobbyist_51920,HOWARD SCHWEITZER,0,0,62,Other / Multi-sector
lobbyist_138310,KELLY DELMORE,100,100,1938,Other / Multi-sector / Healthcare & Pharma
lobbyist_142638,KELLY LUGAR,0,0,62,Other / Multi-sector
lobbyist_59982,CLARINE RIDDLE,15,15,62,Other / Multi-sector
lobbyist_142021,DAVID BRIDGES,4,4,62,Other / Multi-sector
lobbyist_42972,CHRISTOPHER JAVENS,4,4,62,Other / Multi-sector
lobbyist_65555,ROBERT HERBERT,27,27,62,Other / Multi-sector
lobbyist_71441,JAY PERRON,84,84,1119,Other / Multi-sector
lobbyist_142471,AUKE MAHAR-PIERSMA,27,27,62,Other / Multi-sector
lobbyist_142555,DEANNA ARCHULETA,41,41,62,Other / Multi-sector
lobbyist_288,KEVIN JOSEPH,25,25,62,Other / Multi-sector
lobbyist_60906,ANDREW HAWKINS,3,3,62,Other / Multi-sector
lobbyist_121994,WILLIAM TRANGHESE,0,0,319,Other / Multi-sector
lobbyist_139470,LACY CLAY,195,195,62,Other / Multi-sector / Finance & Banking
lobbyist_65531,LORI PICKFORD,7,7,582,Other / Multi-sector
lobbyist_72566,JERI FREIRICH,0,0,62,Other / Multi-sector
lobbyist_139430,SAMUEL BEAVER,42,42,1685,Other / Multi-sector
lobbyist_40329,PATRICIA KNIGHT,42,42,1632,Other / Multi-sector
lobbyist_61496,MATT GALL,0,0,62,Other / Multi-sector
lobbyist_69148,STONEY BURKE,0,0,62,Other / Multi-sector
lobbyist_150526,KELLY CHILDRESS LANGE,3,3,62,Other / Multi-sector
lobbyist_46490,JAMES WICKETT,0,0,62,Other / Multi-sector
lobbyist_140903,JORDAN EVICH,0,0,62,Other / Multi-sector
lobbyist_146110,LUCIA PANZA,0,0,62,Other / Multi-sector
lobbyist_9270,PETER REINECKE,164,164,1338,Other / Multi-sector
lobbyist_64748,JACK IRVIN,192,192,425,Other / Multi-sector / Agriculture & Food
lobbyist_70886,BILL SHUSTER,0,0,62,Other / Multi-sector
lobbyist_143334,DANIEL ZAWITOSKI,0,0,62,Other / Multi-sector
lobbyist_63489,AIMEE GHOSH,20,20,62,Other / Multi-sector / Education & Research
lobbyist_71592,JOSHUA NOVOTNEY,15,15,62,Other / Multi-sector
lobbyist_100305,CHARLIE ELLSWORTH,0,0,62,Other / Multi-sector
lobbyist_118394,ANDREW SIFF,42,42,450,Other / Multi-sector
lobbyist_71001,JENNIFER LEIB,3,3,535,Other / Multi-sector
lobbyist_71154,WILL KINZEL,42,42,2265,Other / Multi-sector
lobbyist_86772,BRYANT HALL,3,3,62,Other / Multi-sector
lobbyist_105638,YASMIN NELSON,0,0,62,Other / Multi-sector
lobbyist_142194,PAGE PHILLIPS STRICKLER,42,42,60,Other / Multi-sector
lobbyist_144084,CHANDA BETOURNEY,0,0,62,Other / Multi-sector
lobbyist_12263,HECTOR ALCALDE,27,27,1463,Other / Multi-sector
lobbyist_64837,MICHAEL SPIRA,3,3,603,Other / Multi-sector
lobbyist_69044,CHARLES BOUSTANY,4,4,62,Other / Multi-sector
lobbyist_71770,MARGARET MCCARTHY,175,175,79,Other / Multi-sector
lobbyist_101351,ELIZABETH KELLEY,0,0,62,Other / Multi-sector
lobbyist_139741,GLADYS BARCENA,0,0,62,Other / Multi-sector
lobbyist_148414,ABBEY OVERLAND,8,8,62,Other / Multi-sector
lobbyist_107119,PHILIP KARSTING,27,27,62,Other / Multi-sector
lobbyist_64406,LAURA PERALTA-SCHULTE,42,42,1651,Other / Multi-sector
lobbyist_65023,JENNIFER JOHNSON JARRELL,112,112,62,Other / Multi-sector / Legal & Lobbying
lobbyist_67934,ZAIDA RICKER,42,42,62,Other / Multi-sector
lobbyist_121734,ASHLEE JOHNSON,6,6,62,Other / Multi-sector
lobbyist_150286,PATRICK CLIFTON,0,0,62,Other / Multi-sector
lobbyist_59588,STEPHANIE SALMON,48,48,691,Other / Multi-sector
lobbyist_70005,JOHN THOMAS,15,15,62,Other / Multi-sector
lobbyist_91009,RAUL RAMIREZ,42,42,62,Other / Multi-sector
lobbyist_99481,JAVIER GAMBOA,251,251,62,Other / Multi-sector
lobbyist_102207,AQUILA POWELL,3,3,62,Other / Multi-sector
lobbyist_141432,ZACHARY LAVEN,0,0,62,Other / Multi-sector
lobbyist_20113,MICHAEL WESSEL,14,14,62,Other / Multi-sector
lobbyist_27910,DAVID HOBBS,82,82,62,Other / Multi-sector
lobbyist_38213,INGRID DURAN,78,78,542,Other / Multi-sector / Energy & Environment
lobbyist_62315,MITCHELL VAKERICS,3,3,62,Other / Multi-sector
lobbyist_140764,MEAGAN DALY,42,42,1921,Other / Multi-sector
lobbyist_62394,KENNY HULSHOF,0,0,319,Other / Multi-sector
lobbyist_72165,ALI FULLING,25,25,62,Other / Multi-sector
lobbyist_139584,JOSEPH MINGES,8,8,62,Other / Multi-sector
lobbyist_142877,GREGORY SUNSTRUM,0,0,62,Other / Multi-sector
lobbyist_57868,PAUL LOBO,96,96,1453,Other / Multi-sector / Energy & Environment
lobbyist_59979,BYRON DORGAN,0,0,62,Other / Multi-sector
lobbyist_61226,JENN FOGEL-BUBLICK,4,4,62,Other / Multi-sector
lobbyist_69707,MATTHEW SCOTT,3,3,603,Other / Multi-sector
lobbyist_141667,MICHAEL HEATON,42,42,62,Other / Multi-sector
lobbyist_152223,EARL FLOOD,0,0,62,Other / Multi-sector
lobbyist_27701,DOUGLAS RITTER,42,42,2114,Other / Multi-sector
lobbyist_48552,JENNIFER NAVARRO,42,42,1965,Other / Multi-sector
lobbyist_56737,ADAM PAULSON,42,42,619,Other / Multi-sector
lobbyist_59698,DANIEL NEUMANN,0,0,62,Other / Multi-sector
lobbyist_63317,ELIZABETH SCHMID,42,42,1610,Other / Multi-sector
lobbyist_66486,ERICA STRIEBEL,42,42,953,Other / Multi-sector
lobbyist_69208,JASON MATTHEWS,0,0,62,Other / Multi-sector
lobbyist_107295,MARK PRYOR,0,0,62,Other / Multi-sector
lobbyist_138034,JILL WARREN,5,5,1180,Other / Multi-sector
lobbyist_139783,NIKHIL DHINGRA,0,0,62,Other / Multi-sector
lobbyist_139806,MATTHEW ZIEGMAN,138,138,62,Other / Multi-sector
lobbyist_55579,JOSHUA NASSAR,42,42,1753,Other / Multi-sector
lobbyist_59176,CHARMAYNE ANDERSON,110,110,582,Other / Multi-sector / Healthcare & Pharma
lobbyist_64951,BRITTON CLARKE,36,36,76,Other / Multi-sector
lobbyist_66686,MELISSA BARTLETT,3,3,62,Other / Multi-sector
lobbyist_71602,WILLIAM FISCHER,42,42,1421,Other / Multi-sector
lobbyist_138103,JOHN LATINI,18,18,79,Other / Multi-sector
lobbyist_139124,KATE KROS,3,3,62,Other / Multi-sector
lobbyist_41747,JOSEPH STANKO,0,0,2101,Other / Multi-sector
lobbyist_63360,ERIC SILVA,0,0,62,Other / Multi-sector
lobbyist_93264,JOE KASPER,152,152,62,Other / Multi-sector
lobbyist_95047,EMILY THREADGILL,4,4,62,Other / Multi-sector
lobbyist_139788,SUSAN BUTLER,52,52,62,Other / Multi-sector
lobbyist_140808,SONJA NESBIT,3,3,62,Other / Multi-sector
lobbyist_67424,LISA LAYMAN,169,169,1938,Other / Multi-sector / Healthcare & Pharma
lobbyist_72642,REBEKAH SUNGALA,0,0,62,Other / Multi-sector
lobbyist_106943,SARAH SHIVE,0,0,62,Other / Multi-sector
lobbyist_144747,ABBIE SORRENDINO,0,0,62,Other / Multi-sector
lobbyist_149308,LAURA KEMPER,3,3,62,Other / Multi-sector
lobbyist_57613,JOHN BUSCHER,207,207,438,Other / Multi-sector
lobbyist_71059,DANIEL SJOSTEDT,0,0,62,Other / Multi-sector
lobbyist_148188,WILLIAM HANKA,42,42,265,Other / Multi-sector
lobbyist_14651,WILLIAM HOLLIER,86,86,12,Other / Multi-sector
lobbyist_52982,REBECCAH WOLFKIEL,23,23,62,Other / Multi-sector / Energy & Environment
lobbyist_67343,KATHRYN SPANGLER,104,104,62,Other / Multi-sector / Healthcare & Pharma
lobbyist_136292,PIERRE WHATLEY,195,195,62,Other / Multi-sector / Finance & Banking
lobbyist_66556,B. KEITH HEARD,67,67,62,Other / Multi-sector
lobbyist_66699,MICHAELA SIMS,3,3,62,Other / Multi-sector
lobbyist_72960,SCOTT DZIENGELSKI,3,3,62,Other / Multi-sector
lobbyist_62722,JAMES FLOOD,0,0,62,Other / Multi-sector
lobbyist_70133,MATT SANDGREN,42,42,1001,Other / Multi-sector
lobbyist_93878,ROSE SULLIVAN (LISTED IN ERROR),0,0,62,Other / Multi-sector
lobbyist_40311,ROBERT RABEN,0,0,62,Other / Multi-sector
lobbyist_69493,GARRETT DURST,17,17,12,Other / Multi-sector
lobbyist_70782,MARA SHELDON,0,0,62,Other / Multi-sector
lobbyist_139132,SRINIVAS SONTI,0,0,62,Other / Multi-sector
lobbyist_146780,KIMBERLY LINTHICUM,3,3,62,Other / Multi-sector
lobbyist_35058,JAMES JOCHUM,75,75,62,Other / Multi-sector / Legal & Lobbying
lobbyist_62724,CHARLES BASS,0,0,62,Other / Multi-sector
lobbyist_67340,BILLY WYNNE,3,3,255,Other / Multi-sector
lobbyist_68952,JAMES DYER,8,8,62,Other / Multi-sector
lobbyist_72006,JOHN BRENNAN,136,136,62,Other / Multi-sector / Legal & Lobbying
lobbyist_147246,JENNIFER RUST,4,4,62,Other / Multi-sector
lobbyist_55170,CHRISTINA HAMILTON,0,0,62,Other / Multi-sector
lobbyist_63767,WILLIAM STONE,42,42,546,Other / Multi-sector
lobbyist_64564,ANDREW EHRLICH,6,6,294,Other / Multi-sector
lobbyist_100354,KATIE KACHEL,27,27,62,Other / Multi-sector
lobbyist_143703,CHRISTOPHER SWEET,0,0,603,Other / Multi-sector
lobbyist_144771,ALEC ARAMANDA,3,3,62,Other / Multi-sector
lobbyist_144776,SYD TERRY,0,0,62,Other / Multi-sector
lobbyist_27720,JUSTIN LILLEY,25,25,257,Other / Multi-sector
lobbyist_51460,ELIZABETH LAVACH,42,42,1719,Other / Multi-sector
lobbyist_66676,LAUREN O'BRIEN,0,0,62,Other / Multi-sector
lobbyist_68267,JOSHUA PITCOCK,42,42,483,Other / Multi-sector
lobbyist_140222,ANDREW LOCK,0,0,62,Other / Multi-sector
lobbyist_143264,CHRISTOPHER GRIFFIN,347,347,582,Other / Multi-sector
lobbyist_19937,MICHAEL FORSCEY,30,30,1361,Other / Multi-sector
lobbyist_26794,DIANNE MILLER,18,18,79,Other / Multi-sector
lobbyist_65355,LARRY ROSENTHAL,30,30,66,Other / Multi-sector
lobbyist_107161,PAUL JACKSON,251,251,62,Other / Multi-sector
lobbyist_138281,STEVE MARCHESE,0,0,62,Other / Multi-sector
lobbyist_139608,TOULA NICOLE VASILAROS,251,251,62,Other / Multi-sector
lobbyist_138529,COLLIN PETERSON,6,6,863,Other / Multi-sector
lobbyist_30482,MELISSA WOJCIAK,50,50,1404,Other / Multi-sector
lobbyist_38751,ERIC STEWART,109,109,62,Other / Multi-sector
lobbyist_38985,MARSHA SIMON,168,168,422,Other / Multi-sector / Healthcare & Pharma
lobbyist_79570,SCOTT BINKLEY,3,3,62,Other / Multi-sector
lobbyist_145624,JAMES SAULS,8,8,62,Other / Multi-sector
lobbyist_149082,COLIN BRAINARD,0,0,62,Other / Multi-sector
lobbyist_54769,BLAIR LARKINS,0,0,62,Other / Multi-sector
lobbyist_70568,LYNNEL RUCKERT,118,118,111,Other / Multi-sector
lobbyist_71177,KEVIN MARTIN,252,252,438,Other / Multi-sector
lobbyist_143490,GERALD (JERRY) LEVERICH,25,25,62,Other / Multi-sector
lobbyist_67213,MADELEINE PIKE,27,27,951,Other / Multi-sector
lobbyist_141851,GREGORY BALES,102,102,62,Other / Multi-sector / Energy & Environment
lobbyist_141902,KATIE BROWN,3,3,62,Other / Multi-sector
lobbyist_100919,LEONARD WOLFSON,4,4,62,Other / Multi-sector
lobbyist_139002,JAMES COURTNEY,0,0,62,Other / Multi-sector
lobbyist_142899,WILL TODD,5,5,62,Other / Multi-sector
lobbyist_60038,PAUL MOOREHEAD,78,78,62,Other / Multi-sector / Energy & Environment
lobbyist_63030,CHRIS FETZER,78,78,62,Other / Multi-sector / Energy & Environment
lobbyist_103663,BRIAN GREER,0,0,62,Other / Multi-sector
lobbyist_123647,ROSEMARY BECCHI,4,4,62,Other / Multi-sector
lobbyist_64572,ROBERT COLLINS,0,0,62,Other / Multi-sector
lobbyist_138260,ALLISON STOCK,6,6,863,Other / Multi-sector
lobbyist_41515,KAREN GREEN,0,0,62,Other / Multi-sector
lobbyist_58838,MATTHEW PEARCE,46,46,603,Other / Multi-sector
lobbyist_45165,WILLIAM WICHTERMAN,0,0,62,Other / Multi-sector
lobbyist_54589,JENNIFER SUMMA,42,42,62,Other / Multi-sector
lobbyist_61680,REGINAL LEICHTY,138,138,287,Other / Multi-sector
lobbyist_67892,EDWARD STEWART,24,24,1119,Other / Multi-sector
lobbyist_69814,DESIREE HOFFMAN,42,42,607,Other / Multi-sector
lobbyist_144694,ZAKIR BAIG,0,0,62,Other / Multi-sector
lobbyist_21911,SCOTT PARSONS,195,195,62,Other / Multi-sector / Finance & Banking
lobbyist_86268,EVAN KNISELY,85,85,974,Other / Multi-sector / Healthcare & Pharma
lobbyist_105627,JULIE LASSETER,5,5,62,Other / Multi-sector
lobbyist_62934,CLINTON ROBINSON,0,0,62,Other / Multi-sector
lobbyist_66180,JIM TURNER,0,0,62,Other / Multi-sector
lobbyist_67635,TERESA DORN,42,42,1206,Other / Multi-sector
lobbyist_139993,ELIZABETH MESSER,0,0,62,Other / Multi-sector
lobbyist_65124,LUKE ALBEE,141,141,62,Other / Multi-sector / Technology & Telecom
lobbyist_93491,BG WRIGHT,8,8,62,Other / Multi-sector
lobbyist_137939,RAYMOND ASHCRAFT,42,42,54,Other / Multi-sector
lobbyist_143869,LUCAS HOLLAND,0,0,62,Other / Multi-sector
lobbyist_9584,RANDALL PENCE,42,42,1746,Other / Multi-sector
lobbyist_54707,KATE JENSEN,4,4,62,Other / Multi-sector
lobbyist_62975,WILLIAM DOLBOW,42,42,2056,Other / Multi-sector
lobbyist_108298,DONALD CUTRELL,195,195,519,Other / Multi-sector / Finance & Banking
lobbyist_139605,DANTE MORENO,42,42,565,Other / Multi-sector
lobbyist_39415,TIMOTHY CANSLER,42,42,566,Other / Multi-sector
lobbyist_66610,HARMONY BARBERA,78,78,542,Other / Multi-sector / Energy & Environment
lobbyist_69186,CJ MAHLER,3,3,62,Other / Multi-sector
lobbyist_71637,PETER CHANDLER,21,21,79,Other / Multi-sector / Education & Research
lobbyist_143415,ERIC BOHL,44,44,62,Other / Multi-sector
lobbyist_35657,JEFFREY PECK,25,25,62,Other / Multi-sector
lobbyist_46815,GEOFFREY GRAY,4,4,62,Other / Multi-sector
lobbyist_47401,ADAM EMANUEL,134,134,62,Other / Multi-sector
lobbyist_75902,BRIAN RELL,115,115,582,Other / Multi-sector
lobbyist_92711,JOSHUA THARRINGTON,337,337,603,Other / Multi-sector
lobbyist_114736,CARLOS TRUJILLO,0,0,62,Other / Multi-sector
lobbyist_57116,EBEN WYMAN,162,162,2004,Other / Multi-sector / Energy & Environment
lobbyist_72689,DAVID ROBERTSON,34,34,62,Other / Multi-sector
lobbyist_13252,ROMANO ROMANI,110,110,582,Other / Multi-sector / Healthcare & Pharma
lobbyist_49343,MISSY BRANSON,106,106,79,Other / Multi-sector
lobbyist_63586,EDWARD WATERS,3,3,62,Other / Multi-sector
lobbyist_71086,CHAN PARK,42,42,471,Other / Multi-sector
lobbyist_42076,FREDERICK EAMES,181,181,2101,Other / Multi-sector / Energy & Environment
lobbyist_51331,STEVEN DUFFIELD,135,135,62,Legal & Lobbying / Other / Multi-sector
lobbyist_58021,PATRICK HECK,4,4,62,Other / Multi-sector
lobbyist_62135,GABRIEL NEVILLE,0,0,62,Other / Multi-sector
lobbyist_90278,JOHN SOBEL,177,177,62,Other / Multi-sector / Legal & Lobbying
lobbyist_46579,DAVID RANSOM,8,8,62,Other / Multi-sector
lobbyist_65167,STACY ETTINGER,0,0,62,Other / Multi-sector
lobbyist_68019,ERIADE WILLIAMS,0,0,62,Other / Multi-sector
lobbyist_66344,PAUL WEINBERGER,145,145,62,Other / Multi-sector / Education & Research
lobbyist_121492,ALEXANDER MCDONOUGH,0,0,62,Other / Multi-sector
lobbyist_142027,LETICIA MEDEROS,145,145,62,Other / Multi-sector / Education & Research
lobbyist_143168,TRIPP MCKEMEY,25,25,62,Other / Multi-sector
lobbyist_143369,JOSEPH BUSHONG,0,0,62,Other / Multi-sector
lobbyist_62637,RODERICK HALL,0,0,62,Other / Multi-sector
lobbyist_69388,HOLLYN SCHUEMANN,42,42,1811,Other / Multi-sector
lobbyist_70915,CONNIE LAROSSA,8,8,62,Other / Multi-sector
lobbyist_72573,BRENDEN CHAINEY,0,0,62,Other / Multi-sector
lobbyist_123422,DAVID LASSETER,5,5,62,Other / Multi-sector
lobbyist_141838,VIRGILIO BARRERA,0,0,62,Other / Multi-sector
lobbyist_60428,ERICA STOCKER,3,3,62,Other / Multi-sector
lobbyist_61655,JAMES DENNIS,4,4,62,Other / Multi-sector
lobbyist_78360,ALEXA COMBELIC,116,116,285,Other / Multi-sector
lobbyist_79392,VIRGINIA HOUSTON,116,116,285,Other / Multi-sector
lobbyist_107222,KYLE LISKE,267,267,21,Other / Multi-sector
lobbyist_122279,DENA BARON SMITH,5,5,62,Other / Multi-sector
lobbyist_146520,BRETT QUICK,4,4,62,Other / Multi-sector
lobbyist_70859,KEVIN EDGAR,4,4,62,Other / Multi-sector
lobbyist_141269,NICK BOUKNIGHT,3,3,62,Other / Multi-sector
lobbyist_145578,JA'RON SMITH,0,0,62,Other / Multi-sector
lobbyist_9431,CAMPBELL KAUFMAN,0,0,62,Other / Multi-sector
lobbyist_36239,CHRISTOPHER TRACI,14,14,62,Other / Multi-sector
lobbyist_47071,STUART HALL,0,0,62,Other / Multi-sector
lobbyist_66086,DAN ELLING,3,3,62,Other / Multi-sector
lobbyist_66697,EDWARD PRETTYMAN,3,3,62,Other / Multi-sector
lobbyist_101466,NICK MIKULA,5,5,62,Other / Multi-sector
lobbyist_43455,DEBRA MARSHALL,322,322,1657,Other / Multi-sector
lobbyist_53423,DANICA PETROSHIUS,42,42,62,Other / Multi-sector
lobbyist_70219,ILEANA ROS-LEHTINEN,0,0,62,Other / Multi-sector
lobbyist_77937,DAVID MORK,164,164,285,Other / Multi-sector
lobbyist_78900,KATHERINE COLLINS,42,42,615,Other / Multi-sector
lobbyist_111547,SERJ BANJAC,42,42,2167,Other / Multi-sector
lobbyist_140067,HANNAH SCHMIDT,3,3,62,Other / Multi-sector
lobbyist_17860,MATTHEW BIGGS,335,335,19,Other / Multi-sector
lobbyist_70509,MICHAEL HOLLAND,253,253,111,Other / Multi-sector
lobbyist_140847,CHRISTIAN WALKER,8,8,62,Other / Multi-sector
lobbyist_140948,STEPHEN BOYD,5,5,62,Other / Multi-sector
lobbyist_144901,KELLY MERKEL,266,266,62,Other / Multi-sector
lobbyist_48964,ALEXANDER LURIE,0,0,62,Other / Multi-sector
lobbyist_58900,KIMBERLY TRINCA,42,42,1092,Other / Multi-sector
lobbyist_60443,STACEY RAMPY,3,3,62,Other / Multi-sector
lobbyist_61639,THOMAS FLETCHER,266,266,62,Other / Multi-sector
lobbyist_65402,KARLA THIEMAN,6,6,62,Other / Multi-sector
lobbyist_66815,MARY LANDRIEU,78,78,62,Other / Multi-sector / Energy & Environment
lobbyist_71402,HENRY MENN,3,3,62,Other / Multi-sector
lobbyist_72611,SCOTT STYLES,3,3,62,Other / Multi-sector
lobbyist_134638,EMILY ZAMMIT JACOBS,21,21,62,Other / Multi-sector / Education & Research
lobbyist_141688,JEFF MILLER,0,0,91,Other / Multi-sector
lobbyist_43191,FRANK VITELLO,81,81,242,Other / Multi-sector / Healthcare & Pharma
lobbyist_47486,MICHAEL HUTTON,79,79,62,Other / Multi-sector
lobbyist_57013,TODD DUPLER,21,21,112,Other / Multi-sector / Education & Research
lobbyist_67988,DAN GANS,79,79,62,Other / Multi-sector
lobbyist_139257,TIMOTHY ROBINSON,0,0,62,Other / Multi-sector
lobbyist_143194,JENNIFER DAULBY,0,0,62,Other / Multi-sector
lobbyist_46879,PHILLIP SCAGLIA,42,42,799,Other / Multi-sector
lobbyist_64461,ALLISON NYHOLM,0,0,62,Other / Multi-sector
lobbyist_101685,SARAH BOLTON,214,214,62,Other / Multi-sector
lobbyist_107328,JULIO LAINEZ,41,41,62,Other / Multi-sector
lobbyist_137737,MARY BERGSTROM,42,42,565,Other / Multi-sector
lobbyist_144726,JEREMIAH VAN AUKEN,7,7,582,Other / Multi-sector
lobbyist_65377,AL SIMPSON,117,117,0,Other / Multi-sector / Healthcare & Pharma
lobbyist_59190,HR PENA,42,42,1399,Other / Multi-sector
lobbyist_59750,BETH GOLDSTEIN,49,49,62,Other / Multi-sector / Healthcare & Pharma
lobbyist_65434,SARA TUCKER,17,17,12,Other / Multi-sector
lobbyist_65627,CAROLYN GLUCK,81,81,62,Other / Multi-sector / Healthcare & Pharma
lobbyist_66648,MICHAEL DROBAC,43,43,62,Other / Multi-sector
lobbyist_70413,EDWARD KIM,173,173,217,Other / Multi-sector
lobbyist_5895,STEVE SYMMS,110,110,582,Other / Multi-sector / Healthcare & Pharma
lobbyist_55181,W.J. TAUZIN,3,3,2054,Other / Multi-sector
lobbyist_55607,B OKUN,4,4,79,Other / Multi-sector
lobbyist_61600,BRIAN KRISTJANSSON,42,42,62,Other / Multi-sector
lobbyist_62650,JOHN MICHAEL VILLARAMA,42,42,829,Other / Multi-sector
lobbyist_63642,JOHN BLOUNT,121,121,62,Other / Multi-sector
lobbyist_64717,MARISSA SERAFINO,0,0,62,Other / Multi-sector
lobbyist_67009,ERIN PRANGLEY,42,42,277,Other / Multi-sector
lobbyist_72904,KATELYNN BRADLEY,4,4,62,Other / Multi-sector
lobbyist_142323,MARIA TRIPPLAAR,0,0,62,Other / Multi-sector
lobbyist_144828,KYLE SANDERS,269,269,62,Other / Multi-sector
lobbyist_72141,BRADFORD CHENEY,25,25,224,Other / Multi-sector
lobbyist_108842,JESSELYN MCCURDY,42,42,493,Other / Multi-sector
lobbyist_24399,DEAN FRANKS,91,91,438,Other / Multi-sector
lobbyist_38827,CAMILLE BONTA,100,100,906,Other / Multi-sector / Healthcare & Pharma
lobbyist_58328,SETH BLOOM,103,103,62,Other / Multi-sector
lobbyist_61553,DAVID SPOONER,0,0,62,Other / Multi-sector
lobbyist_64950,JUSTIN MCCARTHY,0,0,62,Other / Multi-sector
lobbyist_70576,SYDNEY PAUL,252,252,438,Other / Multi-sector
lobbyist_70805,PHIL HARDY,113,113,62,Other / Multi-sector
lobbyist_71659,DAVID GILLIES,42,42,1228,Other / Multi-sector
lobbyist_50581,ABBY BOWNAS,89,89,62,Other / Multi-sector
lobbyist_58161,SCOTT KAMINS,30,30,535,Other / Multi-sector
lobbyist_139869,CHRISTINE TURNER,102,102,62,Other / Multi-sector / Energy & Environment
lobbyist_143161,SAMANTHA SABOL,91,91,605,Other / Multi-sector
lobbyist_57088,MILAM MABRY,27,27,62,Other / Multi-sector
lobbyist_50737,TIMOTHY HANFORD,0,0,62,Other / Multi-sector
lobbyist_56764,WILL LE,8,8,586,Other / Multi-sector
lobbyist_69709,MICHAEL DINGELL,266,266,62,Other / Multi-sector
lobbyist_35565,JODIE CURTIS,3,3,255,Other / Multi-sector
lobbyist_56190,MATTHEW CUTTS,43,43,62,Other / Multi-sector
lobbyist_63564,PAUL ANDERSON,8,8,62,Other / Multi-sector
lobbyist_88151,WILLIAM BALL,3,3,62,Other / Multi-sector
lobbyist_107387,BRADY KING,8,8,62,Other / Multi-sector
lobbyist_146355,CASIN SPERO,42,42,62,Other / Multi-sector
lobbyist_18296,PAUL RYBERG,42,42,1468,Other / Multi-sector
lobbyist_40279,JAMES HYLAND,42,42,1857,Other / Multi-sector
lobbyist_43319,AMY PLASTER,236,236,62,Other / Multi-sector / Energy & Environment
lobbyist_43602,WALTER SMITH,42,42,87,Other / Multi-sector
lobbyist_66317,JAMIE WALL,0,0,62,Other / Multi-sector
lobbyist_70362,CLAYTON CRABTREE,48,48,79,Other / Multi-sector
lobbyist_70714,BRENDAN MYSLIWIEC,42,42,1362,Other / Multi-sector
lobbyist_107217,E. GARRETT,0,0,62,Other / Multi-sector
lobbyist_137967,JAKE OKEN-BERG,354,354,556,Other / Multi-sector
lobbyist_144880,LESLIE ZELENKO,3,3,62,Other / Multi-sector
lobbyist_43387,MARK ANDERSON,0,0,62,Other / Multi-sector
lobbyist_47738,MARCUS EGAN,42,42,2150,Other / Multi-sector
lobbyist_64763,JOHN WEINFURTER,42,42,546,Other / Multi-sector
lobbyist_70485,ERIC BURGESON,42,42,62,Other / Multi-sector
lobbyist_139709,ELIZABETH CRADDOCK,0,0,62,Other / Multi-sector
lobbyist_151044,JOHN REISING,0,0,62,Other / Multi-sector
lobbyist_20387,RHONDA GRANT,27,27,752,Other / Multi-sector
lobbyist_41668,JUNE DEHART,0,0,62,Other / Multi-sector
lobbyist_53217,DONN SALVOSA,75,75,62,Other / Multi-sector / Legal & Lobbying
lobbyist_65705,LINDSAY FRYER,21,21,62,Other / Multi-sector / Education & Research
lobbyist_68725,KENNETH JOHNSON,250,250,112,Other / Multi-sector
lobbyist_69023,MARK TAVLARIDES,8,8,62,Other / Multi-sector
lobbyist_71961,JOSH MARTIN,8,8,62,Other / Multi-sector
lobbyist_21655,ELLEN RIDDLEBERGER,18,18,62,Other / Multi-sector
lobbyist_44240,GREGORY GILL,4,4,62,Other / Multi-sector
lobbyist_55315,MATT HILL,42,42,700,Other / Multi-sector
lobbyist_63731,THOMAS DASCHLE,3,3,62,Other / Multi-sector
lobbyist_68746,RANDOLPH HERNDON,4,4,62,Other / Multi-sector
lobbyist_79248,KYLE KUNKLER,116,116,285,Other / Multi-sector
lobbyist_140522,EVAN JENKINS,250,250,112,Other / Multi-sector
lobbyist_146070,WENDY SAMMONS-JACKSON,8,8,62,Other / Multi-sector
lobbyist_31521,PETER RICH,4,4,62,Other / Multi-sector
lobbyist_60306,MARK COTHRAN,2,2,62,Other / Multi-sector
lobbyist_71410,GEORGE ROGERS,4,4,62,Other / Multi-sector
lobbyist_147065,JOHN SHEA,113,113,62,Other / Multi-sector
lobbyist_54682,GEORGE BERNIER,8,8,62,Other / Multi-sector
lobbyist_63808,CORRY MARSHALL,0,0,62,Other / Multi-sector
lobbyist_68784,MADELINE WADE,138,138,62,Other / Multi-sector
lobbyist_140803,NATALIE ARMIJO,0,0,62,Other / Multi-sector
lobbyist_79075,JONATHAN PAWLOW,175,175,79,Other / Multi-sector
lobbyist_143791,JACOB DOWD,42,42,2294,Other / Multi-sector
lobbyist_79397,MICHAEL HANSON,42,42,1007,Other / Multi-sector
lobbyist_116605,MATTHEW MANNING,0,0,62,Other / Multi-sector
lobbyist_142059,ANNE GAYMAN,48,48,12,Other / Multi-sector
lobbyist_68586,STEPHEN REPLOGLE,25,25,62,Other / Multi-sector
lobbyist_70798,CHRISTOPHER ARMSTRONG,0,0,62,Other / Multi-sector
lobbyist_71756,DANIEL JOSEPH,0,0,62,Other / Multi-sector
lobbyist_73358,KEVIN O'HANLON,360,360,111,Other / Multi-sector
lobbyist_16764,PAUL MARCONE,21,21,62,Other / Multi-sector / Education & Research
lobbyist_61094,MELISSA HAAS,145,145,62,Other / Multi-sector / Education & Research
lobbyist_68471,ADNAN JALIL,145,145,1029,Other / Multi-sector / Education & Research
lobbyist_68702,SARAH KYLE,94,94,66,Other / Multi-sector
lobbyist_78586,RITIKA ROBERTSON,252,252,438,Other / Multi-sector
lobbyist_138132,JOE O'BRIEN,27,27,62,Other / Multi-sector
lobbyist_144964,BRANDON AUDAP,0,0,62,Other / Multi-sector
lobbyist_58433,MARGARET TIGHE,216,216,62,Other / Multi-sector / Healthcare & Pharma
lobbyist_69566,JORGE CASTRO,4,4,62,Other / Multi-sector
lobbyist_70467,PHILIP MUSSER,42,42,1422,Other / Multi-sector
lobbyist_72231,DAVID GARRIEPY,0,0,62,Other / Multi-sector
lobbyist_74217,JULIE SCOTT ALLEN,3,3,62,Other / Multi-sector
lobbyist_139045,MARIA BOWIE,5,5,676,Other / Multi-sector
lobbyist_60570,CHAD GRANT,27,27,752,Other / Multi-sector
lobbyist_62535,ANDREW SHAW,78,78,62,Other / Multi-sector / Energy & Environment
lobbyist_72848,PATRICK ANDERSON,42,42,134,Other / Multi-sector
lobbyist_100809,TIM DAY,30,30,1293,Other / Multi-sector
lobbyist_116235,EBONY SLAUGHTER-JOHNSON,0,0,62,Other / Multi-sector
lobbyist_147473,CHRIS MANEVAL,4,4,62,Other / Multi-sector
lobbyist_148538,PETER DUYSHART,3,3,62,Other / Multi-sector
lobbyist_150293,BRETT MEEKS,3,3,62,Other / Multi-sector
lobbyist_2126,JAMES PITTS,4,4,62,Other / Multi-sector
lobbyist_63740,JUSTIN RUBIN,134,134,62,Other / Multi-sector
lobbyist_68370,ELIZABETH MORRA,310,310,79,Education & Research / Other / Multi-sector
lobbyist_70662,KENNETH HERTZ,42,42,1402,Other / Multi-sector
lobbyist_147953,ALANA PETERSEN,173,173,217,Other / Multi-sector
lobbyist_58574,JERRY COSTELLO,27,27,62,Other / Multi-sector
lobbyist_62822,JEFF BURTON,136,136,438,Other / Multi-sector / Legal & Lobbying
lobbyist_67739,PAUL NAGLE,229,229,66,Other / Multi-sector
lobbyist_73377,COURTNEY TEMPLE,252,252,438,Other / Multi-sector
lobbyist_134235,ANN CARMICHAEL HARTER,42,42,93,Other / Multi-sector
lobbyist_141608,JAMES FARRELL,42,42,934,Other / Multi-sector
lobbyist_148204,ELIZABETH GRIFFIN,3,3,62,Other / Multi-sector
lobbyist_66584,THOMAS REYNOLDS,0,0,62,Other / Multi-sector
lobbyist_70694,TROY KELLER,42,42,2104,Other / Multi-sector
lobbyist_79338,JOSH ANDREWS,221,221,255,Other / Multi-sector
lobbyist_148636,ANNABELL STOKES,3,3,62,Other / Multi-sector
lobbyist_10838,AMY TEJRAL,3,3,62,Other / Multi-sector
lobbyist_42434,WILLIAM NORDWIND,174,174,62,Other / Multi-sector
lobbyist_46078,TERESA GAINES,42,42,596,Other / Multi-sector
lobbyist_61586,RICHARD POMBO,42,42,62,Other / Multi-sector
lobbyist_68957,JON RAWLSON,216,216,497,Other / Multi-sector / Healthcare & Pharma
lobbyist_144722,MICHAEL STROUD,30,30,1293,Other / Multi-sector
lobbyist_147302,RILEY STAMPER,4,4,62,Other / Multi-sector
lobbyist_68131,PETER BENTON SULLIVAN,0,0,62,Other / Multi-sector
lobbyist_108931,YUL EDWARDS,0,0,62,Other / Multi-sector
lobbyist_65840,RACHAEL GALOOB,155,155,62,Other / Multi-sector
lobbyist_66624,ROBERTO HADDAD,100,100,62,Other / Multi-sector / Healthcare & Pharma
lobbyist_66668,PAUL KAVINOKY,8,8,358,Other / Multi-sector
lobbyist_68421,JOHN GOLDBERG,80,80,79,Other / Multi-sector
lobbyist_115945,MICHAEL BLUME,297,297,79,Other / Multi-sector / Technology & Telecom
lobbyist_1423,CHRISTINA WEST,21,21,603,Other / Multi-sector / Education & Research
lobbyist_18004,MICHAEL TONGOUR,0,0,62,Other / Multi-sector
lobbyist_66593,ANNE BRADBURY,0,0,62,Other / Multi-sector
lobbyist_68700,WALKER GALLMAN,266,266,454,Other / Multi-sector
lobbyist_69429,ZURAYA TAPIA-HADLEY,252,252,438,Other / Multi-sector
lobbyist_70512,MICHAEL PARRISH,253,253,111,Other / Multi-sector
lobbyist_66487,MICHAEL LEWAN,21,21,112,Other / Multi-sector / Education & Research
lobbyist_79042,ANN ADLER,0,0,62,Other / Multi-sector
lobbyist_1153,ERIN STRAWN,3,3,62,Other / Multi-sector
lobbyist_57721,THOMAS LYNCH,102,102,62,Other / Multi-sector / Energy & Environment
lobbyist_57045,JAMES THOMPSON,322,322,518,Other / Multi-sector
lobbyist_71261,JOHN MCHUGH,5,5,48,Other / Multi-sector
lobbyist_71595,JENNY BUSBY,27,27,62,Other / Multi-sector
lobbyist_98708,YARDLY POLLAS-KIMBLE,3,3,62,Other / Multi-sector
lobbyist_144627,KURT SCHRADER,0,0,62,Other / Multi-sector
lobbyist_146136,THOMAS WICKHAM,250,250,112,Other / Multi-sector
lobbyist_57837,LAURA UTTLEY,0,0,62,Other / Multi-sector
lobbyist_70854,CLAUDIA LARSON,42,42,2139,Other / Multi-sector
lobbyist_72024,CHRISTY SEYFERT,116,116,285,Other / Multi-sector
lobbyist_101288,KATHLEEN NICHOLAS,5,5,62,Other / Multi-sector
lobbyist_121633,BRIAN PAPP JR.,12,12,62,Other / Multi-sector
lobbyist_140047,CARIANNE LEE,0,0,62,Other / Multi-sector
lobbyist_142698,MICHAEL HAWTHORNE,0,0,62,Other / Multi-sector
lobbyist_41084,SAMUEL OLCHYK,4,4,62,Other / Multi-sector
lobbyist_57081,DAVID CONNOLLY,42,42,1828,Other / Multi-sector
lobbyist_61658,PELHAM STRAUGHN,80,80,62,Other / Multi-sector
lobbyist_141867,ERIN GAINES,42,42,1626,Other / Multi-sector
lobbyist_143784,TIFFANI WILLIAMS,3,3,62,Other / Multi-sector
lobbyist_148591,PAUL WATERS,0,0,62,Other / Multi-sector
lobbyist_67850,LAUREN MADDOX,145,145,62,Other / Multi-sector / Education & Research
lobbyist_115411,ASHLEY LAWRENCE,3,3,62,Other / Multi-sector
lobbyist_61387,MICHAEL SOLIMAN,169,169,0,Other / Multi-sector / Healthcare & Pharma
lobbyist_62107,KEVIN BATTEH,195,195,62,Other / Multi-sector / Finance & Banking
lobbyist_109336,JAYSON BRAUDE,83,83,79,Other / Multi-sector
lobbyist_138387,STEPHEN WEYLER,3,3,62,Other / Multi-sector
lobbyist_51716,HENRY BONILLA,26,26,79,Other / Multi-sector
lobbyist_56909,DAVID MORRISS,42,42,184,Other / Multi-sector
lobbyist_108449,COURTNEY BRADWAY,3,3,62,Other / Multi-sector
lobbyist_139636,JORGE AGUILAR,0,0,62,Other / Multi-sector
lobbyist_143487,KYLE SPENCER,0,0,62,Other / Multi-sector
lobbyist_144003,RYAN CARNEY,0,0,62,Other / Multi-sector
lobbyist_144454,BRETT EWER,0,0,62,Other / Multi-sector
lobbyist_148134,JOSHUA FEIN,42,42,835,Other / Multi-sector
lobbyist_15289,BERNIE ROBINSON,5,5,62,Other / Multi-sector
lobbyist_49167,CAROLYN SMITH,0,0,62,Other / Multi-sector
lobbyist_71357,KENDRICK MEEK,0,0,62,Other / Multi-sector
lobbyist_73017,WILL SMITH,0,0,62,Other / Multi-sector
lobbyist_100486,ANA CRUZ,0,0,91,Other / Multi-sector
lobbyist_146016,JACK BRYAN,0,0,62,Other / Multi-sector
lobbyist_11000,THOMAS O'DONNELL,0,0,62,Other / Multi-sector
lobbyist_13073,CHARLES BRAIN,0,0,62,Other / Multi-sector
lobbyist_69069,FARAZ KHAN,335,335,19,Other / Multi-sector
lobbyist_140937,JONATHAN MARTINEZ,42,42,201,Other / Multi-sector
lobbyist_28416,GARY HOITSMA,269,269,62,Other / Multi-sector
lobbyist_57034,SHAW SPRAGUE,42,42,2162,Other / Multi-sector
lobbyist_69637,MICHAEL JOHNSON,8,8,62,Other / Multi-sector
lobbyist_101694,ALEX PINSON,0,0,62,Other / Multi-sector
lobbyist_125814,ALLISON CULLIN,48,48,62,Other / Multi-sector
lobbyist_69733,JOHN RICHTER,42,42,615,Other / Multi-sector
lobbyist_142714,EDWARD HUBBARD,336,336,79,Energy & Environment / Other / Multi-sector
lobbyist_148686,JAMES GRIMM,0,0,62,Other / Multi-sector
lobbyist_45052,REBECCA WATTS,42,42,615,Other / Multi-sector
lobbyist_58109,BRETT THOMPSON,0,0,62,Other / Multi-sector
lobbyist_59742,A CARD,3,3,62,Other / Multi-sector
lobbyist_72450,CODY HOEFER,5,5,62,Other / Multi-sector
lobbyist_75242,CARLY SINCAVITCH,0,0,62,Other / Multi-sector
lobbyist_104162,JAMES BURTON,0,0,62,Other / Multi-sector
lobbyist_1303,RICHARD GRAFMEYER,4,4,62,Other / Multi-sector
lobbyist_68186,RYAN BURNS,216,216,79,Other / Multi-sector / Healthcare & Pharma
lobbyist_108610,JONATHAN BERGNER,42,42,2385,Other / Multi-sector
lobbyist_138535,SARAH STEVENS,244,244,62,Legal & Lobbying / Government & Nonprofit
lobbyist_140698,PATRICK COSTELLO,23,23,0,Other / Multi-sector / Energy & Environment
lobbyist_140779,BENJAMIN ODENDAHL,332,332,1114,Other / Multi-sector
lobbyist_20808,CAROLINA MEDEROS,0,0,62,Other / Multi-sector
lobbyist_49382,HEATHER MEADE,216,216,62,Other / Multi-sector / Healthcare & Pharma
lobbyist_55900,DAWN O'DONNELL,0,0,62,Other / Multi-sector
lobbyist_56034,MICHAEL ZEHR,4,4,462,Other / Multi-sector
lobbyist_67511,PETER ECKRICH,3,3,62,Other / Multi-sector
lobbyist_68330,RANDY FORBES,0,0,62,Other / Multi-sector
lobbyist_71611,D STROUD,36,36,62,Other / Multi-sector
lobbyist_73053,JORDON SIMS,2,2,228,Other / Multi-sector
lobbyist_138357,NIGEL STEPHENS,42,42,1517,Other / Multi-sector
lobbyist_145400,CHARLES DUBOIS,42,42,319,Other / Multi-sector
lobbyist_147333,KEVIN JOGERST,261,261,62,Other / Multi-sector
lobbyist_148281,PATRICK KILCUR,0,0,62,Other / Multi-sector
lobbyist_53393,MICHAEL JOYCE,181,181,62,Other / Multi-sector / Energy & Environment
lobbyist_55883,LINDA ANDREWS,21,21,2370,Other / Multi-sector / Education & Research
lobbyist_72043,CARY LEIZEROWSKI,42,42,1815,Other / Multi-sector
lobbyist_73298,KAREN KNUTSON,322,322,666,Other / Multi-sector
lobbyist_32975,JOHN GORDLEY,116,116,285,Other / Multi-sector
lobbyist_56201,JENNIFER MCCADNEY,0,0,62,Other / Multi-sector
lobbyist_79398,GREGG HARPER,42,42,486,Other / Multi-sector
lobbyist_95453,SHANE SKELTON,0,0,62,Other / Multi-sector
lobbyist_96315,KARA-MARIE URBAN,0,0,62,Other / Multi-sector
lobbyist_58998,ROBERT HOLIFIELD,3,3,62,Other / Multi-sector
lobbyist_67863,MICHAEL MILLER,49,49,62,Other / Multi-sector / Healthcare & Pharma
lobbyist_69203,A WEBSTER,145,145,62,Other / Multi-sector / Education & Research
lobbyist_71896,BRIAN MCCULLOUGH,195,195,112,Other / Multi-sector / Finance & Banking
lobbyist_106083,KICHELLE WEBSTER,47,47,62,Other / Multi-sector
lobbyist_140436,DAVID NATONSKI,0,0,62,Other / Multi-sector
lobbyist_10114,KYLE MULROY,3,3,62,Other / Multi-sector
lobbyist_11583,JOHN MURPHY,152,152,1164,Other / Multi-sector
lobbyist_60559,JULIE NOLAN,3,3,62,Other / Multi-sector
lobbyist_95891,DAVID CRANE,221,221,186,Other / Multi-sector
lobbyist_142229,RYAN DATTILO,8,8,62,Other / Multi-sector
lobbyist_148673,JENELL BIGGS SMOLOVA,179,179,62,Other / Multi-sector / Education & Research
lobbyist_25630,TERRY ALLEN,25,25,62,Other / Multi-sector
lobbyist_73464,DANNY MCNAMARA,15,15,928,Other / Multi-sector
lobbyist_140010,PAUL ARCANGELI,5,5,62,Other / Multi-sector
lobbyist_144769,HAWLEY STANTON,0,0,62,Other / Multi-sector
lobbyist_54073,SUSAN NELSON,4,4,62,Other / Multi-sector
lobbyist_58852,CHARLES JEFFERSON,241,241,79,Other / Multi-sector
lobbyist_71990,THOMAS HAWLEY,85,85,1718,Other / Multi-sector / Healthcare & Pharma
lobbyist_81820,TARYN COUTURE,3,3,62,Other / Multi-sector
lobbyist_62402,MICHELE STANLEY,18,18,542,Other / Multi-sector
lobbyist_62544,JOHN RINGLER,0,0,79,Other / Multi-sector
lobbyist_62965,GUILLERMINA MOORE,95,95,62,Other / Multi-sector
lobbyist_63684,ERIC PELLETIER,229,229,66,Other / Multi-sector
lobbyist_64618,ANNE WALL,0,0,62,Other / Multi-sector
lobbyist_119334,JEFFREY SANDS,164,164,285,Other / Multi-sector
lobbyist_8036,AMANDA KARHUSE,145,145,1306,Other / Multi-sector / Education & Research
lobbyist_49590,ROBERT REDDING,80,80,79,Other / Multi-sector
lobbyist_70723,KEVIN GUNDERSEN,42,42,950,Other / Multi-sector
lobbyist_72295,CARLA PIERRE,37,37,62,Other / Multi-sector / Education & Research
lobbyist_143172,KIRSTEN PRATT,27,27,1114,Other / Multi-sector
lobbyist_145797,JAN BEUKELMAN,0,0,62,Other / Multi-sector
lobbyist_51202,GRAHAM SHALGIAN,0,0,12,Other / Multi-sector
lobbyist_89009,BRIAN POTTS,42,42,1665,Other / Multi-sector
lobbyist_138891,LESLIE BRADY,3,3,535,Other / Multi-sector
lobbyist_139592,CHARLES GARRISON,0,0,62,Other / Multi-sector
lobbyist_149010,REGINALD MCCRIMMON,0,0,62,Other / Multi-sector
lobbyist_7386,EDDY PAULEY,42,42,259,Other / Multi-sector
lobbyist_58371,JEFFREY WILLIAMS,341,341,438,Other / Multi-sector
lobbyist_70665,ANNE LEMAY,5,5,48,Other / Multi-sector
lobbyist_79246,"ROBERT BABCOCK, JR.",42,42,62,Other / Multi-sector
lobbyist_107118,GRIFFIN REINECKE,0,0,62,Other / Multi-sector
lobbyist_141040,NATHAN FIALA,42,42,62,Other / Multi-sector
lobbyist_65400,MOLLY MCDONNELL,3,3,62,Other / Multi-sector
lobbyist_69828,JENNY ROSENBERG,72,72,62,Other / Multi-sector
lobbyist_70553,TREON GLENN,42,42,1865,Other / Multi-sector
lobbyist_71366,MARISA HARRILCHAK,0,0,2101,Other / Multi-sector
lobbyist_107445,REBECCA HALKIAS,27,27,62,Other / Multi-sector
lobbyist_110456,AMY KELBICK,3,3,62,Other / Multi-sector
lobbyist_139506,CHRISTIAN FJELD,0,0,62,Other / Multi-sector
lobbyist_139756,JOSHUA ODINTZ,0,0,62,Other / Multi-sector
lobbyist_140849,SEAN BYRNE,350,350,62,Other / Multi-sector
lobbyist_141706,CAREN STREET,0,0,62,Other / Multi-sector
lobbyist_32729,ANDREA EDMISTON,266,266,1029,Other / Multi-sector
lobbyist_47301,WILLIAM JOHNSON,266,266,1029,Other / Multi-sector
lobbyist_60993,JUDITH GORSUCH,3,3,62,Other / Multi-sector
lobbyist_66328,LYDIA STRUNK,0,0,62,Other / Multi-sector
lobbyist_79181,EMILY KATZ,3,3,62,Other / Multi-sector
lobbyist_81706,JEFFREY ZUBRICKI,109,109,62,Other / Multi-sector
lobbyist_116682,ROBYN HIESTAND,41,41,186,Other / Multi-sector
lobbyist_137692,MARK COPELAND,36,36,62,Other / Multi-sector
lobbyist_46305,A. WOJCIAK,0,0,62,Other / Multi-sector
lobbyist_61231,PATRICIA DOERSCH,27,27,62,Other / Multi-sector
lobbyist_68087,DENISE DESIDERIO,8,8,62,Other / Multi-sector
lobbyist_86107,MICHAEL DIROMA,42,42,1342,Other / Multi-sector
lobbyist_139193,TANNER JOHNSON,42,42,62,Other / Multi-sector
lobbyist_61816,SUMMER MERSINGER,4,4,62,Other / Multi-sector
lobbyist_67944,STEPHEN RADEMAKER,25,25,62,Other / Multi-sector
lobbyist_69055,JOSEPH MURRAY,42,42,2106,Other / Multi-sector
lobbyist_77411,RYAN ISRAEL,111,111,979,Other / Multi-sector / Finance & Banking
lobbyist_142505,TRISTAN SOUTHARD,42,42,62,Other / Multi-sector
lobbyist_68946,CHRISTOPHER JONES,80,80,62,Other / Multi-sector
lobbyist_103337,ARIEL HILL-DAVIS,297,297,79,Other / Multi-sector / Technology & Telecom
lobbyist_138278,KATE MARKS,48,48,603,Other / Multi-sector
lobbyist_140914,WILLIAM RICE,5,5,988,Other / Multi-sector
lobbyist_142292,KAMRON BRANT,42,42,60,Other / Multi-sector
lobbyist_43787,TIMOTHY LEE,42,42,1628,Other / Multi-sector
lobbyist_48750,JAMES WALSH,0,0,62,Other / Multi-sector
lobbyist_59022,LARRY SCHAFER,23,23,153,Other / Multi-sector / Energy & Environment
lobbyist_139504,MAYA WILEY,42,42,967,Other / Multi-sector
lobbyist_140868,BRADLEY HOWARD,0,0,62,Other / Multi-sector
lobbyist_49166,PAUL SUPLIZIO,42,42,1366,Other / Multi-sector
lobbyist_54034,JAMES CALLAN,80,80,62,Other / Multi-sector
lobbyist_59235,GEOFF DAVIS,5,5,62,Other / Multi-sector
lobbyist_59974,JUDITH HAFNER,87,87,2358,Other / Multi-sector
lobbyist_63120,JASON PAVLUCHUK,19,19,62,Other / Multi-sector
lobbyist_63805,ELIZABETH O'HARE,0,0,62,Other / Multi-sector
lobbyist_64262,THEODORE SCHROEDER,102,102,62,Other / Multi-sector / Energy & Environment
lobbyist_64535,MICHAEL YUDIN,37,37,62,Other / Multi-sector / Education & Research
lobbyist_66264,ADAM FRIDMAN,3,3,62,Other / Multi-sector
lobbyist_72775,ROBERT GOODLATTE,25,25,62,Other / Multi-sector
lobbyist_86103,ANDREW ECK,42,42,1342,Other / Multi-sector
lobbyist_141589,CHRISTOPHER ZATRATZ,42,42,306,Other / Multi-sector
lobbyist_144750,ANTHONY CAMPAU,6,6,62,Other / Multi-sector
lobbyist_148873,JENNIFER BELAIR,0,0,603,Other / Multi-sector
lobbyist_33519,WILLIAM BURKE,60,60,62,Other / Multi-sector / Healthcare & Pharma
lobbyist_53306,MICHAEL WOODY,3,3,62,Other / Multi-sector
lobbyist_67895,ARACELI GUTIERREZ,3,3,62,Other / Multi-sector
lobbyist_69555,KATHRYN RUFFALO,18,18,12,Other / Multi-sector
lobbyist_139749,YVONNE MCINTYRE,78,78,542,Other / Multi-sector / Energy & Environment
lobbyist_141075,CHYNA MELTON,4,4,62,Other / Multi-sector
lobbyist_150034,MATTHEW JENNINGS,109,109,62,Other / Multi-sector
lobbyist_53560,PAOLO MASTRANGELO,0,0,62,Other / Multi-sector
lobbyist_58812,JEFFREY FARROW,3,3,62,Other / Multi-sector
lobbyist_63531,DANA WEEKES,0,0,62,Other / Multi-sector
lobbyist_142083,KARLEE POPKEN,5,5,676,Other / Multi-sector
lobbyist_142543,ARIEL MCCORD,267,267,1029,Other / Multi-sector
lobbyist_24894,JENNIFER SCHAFER-SODERMAN,0,0,111,Other / Multi-sector
lobbyist_53228,GERALD WELLER,62,62,62,Healthcare & Pharma / Other / Multi-sector
lobbyist_53559,KERRY FEEHERY,4,4,62,Other / Multi-sector
lobbyist_66195,NICK TOBENKIN,42,42,1691,Other / Multi-sector
lobbyist_68353,ARYANA KHALID,81,81,62,Other / Multi-sector / Healthcare & Pharma
lobbyist_68856,ARI GIOVENCO,185,185,66,Other / Multi-sector
lobbyist_70265,FEDERICO DE JESUS,42,42,381,Other / Multi-sector
lobbyist_100796,ERIC SNELGROVE,42,42,91,Other / Multi-sector
lobbyist_145896,CHRISTOPHER KIM,0,0,603,Other / Multi-sector
lobbyist_26324,DAVID WHITESTONE,27,27,62,Other / Multi-sector
lobbyist_52492,JOHN FLYNN,8,8,62,Other / Multi-sector
lobbyist_67861,SCOTT LEEZER,42,42,16,Other / Multi-sector
lobbyist_68792,DEREK ROSS,0,0,62,Other / Multi-sector
lobbyist_85377,DANIEL KIDERA,252,252,438,Other / Multi-sector
lobbyist_138146,ELLIOT VICE,3,3,255,Other / Multi-sector
lobbyist_51530,JIM NEWSOME,195,195,62,Other / Multi-sector / Finance & Banking
lobbyist_60750,SCOTT MCGEE,0,0,62,Other / Multi-sector
lobbyist_61604,WILLIAM COUCH,21,21,1813,Other / Multi-sector / Education & Research
lobbyist_68730,JEREMY SHARP,3,3,542,Other / Multi-sector
lobbyist_72873,MICHAEL GRIMES,42,42,145,Other / Multi-sector
lobbyist_73536,JEREMY DEUTSCH,121,121,172,Other / Multi-sector
lobbyist_73918,THOMAS ROBERGE,94,94,66,Other / Multi-sector
lobbyist_82556,DEBORAH MAZOL,42,42,349,Other / Multi-sector
lobbyist_143763,THOMAS LAWLER,78,78,2222,Other / Multi-sector / Energy & Environment
lobbyist_28441,HOLLY FECHNER,25,25,66,Other / Multi-sector
lobbyist_66974,ERIC BUNNING,34,34,79,Other / Multi-sector
lobbyist_76388,PORTER BYERS,4,4,62,Other / Multi-sector
lobbyist_101433,ADRIENNE JACKSON,0,0,62,Other / Multi-sector
lobbyist_141185,RYAN LOSAK,0,0,62,Other / Multi-sector
lobbyist_145587,JAMES OBRIEN,0,0,62,Other / Multi-sector
lobbyist_146083,RAGHAV AGGARWAL,3,3,62,Other / Multi-sector
lobbyist_49779,ROBERT CREAR,50,50,2082,Other / Multi-sector
lobbyist_55923,TODD WHITE,42,42,1801,Other / Multi-sector
lobbyist_70879,DANA SINGISER,216,216,62,Other / Multi-sector / Healthcare & Pharma
lobbyist_139864,PABLO CARRILLO,0,0,62,Other / Multi-sector
lobbyist_15101,JEFFREY MAZZELLA,42,42,272,Other / Multi-sector
lobbyist_51407,SCOTT PARVEN,109,109,62,Other / Multi-sector
lobbyist_62727,ADAM BORDES,3,3,62,Other / Multi-sector
lobbyist_65921,SHANE DOUCET,42,42,2090,Other / Multi-sector
lobbyist_69770,RYAN ABRAHAM,4,4,62,Other / Multi-sector
lobbyist_107138,LARA MULDOON,175,175,79,Other / Multi-sector
lobbyist_139540,TIMOTHY BERGREEN,0,0,62,Other / Multi-sector
lobbyist_140274,RACHEL SPIVEY,109,109,62,Other / Multi-sector
lobbyist_142683,AUSTIN DURRER,0,0,62,Other / Multi-sector
lobbyist_40580,C BARNHART,216,216,62,Other / Multi-sector / Healthcare & Pharma
lobbyist_59634,JENNIFER ORTEGA,0,0,62,Other / Multi-sector
lobbyist_63292,SARAH DUMONT-MERCHAK,25,25,62,Other / Multi-sector
lobbyist_63920,CHARLES MCCRUDDEN,48,48,112,Other / Multi-sector
lobbyist_66477,JEFFRY NICHOLS,25,25,62,Other / Multi-sector
lobbyist_138341,KIRAN MALONE,236,236,62,Other / Multi-sector / Energy & Environment
lobbyist_141411,JUDD SMITH,185,185,66,Other / Multi-sector
lobbyist_63575,SARAH STRUP HERBERT,0,0,62,Other / Multi-sector
lobbyist_65706,MELISSA GIERACH,4,4,62,Other / Multi-sector
lobbyist_66603,ANDREW TYRRELL,355,355,542,Other / Multi-sector / Government & Nonprofit
lobbyist_68859,MARIANNA PATTERSON,185,185,66,Other / Multi-sector
lobbyist_69874,LUIS BACO,168,168,62,Other / Multi-sector / Healthcare & Pharma
lobbyist_69876,MATTHEW DENNIS,0,0,535,Other / Multi-sector
lobbyist_138524,MICHAEL TANNER,0,0,62,Other / Multi-sector
lobbyist_143354,JONATHAN TOWERS,0,0,62,Other / Multi-sector
lobbyist_147732,BRIAN CONLAN,4,4,62,Other / Multi-sector
lobbyist_18071,WILLIAM CLYBURN,109,109,62,Other / Multi-sector
lobbyist_66402,VANITA GUPTA,42,42,1193,Other / Multi-sector
lobbyist_79577,EMILY PATROLIA,42,42,393,Other / Multi-sector
lobbyist_139145,SARAH GAINER,197,197,438,Other / Multi-sector
lobbyist_142961,PATRICK LARGE,8,8,62,Other / Multi-sector
lobbyist_49289,ELIZABETH RORICK,325,325,438,Other / Multi-sector / Education & Research
lobbyist_107428,CORY HORTON,74,74,542,Other / Multi-sector
lobbyist_121642,GRANT BARBOSA,3,3,62,Other / Multi-sector
lobbyist_64890,AINDRIU COLGAN,0,0,582,Other / Multi-sector
lobbyist_76498,SHANNON STEHOUWER,94,94,66,Other / Multi-sector
lobbyist_97554,MELISSA ALVARADO,42,42,62,Other / Multi-sector
lobbyist_97555,CHERIE WILSON,42,42,62,Other / Multi-sector
lobbyist_141568,MATTHEW WOHLMAN,80,80,111,Other / Multi-sector
lobbyist_141856,MATTHEW LEGGETT,0,0,62,Other / Multi-sector
lobbyist_152778,JACOBUS VREEBURG,0,0,62,Other / Multi-sector
lobbyist_25005,RANDALL TATE,102,102,2051,Other / Multi-sector / Energy & Environment
lobbyist_87333,CARL HOLSHOUSER,21,21,79,Other / Multi-sector / Education & Research
lobbyist_108248,COLIN ROSKEY,3,3,62,Other / Multi-sector
lobbyist_141558,KATHRYN BRANSON,0,0,62,Other / Multi-sector
lobbyist_145625,PETER STAHLEY,0,0,62,Other / Multi-sector
lobbyist_152287,LARRY LAVENDER,125,125,62,Other / Multi-sector
lobbyist_52534,BRET BOYLES,0,0,62,Other / Multi-sector
lobbyist_63301,JULIE JOLLY ROSE,0,0,62,Other / Multi-sector
lobbyist_67360,WILLIAM STIERS,8,8,519,Other / Multi-sector
lobbyist_69966,JESSICA BOULANGER,251,251,62,Other / Multi-sector
lobbyist_71876,MAYNARD FRIESZ,183,183,255,Other / Multi-sector / Healthcare & Pharma
lobbyist_151501,BRANDON REA,8,8,1430,Other / Multi-sector
lobbyist_66345,ANTHONY GIBSON,0,0,79,Other / Multi-sector
lobbyist_96023,LESLIE ALBRIGHT,0,0,79,Other / Multi-sector
lobbyist_141913,THERESA REED,49,49,62,Other / Multi-sector / Healthcare & Pharma
lobbyist_1202,GO GRIFFITH,0,0,62,Other / Multi-sector
lobbyist_52956,CHRISTOPHER LONG,3,3,62,Other / Multi-sector
lobbyist_63450,DANIEL GRAVER,3,3,62,Other / Multi-sector
lobbyist_63772,PAMELA BOWMAN,42,42,2151,Other / Multi-sector
lobbyist_64943,KELLY DOCKHAM,8,8,62,Other / Multi-sector
lobbyist_70695,RICHELLE FRIEDMAN,42,42,468,Other / Multi-sector
lobbyist_87173,MICHAEL LEGG,0,0,62,Other / Multi-sector
lobbyist_107287,ROGER INGLE,42,42,1602,Other / Multi-sector
lobbyist_139381,SAMANTHA DYBAS,207,207,438,Other / Multi-sector
lobbyist_143801,KEENAN HALE,168,168,62,Other / Multi-sector / Healthcare & Pharma
lobbyist_54227,CHARLES HICKS,42,42,985,Other / Multi-sector
lobbyist_54957,SCOTT MACKENZIE,0,0,62,Other / Multi-sector
lobbyist_55902,JAMES BACKLIN,42,42,430,Other / Multi-sector
lobbyist_69481,MIKE WILLIAMS,0,0,62,Other / Multi-sector
lobbyist_72466,MELISSA FRANCIS (FORMERLY BONICELLI),4,4,603,Other / Multi-sector
lobbyist_72496,DAVID MANGONE,155,155,62,Other / Multi-sector
lobbyist_120201,ANNA HEGRENESS,207,207,438,Other / Multi-sector
lobbyist_144503,RACHEL GORSKY BOMBACH,8,8,62,Other / Multi-sector
lobbyist_13928,TARA BRADSHAW,0,0,62,Other / Multi-sector
lobbyist_51921,KATHERINE WECHSLER,155,155,111,Other / Multi-sector
lobbyist_54430,WESTON COULAM,4,4,62,Other / Multi-sector
lobbyist_95995,ADAM GOLDSTEIN,42,42,62,Other / Multi-sector
lobbyist_139604,DANIEL SEPULVEDA,0,0,319,Other / Multi-sector
lobbyist_62110,RODNEY ALEXANDER,0,0,255,Other / Multi-sector
lobbyist_67889,DEVIN MOGLER,18,18,1949,Other / Multi-sector
lobbyist_68125,JARED SOLOMON,66,66,186,Education & Research / Other / Multi-sector
lobbyist_92108,THOMAS SANTOS,164,164,285,Other / Multi-sector
lobbyist_138504,BENJAMIN ROSENBAUM,27,27,62,Other / Multi-sector
lobbyist_148590,JENNIFER HEIDE VAN DER,30,30,66,Other / Multi-sector
lobbyist_63267,TIMOTHY KEYSER,42,42,542,Other / Multi-sector
lobbyist_64723,MARGARET GILLEY,3,3,62,Other / Multi-sector
lobbyist_65098,ZACHARY SCOTT,145,145,1306,Other / Multi-sector / Education & Research
lobbyist_65532,FRED FERGUSON,315,315,1349,Other / Multi-sector
lobbyist_138543,MADISON SMITH,30,30,62,Other / Multi-sector
lobbyist_148559,JOSHUA FENDRICK,4,4,62,Other / Multi-sector
lobbyist_35759,ANDREW SAMET,25,25,62,Other / Multi-sector
lobbyist_56578,GREG MASTEL,0,0,62,Other / Multi-sector
lobbyist_66288,LAUREN BAKER,4,4,62,Other / Multi-sector
lobbyist_66571,MANNING MCPHILLIPS,42,42,486,Other / Multi-sector
lobbyist_67300,DAVID ADAMS,0,0,62,Other / Multi-sector
lobbyist_141948,PARKER REYNOLDS,3,3,62,Other / Multi-sector
lobbyist_144086,ERIK KOMENDANT,3,3,62,Other / Multi-sector
lobbyist_48346,DENNIS HERTEL,239,239,617,Other / Multi-sector / Healthcare & Pharma
lobbyist_54463,ALLISON BINNEY,8,8,62,Other / Multi-sector
lobbyist_92817,JOSHUA SHIELDS,316,316,1465,Other / Multi-sector
lobbyist_140415,KATHRYN NAESSENS,6,6,62,Other / Multi-sector
lobbyist_143811,MALLORI MERANDINO,35,35,62,Other / Multi-sector / Healthcare & Pharma
lobbyist_46372,MARY DWIGHT,3,3,62,Other / Multi-sector
lobbyist_51342,SANDRA SWIRSKI,4,4,302,Other / Multi-sector
lobbyist_67931,SHAWN BROWN,42,42,1109,Other / Multi-sector
lobbyist_68013,LAVITA LEGRYS,0,0,62,Other / Multi-sector
lobbyist_68989,PAYTON IHEME,252,252,438,Other / Multi-sector
lobbyist_69955,PAMELA BONDI,0,0,91,Other / Multi-sector
lobbyist_70823,AARON TRUJILLO,0,0,62,Other / Multi-sector
lobbyist_85398,DEVON BARNHART,42,42,943,Other / Multi-sector
lobbyist_92833,POORVIE BISHNOI,0,0,62,Other / Multi-sector
lobbyist_59021,MANNING FERACI,102,102,153,Other / Multi-sector / Energy & Environment
lobbyist_68942,MARY PAHNER,3,3,255,Other / Multi-sector
lobbyist_69419,HEATHER BLOEMHARD,21,21,603,Other / Multi-sector / Education & Research
lobbyist_70228,SCOTT KLENET,100,100,79,Other / Multi-sector / Healthcare & Pharma
lobbyist_102988,SARAH ALEXANDER,0,0,62,Other / Multi-sector
lobbyist_107202,TIM GEHRING,0,0,542,Other / Multi-sector
lobbyist_147435,ELIZABETH CONNOLLY,3,3,62,Other / Multi-sector
lobbyist_55364,HEATHER SIBBISON,67,67,62,Other / Multi-sector
lobbyist_62169,HENRY WAXMAN,25,25,542,Other / Multi-sector
lobbyist_70513,STEPHANIE MURPHY,253,253,111,Other / Multi-sector
lobbyist_56974,STEPHANIE KENNAN,3,3,62,Other / Multi-sector
lobbyist_63365,LILIANA CORONADO,42,42,62,Other / Multi-sector
lobbyist_67475,NATALIE HALES,42,42,2342,Other / Multi-sector
lobbyist_68269,STEPHANIE SANOK KOSTRO,5,5,189,Other / Multi-sector
lobbyist_70164,MAURA KEEFE,216,216,62,Other / Multi-sector / Healthcare & Pharma
lobbyist_110845,CHARLES DUJON,42,42,907,Other / Multi-sector
lobbyist_141553,WILLIAM DUNHAM,0,0,62,Other / Multi-sector
lobbyist_141894,JOSH PEASTER,42,42,62,Other / Multi-sector
lobbyist_64336,PETE LEON,42,42,663,Other / Multi-sector
lobbyist_69911,GUILLERMO GODOY,42,42,303,Other / Multi-sector
lobbyist_71586,JESSE WALLS,115,115,1144,Other / Multi-sector
lobbyist_101107,PETER KUCIK,102,102,0,Other / Multi-sector / Energy & Environment
lobbyist_121637,VINCENT BROWN,0,0,62,Other / Multi-sector
lobbyist_139532,HOLTEN STRINGER,0,0,62,Other / Multi-sector
lobbyist_141104,CHAD METZLER,80,80,111,Other / Multi-sector
lobbyist_27451,NICK GOLDSTEIN,91,91,438,Other / Multi-sector
lobbyist_53693,MARTIN BAYR,89,89,62,Other / Multi-sector
lobbyist_57565,JANE WISE THOMPSON,0,0,62,Other / Multi-sector
lobbyist_62549,SUZANNE ROHDE,42,42,816,Other / Multi-sector
lobbyist_64828,CLARE CHMIEL,3,3,62,Other / Multi-sector
lobbyist_67826,ALLISON IVIE,105,105,1029,Other / Multi-sector
lobbyist_68139,RUSSELL ORBAN,0,0,62,Other / Multi-sector
lobbyist_115654,PAUL DIOGUARDI,3,3,62,Other / Multi-sector
lobbyist_139412,COOPER EHRENDREICH,27,27,62,Other / Multi-sector
lobbyist_62858,NATHAN MONELL,325,325,438,Other / Multi-sector / Education & Research
lobbyist_64143,BRIAN HOWARD,48,48,1969,Other / Multi-sector
lobbyist_68480,ROBERT POWELL,203,203,898,Other / Multi-sector
lobbyist_72648,JOSEPH RUBIN,3,3,62,Other / Multi-sector
lobbyist_143679,THOMAS FULTON,0,0,62,Other / Multi-sector
lobbyist_148102,DABNEY HEGG,36,36,62,Other / Multi-sector
lobbyist_12014,JAMES SIVON,4,4,111,Other / Multi-sector
lobbyist_40483,HOWARD WALTZMAN,25,25,62,Other / Multi-sector
lobbyist_47664,SCOTT WEAVER,0,0,62,Other / Multi-sector
lobbyist_56171,PATRICE WILLOUGHBY,0,0,62,Other / Multi-sector
lobbyist_64579,ALEXANDER CURRIE,169,169,665,Other / Multi-sector / Healthcare & Pharma
lobbyist_67198,KERRY O'BRIEN,50,50,62,Other / Multi-sector
lobbyist_106063,AHARON FRIEDMAN,4,4,62,Other / Multi-sector
lobbyist_110472,JACOB JACKSON,23,23,62,Other / Multi-sector / Energy & Environment
lobbyist_142682,JAMES MORAN,0,0,62,Other / Multi-sector
lobbyist_22702,THOMAS HANCE,116,116,285,Other / Multi-sector
lobbyist_40768,PATRICK WILLIAMS,56,56,62,Other / Multi-sector
lobbyist_47285,ROBERT CANAVAN,42,42,814,Other / Multi-sector
lobbyist_57139,DAVID DEVENDORF,24,24,1261,Other / Multi-sector
lobbyist_57141,BEN NIGHTHORSE CAMPBELL,24,24,1261,Other / Multi-sector
lobbyist_63645,MICHAEL KAISER,42,42,2053,Other / Multi-sector
lobbyist_68584,JENNIFER STETTNER,96,96,873,Other / Multi-sector / Energy & Environment
lobbyist_72819,CLETE WILLEMS,0,0,62,Other / Multi-sector
lobbyist_101896,LAURA PETERSON,80,80,62,Other / Multi-sector
lobbyist_143714,SYDNEY HAND,229,229,66,Other / Multi-sector
lobbyist_45380,JOHN GILLILAND,0,0,62,Other / Multi-sector
lobbyist_61737,JEFFREY GREV,265,265,62,Other / Multi-sector
lobbyist_92586,BRANDON WEBB,185,185,66,Other / Multi-sector
lobbyist_105565,WILLIAM SEHESTEDT,42,42,1505,Other / Multi-sector
lobbyist_116833,KEVIN MCGRANN,4,4,62,Other / Multi-sector
lobbyist_120881,PATRICK HENNIGAN,78,78,542,Other / Multi-sector / Energy & Environment
lobbyist_141008,ESTEFANIA RODRIGUEZ,0,0,62,Other / Multi-sector
lobbyist_146251,NICHOLAS SADOSKI,300,300,62,Transportation & Auto / Other / Multi-sector
lobbyist_41877,ALAN LARSON,0,0,62,Other / Multi-sector
lobbyist_62541,ERIC SWEDLUND,27,27,752,Other / Multi-sector
lobbyist_64049,MICHAEL NARDELLI,41,41,308,Other / Multi-sector
lobbyist_67114,MICHAEL CROSSEN,3,3,62,Other / Multi-sector
lobbyist_69018,CHRIS MITCHELL,106,106,112,Other / Multi-sector
lobbyist_74560,ANNA LEIERITZ,27,27,62,Other / Multi-sector
lobbyist_107369,RODNEY EMERY,0,0,62,Other / Multi-sector
lobbyist_117267,JEFFREY NANCE,5,5,542,Other / Multi-sector
lobbyist_140864,FRED ESSIS,216,216,62,Other / Multi-sector / Healthcare & Pharma
lobbyist_147374,JUSTIN KINTZ,0,0,62,Other / Multi-sector
lobbyist_47173,BONNIE SINGER,5,5,62,Other / Multi-sector
lobbyist_53558,TOM INGRAM,0,0,62,Other / Multi-sector
lobbyist_58410,BROCK PHILLIPS,168,168,111,Other / Multi-sector / Healthcare & Pharma
lobbyist_67289,DAVID WHITE,80,80,62,Other / Multi-sector
lobbyist_68774,SAMUEL HEWITT,21,21,1119,Other / Multi-sector / Education & Research
lobbyist_72920,MIKE HOUSE,132,132,1483,Legal & Lobbying / Other / Multi-sector
lobbyist_138157,THOMAS STORY,27,27,62,Other / Multi-sector
lobbyist_140653,JULIAN FLEISCHMAN,49,49,62,Other / Multi-sector / Healthcare & Pharma
lobbyist_144893,SUSAN PAXON,121,121,62,Other / Multi-sector
lobbyist_147752,JOHN STROM,3,3,62,Other / Multi-sector
lobbyist_62140,ANGELA MCCARTER,5,5,62,Other / Multi-sector
lobbyist_92821,CACHAVIOUS ENGLISH,0,0,62,Other / Multi-sector
lobbyist_98812,ATALIE EBERSOLE,343,343,62,Other / Multi-sector
lobbyist_119568,KEVIN WALSH,0,0,62,Other / Multi-sector
lobbyist_138228,CALLIE FUSELIER,117,117,62,Other / Multi-sector / Healthcare & Pharma
lobbyist_141458,THOMAS LANGLEY,212,212,1723,Other / Multi-sector / Agriculture & Food
lobbyist_141891,LISA WHISLER,0,0,62,Other / Multi-sector
lobbyist_142738,ROBERT SMITH,28,28,319,Other / Multi-sector
lobbyist_147776,RODNEY DAVIS,250,250,112,Other / Multi-sector
lobbyist_61236,KRISTA DROBAC,3,3,392,Other / Multi-sector
lobbyist_61476,MAUREEN WALSH,42,42,1024,Other / Multi-sector
lobbyist_69205,JOHN MURRAY,0,0,62,Other / Multi-sector
lobbyist_69251,PATRICK MALLOY,5,5,676,Other / Multi-sector
lobbyist_70832,ASHLEY PATTERSON,57,57,62,Other / Multi-sector / Energy & Environment
lobbyist_71422,ELIZABETH THOMPSON,3,3,62,Other / Multi-sector
lobbyist_79363,JAIME HJORT,185,185,66,Other / Multi-sector
lobbyist_84841,EVAN COLLIER,0,0,62,Other / Multi-sector
lobbyist_141843,CARLOS FLORES,42,42,62,Other / Multi-sector
lobbyist_51845,ROCCO FEMIA,4,4,62,Other / Multi-sector
lobbyist_64124,SHARON GONSALVES,42,42,62,Other / Multi-sector
lobbyist_65381,KATHRYN KILEY,24,24,112,Other / Multi-sector
lobbyist_65383,RACHEL DRESEN,24,24,112,Other / Multi-sector
lobbyist_67390,JILL STEWART,20,20,467,Other / Multi-sector / Education & Research
lobbyist_69061,CHRISTOPHER PHILBIN,216,216,62,Other / Multi-sector / Healthcare & Pharma
lobbyist_69802,CHRISTOPHER LEAHY,195,195,112,Other / Multi-sector / Finance & Banking
lobbyist_70035,JOHN GOETZ,0,0,542,Other / Multi-sector
lobbyist_72167,MICHAELA CAMPBELL,42,42,446,Other / Multi-sector
lobbyist_73138,ALEXANDRA COSTELLO,42,42,1213,Other / Multi-sector
lobbyist_139146,ALEXA TURNER,262,262,66,Other / Multi-sector
lobbyist_148652,MICHAEL FLYNN,175,175,79,Other / Multi-sector
lobbyist_32467,FRED CLARK,6,6,62,Other / Multi-sector
lobbyist_63475,STEPHEN MARTINKO,0,0,62,Other / Multi-sector
lobbyist_65027,JACKSON DRONEY,115,115,542,Other / Multi-sector
lobbyist_67184,ROBERT GANIM,138,138,62,Other / Multi-sector
lobbyist_68578,ARIELLE GIORDANO,304,304,542,Other / Multi-sector / Technology & Telecom
lobbyist_71362,ALLISON DETERS,42,42,2027,Other / Multi-sector
lobbyist_72190,JOSHUA LEDDEN,160,160,1029,Transportation & Auto / Government & Nonprofit
lobbyist_95202,MATTHEW SILVER,266,266,62,Other / Multi-sector
lobbyist_104873,GABRIEL TERRY,236,236,62,Other / Multi-sector / Energy & Environment
lobbyist_113162,ROWAN BOST,0,0,62,Other / Multi-sector
lobbyist_135795,TED MCCANN,94,94,62,Other / Multi-sector
lobbyist_138165,MADISON ARCANGELI,67,67,62,Other / Multi-sector
lobbyist_141955,MEREDITH DODSON,42,42,402,Other / Multi-sector
lobbyist_152482,CLIFFORD SHOWS,50,50,2082,Other / Multi-sector
lobbyist_32280,JOHN MCGLEW,3,3,840,Other / Multi-sector
lobbyist_51017,KHALIL SALIBA,87,87,1385,Other / Multi-sector
lobbyist_59651,JACOB PARKER,42,42,897,Other / Multi-sector
lobbyist_62973,KRISTEN ADAMS,18,18,79,Other / Multi-sector
lobbyist_68803,BRANDON CONSOLVO,42,42,1870,Other / Multi-sector
lobbyist_69571,KATHERINE PHAM,3,3,840,Other / Multi-sector
lobbyist_70755,MARK FRIEDMANN,5,5,62,Other / Multi-sector
lobbyist_84040,BAILEY CHILDERS,259,259,1897,Other / Multi-sector
lobbyist_98793,JEREMY SCOTT,49,49,535,Other / Multi-sector / Healthcare & Pharma
lobbyist_116663,ANDREW FULLERTON,42,42,706,Other / Multi-sector
lobbyist_138123,JEFFREY PIKE,151,151,111,Other / Multi-sector
lobbyist_139579,ELYSE WASCH,42,42,62,Other / Multi-sector
lobbyist_141901,SCOTT MACCONOMY,42,42,8,Other / Multi-sector
lobbyist_143704,DENAE BENSON,18,18,79,Other / Multi-sector
lobbyist_145169,ERICA FITZGERALD,42,42,784,Other / Multi-sector
lobbyist_146075,MICHAEL TAGGART,0,0,62,Other / Multi-sector
lobbyist_150389,NICOLE THOMPSON,0,0,62,Other / Multi-sector
lobbyist_15869,RICHARD GEPHARDT,0,0,62,Other / Multi-sector
lobbyist_45794,FRANCES MCPOLAND,115,115,62,Other / Multi-sector
lobbyist_57541,JASON MARMON,42,42,2354,Other / Multi-sector
lobbyist_58357,WAYNE DELL,241,241,79,Other / Multi-sector
lobbyist_62270,NATHANIEL WALTON,42,42,652,Other / Multi-sector
lobbyist_62580,CHRISTOPHER SULLIVAN,269,269,62,Other / Multi-sector
lobbyist_66058,MARK RODGERS,117,117,62,Other / Multi-sector / Healthcare & Pharma
lobbyist_66351,MONICA VOLANTE,42,42,1711,Other / Multi-sector
lobbyist_69088,CHASE KROLL,4,4,62,Other / Multi-sector
lobbyist_79191,EVE GRANATOSKY,0,0,62,Other / Multi-sector
lobbyist_148089,MIKE CLEMENTI,5,5,62,Other / Multi-sector
lobbyist_16736,MARK WACLAWSKI,42,42,1940,Other / Multi-sector
lobbyist_50047,JAMES COLLURA,42,42,1876,Other / Multi-sector
lobbyist_51926,LINDSAY PLACK,17,17,62,Other / Multi-sector
lobbyist_69669,DANIEL FERNANDEZ,34,34,79,Other / Multi-sector
lobbyist_70081,EMILIA DISANTO,3,3,603,Other / Multi-sector
lobbyist_71724,HANNAH IZON,254,254,62,Other / Multi-sector
lobbyist_111974,ROBIN COLWELL,95,95,62,Other / Multi-sector
lobbyist_119374,SKIFFINGTON HOLDERNESS,42,42,62,Other / Multi-sector
lobbyist_120181,BRIAN SKRETNY,0,0,62,Other / Multi-sector
lobbyist_147282,JOHN CULTON,42,42,1263,Other / Multi-sector
lobbyist_149044,JIM CARTER,0,0,62,Other / Multi-sector
lobbyist_41542,BRENT FRANZEL,18,18,976,Other / Multi-sector
lobbyist_50648,RAHUL RANDHAVA,42,42,1282,Other / Multi-sector
lobbyist_51336,ANNE URBAN,4,4,302,Other / Multi-sector
lobbyist_54699,KIMBERLY DEAN,42,42,859,Other / Multi-sector
lobbyist_83708,DAVID TULLY,3,3,438,Other / Multi-sector
lobbyist_86374,STEVEN KOERNER,102,102,62,Other / Multi-sector / Energy & Environment
lobbyist_143277,JARED SONCRANT,0,0,62,Other / Multi-sector
lobbyist_145921,CELIA MORTE,102,102,676,Other / Multi-sector / Energy & Environment
lobbyist_59675,LOREN AHO,0,0,62,Other / Multi-sector
lobbyist_107396,CYBIL ROEHRENBECK,216,216,62,Other / Multi-sector / Healthcare & Pharma
lobbyist_150390,COLLEEN MOSS,0,0,62,Other / Multi-sector
lobbyist_42044,JOHN TAHSUDA,58,58,62,Other / Multi-sector
lobbyist_64360,HOWARD P MCKEON,35,35,62,Other / Multi-sector / Healthcare & Pharma
lobbyist_65274,BRAD GRUEHN,216,216,62,Other / Multi-sector / Healthcare & Pharma
lobbyist_69276,K LEVINSON,229,229,542,Other / Multi-sector
lobbyist_71382,BRADLEY WOLTERS,42,42,98,Other / Multi-sector
lobbyist_72255,WILLIAM MCGINLEY,5,5,62,Other / Multi-sector
lobbyist_139169,ART CAMERON,53,53,438,Other / Multi-sector
lobbyist_149195,CHRIS LEUCHTEN,0,0,62,Other / Multi-sector
lobbyist_26937,RANDALL WEST,42,42,203,Other / Multi-sector
lobbyist_49743,PAMELA GILBERT,42,42,62,Other / Multi-sector
lobbyist_63790,MIMI SIMONEAUX KNEUER,42,42,1714,Other / Multi-sector
lobbyist_65123,AMIRAH SEQUEIRA,183,183,847,Other / Multi-sector / Healthcare & Pharma
lobbyist_65631,NATHAN COOK,8,8,79,Other / Multi-sector
lobbyist_66553,MATTHEW THACKSTON,183,183,438,Other / Multi-sector / Healthcare & Pharma
lobbyist_67223,HANS KLINGLER,78,78,62,Other / Multi-sector / Energy & Environment
lobbyist_68190,MACKENZIE ROWE,8,8,62,Other / Multi-sector
lobbyist_69527,MARIA PRICE,3,3,62,Other / Multi-sector
lobbyist_122252,RYAN SHAY,3,3,255,Other / Multi-sector
lobbyist_138042,JENNIFER KAUFMANN,3,3,62,Other / Multi-sector
lobbyist_141133,ADIN MENGEL,0,0,62,Other / Multi-sector
lobbyist_144491,VANDAN PATEL,23,23,62,Other / Multi-sector / Energy & Environment
lobbyist_144963,KATHERINE MONGE,4,4,62,Other / Multi-sector
lobbyist_149027,RONALD STORHAUG,0,0,62,Other / Multi-sector
lobbyist_47974,MATTHEW SCHLAPP,25,25,62,Other / Multi-sector
lobbyist_50947,JAN FOWLER,4,4,62,Other / Multi-sector
lobbyist_52828,DOYCE BOESCH,42,42,1838,Other / Multi-sector
lobbyist_56449,MARK SMITH,42,42,1386,Other / Multi-sector
lobbyist_63672,ANITA ESTELL,42,42,1550,Other / Multi-sector
lobbyist_65628,KAREN WILLIAMS,6,6,62,Other / Multi-sector
lobbyist_68240,JORDAN STOICK,42,42,2045,Other / Multi-sector
lobbyist_69628,DONALD GRADY,42,42,266,Other / Multi-sector
lobbyist_142491,PAMELA THIESSEN,43,43,62,Other / Multi-sector
lobbyist_143730,JOHN KATKO,31,31,62,Other / Multi-sector
lobbyist_17115,DALE THORENSON,116,116,285,Other / Multi-sector
lobbyist_60845,ERNEST BAYNARD,42,42,1840,Other / Multi-sector
lobbyist_138321,MATTHEW MIKA,0,0,603,Other / Multi-sector
lobbyist_138791,LIZ ALBERTINE,0,0,62,Other / Multi-sector
lobbyist_142493,ERIN O'CONNOR ELLIOTT,31,31,62,Other / Multi-sector
lobbyist_148824,CHRIS KELLY,3,3,62,Other / Multi-sector
lobbyist_149197,LUCAS WALLWORK,0,0,438,Other / Multi-sector
lobbyist_60169,BRIAN BRANTON,49,49,1067,Other / Multi-sector / Healthcare & Pharma
lobbyist_67838,TONYA SAUNDERS,42,42,1914,Other / Multi-sector
lobbyist_69959,DAVID MULLON,0,0,62,Other / Multi-sector
lobbyist_70132,MARGARET CEKUTA,0,0,62,Other / Multi-sector
lobbyist_72289,SAMUEL DEJOIE,42,42,62,Other / Multi-sector
lobbyist_92752,GEORGE RICCARDO,0,0,62,Other / Multi-sector
lobbyist_96147,ADAM BUCKALEW,3,3,438,Other / Multi-sector
lobbyist_103518,ASKIA SURUMA,94,94,66,Other / Multi-sector
lobbyist_107266,KATELYN COSTELLO,42,42,62,Other / Multi-sector
lobbyist_110681,NATASHA JOHN,78,78,62,Other / Multi-sector / Energy & Environment
lobbyist_139243,KRISTIN STEVENS,5,5,221,Other / Multi-sector
lobbyist_140295,COLE ROJEWSKI,0,0,62,Other / Multi-sector
lobbyist_144026,MAX WHITCOMB,0,0,62,Other / Multi-sector
lobbyist_144765,MELANIE HARRIS,0,0,62,Other / Multi-sector
lobbyist_147963,GABE SHERMAN,12,12,62,Other / Multi-sector
lobbyist_47572,JANICE O'CONNELL,8,8,62,Other / Multi-sector
lobbyist_49789,MARGEAUX PLAISTED,8,8,62,Other / Multi-sector
lobbyist_68857,MIGUEL MENDOZA,185,185,66,Other / Multi-sector
lobbyist_83235,MINH NGUYEN,21,21,62,Other / Multi-sector / Education & Research
lobbyist_104715,ANNA ABRAM,3,3,62,Other / Multi-sector
lobbyist_107403,JESSICA L BENNETT,6,6,62,Other / Multi-sector
lobbyist_119116,CHERYL DAVIS,42,42,271,Other / Multi-sector
lobbyist_34702,JOSEPH RAEDER,7,7,582,Other / Multi-sector
lobbyist_49266,ALLISON GILES,41,41,62,Other / Multi-sector
lobbyist_53963,KAREN JOHNSON,42,42,2341,Other / Multi-sector
lobbyist_139553,SARAH KATE SULLIVAN,48,48,66,Other / Multi-sector
lobbyist_140688,ANNE-MARIE KELLEY,30,30,62,Other / Multi-sector
lobbyist_140777,PATTI STAUFFER,42,42,2304,Other / Multi-sector
lobbyist_141413,ANDREW SIGMON,0,0,603,Other / Multi-sector
lobbyist_142905,SAMANTHA DRAVIS,113,113,62,Other / Multi-sector
lobbyist_143064,ELIZABETH DALTON,42,42,62,Other / Multi-sector
lobbyist_144305,BRENT GREENFIELD,45,45,62,Other / Multi-sector
lobbyist_144795,JEFFREY WIEAND,0,0,62,Other / Multi-sector
lobbyist_59273,VALERIE NELSON,3,3,62,Other / Multi-sector
lobbyist_69046,JOHN SIMPSON,115,115,62,Other / Multi-sector
lobbyist_72272,ELISE TOLLEFSON,3,3,603,Other / Multi-sector
lobbyist_85325,JASON LARRABEE,322,322,1984,Other / Multi-sector
lobbyist_87704,ROBERT MORAN,155,155,186,Other / Multi-sector
lobbyist_110062,SARAH SWANSON,0,0,62,Other / Multi-sector
lobbyist_139262,SHANA CHANDLER,42,42,1738,Other / Multi-sector
lobbyist_47661,GAVIN CLINGHAM,20,20,778,Other / Multi-sector / Education & Research
lobbyist_98719,JAMES REILLY,0,0,62,Other / Multi-sector
lobbyist_105194,ROY MCKENZIE,250,250,112,Other / Multi-sector
lobbyist_107329,MICHAEL BAIN,5,5,62,Other / Multi-sector
lobbyist_142880,JACQLYN SCHNEIDER,6,6,62,Other / Multi-sector
lobbyist_146563,JEFFREY BECKER,0,0,62,Other / Multi-sector
lobbyist_11446,JOANN PAYNE,42,42,398,Other / Multi-sector
lobbyist_14340,NICK MANETTO,100,100,255,Other / Multi-sector / Healthcare & Pharma
lobbyist_65551,JUDY BEARD,314,314,62,Other / Multi-sector / Energy & Environment
lobbyist_66247,AARON SHAPIRO,96,96,1453,Other / Multi-sector / Energy & Environment
lobbyist_71558,WILLIAM MILLER,42,42,2369,Other / Multi-sector
lobbyist_72394,PAMELA YUEN,145,145,1029,Other / Multi-sector / Education & Research
lobbyist_72808,RYAN COSTELLO,0,0,62,Other / Multi-sector
lobbyist_72975,DAVID LIND,42,42,969,Other / Multi-sector
lobbyist_92836,ALLEN THOMPSON,42,42,330,Other / Multi-sector
lobbyist_94932,EUGENE SHESTAKOV,5,5,62,Other / Multi-sector
lobbyist_115270,MICHAEL ELMORE,48,48,112,Other / Multi-sector
lobbyist_138698,JAIME STEVE,188,188,2330,Other / Multi-sector / Education & Research
lobbyist_141031,STEPHANIE CHEUNG,0,0,62,Other / Multi-sector
lobbyist_142267,BRIAN BATES,27,27,62,Other / Multi-sector
lobbyist_143330,PAUL NEMETZ,0,0,62,Other / Multi-sector
lobbyist_143627,DOROTHY CLARK,80,80,111,Other / Multi-sector
lobbyist_7922,JOCELYN LOWE,36,36,467,Other / Multi-sector
lobbyist_35257,RENE CAMPOS,261,261,79,Other / Multi-sector
lobbyist_54906,DAVID BOYER,3,3,62,Other / Multi-sector
lobbyist_68814,BRIAN MCMILLAN,42,42,767,Other / Multi-sector
lobbyist_68959,ROBERT EHRICH,42,42,1276,Other / Multi-sector
lobbyist_70896,JOSHUA BLUME,18,18,79,Other / Multi-sector
lobbyist_93684,JOSEPH CORTINA,195,195,62,Other / Multi-sector / Finance & Banking
lobbyist_103011,AMY SMITH,42,42,2373,Other / Multi-sector
lobbyist_142654,CHARLES YESSAIAN,42,42,2215,Other / Multi-sector
lobbyist_144922,ANNIE D'AMATO,0,0,62,Other / Multi-sector
lobbyist_147096,KENNETH BARBIC,6,6,62,Other / Multi-sector
lobbyist_66337,ELLIOT WILLIAMS,138,138,62,Other / Multi-sector
lobbyist_69005,RICK LIMARDO,42,42,1514,Other / Multi-sector
lobbyist_72467,BRIAN BARNARD,25,25,167,Other / Multi-sector
lobbyist_107429,JOSH NARROW,216,216,62,Other / Multi-sector / Healthcare & Pharma
lobbyist_109277,JAMES GLUECK,6,6,62,Other / Multi-sector
lobbyist_139767,MIKE CONAWAY,107,107,62,Other / Multi-sector / Government & Nonprofit
lobbyist_140323,KATHERINE MCGUIRE,21,21,438,Other / Multi-sector / Education & Research
lobbyist_141087,LUCAS GORAK,0,0,62,Other / Multi-sector
lobbyist_141802,JORDAN COOPER,219,219,62,Other / Multi-sector
lobbyist_2314,CATRIONA MACDONALD,37,37,2279,Other / Multi-sector / Education & Research
lobbyist_48281,JIM SOURWINE,37,37,62,Other / Multi-sector / Education & Research
lobbyist_62401,CHRISTOPHER CONDELUCI,80,80,309,Other / Multi-sector
lobbyist_63638,HOWARD BERMAN,0,0,62,Other / Multi-sector
lobbyist_67087,SUSHANT SINHA,190,190,79,Other / Multi-sector
lobbyist_71519,ANNE DUDRO,42,42,715,Other / Multi-sector
lobbyist_93452,MICHAEL DANKLER,0,0,62,Other / Multi-sector
lobbyist_121814,JOHN GRAVES,42,42,62,Other / Multi-sector
lobbyist_144883,MIKAYLA MARCUM,0,0,62,Other / Multi-sector
lobbyist_15502,TAMARA BROWNE,42,42,1757,Other / Multi-sector
lobbyist_49972,GREG SCHILDWACHTER,17,17,62,Other / Multi-sector
lobbyist_63304,LAUREN STURGEON,203,203,285,Other / Multi-sector
lobbyist_69234,AMY ANDRYSZAK,4,4,62,Other / Multi-sector
lobbyist_69547,NICK SUTTER,0,0,62,Other / Multi-sector
lobbyist_69574,WILLIAM HULSE,250,250,112,Other / Multi-sector
lobbyist_105637,JANA BARRESI,42,42,2160,Other / Multi-sector
lobbyist_141329,CHRISTY WOODRUFF,207,207,438,Other / Multi-sector
lobbyist_146945,STEVEN WALL,0,0,62,Other / Multi-sector
lobbyist_46795,MARK CASSO,21,21,438,Other / Multi-sector / Education & Research
lobbyist_67446,BRIAN DITTMEIER,42,42,1835,Other / Multi-sector
lobbyist_70449,MATTHEW FURLOW,250,250,112,Other / Multi-sector
lobbyist_74492,JACK LIVINGSTON,53,53,438,Other / Multi-sector
lobbyist_107635,JOSHUA BROWN,34,34,79,Other / Multi-sector
lobbyist_121820,MATT SCHERTZ,148,148,2034,Legal & Lobbying / Agriculture & Food
lobbyist_141402,GARRETT LUKKEN,5,5,603,Other / Multi-sector
lobbyist_147962,JIM BRIDENSTINE,12,12,62,Other / Multi-sector
lobbyist_148333,THEODORE TANZER,0,0,62,Other / Multi-sector
lobbyist_39814,DAVID RUSSELL,36,36,62,Other / Multi-sector
lobbyist_41156,LUTHER MARKWART,6,6,285,Other / Multi-sector
lobbyist_54948,HEATHER HENNESSEY,42,42,1935,Other / Multi-sector
lobbyist_58987,NORMAN DICKS,46,46,62,Other / Multi-sector
lobbyist_62674,JAMES CREEVY,42,42,1945,Other / Multi-sector
lobbyist_64895,ANNE FABRY,42,42,3,Other / Multi-sector
lobbyist_66899,CARLY MCCALLIE,326,326,79,Education & Research / Other / Multi-sector
lobbyist_68239,DAVID PUGACH,42,42,137,Other / Multi-sector
lobbyist_71645,SEAN MCREYNOLDS,42,42,62,Other / Multi-sector
lobbyist_73011,SARAH-LLOYD STEVENSON,3,3,255,Other / Multi-sector
lobbyist_73134,CHRIS HALL,42,42,1398,Other / Multi-sector
lobbyist_106085,JESSICA FREND,42,42,69,Other / Multi-sector
lobbyist_142248,TROY STOCK,25,25,62,Other / Multi-sector
lobbyist_148825,DON ANDRES,0,0,62,Other / Multi-sector
lobbyist_52115,DANIEL BATES,27,27,62,Other / Multi-sector
lobbyist_70741,MEGAN DAPPER,6,6,62,Other / Multi-sector
lobbyist_72013,BENJAMIN DUNHAM,48,48,1101,Other / Multi-sector
lobbyist_73439,KAITLYNN GLOVER,6,6,1003,Other / Multi-sector
lobbyist_141979,RON KIND,0,0,62,Other / Multi-sector
lobbyist_40868,STEVEN WOLFE,42,42,976,Other / Multi-sector
lobbyist_63018,TRACY ZEA,151,151,553,Other / Multi-sector
lobbyist_67178,MIKE BIAGI,42,42,724,Other / Multi-sector
lobbyist_67277,DAVID AROUCA,27,27,542,Other / Multi-sector
lobbyist_69537,DEEPTI KULKARNI,42,42,62,Other / Multi-sector
lobbyist_71079,JOSEPH NAHRA,3,3,62,Other / Multi-sector
lobbyist_72089,STEPHEN LIEBERMAN,42,42,542,Other / Multi-sector
lobbyist_79364,KAI HIRABAYASHI,185,185,66,Other / Multi-sector
lobbyist_61587,CHRISTOPHER D'ARCY,42,42,62,Other / Multi-sector
lobbyist_67991,LAUREN BROOKMEYER,346,346,740,Education & Research / Other / Multi-sector
lobbyist_68006,RYLIN RODGERS,42,42,1,Other / Multi-sector
lobbyist_68094,JAMIE MATESE,42,42,1226,Other / Multi-sector
lobbyist_68697,JOSH PITRE,28,28,190,Other / Multi-sector
lobbyist_139168,YANET BRUNET PEREZ,4,4,62,Other / Multi-sector
lobbyist_141434,CORY HARRIS,62,62,62,Healthcare & Pharma / Other / Multi-sector
lobbyist_3004,KELLY JOHNSON,42,42,62,Other / Multi-sector
lobbyist_18401,JADE WEST,42,42,1129,Other / Multi-sector
lobbyist_41218,STEPHEN KHO,0,0,62,Other / Multi-sector
lobbyist_66790,JENNIFER STEGER,3,3,62,Other / Multi-sector
lobbyist_68900,AUSTIN ROBERTS,3,3,603,Other / Multi-sector
lobbyist_69021,KURT KOVARIK,336,336,2347,Energy & Environment / Other / Multi-sector
lobbyist_70254,HOPE HURLEY,81,81,62,Other / Multi-sector / Healthcare & Pharma
lobbyist_70395,JEFF EVANS,42,42,2058,Other / Multi-sector
lobbyist_71197,LAURA SIEGRIST,216,216,79,Other / Multi-sector / Healthcare & Pharma
lobbyist_72640,BRENT BOMBACH,42,42,973,Other / Multi-sector
lobbyist_115060,LIZ FORTUNATO,70,70,62,Other / Multi-sector / Energy & Environment
lobbyist_118170,JUAN MACHADO,94,94,66,Other / Multi-sector
lobbyist_139689,TIFFANY SHACKELFORD,21,21,62,Other / Multi-sector / Education & Research
lobbyist_139940,ROBERT JACKSON,241,241,79,Other / Multi-sector
lobbyist_140890,ELIZABETH NOLL,0,0,62,Other / Multi-sector
lobbyist_148205,JESUS HERNANDEZ,185,185,66,Other / Multi-sector
lobbyist_148916,CAROLINE RAFFERTY,4,4,62,Other / Multi-sector
lobbyist_68717,ARON GRIFFIN,117,117,438,Other / Multi-sector / Healthcare & Pharma
lobbyist_100694,ANKIT DESAI,134,134,132,Other / Multi-sector
lobbyist_101440,DANIEL ARCHER,25,25,224,Other / Multi-sector
lobbyist_107388,DANIEL WEST,21,21,562,Other / Multi-sector / Education & Research
lobbyist_144839,ALICE LUGO,0,0,62,Other / Multi-sector
lobbyist_147266,BENJAMIN STAUB,0,0,62,Other / Multi-sector
lobbyist_147905,STACEY LEAVANDOSKY,0,0,62,Other / Multi-sector
lobbyist_27574,STEVEN HEUER,42,42,1296,Other / Multi-sector
lobbyist_68294,AMY ROSENBAUM,216,216,112,Other / Multi-sector / Healthcare & Pharma
lobbyist_69433,JESSICA CAMERON,4,4,62,Other / Multi-sector
lobbyist_70202,PHILIP SWARTZFAGER,42,42,1694,Other / Multi-sector
lobbyist_74500,ROBERT NEAL,53,53,438,Other / Multi-sector
lobbyist_106986,CAROLINE POWERS,169,169,62,Other / Multi-sector / Healthcare & Pharma
lobbyist_107372,JOSEPH KING,216,216,2119,Other / Multi-sector / Healthcare & Pharma
lobbyist_121854,ROBERT CURIS,42,42,491,Other / Multi-sector
lobbyist_139079,ANDREW VLASATY,6,6,62,Other / Multi-sector
lobbyist_139541,JOSEPH FAWKNER,0,0,62,Other / Multi-sector
lobbyist_140790,ANTHONY REED,0,0,62,Other / Multi-sector
lobbyist_141855,MICHAEL DOYLE,19,19,62,Other / Multi-sector
lobbyist_29856,ERIN LANE,227,227,111,Other / Multi-sector / Energy & Environment
lobbyist_52683,ROCHONDA FARMER-NEAL,42,42,877,Other / Multi-sector
lobbyist_64789,LEELA BAGGETT,3,3,62,Other / Multi-sector
lobbyist_114253,THOMAS BUSH,364,364,2248,Other / Multi-sector / Technology & Telecom
lobbyist_139214,SHELLY MARC,252,252,438,Other / Multi-sector
lobbyist_141944,VANESSA VALDEZ,78,78,542,Other / Multi-sector / Energy & Environment
lobbyist_143705,ADRIANNA WILLIAMS,27,27,62,Other / Multi-sector
lobbyist_145216,ELIZABETH CARROLL,252,252,438,Other / Multi-sector
lobbyist_60660,LAUREN BROCCOLI,0,0,62,Other / Multi-sector
lobbyist_62290,CASEY ELLIOTT,145,145,62,Other / Multi-sector / Education & Research
lobbyist_64181,BEETA RASOULI,0,0,62,Other / Multi-sector
lobbyist_68272,MATTHEW CHILLER,255,255,79,Other / Multi-sector
lobbyist_68787,DOUGLAS DISTASO,121,121,62,Other / Multi-sector
lobbyist_70428,REBECCA STEELE,224,224,79,Other / Multi-sector
lobbyist_72554,MARK MURRAY,42,42,1062,Other / Multi-sector
lobbyist_102039,CHAD TOKOWICZ,42,42,1978,Other / Multi-sector
lobbyist_116503,MICHAEL ERLANDSON,42,42,2305,Other / Multi-sector
lobbyist_142282,BRETT FULCER,42,42,656,Other / Multi-sector
lobbyist_142803,MICHAEL SORENSEN,0,0,62,Other / Multi-sector
lobbyist_148053,JOHN ROBERTI,5,5,1180,Other / Multi-sector
lobbyist_44206,RACHEL ROBINSON,42,42,1379,Other / Multi-sector
lobbyist_50222,KEVIN DEMPSEY,42,42,865,Other / Multi-sector
lobbyist_60142,ROSS MARADIAN,115,115,37,Other / Multi-sector
lobbyist_68303,DAVID MARIN,195,195,62,Other / Multi-sector / Finance & Banking
lobbyist_69871,CORTNEY BUSH,42,42,1177,Other / Multi-sector
lobbyist_72203,AMIRAH SALAAM,117,117,62,Other / Multi-sector / Healthcare & Pharma
lobbyist_102296,DYLAN TUREFF,42,42,62,Other / Multi-sector
lobbyist_106394,WALDO MCMILLAN,109,109,1028,Other / Multi-sector
lobbyist_107379,PATRICK CURRIER,48,48,62,Other / Multi-sector
lobbyist_138371,ADAM FISCHER,115,115,542,Other / Multi-sector
lobbyist_142419,SAUL HERNANDEZ,0,0,62,Other / Multi-sector
lobbyist_144814,NEIL MCKIERNAN,5,5,62,Other / Multi-sector
lobbyist_147906,KAADE WALLACE,0,0,62,Other / Multi-sector
lobbyist_36428,DAVID BAUER,91,91,438,Other / Multi-sector
lobbyist_51176,NICHOLAS LEIBHAM,5,5,62,Other / Multi-sector
lobbyist_67865,KYLE GILSTER,27,27,62,Other / Multi-sector
lobbyist_70626,JOY MCGLAUN,216,216,112,Other / Multi-sector / Healthcare & Pharma
lobbyist_103799,MARGARET RANDOLPH,3,3,62,Other / Multi-sector
lobbyist_149001,RICHARD BURR,0,0,62,Other / Multi-sector
lobbyist_3748,BRUCE MORRISON,0,0,438,Other / Multi-sector
lobbyist_56808,KRISTEN GULLOTT,42,42,1372,Other / Multi-sector
lobbyist_57610,KAREN STONE,85,85,2249,Other / Multi-sector / Healthcare & Pharma
lobbyist_62562,DARIS MEEKS,261,261,62,Other / Multi-sector
lobbyist_63199,MICHAEL SCRIVNER,42,42,663,Other / Multi-sector
lobbyist_63507,AMBER FAHY,75,75,62,Other / Multi-sector / Legal & Lobbying
lobbyist_66478,JONATHAN MASON,183,183,438,Other / Multi-sector / Healthcare & Pharma
lobbyist_68172,STEPHANIE MARTZ,240,240,66,Other / Multi-sector / Technology & Telecom
lobbyist_68553,THOMAS SCULLY,3,3,62,Other / Multi-sector
lobbyist_69317,MARK PRATER,34,34,62,Other / Multi-sector
lobbyist_69937,MAURA KANTAKEVICH,149,149,62,Technology & Telecom / Other / Multi-sector
lobbyist_70611,ZACK MARSHALL,3,3,62,Other / Multi-sector
lobbyist_70627,CHRIS PRENDERGAST,254,254,111,Other / Multi-sector
lobbyist_71396,ROBIN BOWEN,165,165,62,Other / Multi-sector / Government & Nonprofit
lobbyist_75424,DANA COLARULLI,0,0,62,Other / Multi-sector
lobbyist_80338,JONAS NEIHARDT,42,42,2035,Other / Multi-sector
lobbyist_138343,COLLEEN BELL,0,0,62,Other / Multi-sector
lobbyist_140101,REBEKAH RODRIGUEZ,23,23,62,Other / Multi-sector / Energy & Environment
lobbyist_144179,ROBERT GARDNER,102,102,62,Other / Multi-sector / Energy & Environment
lobbyist_46068,JESSICA HOGLE,78,78,542,Other / Multi-sector / Energy & Environment
lobbyist_66861,CHRISTOPHER MANSON,100,100,438,Other / Multi-sector / Healthcare & Pharma
lobbyist_67742,JOEL LEFTWICH,6,6,62,Other / Multi-sector
lobbyist_69573,BRODY GARLAND,0,0,62,Other / Multi-sector
lobbyist_69904,SHARON HARDIE,42,42,2144,Other / Multi-sector
lobbyist_71453,CORY TITUS,261,261,79,Other / Multi-sector
lobbyist_75019,HAYDEN ROGERS,129,129,542,Other / Multi-sector / Energy & Environment
lobbyist_83585,TIMOTHY URSPRUNG,3,3,438,Other / Multi-sector
lobbyist_136386,JENNIFER SILVA,145,145,1306,Other / Multi-sector / Education & Research
lobbyist_139075,JOE MARINELLI,12,12,62,Other / Multi-sector
lobbyist_144507,KHLOE GREENWOOD,25,25,62,Other / Multi-sector
lobbyist_145280,JENNY DEBERRY,42,42,1591,Other / Multi-sector
lobbyist_7617,CODY LUSK,42,42,1972,Other / Multi-sector
lobbyist_58508,CAROLYN APOSTOLOU,42,42,1679,Other / Multi-sector
lobbyist_65412,STEPHEN AARON,4,4,0,Other / Multi-sector
lobbyist_73871,DANIEL KENIRY,42,42,850,Other / Multi-sector
lobbyist_93239,W. PATRICK WILSON,305,305,79,Other / Multi-sector
lobbyist_98963,MICHAEL KELLEY,42,42,351,Other / Multi-sector
lobbyist_121816,JEFF SHOCKEY,53,53,438,Other / Multi-sector
lobbyist_139232,MICHAEL LEAHY,322,322,2189,Other / Multi-sector
lobbyist_141780,CHRIS HUCKLEBERRY,3,3,62,Other / Multi-sector
lobbyist_145627,AUSTIN AGRELLA,8,8,62,Other / Multi-sector
lobbyist_151243,MICHAEL BURLEY,0,0,62,Other / Multi-sector
lobbyist_43279,TED HOLLINGSWORTH,158,158,62,Other / Multi-sector / Energy & Environment
lobbyist_63726,LUIS FORTUNO,0,0,62,Other / Multi-sector
lobbyist_64504,AUTUMN PRICE,80,80,111,Other / Multi-sector
lobbyist_65052,SARAH BLACKWOOD,176,176,1010,Other / Multi-sector
lobbyist_66324,ARJUN MODY,0,0,62,Other / Multi-sector
lobbyist_66818,JASON OSBORNE,95,95,1047,Other / Multi-sector
lobbyist_70409,LAUREN RUBIN,4,4,62,Other / Multi-sector
lobbyist_70660,MORGAN SCHREURS,318,318,62,Other / Multi-sector
lobbyist_73272,CHRIS JAHN,118,118,111,Other / Multi-sector
lobbyist_138696,NICHOLAS ORNSTEIN,25,25,62,Other / Multi-sector
lobbyist_141340,ELLIE CLANCY,0,0,12,Other / Multi-sector
lobbyist_141621,MICHAEL RUBINO,41,41,62,Other / Multi-sector
lobbyist_143749,GEORGE BUTTERFIELD,3,3,62,Other / Multi-sector
lobbyist_149532,WILL BREWSTER,5,5,62,Other / Multi-sector
lobbyist_149638,CHRISTOPHER INGRAHAM,12,12,62,Other / Multi-sector
lobbyist_57530,FRANCIS TURNER,42,42,1463,Other / Multi-sector
lobbyist_60195,BETHANY BASSETT,0,0,12,Other / Multi-sector
lobbyist_68817,EMILY MUELLER,42,42,127,Other / Multi-sector
lobbyist_69684,SPENCER WAYNE,254,254,62,Other / Multi-sector
lobbyist_71003,MARK LUKASZEWSKI,42,42,871,Other / Multi-sector
lobbyist_72653,KAREN RUEDISUELI,261,261,79,Other / Multi-sector
lobbyist_139684,MAX FRANKEL,0,0,62,Other / Multi-sector
lobbyist_140727,KRISTOFER CARLSON,188,188,775,Other / Multi-sector / Education & Research
lobbyist_146654,ASHLEY SMITH,6,6,62,Other / Multi-sector
lobbyist_52654,LEROY NIX,197,197,438,Other / Multi-sector
lobbyist_62373,DAVID CALABRESE,48,48,112,Other / Multi-sector
lobbyist_64483,CHRISTOPHER ECKHOLD,14,14,62,Other / Multi-sector
lobbyist_65534,ED MCCLELLAN,0,0,62,Other / Multi-sector
lobbyist_66434,DAVID ELIN,3,3,62,Other / Multi-sector
lobbyist_71041,AUSTIN BONE,18,18,542,Other / Multi-sector
lobbyist_72429,SARAH KILLEEN,183,183,2093,Other / Multi-sector / Healthcare & Pharma
lobbyist_80342,CHRISTOPHER MORTON,42,42,116,Other / Multi-sector
lobbyist_100549,CHRISTOPHER WALL,42,42,824,Other / Multi-sector
lobbyist_145609,JOHN DOWD,8,8,62,Other / Multi-sector
lobbyist_145914,DANIEL BLACK,48,48,12,Other / Multi-sector
lobbyist_9119,MARC CADIN,30,30,62,Other / Multi-sector
lobbyist_46621,MICHAEL EVANS,0,0,62,Other / Multi-sector
lobbyist_49006,DANIEL MEYER,0,0,62,Other / Multi-sector
lobbyist_57289,STEPHANIE DAIGLE,23,23,62,Other / Multi-sector / Energy & Environment
lobbyist_64081,ERIN SIEFRING,42,42,97,Other / Multi-sector
lobbyist_64868,PHILIP MOORE,27,27,112,Other / Multi-sector
lobbyist_65576,MICHAEL LAMOUREUX,25,25,229,Other / Multi-sector
lobbyist_66602,JAMES HAYES,8,8,836,Other / Multi-sector
lobbyist_92664,MATTHEW HITTLE,0,0,62,Other / Multi-sector
lobbyist_141630,AMY LOVENG,120,120,111,Other / Multi-sector / Energy & Environment
lobbyist_145585,RACHEL PORTMAN,0,0,62,Other / Multi-sector
lobbyist_145705,ROXANA KEESLER,8,8,62,Other / Multi-sector
lobbyist_145922,REBECCA GANSCA,191,191,676,Other / Multi-sector / Legal & Lobbying
lobbyist_148928,ALEXANDER GRAF,3,3,62,Other / Multi-sector
lobbyist_148995,TIMOTHY COSTA,0,0,62,Other / Multi-sector
lobbyist_150052,ERIN MENDELSOHN,3,3,62,Other / Multi-sector
lobbyist_39815,MATT JESSEE,3,3,62,Other / Multi-sector
lobbyist_60704,MARIAH SIXKILLER,67,67,62,Other / Multi-sector
lobbyist_61589,ROBERT STIEN,109,109,79,Other / Multi-sector
lobbyist_68961,JILL SHAPIRO,8,8,836,Other / Multi-sector
lobbyist_69585,AARON FRAZIER,42,42,1553,Other / Multi-sector
lobbyist_69995,GEOFF WERTH,3,3,255,Other / Multi-sector
lobbyist_72087,DONALD OVERTON,42,42,1630,Other / Multi-sector
lobbyist_73407,ELI GREENSPAN,3,3,62,Other / Multi-sector
lobbyist_79253,KIM HAYS,195,195,112,Other / Multi-sector / Finance & Banking
lobbyist_139490,JENNIFER MILLER,53,53,438,Other / Multi-sector
lobbyist_145314,JOSEPH SCHWAN,100,100,62,Other / Multi-sector / Healthcare & Pharma
lobbyist_147301,JASON FRYE,42,42,1773,Other / Multi-sector
lobbyist_149049,TRACIE POUGH,27,27,91,Other / Multi-sector
lobbyist_149639,MARK PILAND,152,152,62,Other / Multi-sector
lobbyist_26216,RICHARD JULIANO,91,91,438,Other / Multi-sector
lobbyist_41504,VIC FAZIO,0,0,62,Other / Multi-sector
lobbyist_51668,PAMELA TURNER,0,0,62,Other / Multi-sector
lobbyist_57879,JOHN STIRRUP,42,42,1463,Other / Multi-sector
lobbyist_65132,DANIEL MERRY,261,261,79,Other / Multi-sector
lobbyist_68228,MAURA FARRELL,183,183,438,Other / Multi-sector / Healthcare & Pharma
lobbyist_69999,JOHN LADD,111,111,62,Other / Multi-sector / Finance & Banking
lobbyist_70126,JAMIE GILLESPIE,42,42,1235,Other / Multi-sector
lobbyist_78218,KAITLIN SIGHINOLFI,48,48,111,Other / Multi-sector
lobbyist_105860,ADRIAN BOAFO,42,42,1134,Other / Multi-sector
lobbyist_139060,NAOMIE DROLL,245,245,62,Education & Research / Other / Multi-sector
lobbyist_140756,MOLLY O'LEARY,261,261,110,Other / Multi-sector
lobbyist_141628,MARY O'DEA ALLEN,42,42,1045,Other / Multi-sector
lobbyist_44153,KATHLEEN MCAULIFFE,0,0,62,Other / Multi-sector
lobbyist_64731,LUCIANO HAYDEN,42,42,1095,Other / Multi-sector
lobbyist_66415,DUSTIN TODD,185,185,66,Other / Multi-sector
lobbyist_69909,EDWARD HILL,0,0,62,Other / Multi-sector
lobbyist_72478,ELIZABETH REICHERTS,42,42,1174,Other / Multi-sector
lobbyist_87055,CALLAN SMITH,3,3,62,Other / Multi-sector
lobbyist_141792,RENEE MISSAKIAN,42,42,1413,Other / Multi-sector
lobbyist_141793,JOHN BASMAJIAN,42,42,1413,Other / Multi-sector
lobbyist_145927,NICHOLAS VANCE,8,8,676,Other / Multi-sector
lobbyist_149579,DANIEL CHEEVER,43,43,62,Other / Multi-sector
lobbyist_22811,PATRICIA FIRST,42,42,62,Other / Multi-sector
lobbyist_49359,ANDREW COLOSIMO,181,181,1169,Other / Multi-sector / Energy & Environment
lobbyist_51334,MICHAEL MCHUGH,109,109,302,Other / Multi-sector
lobbyist_51898,ROMY GELB-ZIMMER,183,183,438,Other / Multi-sector / Healthcare & Pharma
lobbyist_58935,YVETTE FONTENOT,3,3,62,Other / Multi-sector
lobbyist_66047,PATRICK KIRBY,0,0,62,Other / Multi-sector
lobbyist_66260,ZACHARY MEARS,12,12,66,Other / Multi-sector
lobbyist_66572,JEAN DOYLE,308,308,79,Other / Multi-sector / Technology & Telecom
lobbyist_69346,GEORGE CALLAS,4,4,62,Other / Multi-sector
lobbyist_70435,ELIZABETH HERMAN,195,195,111,Other / Multi-sector / Finance & Banking
lobbyist_71210,MISSYE BRICKELL,42,42,2155,Other / Multi-sector
lobbyist_71640,ANGELA EBINER,181,181,62,Other / Multi-sector / Energy & Environment
lobbyist_74012,CHARLES WHITE,21,21,2172,Other / Multi-sector / Education & Research
lobbyist_104124,ZACHARY RADFORD,42,42,435,Other / Multi-sector
lobbyist_140037,NORMAN CAROSELLA,42,42,1118,Other / Multi-sector
lobbyist_140573,KELLY HITCHCOCK,4,4,62,Other / Multi-sector
lobbyist_142904,STEVE CHARTAN,0,0,62,Other / Multi-sector
lobbyist_145307,COURTNEY MILLER,18,18,582,Other / Multi-sector
lobbyist_146692,MICHAEL FALENCKI,27,27,62,Other / Multi-sector
lobbyist_16824,DANIEL MUROFF,42,42,1202,Other / Multi-sector
lobbyist_52857,C JULIET PITTMAN,42,42,890,Other / Multi-sector
lobbyist_61006,PATRICIA REILLY,50,50,2082,Other / Multi-sector
lobbyist_63424,RACHEL LEVY,104,104,172,Other / Multi-sector / Healthcare & Pharma
lobbyist_64769,MICHAEL WASSER,42,42,252,Other / Multi-sector
lobbyist_64833,MICHELLE SEGER,3,3,603,Other / Multi-sector
lobbyist_68557,GABRIEL MASER,255,255,542,Other / Multi-sector
lobbyist_71897,WHITNEY RIGGS,42,42,739,Other / Multi-sector
lobbyist_115131,TYLER WILSON,42,42,62,Other / Multi-sector
lobbyist_141593,THOMAS KAHN,34,34,62,Other / Multi-sector
lobbyist_147866,JOSEPH ORLANDO,0,0,62,Other / Multi-sector
lobbyist_5826,LOUIS DUPART,54,54,79,Other / Multi-sector / Government & Nonprofit
lobbyist_40395,BRETT O'BRIEN,95,95,62,Other / Multi-sector
lobbyist_59091,SARA HOPPER,258,258,282,Other / Multi-sector
lobbyist_64898,JEFFREY ZIARKO,24,24,920,Other / Multi-sector
lobbyist_65501,ROMAN GONZALES,5,5,62,Other / Multi-sector
lobbyist_68413,RANDA FAHMY,42,42,803,Other / Multi-sector
lobbyist_80431,KIRA ALVAREZ,34,34,79,Other / Multi-sector
lobbyist_96857,DAVID GROSSO,0,0,62,Other / Multi-sector
lobbyist_107290,SHAWN BLOCH,26,26,79,Other / Multi-sector
lobbyist_121949,ELIZABETH STULBERG,0,0,62,Other / Multi-sector
lobbyist_138571,CHRISTOPHER BERARDINI,109,109,62,Other / Multi-sector
lobbyist_139698,LOIS MOORE,36,36,1463,Other / Multi-sector
lobbyist_140527,EMINENCE GRIFFIN,42,42,179,Other / Multi-sector
lobbyist_141412,JOLEEN RIVERA,185,185,66,Other / Multi-sector
lobbyist_141633,REBECKAH ADCOCK,241,241,112,Other / Multi-sector
lobbyist_143455,BENJAMIN VONACHEN,21,21,438,Other / Multi-sector / Education & Research
lobbyist_146108,ANN DURAND,42,42,582,Other / Multi-sector
lobbyist_146147,PETER ENGEL,8,8,62,Other / Multi-sector
lobbyist_149053,ALEX GALLO,5,5,62,Other / Multi-sector
lobbyist_5039,JOHN HOLSCLAW,0,0,62,Other / Multi-sector
lobbyist_28833,STEVEN RADKE,42,42,121,Other / Multi-sector
lobbyist_49187,MATTHEW HAWTHORNE,42,42,2242,Other / Multi-sector
lobbyist_57952,NELEEN EISINGER,216,216,124,Other / Multi-sector / Healthcare & Pharma
lobbyist_59073,CATLIN O'NEILL,252,252,438,Other / Multi-sector
lobbyist_61219,MICHAEL LIPTAK,42,42,2128,Other / Multi-sector
lobbyist_64475,JOSHUA GREENE,115,115,79,Other / Multi-sector
lobbyist_66539,CHRISTOPHER GAHAN,42,42,980,Other / Multi-sector
lobbyist_70421,GREG FOGEL,42,42,1350,Other / Multi-sector
lobbyist_72304,NICOLAS MUZIN,43,43,1837,Other / Multi-sector
lobbyist_74761,STANLEY WHITE,42,42,243,Other / Multi-sector
lobbyist_93778,KAMAL PATEL,8,8,62,Other / Multi-sector
lobbyist_139225,GEORGE SHEVLIN,215,215,62,Other / Multi-sector
lobbyist_139652,RYAN JACKSON,129,129,542,Other / Multi-sector / Energy & Environment
lobbyist_144422,ERIK BERDY,3,3,62,Other / Multi-sector
lobbyist_145802,NIKOLE BURROUGHS,0,0,62,Other / Multi-sector
lobbyist_53593,ERIKA KELLY,241,241,62,Other / Multi-sector
lobbyist_56745,LAURA EUGSTER DOYLE,42,42,1256,Other / Multi-sector
lobbyist_57667,JOHN RAINBOLT,120,120,62,Other / Multi-sector / Energy & Environment
lobbyist_62993,KELLY BROUGHAN,308,308,79,Other / Multi-sector / Technology & Telecom
lobbyist_63458,KRISTEN MCGOVERN,168,168,392,Other / Multi-sector / Healthcare & Pharma
lobbyist_64773,DAN SCANDLING,42,42,1576,Other / Multi-sector
lobbyist_68067,DANIEL WOLF,33,33,380,Other / Multi-sector / Government & Nonprofit
lobbyist_68119,MARIANA ACUNA,0,0,62,Other / Multi-sector
lobbyist_68206,ARIEL LEVIN,94,94,438,Other / Multi-sector
lobbyist_68223,BRENDAN KELSAY,30,30,62,Other / Multi-sector
lobbyist_69891,CARA MOON,42,42,1863,Other / Multi-sector
lobbyist_121672,SARAH MERCHAK,4,4,62,Other / Multi-sector
lobbyist_139845,ANNMARIE CONBOY-DEPASQUALE,4,4,62,Other / Multi-sector
lobbyist_141213,ROBERT GALLAGHER,42,42,62,Other / Multi-sector
lobbyist_141384,SONIA GILL,252,252,438,Other / Multi-sector
lobbyist_142127,CHARLES LADD,5,5,62,Other / Multi-sector
lobbyist_144191,ALEXANDER ORTIZ,5,5,62,Other / Multi-sector
lobbyist_147573,MAXWELL HUNTLEY,5,5,62,Other / Multi-sector
lobbyist_46352,MICHAEL BOPP,67,67,62,Other / Multi-sector
lobbyist_50331,BRETT SMITH,42,42,135,Other / Multi-sector
lobbyist_57802,GREG THOMAS,117,117,689,Other / Multi-sector / Healthcare & Pharma
lobbyist_63490,SHERYL WILKERSON,42,42,774,Other / Multi-sector
lobbyist_65769,JENNIFER TYREE,84,84,79,Other / Multi-sector
lobbyist_70871,DAVID COBB,336,336,1328,Energy & Environment / Other / Multi-sector
lobbyist_71012,MELISSA WOODRUFF,42,42,853,Other / Multi-sector
lobbyist_73220,CAROLINE QUAT,42,42,570,Other / Multi-sector
lobbyist_138786,GREGG ELIAS,0,0,62,Other / Multi-sector
lobbyist_140956,EMMA EKMAN,27,27,62,Other / Multi-sector
lobbyist_144718,EVERETT EISSENSTAT,0,0,62,Other / Multi-sector
lobbyist_144790,JESSE MCCOLLUM,95,95,62,Other / Multi-sector
lobbyist_148900,AISLING MCDONOUGH,3,3,62,Other / Multi-sector
lobbyist_152938,MUHAMMAD RAHIM,0,0,62,Other / Multi-sector
lobbyist_50101,ROGER FLEMING,95,95,62,Other / Multi-sector
lobbyist_60287,ROHIT KUMAR,34,34,62,Other / Multi-sector
lobbyist_62492,MATT HAWKINS,0,0,62,Other / Multi-sector
lobbyist_65053,RORY MURPHY,106,106,62,Other / Multi-sector
lobbyist_68550,SETH WAUGH,42,42,551,Other / Multi-sector
lobbyist_68910,KELLY FERGUSON,3,3,603,Other / Multi-sector
lobbyist_70982,SUSIE GORDEN,24,24,62,Other / Multi-sector
lobbyist_72935,ROSCOE JONES,67,67,62,Other / Multi-sector
lobbyist_103391,GLORIA WALKER,0,0,62,Other / Multi-sector
lobbyist_114118,PETER GORDON,42,42,759,Other / Multi-sector
lobbyist_144362,RICHARD EDDINGS,7,7,62,Other / Multi-sector
lobbyist_146096,MOLLY CAREY,42,42,1209,Other / Multi-sector
lobbyist_148840,ANDREW ROBRENO,36,36,337,Other / Multi-sector
lobbyist_7466,JANET ANDERSON,0,0,62,Other / Multi-sector
lobbyist_15827,JOHN RYAN,70,70,62,Other / Multi-sector / Energy & Environment
lobbyist_58655,CHRISTOPHER BOND,113,113,319,Other / Multi-sector
lobbyist_59092,MERL ETHINGTON,42,42,2026,Other / Multi-sector
lobbyist_64468,ROBERT ALSPACH,216,216,62,Other / Multi-sector / Healthcare & Pharma
lobbyist_64711,TODD METCALF,34,34,62,Other / Multi-sector
lobbyist_67242,SPENCER ABRAHAM,102,102,62,Other / Multi-sector / Energy & Environment
lobbyist_69788,THOMAS MICHELS,149,149,62,Technology & Telecom / Other / Multi-sector
lobbyist_70498,JENNIFER SCHNEIDER,109,109,62,Other / Multi-sector
lobbyist_70703,MATTHEW WISE,175,175,1363,Other / Multi-sector
lobbyist_71271,"ALEXANDER (""ANDER"") CRENSHAW",3,3,62,Other / Multi-sector
lobbyist_71529,DOUG HALL,0,0,62,Other / Multi-sector
lobbyist_72074,DOUG SCHWARTZ,0,0,62,Other / Multi-sector
lobbyist_83262,AMY WILLIAMS NAVARRO,266,266,62,Other / Multi-sector
lobbyist_106347,KATHLEEN BEALE,0,0,62,Other / Multi-sector
lobbyist_110549,SHARON ESHELMAN,8,8,62,Other / Multi-sector
lobbyist_114254,CATHERINE SADLER,364,364,1230,Other / Multi-sector / Technology & Telecom
lobbyist_116601,KATY NAZARETOVA,67,67,62,Other / Multi-sector
lobbyist_137903,DAVID FERREIRA,324,324,111,Transportation & Auto / Education & Research
lobbyist_140322,MARY CORDES,42,42,1783,Other / Multi-sector
lobbyist_140799,KATHERINE FLOCKEN,195,195,62,Other / Multi-sector / Finance & Banking
lobbyist_144108,LILY ISRAEL,42,42,62,Other / Multi-sector
lobbyist_146840,NONA MCCOY,6,6,62,Other / Multi-sector
lobbyist_147946,KEVIN GLUBA,42,42,212,Other / Multi-sector
lobbyist_150406,MEGHAN TAIRA,4,4,62,Other / Multi-sector
lobbyist_16166,CHARLES JELLOIAN,42,42,1413,Other / Multi-sector
lobbyist_23459,JAMES MENDENHALL,109,109,62,Other / Multi-sector
lobbyist_60591,BURTON ELLER,42,42,1530,Other / Multi-sector
lobbyist_60929,KALEB FROEHLICH,0,0,62,Other / Multi-sector
lobbyist_67914,GARY GALLANT,42,42,855,Other / Multi-sector
lobbyist_69183,EMILY VAUGHAN,75,75,62,Other / Multi-sector / Legal & Lobbying
lobbyist_69436,KYLE MATOUS,276,276,542,Other / Multi-sector
lobbyist_71901,BRENDON PLACK,345,345,62,Other / Multi-sector / Transportation & Auto
lobbyist_106111,MATTHEW STROIA,42,42,273,Other / Multi-sector
lobbyist_139151,QUINCY CUNNINGHAM,6,6,186,Other / Multi-sector
lobbyist_139207,DIMPLE SHAH,338,338,79,Other / Multi-sector / Education & Research
lobbyist_139974,VENKATASATYA KROVI,0,0,62,Other / Multi-sector
lobbyist_141399,ERICA LEFAIVE,53,53,438,Other / Multi-sector
lobbyist_142892,LUKE ALBERT,3,3,62,Other / Multi-sector
lobbyist_143286,JESSICA HATCHER,3,3,62,Other / Multi-sector
lobbyist_143327,KRISTI MILLER,205,205,62,Other / Multi-sector
lobbyist_49790,JIM TWADDELL,3,3,255,Other / Multi-sector
lobbyist_55427,ARIEL WOLF,102,102,62,Other / Multi-sector / Energy & Environment
lobbyist_64210,CALLIE HICKOX,0,0,62,Other / Multi-sector
lobbyist_70244,BYRON BROWN,0,0,62,Other / Multi-sector
lobbyist_70775,SHANE WARREN,18,18,62,Other / Multi-sector
lobbyist_71065,REGINA MAHONY,42,42,62,Other / Multi-sector
lobbyist_71192,SEAN DUGAN,117,117,438,Other / Multi-sector / Healthcare & Pharma
lobbyist_71313,KRISTIN SMITH,42,42,1267,Other / Multi-sector
lobbyist_73875,JASON EVERETT,185,185,66,Other / Multi-sector
lobbyist_79069,JENNIFER GALLAGHER,261,261,2173,Other / Multi-sector
lobbyist_87828,LUKE LORENZ,281,281,1495,Other / Multi-sector / Government & Nonprofit
lobbyist_107346,CHARLIE THORNTON,195,195,62,Other / Multi-sector / Finance & Banking
lobbyist_139871,TANNER BEYMER,6,6,1003,Other / Multi-sector
lobbyist_140980,JAKE SWANSON,17,17,12,Other / Multi-sector
lobbyist_145094,MICHAEL LAROSA,3,3,91,Other / Multi-sector
lobbyist_146525,MICHAEL CLAUSER,8,8,62,Other / Multi-sector
lobbyist_150756,MAKENZIE NOVAK,303,303,595,Other / Multi-sector / Technology & Telecom
lobbyist_39722,JOHN DUNCAN,42,42,820,Other / Multi-sector
lobbyist_55787,THOMAS CASSIDY,42,42,917,Other / Multi-sector
lobbyist_60632,HILARY JOCHMANS,42,42,1233,Other / Multi-sector
lobbyist_61723,RAY BEEMAN,4,4,62,Other / Multi-sector
lobbyist_63562,MARI SAVICKIS,282,282,1540,Other / Multi-sector / Healthcare & Pharma
lobbyist_68644,ADAM JORDE,303,303,595,Other / Multi-sector / Technology & Telecom
lobbyist_70640,LANIER AVANT,50,50,1790,Other / Multi-sector
lobbyist_71978,JOSHUA YUREK,41,41,1673,Other / Multi-sector
lobbyist_72095,MARJORIE STRAYER PRINDLE,42,42,1629,Other / Multi-sector
lobbyist_72586,MADELINE VEY,42,42,2235,Other / Multi-sector
lobbyist_141957,ROBIN JULIANO,0,0,62,Other / Multi-sector
lobbyist_142077,JOHN ZWAANSTRA,271,271,62,Other / Multi-sector
lobbyist_39067,ELIZABETH MCNEIL,21,21,601,Other / Multi-sector / Education & Research
lobbyist_40746,CATHRYN KINGSBURY,102,102,62,Other / Multi-sector / Energy & Environment
lobbyist_42107,BARBARA MOLDAUER,42,42,31,Other / Multi-sector
lobbyist_50132,CHRIS GALLAGHER,42,42,719,Other / Multi-sector
lobbyist_55094,AMANDA JEZEK,169,169,438,Other / Multi-sector / Healthcare & Pharma
lobbyist_64177,NATASHA HAMMOND,0,0,62,Other / Multi-sector
lobbyist_65610,LISA COX,169,169,438,Other / Multi-sector / Healthcare & Pharma
lobbyist_67584,RYAN O'DWYER,95,95,1047,Other / Multi-sector
lobbyist_68002,BRIAN HENDRICKS,121,121,438,Other / Multi-sector
lobbyist_68747,BRANDON FARRIS,267,267,21,Other / Multi-sector
lobbyist_69437,NATALIE JOUBERT,78,78,542,Other / Multi-sector / Energy & Environment
lobbyist_69477,PATRICK THOMPSON,42,42,986,Other / Multi-sector
lobbyist_69849,SURYA GUNASEKARA,0,0,62,Other / Multi-sector
lobbyist_70003,PAUL KELLY,3,3,840,Other / Multi-sector
lobbyist_70894,KHARY CAUTHEN,102,102,542,Other / Multi-sector / Energy & Environment
lobbyist_72383,KURT IMHOF,42,42,699,Other / Multi-sector
lobbyist_72778,MARK BELINSKY,261,261,79,Other / Multi-sector
lobbyist_107454,SARAH D'ORSIE,183,183,62,Other / Multi-sector / Healthcare & Pharma
lobbyist_122296,ALEXIS MOCH,329,329,62,Other / Multi-sector
lobbyist_138086,JORDAN LAYSON,3,3,62,Other / Multi-sector
lobbyist_138167,EDWARD WILLIAMS,4,4,1029,Other / Multi-sector
lobbyist_139113,TRENT MORSE,0,0,91,Other / Multi-sector
lobbyist_139376,DAVID ROSS,42,42,2123,Other / Multi-sector
lobbyist_139719,DAVID SIMON,183,183,112,Other / Multi-sector / Healthcare & Pharma
lobbyist_142674,KEVIN JONES,42,42,1297,Other / Multi-sector
lobbyist_146494,TONY SHIVERS,42,42,324,Other / Multi-sector
lobbyist_148199,ASENITH DIXON BELL,42,42,636,Other / Multi-sector
lobbyist_150555,LAUREN MISH,3,3,62,Other / Multi-sector
lobbyist_62245,REID STUNTZ,42,42,1358,Other / Multi-sector
lobbyist_66095,JARED WESSEL,0,0,62,Other / Multi-sector
lobbyist_67353,JEFFREY WEISS,0,0,62,Other / Multi-sector
lobbyist_68201,ASHLEY STEWART,4,4,62,Other / Multi-sector
lobbyist_71101,PATRICK ORTH,42,42,882,Other / Multi-sector
lobbyist_71922,LUC MONTMINY,42,42,715,Other / Multi-sector
lobbyist_72465,ERICA CISCHKE,3,3,438,Other / Multi-sector
lobbyist_72753,ROBERT COGAN,42,42,966,Other / Multi-sector
lobbyist_86687,ROLLIE WILSON,159,159,1652,Other / Multi-sector / Legal & Lobbying
lobbyist_97648,DWAYNE BOLTON,0,0,62,Other / Multi-sector
lobbyist_137116,NATALIE ENCLADE,41,41,62,Other / Multi-sector
lobbyist_138683,LAUREN VAHEY,24,24,112,Other / Multi-sector
lobbyist_140517,JESSICA VALLEJO,42,42,30,Other / Multi-sector
lobbyist_142304,AMY WHITSEL,42,42,62,Other / Multi-sector
lobbyist_142315,REGINALD BABIN,25,25,62,Other / Multi-sector
lobbyist_142802,MARGARET MARTIN,3,3,62,Other / Multi-sector
lobbyist_144759,CLAY WHITE,8,8,1039,Other / Multi-sector
lobbyist_148587,JOSEPH HOWELL,4,4,62,Other / Multi-sector
lobbyist_149182,HANNAH BAHAM,4,4,62,Other / Multi-sector
lobbyist_51262,JEFFREY GOFF,42,42,62,Other / Multi-sector
lobbyist_62422,DOUGLAS DENNENY,42,42,350,Other / Multi-sector
lobbyist_63552,DANA ATKINS,261,261,79,Other / Multi-sector
lobbyist_64394,JANE TERRY,176,176,1534,Other / Multi-sector
lobbyist_65606,PHILLIPS HINCH,155,155,62,Other / Multi-sector
lobbyist_65857,HAP RIGBY,320,320,62,Other / Multi-sector
lobbyist_67883,BROOKLEY VALENCIA,51,51,62,Other / Multi-sector / Legal & Lobbying
lobbyist_70889,CJ EVANS,42,42,1318,Other / Multi-sector
lobbyist_72451,KEVIN DOWLING,30,30,603,Other / Multi-sector
lobbyist_72596,JAMES JOHNSON,4,4,62,Other / Multi-sector
lobbyist_72918,DENA GRAZIANO,0,0,62,Other / Multi-sector
lobbyist_79070,BRIANNA JONES,0,0,62,Other / Multi-sector
lobbyist_121632,PETER OPPENHEIM,3,3,62,Other / Multi-sector
lobbyist_144811,VIRGINIA BONEY,185,185,66,Other / Multi-sector
lobbyist_149107,MATTHEW FUENTES,3,3,62,Other / Multi-sector
lobbyist_11213,KEVIN SCHMIDT,188,188,79,Other / Multi-sector / Education & Research
lobbyist_47136,MARK KOPEC,308,308,62,Other / Multi-sector / Technology & Telecom
lobbyist_52589,RANDI GOLD,183,183,438,Other / Multi-sector / Healthcare & Pharma
lobbyist_66536,REGINA SHERICK,3,3,62,Other / Multi-sector
lobbyist_69711,VINCENT ERFE,102,102,542,Other / Multi-sector / Energy & Environment
lobbyist_71223,MARK HAYES,3,3,438,Other / Multi-sector
lobbyist_85419,KEVIN KINCHELOE,42,42,2286,Other / Multi-sector
lobbyist_87068,JOHN BYRD,42,42,62,Other / Multi-sector
lobbyist_141357,SEAN MCLEAN,109,109,62,Other / Multi-sector
lobbyist_144304,STARSHINE CHUN,0,0,62,Other / Multi-sector
lobbyist_144619,MATTHEW MOWERS,216,216,62,Other / Multi-sector / Healthcare & Pharma
lobbyist_145009,JAMIE HARRELL,27,27,62,Other / Multi-sector
lobbyist_147204,CORNELIUS MCGRATH,25,25,112,Other / Multi-sector
lobbyist_147477,JAMES LAI,297,297,79,Other / Multi-sector / Technology & Telecom
lobbyist_148744,ASHLEY PALMER,0,0,62,Other / Multi-sector
lobbyist_149073,JAMES PEDROTTI,4,4,62,Other / Multi-sector
lobbyist_45016,SUNEE MICKLE,42,42,2076,Other / Multi-sector
lobbyist_56327,JOSEPH ONEK,42,42,62,Other / Multi-sector
lobbyist_73613,TRISTAN NORTH,42,42,545,Other / Multi-sector
lobbyist_96737,RENUKA NAGARAJ,94,94,1290,Other / Multi-sector
lobbyist_100297,PHIL MAXSON,80,80,743,Other / Multi-sector
lobbyist_102175,ROBERT ROSADO,42,42,2070,Other / Multi-sector
lobbyist_111523,STEWART HOLMES,42,42,1471,Other / Multi-sector
lobbyist_115167,ALLEN WRIGHT,203,203,898,Other / Multi-sector
lobbyist_117411,KURT THIEDE,42,42,773,Other / Multi-sector
lobbyist_139713,JOHN MCKECHNIE,42,42,1004,Other / Multi-sector
lobbyist_140507,ASHLEIGH WILSON,48,48,62,Other / Multi-sector
lobbyist_141091,AYLA SOLORIO,0,0,12,Other / Multi-sector
lobbyist_145876,MICHAEL LISOWSKI,41,41,1859,Other / Multi-sector
lobbyist_145966,RICHARD COPPOLA,0,0,62,Other / Multi-sector
lobbyist_150161,AMANDA LINCOLN,100,100,586,Other / Multi-sector / Healthcare & Pharma
lobbyist_43248,PATRICIA JORDAN,42,42,539,Other / Multi-sector
lobbyist_47804,JACK MANIKO,100,100,62,Other / Multi-sector / Healthcare & Pharma
lobbyist_48178,KENNETH PANOS,42,42,1775,Other / Multi-sector
lobbyist_59900,CANDACE NOVAK SABERS,42,42,1668,Other / Multi-sector
lobbyist_61775,JESSE BARBA,0,0,62,Other / Multi-sector
lobbyist_63423,KARIS GUTTER,258,258,282,Other / Multi-sector
lobbyist_66462,ARMSTRONG ROBINSON,30,30,62,Other / Multi-sector
lobbyist_66745,THEODORE JOHNSTON,42,42,62,Other / Multi-sector
lobbyist_68726,KEITH WEBSTER,250,250,112,Other / Multi-sector
lobbyist_68835,JOHN HAND,42,42,1461,Other / Multi-sector
lobbyist_69441,CATHERINE HARTNETT,42,42,62,Other / Multi-sector
lobbyist_69530,TIMOTHY LYNCH,216,216,62,Other / Multi-sector / Healthcare & Pharma
lobbyist_72592,JAMISON GIRARD,42,42,254,Other / Multi-sector
lobbyist_79300,JOHN MICELI,42,42,1041,Other / Multi-sector
lobbyist_101241,LISA BERNHARDT,42,42,39,Other / Multi-sector
lobbyist_106082,STEPHEN ROSSI,42,42,1229,Other / Multi-sector
lobbyist_139191,ERIK PEDERSON,360,360,111,Other / Multi-sector
lobbyist_143240,TOM REED,3,3,62,Other / Multi-sector
lobbyist_146497,MATTHEW FERY,0,0,62,Other / Multi-sector
lobbyist_151949,JACK WILKINSON,4,4,62,Other / Multi-sector
lobbyist_40127,JOHN KANIA,56,56,2302,Other / Multi-sector
lobbyist_40341,DANIEL HARTNETT,42,42,1930,Other / Multi-sector
lobbyist_46444,GARY EWART,216,216,835,Other / Multi-sector / Healthcare & Pharma
lobbyist_54947,MITCH HUNTER,42,42,1935,Other / Multi-sector
lobbyist_56601,PAUL HOWARD,4,4,62,Other / Multi-sector
lobbyist_61934,ELIZABETH LEE,3,3,603,Other / Multi-sector
lobbyist_66632,JOANNE FAULKNER,42,42,377,Other / Multi-sector
lobbyist_71319,KATHERINE SYBENGA,84,84,79,Other / Multi-sector
lobbyist_140531,BRENDAN DAILEY,303,303,595,Other / Multi-sector / Technology & Telecom
lobbyist_141130,JULIA SANTOS,183,183,847,Other / Multi-sector / Healthcare & Pharma
lobbyist_143441,ALEXANDER DOMINGUEZ,0,0,62,Other / Multi-sector
lobbyist_146946,MADELINE SHEFFLER,5,5,62,Other / Multi-sector
lobbyist_149055,JENNIFER BROWN,41,41,62,Other / Multi-sector
lobbyist_52475,DANIELLA GRATALE,169,169,1544,Other / Multi-sector / Healthcare & Pharma
lobbyist_56497,ANN KUROWSKI,18,18,62,Other / Multi-sector
lobbyist_61746,CASSIE BLADOW,6,6,62,Other / Multi-sector
lobbyist_68884,KATE ELTRICH,8,8,542,Other / Multi-sector
lobbyist_69984,MERVYN JONES,42,42,1834,Other / Multi-sector
lobbyist_70273,MICHAEL LUKSO,109,109,690,Other / Multi-sector
lobbyist_71005,ROBERT DEGRASSE,322,322,837,Other / Multi-sector
lobbyist_71260,BRADLEY BAILEY,109,109,690,Other / Multi-sector
lobbyist_71269,BRIAN CONKLIN,102,102,62,Other / Multi-sector / Energy & Environment
lobbyist_90142,MIMI STROBEL,121,121,438,Other / Multi-sector
lobbyist_92798,CATHERINE EDMONSON,8,8,62,Other / Multi-sector
lobbyist_115043,SHANNON TAYLOR,42,42,2081,Other / Multi-sector
lobbyist_118713,CISCO MINTHORN,175,175,79,Other / Multi-sector
lobbyist_141549,MICHAEL LINSKEY,42,42,1268,Other / Multi-sector
lobbyist_146213,JAMES SAVAGE,42,42,293,Other / Multi-sector
lobbyist_146911,CHRISTOPHER CUMMINS,42,42,582,Other / Multi-sector
lobbyist_148595,NERI MARTINEZ,0,0,62,Other / Multi-sector
lobbyist_151042,JOHN JESAITIS,267,267,2285,Other / Multi-sector
lobbyist_9333,ROBERT BORSKI,146,146,206,Other / Multi-sector / Energy & Environment
lobbyist_27138,CHRISTOPHER PEARCE,106,106,1647,Other / Multi-sector
lobbyist_38955,WILLIAM MORLEY,167,167,269,Other / Multi-sector
lobbyist_51452,JORDAN DUX,48,48,2080,Other / Multi-sector
lobbyist_52162,WILLIAM O'CONNER,206,206,611,Other / Multi-sector
lobbyist_69928,PETER WALLACE,195,195,62,Other / Multi-sector / Finance & Banking
lobbyist_71575,DR RINA SINGH,42,42,1087,Other / Multi-sector
lobbyist_82865,ALLISON STEIL,188,188,2019,Other / Multi-sector / Education & Research
lobbyist_94979,TREY FORSYTH,6,6,62,Other / Multi-sector
lobbyist_107110,JODI BOCK DAVIDSON,21,21,62,Other / Multi-sector / Education & Research
lobbyist_107382,NNAMDI DILLON IWU,109,109,690,Other / Multi-sector
lobbyist_138475,MELISSA SIMPSON,262,262,66,Other / Multi-sector
lobbyist_138755,PATRICK LYDEN,21,21,2110,Other / Multi-sector / Education & Research
lobbyist_139784,JAVON KNIGHT,36,36,62,Other / Multi-sector
lobbyist_139953,CHAD TENPENNY,42,42,507,Other / Multi-sector
lobbyist_141602,RACHEL MICHAEL,253,253,62,Other / Multi-sector
lobbyist_142574,JANET NICE,4,4,62,Other / Multi-sector
lobbyist_142708,ANNE CANFIELD,25,25,224,Other / Multi-sector
lobbyist_146502,CATHERINE HARNEY,4,4,62,Other / Multi-sector
lobbyist_18216,MOSES BOYD,42,42,133,Other / Multi-sector
lobbyist_51053,MARTIN PAONE,0,0,62,Other / Multi-sector
lobbyist_64651,RICH BEUTEL,42,42,1050,Other / Multi-sector
lobbyist_67709,JOHN MCCARTHY,95,95,62,Other / Multi-sector
lobbyist_68850,JONATHAN DANIELS,3,3,62,Other / Multi-sector
lobbyist_70098,MICAH JOHNSON,0,0,542,Other / Multi-sector
lobbyist_71428,GRAHAM HAILE,0,0,0,Other / Multi-sector
lobbyist_76875,LASHAWN WARREN,42,42,101,Other / Multi-sector
lobbyist_138807,GRANT HERRING,37,37,62,Other / Multi-sector / Education & Research
lobbyist_139330,THOMAS BORCK,35,35,62,Other / Multi-sector / Healthcare & Pharma
lobbyist_139704,ERICA BARKER,42,42,734,Other / Multi-sector
lobbyist_140846,NEIL FRIED,42,42,1810,Other / Multi-sector
lobbyist_144065,LEIGH FELDMAN,3,3,62,Other / Multi-sector
lobbyist_148170,ISABELLA LINDEN,8,8,62,Other / Multi-sector
lobbyist_148270,ALEJANDRO GARCIA,0,0,62,Other / Multi-sector
lobbyist_29843,PAUL SWARTZ,84,84,618,Other / Multi-sector
lobbyist_65314,MIRA MORTON,42,42,296,Other / Multi-sector
lobbyist_65357,NICHOLAS KARELLAS,0,0,62,Other / Multi-sector
lobbyist_66006,MANICA NOZIGLIA,42,42,815,Other / Multi-sector
lobbyist_66221,ALLISON CUNNINGHAM,42,42,1076,Other / Multi-sector
lobbyist_67232,MICHAEL MEENAN,42,42,2206,Other / Multi-sector
lobbyist_83155,RYAN WALKER,266,266,454,Other / Multi-sector
lobbyist_95982,RANDALL GIBSON,266,266,454,Other / Multi-sector
lobbyist_100331,LESLIE PALUCH,325,325,438,Other / Multi-sector / Education & Research
lobbyist_138884,RYAN TAYLOR,0,0,62,Other / Multi-sector
lobbyist_139923,JEANNE WILLOUGHBY,42,42,62,Other / Multi-sector
lobbyist_140251,EMILY JACOBS,21,21,62,Other / Multi-sector / Education & Research
lobbyist_143071,ALISON WRIGHT,3,3,62,Other / Multi-sector
lobbyist_143353,CHRISTIAN CLESI,42,42,151,Other / Multi-sector
lobbyist_143854,KERRI LEININGER,42,42,1477,Other / Multi-sector
lobbyist_144912,BRENT ROBINSON,165,165,62,Other / Multi-sector / Government & Nonprofit
lobbyist_149429,TRISTAN WHITAKER,5,5,62,Other / Multi-sector
lobbyist_150115,MATTHEW BOWER,5,5,62,Other / Multi-sector
lobbyist_49043,TIMOTHY KEELER,14,14,62,Other / Multi-sector
lobbyist_66793,CHRISTOPHER D'AMATO,49,49,79,Other / Multi-sector / Healthcare & Pharma
lobbyist_71281,ELIZABETH SHARP,41,41,62,Other / Multi-sector
lobbyist_71702,TROY LYONS,0,0,62,Other / Multi-sector
lobbyist_72620,PHILLIP THOMAS WALLACE,216,216,79,Other / Multi-sector / Healthcare & Pharma
lobbyist_76426,COLLEEN FLORIO,42,42,1862,Other / Multi-sector
lobbyist_86089,AMANDA HILL,42,42,1982,Other / Multi-sector
lobbyist_139641,MATTHEW PINCUS,25,25,111,Other / Multi-sector
lobbyist_140064,JAMES GORDON,42,42,62,Other / Multi-sector
lobbyist_140950,YONG CHOE,167,167,363,Other / Multi-sector
lobbyist_143069,WILLIAM IRBY,80,80,62,Other / Multi-sector
lobbyist_145947,JENNIFER JACOBY,4,4,62,Other / Multi-sector
lobbyist_146657,MEAGAN FOSTER,30,30,62,Other / Multi-sector
lobbyist_147361,STEPHEN KLOPP,48,48,62,Other / Multi-sector
lobbyist_148380,TIMOTHY MONAHAN,250,250,112,Other / Multi-sector
lobbyist_148381,NICHOLAS CROCKER,250,250,112,Other / Multi-sector
lobbyist_148382,ANDREA PORWOLL,250,250,112,Other / Multi-sector
lobbyist_148718,CHRISTOPHER BRINSON,0,0,62,Other / Multi-sector
lobbyist_52969,JIM FROGUE,3,3,1179,Other / Multi-sector
lobbyist_53247,BRANDON CLARK,3,3,1179,Other / Multi-sector
lobbyist_53586,PAUL SELTMAN,183,183,62,Other / Multi-sector / Healthcare & Pharma
lobbyist_58738,RALPH KOHL,183,183,438,Other / Multi-sector / Healthcare & Pharma
lobbyist_66823,LARISSA MARTINEZ,0,0,62,Other / Multi-sector
lobbyist_69563,LOREN PONDS,4,4,62,Other / Multi-sector
lobbyist_69604,ERIC ALBRECHT,100,100,1119,Other / Multi-sector / Healthcare & Pharma
lobbyist_69657,NANCY MCCARTHY,272,272,62,Other / Multi-sector
lobbyist_70285,SERENA DAVILA,21,21,438,Other / Multi-sector / Education & Research
lobbyist_70589,MEGHAN SULLIVAN,42,42,99,Other / Multi-sector
lobbyist_104514,OMID GHAFFARI-TABRIZI,0,0,62,Other / Multi-sector
lobbyist_137213,TERRI STEWART,35,35,62,Other / Multi-sector / Healthcare & Pharma
lobbyist_138506,DANIEL SADLOSKY,53,53,438,Other / Multi-sector
lobbyist_142011,BRUNO FREITAS,0,0,62,Other / Multi-sector
lobbyist_142919,PHILLIP FORDHAM,18,18,112,Other / Multi-sector
lobbyist_143423,LISA DYER,281,281,2017,Other / Multi-sector / Government & Nonprofit
lobbyist_146700,STEPHANIE GADBOIS,8,8,62,Other / Multi-sector
lobbyist_149067,JEFFREY BILLMAN,0,0,62,Other / Multi-sector
lobbyist_149999,ROBERT BUTORA,3,3,62,Other / Multi-sector
lobbyist_37862,WILLIAM FERGUSON,42,42,582,Other / Multi-sector
lobbyist_50850,GINGER LOPER,3,3,62,Other / Multi-sector
lobbyist_56590,ROBERT TAYLOR,5,5,1131,Other / Multi-sector
lobbyist_65056,STEVE STALLMER,42,42,632,Other / Multi-sector
lobbyist_67830,BRIAN GRUNENFELDER,189,189,1053,Other / Multi-sector
lobbyist_70860,JENNIFER BERG,42,42,651,Other / Multi-sector
lobbyist_75898,KELSEY MORAN,42,42,1578,Other / Multi-sector
lobbyist_96753,MARK BEGICH,42,42,886,Other / Multi-sector
lobbyist_102066,DUAYNE DRISCOLL,42,42,114,Other / Multi-sector
lobbyist_108825,JARED SUTTON,329,329,62,Other / Multi-sector
lobbyist_138796,JAMES SCHOLTZ,42,42,684,Other / Multi-sector
lobbyist_140340,DAVID TURKOVIC,0,0,62,Other / Multi-sector
lobbyist_142178,NATALIE KELLER,3,3,62,Other / Multi-sector
lobbyist_146940,RAJIV SICORA,42,42,295,Other / Multi-sector
lobbyist_47242,DAVID TRUST,42,42,1498,Other / Multi-sector
lobbyist_49283,ANDREW MOORE,42,42,1961,Other / Multi-sector
lobbyist_63943,AKASH CHOUGULE,266,266,62,Other / Multi-sector
lobbyist_66403,KRISTINE LUCIUS,42,42,194,Other / Multi-sector
lobbyist_67133,MARK AMES,42,42,517,Other / Multi-sector
lobbyist_68548,ASA ADAMI,42,42,300,Other / Multi-sector
lobbyist_69315,HILARY MOFFETT,120,120,111,Other / Multi-sector / Energy & Environment
lobbyist_71414,JIM TRAVIS,253,253,111,Other / Multi-sector
lobbyist_111989,CAROLINE CANFIELD,5,5,62,Other / Multi-sector
lobbyist_138126,ROSS AIRINGTON,3,3,62,Other / Multi-sector
lobbyist_141249,VIRDINA GIBBS,303,303,595,Other / Multi-sector / Technology & Telecom
lobbyist_141635,KATHEE FACCHIANO,79,79,62,Other / Multi-sector
lobbyist_142496,IHNA MANGUNDAYAO,0,0,62,Other / Multi-sector
lobbyist_143803,KALYN STEPHENS,109,109,1780,Other / Multi-sector
lobbyist_144407,ALADDIN FAWAL,214,214,62,Other / Multi-sector
lobbyist_147115,NICHOLAS BATH,3,3,62,Other / Multi-sector
lobbyist_150316,BEN BRUBECK,188,188,2330,Other / Multi-sector / Education & Research
lobbyist_151142,MARVIN FIGUEROA,3,3,62,Other / Multi-sector
lobbyist_47525,HUSEIN CUMBER,0,0,62,Other / Multi-sector
lobbyist_69773,BROOKE DONILON,42,42,625,Other / Multi-sector
lobbyist_71009,SARAH NEIMEYER,42,42,1451,Other / Multi-sector
lobbyist_72913,LAURA DOOLEY,30,30,510,Other / Multi-sector
lobbyist_75065,YVESNER ZAMAR,0,0,62,Other / Multi-sector
lobbyist_101001,TODD BATTA,120,120,285,Other / Multi-sector / Energy & Environment
lobbyist_101273,MELISSA GATEWOOD,85,85,62,Other / Multi-sector / Healthcare & Pharma
lobbyist_121673,ALEXANDER GRIEVE,195,195,62,Other / Multi-sector / Finance & Banking
lobbyist_139573,DANIEL TROPE,42,42,2276,Other / Multi-sector
lobbyist_141126,KAITLYN FARR,120,120,111,Other / Multi-sector / Energy & Environment
lobbyist_143755,MARGO KLOSTERMAN,42,42,653,Other / Multi-sector
lobbyist_145871,BRYCE MATTHEWS,0,0,62,Other / Multi-sector
lobbyist_65358,GREG ORLANDO,4,4,62,Other / Multi-sector
lobbyist_66627,STEPHEN NEUMAN,122,122,62,Other / Multi-sector
lobbyist_68300,BRENDAN REILLY,4,4,1029,Other / Multi-sector
lobbyist_71270,BENJAMIN FINDER,94,94,438,Other / Multi-sector
lobbyist_71628,JERRY STRICKLAND,5,5,62,Other / Multi-sector
lobbyist_73047,GERALD STOSKOPF,6,6,111,Other / Multi-sector
lobbyist_108018,SAMUEL GOODSTEIN,4,4,603,Other / Multi-sector
lobbyist_119773,ALEX MONIE,42,42,1542,Other / Multi-sector
lobbyist_122247,JOHN BIVONA,42,42,12,Other / Multi-sector
lobbyist_138037,ALLEN MESSER,6,6,186,Other / Multi-sector
lobbyist_55652,MATTHEW MILLER,78,78,542,Other / Multi-sector / Energy & Environment
lobbyist_68262,JEFF WERNER,18,18,79,Other / Multi-sector
lobbyist_68348,ADAM SACHS,36,36,62,Other / Multi-sector
lobbyist_70221,ROBERT YEAKEL,80,80,62,Other / Multi-sector
lobbyist_70933,JOE TRAUGER,42,42,1295,Other / Multi-sector
lobbyist_71352,BRIAN JONES,48,48,908,Other / Multi-sector
lobbyist_72409,JAMES STURSBERG,3,3,438,Other / Multi-sector
lobbyist_72531,THOMAS HASSENBOEHLER,78,78,2222,Other / Multi-sector / Energy & Environment
lobbyist_72976,DOUG MESECAR,195,195,62,Other / Multi-sector / Finance & Banking
lobbyist_82726,SUZI PLASENCIA,37,37,2279,Other / Multi-sector / Education & Research
lobbyist_106556,JAMES KAPLAN,53,53,438,Other / Multi-sector
lobbyist_138514,JOHN CLINE,42,42,1065,Other / Multi-sector
lobbyist_139403,MARY BESS MCWHERTER,0,0,62,Other / Multi-sector
lobbyist_139440,FILEMON VELA,0,0,62,Other / Multi-sector
lobbyist_139865,KELLY FLEMING,42,42,62,Other / Multi-sector
lobbyist_140485,BRUCE MILLER,42,42,1482,Other / Multi-sector
lobbyist_142286,HELDER TOSTE,266,266,62,Other / Multi-sector
lobbyist_142454,MICHAEL IAQUINTO,41,41,62,Other / Multi-sector
lobbyist_143905,SEAN FARRELL,42,42,662,Other / Multi-sector
lobbyist_144300,KATHERINE KRAMER,0,0,62,Other / Multi-sector
lobbyist_25090,RANA ALTENBURG,227,227,676,Other / Multi-sector / Energy & Environment
lobbyist_30032,JON DEVORE,159,159,542,Other / Multi-sector / Legal & Lobbying
lobbyist_41961,TERESA BAKER,3,3,438,Other / Multi-sector
lobbyist_57943,MATTHEW RONEY,50,50,319,Other / Multi-sector
lobbyist_62323,JASON SCISM,201,201,1951,Other / Multi-sector / Education & Research
lobbyist_64928,STEPHEN DODD,42,42,1425,Other / Multi-sector
lobbyist_65977,SHANT BOYAJIAN,27,27,62,Other / Multi-sector
lobbyist_70335,JEREMY PARIS,42,42,62,Other / Multi-sector
lobbyist_70523,ERIN DUNCAN,23,23,768,Other / Multi-sector / Energy & Environment
lobbyist_70992,WILLIAM STAFFORD,6,6,1416,Other / Multi-sector
lobbyist_71044,JOHN JENNINGS,67,67,62,Other / Multi-sector
lobbyist_71890,JOSHUA ALTHOUSE,252,252,438,Other / Multi-sector
lobbyist_88280,MICHAEL SEWELL,48,48,279,Other / Multi-sector
lobbyist_97326,ABIGAIL GUNDERSON-SCHWARZ,264,264,111,Other / Multi-sector
lobbyist_108182,GRACE BANFIELD,3,3,62,Other / Multi-sector
lobbyist_138230,CHRIS MORRIS,42,42,1100,Other / Multi-sector
lobbyist_138591,NICK BUSH,42,42,2011,Other / Multi-sector
lobbyist_139125,ROBERT SIMPSON,42,42,450,Other / Multi-sector
lobbyist_142174,DANIEL SAUERS,152,152,62,Other / Multi-sector
lobbyist_144775,WILLIAM ELAM,42,42,2213,Other / Multi-sector
lobbyist_145327,ROBERT ROBILLIARD,4,4,62,Other / Multi-sector
lobbyist_150230,MOLLY ROSS,0,0,62,Other / Multi-sector
lobbyist_151022,CHARLES MICHAELS,3,3,62,Other / Multi-sector
lobbyist_45888,JANE CIRRINCIONE,102,102,112,Other / Multi-sector / Energy & Environment
lobbyist_53906,LAURA HALL,42,42,2087,Other / Multi-sector
lobbyist_57308,KIM FORD,296,296,574,Technology & Telecom / Transportation & Auto
lobbyist_57781,JOHN HURST,57,57,62,Other / Multi-sector / Energy & Environment
lobbyist_61646,VINCE VENTIMIGLIA,216,216,62,Other / Multi-sector / Healthcare & Pharma
lobbyist_66233,JOHNIE BOATRIGHT,42,42,403,Other / Multi-sector
lobbyist_66907,CARISSA FANA,109,109,62,Other / Multi-sector
lobbyist_69220,CHANDLER MORSE,25,25,111,Other / Multi-sector
lobbyist_69498,STACEY HUTCHINSON,48,48,62,Other / Multi-sector
lobbyist_70900,ALEXANDER PEREZ,42,42,1014,Other / Multi-sector
lobbyist_73326,JOSEPH LUSTIG,3,3,438,Other / Multi-sector
lobbyist_80045,PHILLIP BOND,0,0,62,Other / Multi-sector
lobbyist_102615,CARRIE VICENTA MEADOWS,6,6,62,Other / Multi-sector
lobbyist_102954,MICHELE PEARCE,269,269,62,Other / Multi-sector
lobbyist_142273,KAJ GUMBS,42,42,582,Other / Multi-sector
lobbyist_144127,JORDAN MILLS,42,42,62,Other / Multi-sector
lobbyist_144310,ED PERLMUTTER,3,3,62,Other / Multi-sector
lobbyist_147196,MARGARET FRENCH,3,3,603,Other / Multi-sector
lobbyist_149194,MICHELLE RICHARDSON,0,0,62,Other / Multi-sector
lobbyist_150427,KIMBERLEE TRZECIAK,3,3,62,Other / Multi-sector
lobbyist_47089,JENNIFER SCHAEFFER,42,42,1429,Other / Multi-sector
lobbyist_66112,KATHERINE RAAB,3,3,438,Other / Multi-sector
lobbyist_69311,WILLIAM JACOBY LEMOS,21,21,62,Other / Multi-sector / Education & Research
lobbyist_70874,NOA BANAYAN,287,287,1824,Other / Multi-sector / Government & Nonprofit
lobbyist_78943,ASHLYN ROBERTS,42,42,1119,Other / Multi-sector
lobbyist_79289,LEE GODOWN,96,96,718,Other / Multi-sector / Energy & Environment
lobbyist_92747,ROSALYN KUMAR,42,42,22,Other / Multi-sector
lobbyist_94689,MEGAN ZAVERTNIK,42,42,1243,Other / Multi-sector
lobbyist_98819,ANSLEY RHYNE,49,49,267,Other / Multi-sector / Healthcare & Pharma
lobbyist_107092,CONOR MCGRATH,145,145,66,Other / Multi-sector / Education & Research
lobbyist_108881,CHRIS WAHL,42,42,540,Other / Multi-sector
lobbyist_138477,JEREMY WILSON-SIMERMAN,253,253,62,Other / Multi-sector
lobbyist_141550,JACOB HAMPLE,42,42,1299,Other / Multi-sector
lobbyist_143858,MICKEALA CARTER,14,14,62,Other / Multi-sector
lobbyist_144029,TEAGAN POLEYKETT,0,0,603,Other / Multi-sector
lobbyist_147947,MATTHEW MCNALLY,42,42,212,Other / Multi-sector
lobbyist_47658,ALEJANDRO URREA,216,216,339,Other / Multi-sector / Healthcare & Pharma
lobbyist_52040,ANGELA BUCKINGHAM-MELTON,216,216,909,Other / Multi-sector / Healthcare & Pharma
lobbyist_56995,LISETTE MONDELLO,27,27,366,Other / Multi-sector
lobbyist_57805,THOMAS DOWER,48,48,62,Other / Multi-sector
lobbyist_58131,JIM KOLBE,42,42,443,Other / Multi-sector
lobbyist_63687,ROXANA BOYD,3,3,62,Other / Multi-sector
lobbyist_64162,CHRISTOPHER BERTRAM,113,113,62,Other / Multi-sector
lobbyist_65065,JAMES HILL,42,42,1058,Other / Multi-sector
lobbyist_70728,SARAH RUBINFIELD,42,42,429,Other / Multi-sector
lobbyist_70867,AARON KIESLER,0,0,62,Other / Multi-sector
lobbyist_71125,JAMES HOUTON,42,42,552,Other / Multi-sector
lobbyist_72412,GUIDO ZUCCONI,116,116,79,Other / Multi-sector
lobbyist_73024,VINCENT GIGLIERANO,42,42,255,Other / Multi-sector
lobbyist_74455,TYLER THREADGILL,42,42,516,Other / Multi-sector
lobbyist_113559,ALLISON EVERTON,3,3,603,Other / Multi-sector
lobbyist_138135,CHARLES PRITCHARD,221,221,255,Other / Multi-sector
lobbyist_140915,CHRISTOPHER FAY,42,42,470,Other / Multi-sector
lobbyist_143680,JOHN FREEBAIRN,42,42,846,Other / Multi-sector
lobbyist_143949,JEREMY BRATT,42,42,705,Other / Multi-sector
lobbyist_144528,MORGAN BEVIN,195,195,62,Other / Multi-sector / Finance & Banking
lobbyist_147524,ERIC STEINER,67,67,62,Other / Multi-sector
lobbyist_151176,CHONYA DAVIS-JOHNSON,47,47,62,Other / Multi-sector
lobbyist_151232,CHARLES HINSON,138,138,62,Other / Multi-sector
lobbyist_332,CHRISTOPHER GUITH,250,250,112,Other / Multi-sector
lobbyist_12824,JOHN FALARDEAU,42,42,511,Other / Multi-sector
lobbyist_14006,BARTON ROPER,42,42,78,Other / Multi-sector
lobbyist_42115,DANIEL HODGES,181,181,1169,Other / Multi-sector / Energy & Environment
lobbyist_61186,EDOLPHUS TOWNS,216,216,2002,Other / Multi-sector / Healthcare & Pharma
lobbyist_65424,BARTON JAMES,42,42,1756,Other / Multi-sector
lobbyist_69403,KATHERINE CHILDRESS,42,42,1920,Other / Multi-sector
lobbyist_73041,DAVID LINN,42,42,765,Other / Multi-sector
lobbyist_73494,CARMEN ROTTENBERG,209,209,62,Other / Multi-sector
lobbyist_96029,MOLLY FISHMAN,42,42,1546,Other / Multi-sector
lobbyist_103768,LATRICE POWELL,0,0,62,Other / Multi-sector
lobbyist_106077,SHASHRINA THOMAS,42,42,970,Other / Multi-sector
lobbyist_107262,MALA PARKER,42,42,2170,Other / Multi-sector
lobbyist_107395,GENE IRISARI,360,360,111,Other / Multi-sector
lobbyist_109225,ZACHARY SHABEN,21,21,62,Other / Multi-sector / Education & Research
lobbyist_122255,TERRENCE THOMPSON,102,102,62,Other / Multi-sector / Energy & Environment
lobbyist_134319,CAMERON BISHOP,6,6,1890,Other / Multi-sector
lobbyist_137944,GARY KALMAN,42,42,1221,Other / Multi-sector
lobbyist_138303,SCOTT GREYTAK,42,42,2275,Other / Multi-sector
lobbyist_139289,THOMAS CULLIGAN,53,53,438,Other / Multi-sector
lobbyist_140584,CHRISTOPHER HICKLING,78,78,319,Other / Multi-sector / Energy & Environment
lobbyist_143663,BRYAN ALLEN,221,221,255,Other / Multi-sector
lobbyist_143879,ALEXANDER HENDRIE,42,42,2179,Other / Multi-sector
lobbyist_144007,JULIA GRABO,42,42,62,Other / Multi-sector
lobbyist_145662,JACOB BRENNAN,42,42,1231,Other / Multi-sector
lobbyist_146658,MIA REAL,303,303,1030,Other / Multi-sector / Technology & Telecom
lobbyist_148609,ADAM CARASSO,4,4,62,Other / Multi-sector
lobbyist_148811,DAVID SCHWIETERT,0,0,62,Other / Multi-sector
lobbyist_148855,ROBERT GOAD,137,137,62,Legal & Lobbying / Other / Multi-sector
lobbyist_52283,ROBERT HARRIS,109,109,62,Other / Multi-sector
lobbyist_60622,HEIDI SCHOTT,42,42,582,Other / Multi-sector
lobbyist_64231,DEVIN DEMARIO,42,42,1084,Other / Multi-sector
lobbyist_64247,RICK BOUCHER,42,42,62,Other / Multi-sector
lobbyist_64560,SARAH MILLS,0,0,255,Other / Multi-sector
lobbyist_66207,WADE ACKERMAN,3,3,62,Other / Multi-sector
lobbyist_67900,JESS GOODE,42,42,461,Other / Multi-sector
lobbyist_67985,CHELSEA MURTHA,25,25,62,Other / Multi-sector
lobbyist_68292,KRISTIN EAGAN,42,42,879,Other / Multi-sector
lobbyist_71026,JAMIESON BROWN,8,8,836,Other / Multi-sector
lobbyist_71928,RICK NUSSIO,42,42,1130,Other / Multi-sector
lobbyist_79086,KELLY SHAW,0,0,62,Other / Multi-sector
lobbyist_93614,PASHA MAJDI,42,42,1288,Other / Multi-sector
lobbyist_101717,KELLI MCMORROW,109,109,62,Other / Multi-sector
lobbyist_107017,RICHARD BURNESS,42,42,1898,Other / Multi-sector
lobbyist_112978,DAVID CARUOLO,42,42,1909,Other / Multi-sector
lobbyist_121636,MATTHEW THORNBLAD,48,48,62,Other / Multi-sector
lobbyist_138378,ANDREW WILLISON,42,42,62,Other / Multi-sector
lobbyist_138562,ANDREA LOONEY,42,42,1599,Other / Multi-sector
lobbyist_138759,ALEC HINOJOSA,239,239,438,Other / Multi-sector / Healthcare & Pharma
lobbyist_140626,BOBBY PARMITER,185,185,66,Other / Multi-sector
lobbyist_142287,MEGAN BAILEY,266,266,62,Other / Multi-sector
lobbyist_142666,ZACHARY PERCONTI,42,42,2330,Other / Multi-sector
lobbyist_144971,LINDSAY BISCARDI,236,236,62,Other / Multi-sector / Energy & Environment
lobbyist_148334,JENNIFER HAYNES,0,0,62,Other / Multi-sector
lobbyist_148732,VANESSA VERGARA,42,42,565,Other / Multi-sector
lobbyist_150408,ANDREW FLICK,0,0,62,Other / Multi-sector
lobbyist_39384,DOUGLAS TROUTMAN,288,288,62,Other / Multi-sector / Energy & Environment
lobbyist_41063,MICHAEL DAVIS,42,42,582,Other / Multi-sector
lobbyist_53534,STEPHEN FRANCIS,4,4,62,Other / Multi-sector
lobbyist_61781,GIL ROTH,216,216,62,Other / Multi-sector / Healthcare & Pharma
lobbyist_66895,HOWARD GUTMAN,42,42,1020,Other / Multi-sector
lobbyist_69730,SARAH DOESE,6,6,111,Other / Multi-sector
lobbyist_70056,TATIANA BROWN,0,0,1119,Other / Multi-sector
lobbyist_71573,VALERIE BALDWIN,42,42,440,Other / Multi-sector
lobbyist_72060,NICOLE SCOTT,42,42,1932,Other / Multi-sector
lobbyist_79470,MICHAEL SOLON,124,124,1266,Other / Multi-sector / Legal & Lobbying
lobbyist_83991,BLAKE ANDROFF,42,42,62,Other / Multi-sector
lobbyist_92818,RUKMANI BHATIA,8,8,1029,Other / Multi-sector
lobbyist_97676,CESAR YBARRA,21,21,112,Other / Multi-sector / Education & Research
lobbyist_107191,BENJAMIN NICHOLSON,72,72,1612,Other / Multi-sector
lobbyist_114217,KRIS BALDERSTON,8,8,676,Other / Multi-sector
lobbyist_121159,APRIL JONES,25,25,112,Other / Multi-sector
lobbyist_138251,JARED HAWES,57,57,438,Other / Multi-sector / Energy & Environment
lobbyist_139014,JOE BLISS,44,44,62,Other / Multi-sector
lobbyist_146735,JASON KNOX,93,93,79,Other / Multi-sector
lobbyist_148425,ASHLEY NICHOLS (MCMANUS),0,0,12,Other / Multi-sector
lobbyist_149367,TORI SMITH,0,0,62,Other / Multi-sector
lobbyist_38205,DAVE KOSHGARIAN,4,4,62,Other / Multi-sector
lobbyist_61347,JENNIFER CASTAGNA,21,21,500,Other / Multi-sector / Education & Research
lobbyist_65447,THOMAS SCHREIBEL,25,25,62,Other / Multi-sector
lobbyist_67234,JONATHAN CORDONE,80,80,1060,Other / Multi-sector
lobbyist_69418,COURTNEY LAWRENCE,42,42,307,Other / Multi-sector
lobbyist_69528,MICHAEL ROSSETTI,58,58,428,Other / Multi-sector
lobbyist_69579,CHAY HALBERT,42,42,782,Other / Multi-sector
lobbyist_69838,IAN OWENS,42,42,522,Other / Multi-sector
lobbyist_70259,ALETA GREER,17,17,62,Other / Multi-sector
lobbyist_72153,PHILIP YEITER,94,94,1070,Other / Multi-sector
lobbyist_72959,LAUREN WILLIAMS,42,42,712,Other / Multi-sector
lobbyist_110336,HOLLY BIGLOW,42,42,2351,Other / Multi-sector
lobbyist_121161,NICK ROSSI,25,25,112,Other / Multi-sector
lobbyist_135833,JEANETTE MESIROW,321,321,285,Other / Multi-sector / Agriculture & Food
lobbyist_139850,JERMAINE SIMMONS,3,3,438,Other / Multi-sector
lobbyist_143511,BRYAN SHUY,3,3,62,Other / Multi-sector
lobbyist_143987,F. LEVINUS,42,42,1073,Other / Multi-sector
lobbyist_144255,JACKSON CLARK,0,0,62,Other / Multi-sector
lobbyist_7295,COLIN CHAPMAN,7,7,62,Other / Multi-sector
lobbyist_23097,DENNIS SLOCUMB,42,42,1420,Other / Multi-sector
lobbyist_44545,HAL SHAPIRO,0,0,62,Other / Multi-sector
lobbyist_61989,SONYA CLAY,3,3,438,Other / Multi-sector
lobbyist_62959,SAIRA CHIRICO,60,60,82,Other / Multi-sector / Healthcare & Pharma
lobbyist_66414,RACHEL ALEXANDER,183,183,62,Other / Multi-sector / Healthcare & Pharma
lobbyist_69600,ASHLEY AMIDON,42,42,2280,Other / Multi-sector
lobbyist_69619,MARK MARIN,0,0,79,Other / Multi-sector
lobbyist_70119,BRUCE ARTIM,42,42,6,Other / Multi-sector
lobbyist_72923,JAMIE MILLER,5,5,988,Other / Multi-sector
lobbyist_107281,NOEL PEREZ SANCHEZ,42,42,1827,Other / Multi-sector
lobbyist_139253,ELIZABETH OBLINGER,42,42,1401,Other / Multi-sector
lobbyist_139821,NATHAN WYATT,159,159,62,Other / Multi-sector / Legal & Lobbying
lobbyist_140683,JAMES WILLIAMS,42,42,903,Other / Multi-sector
lobbyist_141209,DANIELLE BROWN,42,42,2147,Other / Multi-sector
lobbyist_141514,JAMES YOUNG,129,129,542,Other / Multi-sector / Energy & Environment
lobbyist_144576,IAN NICHOLSON,42,42,1871,Other / Multi-sector
lobbyist_144894,CLAIRE HAMBRICK,208,208,918,Other / Multi-sector / Technology & Telecom
lobbyist_147571,LIAM ANDERSON,8,8,1039,Other / Multi-sector
lobbyist_149501,VINCENT SARUBBI,3,3,62,Other / Multi-sector
lobbyist_150305,NICK RAINERI,42,42,928,Other / Multi-sector
lobbyist_52925,JAKE JACOBY,42,42,1886,Other / Multi-sector
lobbyist_59085,STACEY BERNARDS,338,338,79,Other / Multi-sector / Education & Research
lobbyist_61386,FRANK TILLOTSON,215,215,62,Other / Multi-sector
lobbyist_61632,MICHELLE RUTTER FRIBERG,42,42,1804,Other / Multi-sector
lobbyist_62787,RYNE CARNEY,183,183,62,Other / Multi-sector / Healthcare & Pharma
lobbyist_66061,C. KIRKPATRICK,42,42,1598,Other / Multi-sector
lobbyist_71636,PERRIN BROWN,0,0,62,Other / Multi-sector
lobbyist_87827,ANDREW WAYNE,42,42,301,Other / Multi-sector
lobbyist_101629,LUC BOULET,42,42,867,Other / Multi-sector
lobbyist_107204,THOMAS LUCAS,0,0,62,Other / Multi-sector
lobbyist_117729,MICHAEL ANDREWS,115,115,62,Other / Multi-sector
lobbyist_137915,SEAN DEVEREY,338,338,79,Other / Multi-sector / Education & Research
lobbyist_139699,CHARLES MOFFAT,42,42,62,Other / Multi-sector
lobbyist_140497,ANDREW NEWHART,42,42,1105,Other / Multi-sector
lobbyist_140983,STEPHANIE BARNA,269,269,62,Other / Multi-sector
lobbyist_142921,CARL WELLIVER,145,145,79,Other / Multi-sector / Education & Research
lobbyist_145068,SHAWN FRIESEN,3,3,62,Other / Multi-sector
lobbyist_149567,ZACH DEATHERAGE,0,0,62,Other / Multi-sector
lobbyist_1279,KENNETH PRESLEY,106,106,62,Other / Multi-sector
lobbyist_29935,LISA JAEGER,0,0,62,Other / Multi-sector
lobbyist_56286,JULIE FISHMAN RAYMAN,42,42,96,Other / Multi-sector
lobbyist_58681,CATHERINE CHASE,27,27,534,Other / Multi-sector
lobbyist_62131,JAMES LISTER,42,42,542,Other / Multi-sector
lobbyist_63822,ROBERT RANKIN,42,42,1690,Other / Multi-sector
lobbyist_64152,TED THOMPSON,42,42,1922,Other / Multi-sector
lobbyist_70264,ADAM WOLF,5,5,79,Other / Multi-sector
lobbyist_70838,CAROLYN DOWNS,264,264,62,Other / Multi-sector
lobbyist_71013,THOMAS KRAUS,42,42,2228,Other / Multi-sector
lobbyist_71253,JOSH TRENT,216,216,62,Other / Multi-sector / Healthcare & Pharma
lobbyist_71311,TAUNJA BERQUAM,42,42,1941,Other / Multi-sector
lobbyist_71921,EMILY ROLLMAN,42,42,62,Other / Multi-sector
lobbyist_86565,ADAM BRAMWELL,42,42,322,Other / Multi-sector
lobbyist_90411,DORCAS ADEKUNLE,104,104,79,Other / Multi-sector / Healthcare & Pharma
lobbyist_107415,IRVING DANIELS,0,0,62,Other / Multi-sector
lobbyist_108119,JASON OLIN,42,42,2200,Other / Multi-sector
lobbyist_110073,JORDAN HAVERLY,42,42,1772,Other / Multi-sector
lobbyist_121641,EMMA LYDON,42,42,85,Other / Multi-sector
lobbyist_141451,CHRISTOPHER RORICK,3,3,1119,Other / Multi-sector
lobbyist_142949,KRAIG SIRACUSE,72,72,2311,Other / Multi-sector
lobbyist_143367,BENJAMIN KALLEN,42,42,1023,Other / Multi-sector
lobbyist_151062,JACKSON STUTEVILLE,3,3,62,Other / Multi-sector
lobbyist_58039,RYAN LONG,3,3,62,Other / Multi-sector
lobbyist_58358,MARIA PICA,322,322,2379,Other / Multi-sector
lobbyist_63200,PETER JUDGE,24,24,469,Other / Multi-sector
lobbyist_66070,A. CATHARINE HARRIS,183,183,438,Other / Multi-sector / Healthcare & Pharma
lobbyist_66429,DANIEL CRAMER,3,3,62,Other / Multi-sector
lobbyist_69011,SUSIE AHN,42,42,1051,Other / Multi-sector
lobbyist_71259,MELISSA SHUTE,322,322,668,Other / Multi-sector
lobbyist_71376,TRUE PFEIFER,49,49,62,Other / Multi-sector / Healthcare & Pharma
lobbyist_72627,NATHANIEL BENNETT,277,277,79,Other / Multi-sector
lobbyist_85413,GEORGE HULL,25,25,112,Other / Multi-sector
lobbyist_92710,BRIAN SMITH,42,42,1356,Other / Multi-sector
lobbyist_107020,ANDREW MILLER,0,0,62,Other / Multi-sector
lobbyist_107278,DAVID BROOME,42,42,165,Other / Multi-sector
lobbyist_120870,DAVID SHAHOULIAN,42,42,1247,Other / Multi-sector
lobbyist_121697,ERIC ETTORRE,0,0,62,Other / Multi-sector
lobbyist_138659,TOOSHAR SWAIN,188,188,2193,Other / Multi-sector / Education & Research
lobbyist_139058,LAINE STRIEGEL,0,0,62,Other / Multi-sector
lobbyist_141552,BRYAN WILLIAMS,0,0,62,Other / Multi-sector
lobbyist_142553,NISHITH PANDYA,42,42,1808,Other / Multi-sector
lobbyist_145339,ELAN JONES,21,21,62,Other / Multi-sector / Education & Research
lobbyist_148844,MILLA ANDERSON,25,25,62,Other / Multi-sector
lobbyist_46724,ANDREW GUY,42,42,881,Other / Multi-sector
lobbyist_64528,KEVIN KOONCE,42,42,83,Other / Multi-sector
lobbyist_64697,ORLIE YANIV,42,42,2272,Other / Multi-sector
lobbyist_67369,ANDREA HECHAVARRIA,42,42,1589,Other / Multi-sector
lobbyist_68666,REBECCA BLISS,347,347,582,Other / Multi-sector
lobbyist_69460,KEPLER EDWARDS,162,162,2004,Other / Multi-sector / Energy & Environment
lobbyist_70227,ALYCIA MALONEY,216,216,1528,Other / Multi-sector / Healthcare & Pharma
lobbyist_72536,MATT SIFERT,42,42,1974,Other / Multi-sector
lobbyist_73169,ROBERT ROSE,42,42,2016,Other / Multi-sector
lobbyist_73432,JONATHAN CAUSEY,42,42,313,Other / Multi-sector
lobbyist_73580,ADAM RUBEN,21,21,2107,Other / Multi-sector / Education & Research
lobbyist_79256,JON YOUNCE,42,42,2074,Other / Multi-sector
lobbyist_115977,BRENDON GEHRKE,42,42,947,Other / Multi-sector
lobbyist_137933,WALTER KUHN,14,14,1689,Other / Multi-sector
lobbyist_138764,WILLIAM BURGER,266,266,62,Other / Multi-sector
lobbyist_139166,DANIEL BROOM,42,42,62,Other / Multi-sector
lobbyist_141492,COLLIN MCCUNE,117,117,1674,Other / Multi-sector / Healthcare & Pharma
lobbyist_144266,STEPHANIE CUEVAS,42,42,331,Other / Multi-sector
lobbyist_144395,MICHAEL MINEIRO,0,0,62,Other / Multi-sector
lobbyist_148139,VICTORIA CRAM,27,27,62,Other / Multi-sector
lobbyist_36874,ROGER SCHAGRIN,42,42,2094,Other / Multi-sector
lobbyist_47819,JENNIFER BERNSTEIN,42,42,62,Other / Multi-sector
lobbyist_50503,GRAHAM HARPER,195,195,62,Other / Multi-sector / Finance & Banking
lobbyist_61126,ANNA HYDE,100,100,2288,Other / Multi-sector / Healthcare & Pharma
lobbyist_62554,JOHN MAGILL,134,134,62,Other / Multi-sector
lobbyist_64767,AMANDA NGUYEN,269,269,62,Other / Multi-sector
lobbyist_65232,KATHRYN NOVARIA,0,0,62,Other / Multi-sector
lobbyist_69688,DEVON FOLTZ,42,42,1475,Other / Multi-sector
lobbyist_70456,DAN BYERS,250,250,112,Other / Multi-sector
lobbyist_71194,BRITTANY CAREY,42,42,1408,Other / Multi-sector
lobbyist_72981,MALCOLM SHERROD,23,23,62,Other / Multi-sector / Energy & Environment
lobbyist_73043,ALLISON POULIOS,42,42,2306,Other / Multi-sector
lobbyist_137964,KEITH STEPHENSON,15,15,25,Other / Multi-sector
lobbyist_138226,JOE CROWLEY,117,117,62,Other / Multi-sector / Healthcare & Pharma
lobbyist_139848,JOSH CONNOLLY,42,42,1852,Other / Multi-sector
lobbyist_147973,MARY JOHNSON,0,0,62,Other / Multi-sector
lobbyist_148154,TAYLOR HOOVER,4,4,62,Other / Multi-sector
lobbyist_150828,KATHRYN WALL,12,12,62,Other / Multi-sector
lobbyist_41780,WILLIAM LOWERY,42,42,62,Other / Multi-sector
lobbyist_43352,EMILIO CIVIDANES,195,195,62,Other / Multi-sector / Finance & Banking
lobbyist_46398,CHRISTIAN KLEIN,220,220,955,Other / Multi-sector
lobbyist_47361,ROGER NORIEGA,42,42,1693,Other / Multi-sector
lobbyist_50564,EZRA FRIEDLANDER,42,42,1794,Other / Multi-sector
lobbyist_59454,SLOANE SALZBURG,35,35,62,Other / Multi-sector / Healthcare & Pharma
lobbyist_65558,TANDY BONDI,290,290,209,Other / Multi-sector / Education & Research
lobbyist_68305,AARON PADILLA,42,42,1501,Other / Multi-sector
lobbyist_68993,NANCY APPLETON,42,42,400,Other / Multi-sector
lobbyist_69872,RICHARD GUERARD,184,184,66,Other / Multi-sector / Legal & Lobbying
lobbyist_78837,TERRENCE CUNNINGHAM,94,94,438,Other / Multi-sector
lobbyist_86170,MEGAN MILAM,133,133,23,Other / Multi-sector / Transportation & Auto
lobbyist_102293,TIFFANY FINCK-HAYNES,42,42,629,Other / Multi-sector
lobbyist_112681,BRIDGET VISCONTI,109,109,62,Other / Multi-sector
lobbyist_138172,SUZANNE BEALL,185,185,66,Other / Multi-sector
lobbyist_139794,JESSICA CALIO,53,53,438,Other / Multi-sector
lobbyist_140923,EMILY COYLE,42,42,586,Other / Multi-sector
lobbyist_143117,ERICA MCQUADE,42,42,1198,Other / Multi-sector
lobbyist_144219,KEVIN DIESTELOW,228,228,62,Other / Multi-sector / Agriculture & Food
lobbyist_145098,MATTHEW MARSH,5,5,62,Other / Multi-sector
lobbyist_147418,JESSICA POWELL,8,8,62,Other / Multi-sector
lobbyist_148528,JASON HENRY,191,191,62,Other / Multi-sector / Legal & Lobbying
lobbyist_148927,ALBERTO MARTINEZ,0,0,62,Other / Multi-sector
lobbyist_151153,JOSEPH RUSSO,0,0,62,Other / Multi-sector
lobbyist_42274,JC WATTS,58,58,428,Other / Multi-sector
lobbyist_48847,THOMAS NICHOLLS,42,42,884,Other / Multi-sector
lobbyist_50800,KEITH SMITH,0,0,62,Other / Multi-sector
lobbyist_53774,GREGORY MONTANARO,35,35,62,Other / Multi-sector / Healthcare & Pharma
lobbyist_70294,DANIELLE AVILES KRUEGER,41,41,62,Other / Multi-sector
lobbyist_70340,MINH TA,34,34,62,Other / Multi-sector
lobbyist_70507,MATTHEW JENSEN,42,42,730,Other / Multi-sector
lobbyist_71347,MARK SCHUERMANN,34,34,111,Other / Multi-sector
lobbyist_77577,JENNIFER SAFAVIAN,109,109,62,Other / Multi-sector
lobbyist_89992,TIFFANY ATWELL,18,18,926,Other / Multi-sector
lobbyist_98247,MARK FOWLER,57,57,62,Other / Multi-sector / Energy & Environment
lobbyist_113781,SARA MORSE,3,3,62,Other / Multi-sector
lobbyist_145709,GREGORY WILLIS,42,42,1517,Other / Multi-sector
lobbyist_145885,KELLY RIDDLE,0,0,62,Other / Multi-sector
lobbyist_147104,HAILEY MILLER,195,195,62,Other / Multi-sector / Finance & Banking
lobbyist_147735,LUCAS AGNEW,42,42,62,Other / Multi-sector
lobbyist_148924,ANN CHAVEZ,42,42,942,Other / Multi-sector
lobbyist_7280,PETER GOELZ,42,42,62,Other / Multi-sector
lobbyist_25497,MICHAEL ADCOCK,0,0,62,Other / Multi-sector
lobbyist_39427,SILVIA ALDANA,78,78,542,Other / Multi-sector / Energy & Environment
lobbyist_48335,JENNIFER CERVANTES,80,80,62,Other / Multi-sector
lobbyist_49124,GARY GOLDBERG,110,110,62,Other / Multi-sector / Healthcare & Pharma
lobbyist_51645,ROBERT THOMPSON,42,42,160,Other / Multi-sector
lobbyist_54961,NOVA DALY,0,0,62,Other / Multi-sector
lobbyist_62300,SUSAN MCAVOY,42,42,1550,Other / Multi-sector
lobbyist_63103,KYLE VICTOR,42,42,123,Other / Multi-sector
lobbyist_65885,MIRIAM BRODY,67,67,1063,Other / Multi-sector
lobbyist_66062,LINDSEY JOHNSON,42,42,2025,Other / Multi-sector
lobbyist_66776,STEVE VAN HOUT,100,100,1119,Other / Multi-sector / Healthcare & Pharma
lobbyist_68284,CHELSEE WOODEY,241,241,79,Other / Multi-sector
lobbyist_69056,MOLLY WILKINSON,122,122,62,Other / Multi-sector
lobbyist_69158,ROBERT MILLS,42,42,1991,Other / Multi-sector
lobbyist_70757,RANDAL MEYER,30,30,62,Other / Multi-sector
lobbyist_73005,CAMERON GREENE,311,311,106,Other / Multi-sector / Transportation & Auto
lobbyist_114061,GRACE RODDEN,49,49,62,Other / Multi-sector / Healthcare & Pharma
lobbyist_137568,SIGRID JOHANNES,6,6,1003,Other / Multi-sector
lobbyist_139680,STEVE STIVERS,42,42,1192,Other / Multi-sector
lobbyist_139696,JUSTIN BARNES,42,42,2225,Other / Multi-sector
lobbyist_139880,LAURA SHERROD,216,216,62,Other / Multi-sector / Healthcare & Pharma
lobbyist_139990,MICHAEL FRAZIER,0,0,1111,Other / Multi-sector
lobbyist_141542,CHRISTOPHER BROWN,259,259,1897,Other / Multi-sector
lobbyist_147807,MICHAEL FLEISCHMAN,152,152,62,Other / Multi-sector
lobbyist_148843,ANDERSON HELTON,25,25,62,Other / Multi-sector
lobbyist_55815,JOHN HERRMANN,42,42,62,Other / Multi-sector
lobbyist_60187,KORI BLALOCK KELLER,314,314,62,Other / Multi-sector / Energy & Environment
lobbyist_63803,SEAN O'SHEA,42,42,2180,Other / Multi-sector
lobbyist_65271,RICHARD LOPEZ,42,42,998,Other / Multi-sector
lobbyist_66284,VIVIENNE MITCHELL,339,339,62,Other / Multi-sector
lobbyist_66791,BRIAN DARLING,5,5,62,Other / Multi-sector
lobbyist_67563,WILLIAM ANDERSON,251,251,62,Other / Multi-sector
lobbyist_68661,NATALIE HARTMAN,74,74,420,Other / Multi-sector
lobbyist_69841,MARA STARK-ALCALA,27,27,951,Other / Multi-sector
lobbyist_71182,DANIEL O'BRIEN,42,42,1489,Other / Multi-sector
lobbyist_71284,GARY KLINE,42,42,964,Other / Multi-sector
lobbyist_72688,DONALD FIX,42,42,1317,Other / Multi-sector
lobbyist_83894,JOHN ABEGG,250,250,112,Other / Multi-sector
lobbyist_85192,JEFFREY LUNGREN,42,42,1787,Other / Multi-sector
lobbyist_87858,RYAN WOODWARD,21,21,1029,Other / Multi-sector / Education & Research
lobbyist_89671,JUDITH MUN,21,21,62,Other / Multi-sector / Education & Research
lobbyist_91414,PATRICK CUFF,296,296,574,Technology & Telecom / Transportation & Auto
lobbyist_101801,REBECCA SHIPP,42,42,1336,Other / Multi-sector
lobbyist_108344,ALLISON FEIKES,42,42,62,Other / Multi-sector
lobbyist_121751,MICHAEL LEE,42,42,754,Other / Multi-sector
lobbyist_138004,JOHNNA CARLSON,216,216,62,Other / Multi-sector / Healthcare & Pharma
lobbyist_146439,TYLER GUTCHESS,8,8,62,Other / Multi-sector
lobbyist_149066,DIANNE NELLOR,0,0,62,Other / Multi-sector
lobbyist_149209,WILLIAM RUSSELL,17,17,91,Other / Multi-sector
lobbyist_150343,ZACHARY PAULSEN,0,0,62,Other / Multi-sector
lobbyist_150414,BEAU ROTHSCHILD,0,0,928,Other / Multi-sector
lobbyist_47667,ALAN MACLEOD,25,25,546,Other / Multi-sector
lobbyist_52260,GABOR ROZSA,0,0,62,Other / Multi-sector
lobbyist_54064,MITCHELL WALDMAN,42,42,1252,Other / Multi-sector
lobbyist_54737,RONDELL LEBEAU,42,42,2047,Other / Multi-sector
lobbyist_69377,CATE THORIN,42,42,1960,Other / Multi-sector
lobbyist_69696,FRANK CRISTINZIO,42,42,1504,Other / Multi-sector
lobbyist_69757,ERIKA LONG,3,3,62,Other / Multi-sector
lobbyist_71788,EMILY PATT,48,48,66,Other / Multi-sector
lobbyist_72280,CHELSEY THOMAS,42,42,1816,Other / Multi-sector
lobbyist_91684,JAMES VALE,42,42,2244,Other / Multi-sector
lobbyist_100610,ELIZABETH MURPHY,283,283,1029,Other / Multi-sector
lobbyist_107368,GEOFFREY HEMPELMANN,20,20,438,Other / Multi-sector / Education & Research
lobbyist_121568,TEJASI THATTE,42,42,521,Other / Multi-sector
lobbyist_139887,CHRISTIAN PALICH,42,42,542,Other / Multi-sector
lobbyist_140755,THOMAS FEENEY,42,42,62,Other / Multi-sector
lobbyist_142219,RILEY HAYES,42,42,62,Other / Multi-sector
lobbyist_144794,JESSICA CARTER,249,249,66,Other / Multi-sector
lobbyist_145883,SHAUN TAYLOR,42,42,62,Other / Multi-sector
lobbyist_145944,CONNOR BRANTLEY,31,31,62,Other / Multi-sector
lobbyist_147486,"CHARLES (""CHUCK"") HARPLE",0,0,62,Other / Multi-sector
lobbyist_147743,JUSTICE ESTRADA,42,42,2204,Other / Multi-sector
lobbyist_148738,JEMIAH WILLIAMS,42,42,62,Other / Multi-sector
lobbyist_149246,JAMES MIN,0,0,62,Other / Multi-sector
lobbyist_3549,JONATHAN EISEN,42,42,1022,Other / Multi-sector
lobbyist_61895,MATTHEW SHAPANKA,343,343,62,Other / Multi-sector
lobbyist_62286,TOD PRESTON,42,42,62,Other / Multi-sector
lobbyist_68231,JEAN CORNELL,48,48,112,Other / Multi-sector
lobbyist_69089,CAROL DRAKE,42,42,1254,Other / Multi-sector
lobbyist_70284,TARA GILL,27,27,534,Other / Multi-sector
lobbyist_70402,ROSEMARY GARZA,145,145,627,Other / Multi-sector / Education & Research
lobbyist_70625,SARAH SCHMIDT,216,216,112,Other / Multi-sector / Healthcare & Pharma
lobbyist_70875,JOSHUA HABURSKY,42,42,2175,Other / Multi-sector
lobbyist_71880,STEVEN TILTON,42,42,1770,Other / Multi-sector
lobbyist_72821,BARBARA PRESTON,42,42,130,Other / Multi-sector
lobbyist_86201,AMY PORTER,89,89,62,Other / Multi-sector
lobbyist_92616,THOMAS BANDZUL,42,42,2097,Other / Multi-sector
lobbyist_105629,JEFFREY RUSTVANG,6,6,364,Other / Multi-sector
lobbyist_133979,STEVEN ABBOTT,42,42,1223,Other / Multi-sector
lobbyist_138068,JEWELYN COSGROVE,42,42,727,Other / Multi-sector
lobbyist_138168,HANNAH COULTER,0,0,62,Other / Multi-sector
lobbyist_139233,ERICA TERGESON,42,42,723,Other / Multi-sector
lobbyist_141918,LISA BIANCO,42,42,484,Other / Multi-sector
lobbyist_142201,JENETTE MORELL,75,75,62,Other / Multi-sector / Legal & Lobbying
lobbyist_142389,CONNOR CROWLEY,41,41,231,Other / Multi-sector
lobbyist_142651,JOSEPH DUNN,3,3,438,Other / Multi-sector
lobbyist_142661,KATE CLABAUGH,325,325,438,Other / Multi-sector / Education & Research
lobbyist_142776,JOSHUA DUNCAN,227,227,62,Other / Multi-sector / Energy & Environment
lobbyist_143151,BRETT SCOTT,133,133,62,Other / Multi-sector / Transportation & Auto
lobbyist_144193,RANI WILLIAMS,28,28,190,Other / Multi-sector
lobbyist_144636,LILLIAN SPARKS ROBINSON,42,42,592,Other / Multi-sector
lobbyist_145809,MICHAEL PAWLOWSKI,42,42,1814,Other / Multi-sector
lobbyist_147005,JULIA CONVERTINI,42,42,1312,Other / Multi-sector
lobbyist_148419,HAILEY RAY,42,42,2316,Other / Multi-sector
lobbyist_151030,JOHN CULBERSON,0,0,79,Other / Multi-sector
lobbyist_42293,SAMUEL WOODALL,42,42,62,Other / Multi-sector
lobbyist_64524,DOUGLAS MCINTYRE,42,42,1375,Other / Multi-sector
lobbyist_65393,DOUGLAS FULLER,8,8,62,Other / Multi-sector
lobbyist_65491,CHRISTOPHER CAUSEY,231,231,62,Legal & Lobbying / Other / Multi-sector
lobbyist_65650,MEGAN JACKSON,42,42,1185,Other / Multi-sector
lobbyist_67842,JULIE KRUSE,42,42,1057,Other / Multi-sector
lobbyist_69077,ELIZABETH SCHWARTZ,239,239,2212,Other / Multi-sector / Healthcare & Pharma
lobbyist_69400,DANIEL LERNER,42,42,2077,Other / Multi-sector
lobbyist_69452,LORI OTTO PUNKE,42,42,1669,Other / Multi-sector
lobbyist_70316,PEGGY BINZEL,42,42,467,Other / Multi-sector
lobbyist_71135,JENNIFER BANG,34,34,111,Other / Multi-sector
lobbyist_71168,DEVIN SEARS,229,229,62,Other / Multi-sector
lobbyist_71279,MARY NAYLOR,94,94,438,Other / Multi-sector
lobbyist_71321,CHARLES MOSKOWITZ,138,138,62,Other / Multi-sector
lobbyist_74189,CHRISTOPHER CZARNECKI,42,42,585,Other / Multi-sector
lobbyist_86038,JAMES THOMAS,42,42,1664,Other / Multi-sector
lobbyist_92656,AARON HUNTER,42,42,223,Other / Multi-sector
lobbyist_94182,LINDSEY QUEEN,42,42,445,Other / Multi-sector
lobbyist_104315,DUSTIN WATSON,42,42,2113,Other / Multi-sector
lobbyist_112258,ELIZABETH HUNGER,109,109,62,Other / Multi-sector
lobbyist_113132,RORY HESLINGTON,109,109,62,Other / Multi-sector
lobbyist_121703,SIERRA CATO,0,0,62,Other / Multi-sector
lobbyist_133948,CONNOR DOLAN,42,42,214,Other / Multi-sector
lobbyist_135087,LESLYE COLVIN,42,42,527,Other / Multi-sector
lobbyist_138038,THOMAS ALEXANDER,42,42,1510,Other / Multi-sector
lobbyist_138108,KRISTY PARK,42,42,1807,Other / Multi-sector
lobbyist_138439,HILARY RANIERI,42,42,2013,Other / Multi-sector
lobbyist_138473,JOSEPH HACK,200,200,62,Other / Multi-sector
lobbyist_139774,CARRIANNA KURUVILLA,42,42,2364,Other / Multi-sector
lobbyist_140523,MARGARET MORGAN,250,250,112,Other / Multi-sector
lobbyist_141110,JOONSOO YI,42,42,582,Other / Multi-sector
lobbyist_141587,MATTHEW REID ZWEIG,331,331,79,Other / Multi-sector
lobbyist_145731,MONTANA MILLER,21,21,112,Other / Multi-sector / Education & Research
lobbyist_146134,JOSEPH BODDICKER,4,4,62,Other / Multi-sector
lobbyist_146146,LEONOR TOMERO,5,5,62,Other / Multi-sector
lobbyist_150069,KATHRYN HENDRICKSON,102,102,62,Other / Multi-sector / Energy & Environment
lobbyist_150273,TRACEE SUTTON,7,7,62,Other / Multi-sector
lobbyist_39330,TIMOTHY BARTL,24,24,1625,Other / Multi-sector
lobbyist_56595,STEVEN KLINE,42,42,1767,Other / Multi-sector
lobbyist_58850,CHRISTOPHER MILLER,6,6,62,Other / Multi-sector
lobbyist_62638,MARTINA BRADFORD,25,25,62,Other / Multi-sector
lobbyist_62880,BOBBY FREDERICK,229,229,285,Other / Multi-sector
lobbyist_66119,ASAF NAGLER,42,42,2262,Other / Multi-sector
lobbyist_66291,ERICA CROCKER,48,48,79,Other / Multi-sector
lobbyist_67224,CONNIE MACK,78,78,62,Other / Multi-sector / Energy & Environment
lobbyist_67231,MARK LINTON,42,42,62,Other / Multi-sector
lobbyist_67797,MATTHEW SHUMAN,8,8,79,Other / Multi-sector
lobbyist_68852,VICTORIA GEMME,3,3,62,Other / Multi-sector
lobbyist_69091,RYAN MURPHY,42,42,1406,Other / Multi-sector
lobbyist_69110,MELANIE LEHNHARDT,0,0,62,Other / Multi-sector
lobbyist_69903,MARK HOWELL,94,94,438,Other / Multi-sector
lobbyist_71172,APRIL DONNELLY,42,42,247,Other / Multi-sector
lobbyist_71861,CHAD WHITEMAN,250,250,112,Other / Multi-sector
lobbyist_73814,BRENDAN NEAL,42,42,561,Other / Multi-sector
lobbyist_76427,WILLIAM KELLEHER,17,17,12,Other / Multi-sector
lobbyist_87579,RAPHAEL LOUIS,42,42,325,Other / Multi-sector
lobbyist_92173,KATE KALUTKIEWICZ,185,185,66,Other / Multi-sector
lobbyist_99715,MATTHEW HASKINS,185,185,66,Other / Multi-sector
lobbyist_106110,FRANCISCO CARRILLO,42,42,885,Other / Multi-sector
lobbyist_115432,CURTIS ROONEY,94,94,1444,Other / Multi-sector
lobbyist_117637,CHRISTINA POEHLITZ,106,106,62,Other / Multi-sector
lobbyist_140240,CASSIDY HOBBS,18,18,79,Other / Multi-sector
lobbyist_140447,JASON LAWRENCE,328,328,438,Other / Multi-sector / Technology & Telecom
lobbyist_143945,WILLIAM BEHRENS,241,241,79,Other / Multi-sector
lobbyist_144472,ISAAC LOEB,23,23,62,Other / Multi-sector / Energy & Environment
lobbyist_144514,ALEC ROGERS,249,249,66,Other / Multi-sector
lobbyist_145295,MICHAEL BARNETT,100,100,62,Other / Multi-sector / Healthcare & Pharma
lobbyist_147171,MORGAN VINA,5,5,62,Other / Multi-sector
lobbyist_147405,EVAN BENDER,18,18,542,Other / Multi-sector
lobbyist_150347,MARY WENTWORTH,5,5,676,Other / Multi-sector
lobbyist_150479,LINDSAY GARCIA,27,27,62,Other / Multi-sector
lobbyist_10475,STEVEN PRUITT,58,58,428,Other / Multi-sector
lobbyist_59154,JUSTIN CLAY,42,42,1388,Other / Multi-sector
lobbyist_59257,RICHARD HARPER,42,42,1353,Other / Multi-sector
lobbyist_62565,JACQUELINE BALL,325,325,438,Other / Multi-sector / Education & Research
lobbyist_62814,JUDY SULLIVAN,42,42,733,Other / Multi-sector
lobbyist_67356,MICHAEL HAYCOCK,42,42,508,Other / Multi-sector
lobbyist_71633,GEOFFREY GREEN,42,42,7,Other / Multi-sector
lobbyist_92602,JOHN AGUILAR,3,3,438,Other / Multi-sector
lobbyist_106997,KATARINA DEFILIPPO,106,106,79,Other / Multi-sector
lobbyist_136617,KRISTIN DINI,42,42,1279,Other / Multi-sector
lobbyist_138993,BO MACHAYO,109,109,62,Other / Multi-sector
lobbyist_139879,STEPHANIE JOHNSON,80,80,62,Other / Multi-sector
lobbyist_140231,ZACK PERCONTI,42,42,2260,Other / Multi-sector
lobbyist_140327,SEAN CALLAHAN,0,0,62,Other / Multi-sector
lobbyist_142082,BRADFORD ELLISON,48,48,62,Other / Multi-sector
lobbyist_143003,ROBERT MOSHER,42,42,1988,Other / Multi-sector
lobbyist_145066,CODY WILLMING,0,0,62,Other / Multi-sector
lobbyist_145355,KYLE KLEIN,5,5,988,Other / Multi-sector
lobbyist_147193,HEATHER SAGER,42,42,1460,Other / Multi-sector
lobbyist_149196,STEFAN PASSANTINO,0,0,62,Other / Multi-sector
lobbyist_36858,BEVERLY PAUL,116,116,285,Other / Multi-sector
lobbyist_57705,ERICA GORDON,42,42,408,Other / Multi-sector
lobbyist_58528,STEWART BARBER YOUNG,51,51,62,Other / Multi-sector / Legal & Lobbying
lobbyist_63265,KATE DEGRAVELLES,42,42,1848,Other / Multi-sector
lobbyist_66277,OWEN CAINE,42,42,2098,Other / Multi-sector
lobbyist_67387,MIKE COPHER,157,157,62,Other / Multi-sector / Education & Research
lobbyist_68735,ANDREW WILKINS,42,42,1277,Other / Multi-sector
lobbyist_69128,ERIN BARRY,42,42,2008,Other / Multi-sector
lobbyist_69272,NICOLE BURDA,42,42,2117,Other / Multi-sector
lobbyist_69516,KRISTIN HERRMANN,42,42,1903,Other / Multi-sector
lobbyist_69560,BILL DAVIS,20,20,112,Other / Multi-sector / Education & Research
lobbyist_71007,GILLIAN LYONS,67,67,1063,Other / Multi-sector
lobbyist_71416,SAMUEL ADCOCK,0,0,62,Other / Multi-sector
lobbyist_71665,DAVID BONELLI,41,41,62,Other / Multi-sector
lobbyist_72492,MARCO SYLVESTER,113,113,62,Other / Multi-sector
lobbyist_72623,SAMANTHA FAY,27,27,112,Other / Multi-sector
lobbyist_73146,KELLIE ADESINA,253,253,111,Other / Multi-sector
lobbyist_73539,MELANIE BOWEN,42,42,1001,Other / Multi-sector
lobbyist_79388,RICHARD ENGLAND,42,42,29,Other / Multi-sector
lobbyist_94356,JOHN GRIFFIN,42,42,792,Other / Multi-sector
lobbyist_109580,BRYAN WOOD,195,195,112,Other / Multi-sector / Finance & Banking
lobbyist_121769,JASON STVERAK,264,264,111,Other / Multi-sector
lobbyist_137549,VINCE HALL,214,214,62,Other / Multi-sector
lobbyist_138148,ALI BEDFORD,34,34,302,Other / Multi-sector
lobbyist_138297,JOSHUA CARON,30,30,62,Other / Multi-sector
lobbyist_138300,RONALD DEAN,42,42,1001,Other / Multi-sector
lobbyist_138895,CHRISTA LUCAS,27,27,112,Other / Multi-sector
lobbyist_139950,DOUGLAS LEE,4,4,62,Other / Multi-sector
lobbyist_141559,JODI CHANDLER,0,0,62,Other / Multi-sector
lobbyist_147215,JOSHUA ROGIN,145,145,66,Other / Multi-sector / Education & Research
lobbyist_148416,ELIZABETH HORNER,0,0,62,Other / Multi-sector
lobbyist_151423,REV DR CHRISTINA CLEMENT,2,2,79,Other / Multi-sector
lobbyist_51346,MAGGIE ELEHWANY,334,334,44,Other / Multi-sector / Healthcare & Pharma
lobbyist_55689,MICHAEL HAMOND,24,24,62,Other / Multi-sector
lobbyist_55938,PREEYA PINTO,3,3,62,Other / Multi-sector
lobbyist_62073,MEGHAN JOHNSON,191,191,2102,Other / Multi-sector / Legal & Lobbying
lobbyist_63542,WILLIAM HILLEARY,42,42,2124,Other / Multi-sector
lobbyist_67395,ALEXANDER SCHENCK,27,27,62,Other / Multi-sector
lobbyist_70168,LISA LEVINE UROVITCH,42,42,1878,Other / Multi-sector
lobbyist_71264,SARAH JONES,102,102,62,Other / Multi-sector / Energy & Environment
lobbyist_72238,JENNIFER MALLARD,0,0,62,Other / Multi-sector
lobbyist_72485,GARTH SPENCER,232,232,66,Other / Multi-sector / Legal & Lobbying
lobbyist_73549,MATTHEW SCHUMAKER,216,216,62,Other / Multi-sector / Healthcare & Pharma
lobbyist_77707,DONALD DAVIDSON,25,25,542,Other / Multi-sector
lobbyist_79339,MICHAEL CAPUANO,3,3,62,Other / Multi-sector
lobbyist_92811,KEVIN O'KEEFE,8,8,1029,Other / Multi-sector
lobbyist_108224,DAVID DUNLAP,61,61,542,Other / Multi-sector
lobbyist_121635,JAMES BAILEY,18,18,926,Other / Multi-sector
lobbyist_140931,QUINTON CARROLL,42,42,320,Other / Multi-sector
lobbyist_140953,DESIREE COLE,216,216,62,Other / Multi-sector / Healthcare & Pharma
lobbyist_142885,BRANDON PALUMBO,25,25,62,Other / Multi-sector
lobbyist_144318,BRET STROGEN,42,42,56,Other / Multi-sector
lobbyist_147139,KIMBERLY CORBIN,214,214,62,Other / Multi-sector
lobbyist_147163,JOHN ADAIR,42,42,358,Other / Multi-sector
lobbyist_150453,TODD WILLENS,28,28,62,Other / Multi-sector
lobbyist_32138,MELODY FENNEL,111,111,62,Other / Multi-sector / Finance & Banking
lobbyist_52898,ELIZABETH GORE,0,0,62,Other / Multi-sector
lobbyist_64421,PETER GOODLOE,3,3,62,Other / Multi-sector
lobbyist_64876,JOHN HOLEVOET,6,6,658,Other / Multi-sector
lobbyist_65047,NATHAN PICK,42,42,1294,Other / Multi-sector
lobbyist_65264,JOHN GREISSING,183,183,62,Other / Multi-sector / Healthcare & Pharma
lobbyist_67323,EDWARD COX,0,0,62,Other / Multi-sector
lobbyist_69815,LEO MUNOZ,42,42,1733,Other / Multi-sector
lobbyist_71397,ANNA MARIE MALLOY,67,67,1063,Other / Multi-sector
lobbyist_71550,DANIELLE GIANNANTONIO,42,42,1581,Other / Multi-sector
lobbyist_72077,LAWRENCE MCANALLEN,27,27,62,Other / Multi-sector
lobbyist_75194,BRIAN YOUNG,314,314,62,Other / Multi-sector / Energy & Environment
lobbyist_79375,SARAH PAUL,195,195,112,Other / Multi-sector / Finance & Banking
lobbyist_83888,EVAN WILLIAMS,250,250,112,Other / Multi-sector
lobbyist_102484,JENNIFER GOODALE,261,261,79,Other / Multi-sector
lobbyist_102613,BRENDEN MCMAHON,261,261,79,Other / Multi-sector
lobbyist_107711,JOHN SAWYER,42,42,1946,Other / Multi-sector
lobbyist_111286,MICHAEL MAITLAND,239,239,1387,Other / Multi-sector / Healthcare & Pharma
lobbyist_138131,PETER CLEVELAND,208,208,918,Other / Multi-sector / Technology & Telecom
lobbyist_138466,JEFFREY GARY,0,0,62,Other / Multi-sector
lobbyist_138566,AARON WASSERMAN,232,232,66,Other / Multi-sector / Legal & Lobbying
lobbyist_138605,CHRISTOPHER DAWSON,42,42,62,Other / Multi-sector
lobbyist_139571,CAROL FOWLER,42,42,939,Other / Multi-sector
lobbyist_139659,KATHARINE BOND,20,20,112,Other / Multi-sector / Education & Research
lobbyist_140381,ABIGAIL BARNES,42,42,624,Other / Multi-sector
lobbyist_140677,MONICA CLOUD,239,239,438,Other / Multi-sector / Healthcare & Pharma
lobbyist_140682,JULIE NICKSON,42,42,108,Other / Multi-sector
lobbyist_141479,SARAH ARBES,42,42,1569,Other / Multi-sector
lobbyist_141491,BRENDON ARCURI,42,42,1196,Other / Multi-sector
lobbyist_144377,HUNTER STRUPP,49,49,62,Other / Multi-sector / Healthcare & Pharma
lobbyist_145044,KYLE MARINELLI,42,42,1119,Other / Multi-sector
lobbyist_147242,WINFIELD HERNDON,6,6,285,Other / Multi-sector
lobbyist_148149,THEODORE NASTASE,42,42,401,Other / Multi-sector
lobbyist_151297,TAMIKA HILL,42,42,808,Other / Multi-sector
lobbyist_42463,DIRK VANDONGEN,42,42,1219,Other / Multi-sector
lobbyist_57945,SHANA MARCHIO,83,83,319,Other / Multi-sector
lobbyist_67716,JOSHUA LEWIS,49,49,835,Other / Multi-sector / Healthcare & Pharma
lobbyist_69487,PETER ROBERSON,42,42,1856,Other / Multi-sector
lobbyist_69561,EVAN JURKOVICH,120,120,122,Other / Multi-sector / Energy & Environment
lobbyist_69914,STEVEN WILSON,277,277,79,Other / Multi-sector
lobbyist_70522,JEREMY WOODRUM,23,23,1251,Other / Multi-sector / Energy & Environment
lobbyist_94398,BETH CLAY,42,42,2343,Other / Multi-sector
lobbyist_98616,RON HAMMOND,42,42,1902,Other / Multi-sector
lobbyist_105974,BRIAN KERKHOVEN,27,27,62,Other / Multi-sector
lobbyist_121948,KATHLEEN O'NEILL,317,317,2127,Education & Research / Other / Multi-sector
lobbyist_126234,JOHN TOMLIN,42,42,62,Other / Multi-sector
lobbyist_138096,BRITTANY MASALOSALO,42,42,1220,Other / Multi-sector
lobbyist_139617,ZACHARY MARSHALL,0,0,62,Other / Multi-sector
lobbyist_141063,ALEX WARD,115,115,1459,Other / Multi-sector
lobbyist_141196,MATTHEW GRILL,42,42,478,Other / Multi-sector
lobbyist_141763,MARK LEWIS,5,5,62,Other / Multi-sector
lobbyist_141980,SATYA THALLAM,0,0,62,Other / Multi-sector
lobbyist_145219,DEANNE MILLISON,249,249,66,Other / Multi-sector
lobbyist_145648,SCOTT EISNER,222,222,62,Other / Multi-sector
lobbyist_148235,NICOLE BERTSCH,145,145,62,Other / Multi-sector / Education & Research
lobbyist_149002,CONNER BRACE,42,42,62,Other / Multi-sector
lobbyist_149338,RYAN JARMULA,50,50,62,Other / Multi-sector
lobbyist_8373,FRANCIS GRAB,0,0,62,Other / Multi-sector
lobbyist_58217,LOUIS CELLI,8,8,79,Other / Multi-sector
lobbyist_60008,DENNY REHBERG,21,21,0,Other / Multi-sector / Education & Research
lobbyist_68393,CHRISTIAN WHITON,109,109,62,Other / Multi-sector
lobbyist_68670,ELI SCHOOLEY,3,3,62,Other / Multi-sector
lobbyist_72360,SEAN DUFFY,272,272,62,Other / Multi-sector
lobbyist_72613,BRYAN GREENE,356,356,111,Government & Nonprofit / Other / Multi-sector
lobbyist_73037,BRANDON RENZ,78,78,319,Other / Multi-sector / Energy & Environment
lobbyist_73560,KARL RUSSO,34,34,62,Other / Multi-sector
lobbyist_101206,KAT MONTGOMERY,42,42,393,Other / Multi-sector
lobbyist_108288,MELANIE STEELE,78,78,2222,Other / Multi-sector / Energy & Environment
lobbyist_115117,BRENDAN BELAIR,246,246,62,Technology & Telecom / Legal & Lobbying
lobbyist_133750,JULIAN YOWELL,8,8,62,Other / Multi-sector
lobbyist_138272,TIMOTHY DRUMM,3,3,438,Other / Multi-sector
lobbyist_139522,BILL BODE,49,49,62,Other / Multi-sector / Healthcare & Pharma
lobbyist_141773,ETHAN WITT,42,42,62,Other / Multi-sector
lobbyist_141874,JOSHUA PREST,42,42,458,Other / Multi-sector
lobbyist_142147,LEILANI GONZALEZ,48,48,62,Other / Multi-sector
lobbyist_142931,STEPHEN HOFMANN,42,42,515,Other / Multi-sector
lobbyist_145218,GRANT KERR,42,42,62,Other / Multi-sector
lobbyist_147999,CHADWICK CARLOUGH,0,0,62,Other / Multi-sector
lobbyist_149199,JAMES KUNGEL,0,0,62,Other / Multi-sector
lobbyist_149889,CAMERON SEWARD,0,0,62,Other / Multi-sector
lobbyist_51522,C. CANADY,42,42,480,Other / Multi-sector
lobbyist_61308,BENJAMIN MOSELY,42,42,334,Other / Multi-sector
lobbyist_63980,LEE TERRY,4,4,62,Other / Multi-sector
lobbyist_66258,JEFFREY ANDRADE,134,134,62,Other / Multi-sector
lobbyist_66778,DINA ELLIS ROCHKIND,42,42,328,Other / Multi-sector
lobbyist_67568,MARCUS PEACOCK,251,251,62,Other / Multi-sector
lobbyist_69461,ERYN WAGNON,261,261,79,Other / Multi-sector
lobbyist_69727,JOHN DRAKE,250,250,112,Other / Multi-sector
lobbyist_70515,KASEY GILLETTE,253,253,111,Other / Multi-sector
lobbyist_72646,OWEN URECH,169,169,1938,Other / Multi-sector / Healthcare & Pharma
lobbyist_79389,SYDNEY FINCHER,42,42,564,Other / Multi-sector
lobbyist_92855,MICHAEL O'LEARY,42,42,439,Other / Multi-sector
lobbyist_93263,JOHN DONNELLY,42,42,62,Other / Multi-sector
lobbyist_101406,ALEX BEATON,181,181,62,Other / Multi-sector / Energy & Environment
lobbyist_107366,JOHN GASTRIGHT,319,319,1080,Other / Multi-sector / Energy & Environment
lobbyist_117357,BRANDI PENSONEAU,34,34,112,Other / Multi-sector
lobbyist_139135,CLAIRE ONYECHI,3,3,603,Other / Multi-sector
lobbyist_139800,REID DAGUL,18,18,542,Other / Multi-sector
lobbyist_142204,ARIELLE THOMAS,42,42,1585,Other / Multi-sector
lobbyist_144849,ANDREW KORST,266,266,62,Other / Multi-sector
lobbyist_144982,ZACHARY ISAKOWITZ,261,261,761,Other / Multi-sector
lobbyist_146444,CHRISTINA JOLLEY,42,42,2218,Other / Multi-sector
lobbyist_148423,DAVID CLEARY,0,0,62,Other / Multi-sector
lobbyist_148993,SARA PETERS,27,27,62,Other / Multi-sector
lobbyist_149123,RYAN CRUMPLER,42,42,1005,Other / Multi-sector
lobbyist_150345,LAUREN REAMY,0,0,62,Other / Multi-sector
lobbyist_151083,WILLIAM KILLION,216,216,62,Other / Multi-sector / Healthcare & Pharma
lobbyist_36137,ALFONSO POLLARD,42,42,763,Other / Multi-sector
lobbyist_47378,PETER KIRSCH,36,36,1463,Other / Multi-sector
lobbyist_51980,ROBERT MALONEY,228,228,1666,Other / Multi-sector / Agriculture & Food
lobbyist_52691,MARY KUSLER,42,42,1175,Other / Multi-sector
lobbyist_54857,SHELBY HAGENAUER,27,27,62,Other / Multi-sector
lobbyist_68569,MARK MORGAN,181,181,62,Other / Multi-sector / Energy & Environment
lobbyist_70321,SHELLEY SU,42,42,828,Other / Multi-sector
lobbyist_70364,BRENDAN ADAMS,241,241,79,Other / Multi-sector
lobbyist_73070,FRANKLIN HYRE,271,271,62,Other / Multi-sector
lobbyist_90662,STEVEN SILVESTRI,100,100,1971,Other / Multi-sector / Healthcare & Pharma
lobbyist_138340,KASIA WITKOWSKI,185,185,66,Other / Multi-sector
lobbyist_139402,JOEL MILLER,42,42,2333,Other / Multi-sector
lobbyist_142330,WILLIAM PALMER,0,0,62,Other / Multi-sector
lobbyist_144431,NEIL QUINTER,30,30,79,Other / Multi-sector
lobbyist_146932,HEATHER ENDRES,42,42,640,Other / Multi-sector
lobbyist_149886,BLAKE CENTER,216,216,62,Other / Multi-sector / Healthcare & Pharma
lobbyist_150424,JORDAN HAAS,42,42,2234,Other / Multi-sector
lobbyist_150477,SEAN SWEENEY,0,0,62,Other / Multi-sector
lobbyist_61505,NATHANIEL TIPTON,216,216,62,Other / Multi-sector / Healthcare & Pharma
lobbyist_65057,JASON GOGGINS,195,195,62,Other / Multi-sector / Finance & Banking
lobbyist_70074,KYLE GLENN,195,195,62,Other / Multi-sector / Finance & Banking
lobbyist_70562,ELISSA ALBEN,42,42,1077,Other / Multi-sector
lobbyist_71381,MICHAEL BOYD,49,49,62,Other / Multi-sector / Healthcare & Pharma
lobbyist_71749,JOEL ELLIOTT,21,21,62,Other / Multi-sector / Education & Research
lobbyist_71813,DONALD MCINTOSH,251,251,62,Other / Multi-sector
lobbyist_73116,LAUREN VALAINIS,102,102,62,Other / Multi-sector / Energy & Environment
lobbyist_101015,THOMAS MARQUEZ,42,42,1779,Other / Multi-sector
lobbyist_107392,JONATHAN OEHMEN,42,42,1845,Other / Multi-sector
lobbyist_122058,NICOLE BRENER-SCHMITZ,42,42,807,Other / Multi-sector
lobbyist_137906,ALEX WONG,45,45,62,Other / Multi-sector
lobbyist_138552,EDWARD BURGESS,195,195,62,Other / Multi-sector / Finance & Banking
lobbyist_139476,JAMES GREENWOOD,216,216,62,Other / Multi-sector / Healthcare & Pharma
lobbyist_139720,ANDREW SHINE,117,117,438,Other / Multi-sector / Healthcare & Pharma
lobbyist_141493,CHRISTOPHER SMITH,249,249,66,Other / Multi-sector
lobbyist_143356,KRISTEN SHATYNSKI,3,3,62,Other / Multi-sector
lobbyist_147607,TWINKLE PATEL,0,0,62,Other / Multi-sector
lobbyist_148272,DANIEL GOMEZ,0,0,62,Other / Multi-sector
lobbyist_148638,CHRISTOPHER PHALEN,42,42,593,Other / Multi-sector
lobbyist_149007,REED CRADDOCK,42,42,62,Other / Multi-sector
lobbyist_14097,SLADE GORTON,0,0,62,Other / Multi-sector
lobbyist_56597,JAMES HENSLER,42,42,749,Other / Multi-sector
lobbyist_58890,WILLIAM CROZER,0,0,62,Other / Multi-sector
lobbyist_67652,NICK FIMEK,109,109,302,Other / Multi-sector
lobbyist_67726,JESSICA LAWRENCE-VACA,42,42,1442,Other / Multi-sector
lobbyist_67872,ERNEST GONZALEZ,42,42,1329,Other / Multi-sector
lobbyist_68271,CASEY STREET,255,255,79,Other / Multi-sector
lobbyist_68308,KYLE COLEMAN,42,42,1956,Other / Multi-sector
lobbyist_69744,ADAM ELIAS,4,4,1029,Other / Multi-sector
lobbyist_71037,JOSEPH KALMIN,5,5,62,Other / Multi-sector
lobbyist_71072,NATALIE BURKHALTER,167,167,650,Other / Multi-sector
lobbyist_72284,WILLIAM DECARLO,27,27,542,Other / Multi-sector
lobbyist_72950,ELENA BRENNAN,0,0,62,Other / Multi-sector
lobbyist_73251,TAMI PLOFCHAN,42,42,502,Other / Multi-sector
lobbyist_73479,BRIDGET DOBYAN,100,100,62,Other / Multi-sector / Healthcare & Pharma
lobbyist_79250,JESSICA TYSON,42,42,24,Other / Multi-sector
lobbyist_89313,ELIZABETH STEIN,42,42,126,Other / Multi-sector
lobbyist_107190,JILLIEN FLORES,42,42,1841,Other / Multi-sector
lobbyist_114220,UDAI ROHATGI,242,242,62,Other / Multi-sector / Energy & Environment
lobbyist_121038,MIMI BRANIFF,42,42,344,Other / Multi-sector
lobbyist_138150,SARA BARBA,34,34,302,Other / Multi-sector
lobbyist_138745,BRIAN LOOSER,3,3,62,Other / Multi-sector
lobbyist_140816,PIERSON STOECKLEIN,42,42,62,Other / Multi-sector
lobbyist_141456,ADAM BERG,0,0,62,Other / Multi-sector
lobbyist_141842,MARY DIETRICH,227,227,621,Other / Multi-sector / Energy & Environment
lobbyist_143723,CHARLES DYJAK,215,215,438,Other / Multi-sector
lobbyist_145701,AMY RUTKIN,163,163,62,Other / Multi-sector
lobbyist_147216,JASON SWINSON,8,8,62,Other / Multi-sector
lobbyist_150302,JEAN ROEHRENBECK,19,19,556,Other / Multi-sector
lobbyist_20884,DIANN HOWLAND,42,42,830,Other / Multi-sector
lobbyist_35887,PAGE KRANBUHL,216,216,62,Other / Multi-sector / Healthcare & Pharma
lobbyist_45141,ROBERT KAPLA,0,0,62,Other / Multi-sector
lobbyist_57181,ELENA TOMPKINS,216,216,62,Other / Multi-sector / Healthcare & Pharma
lobbyist_61702,DAVID LEE,216,216,62,Other / Multi-sector / Healthcare & Pharma
lobbyist_66323,RYAN KAAT,167,167,2331,Other / Multi-sector
lobbyist_67099,DERRON PARKS,360,360,111,Other / Multi-sector
lobbyist_70510,DUANE SIMPSON,253,253,111,Other / Multi-sector
lobbyist_70514,RICK KENDUST,42,42,1258,Other / Multi-sector
lobbyist_70833,JOHN VERSAGGI,239,239,716,Other / Multi-sector / Healthcare & Pharma
lobbyist_71671,MEGAN SCHNEIDER,24,24,132,Other / Multi-sector
lobbyist_103538,RACHELLE CELEBREZZE,42,42,1121,Other / Multi-sector
lobbyist_116242,ERIK FLODEN,2,2,62,Other / Multi-sector
lobbyist_138463,ADAM SALERNO,53,53,438,Other / Multi-sector
lobbyist_139306,ELIZABETH (LIZ) BANICKI,21,21,62,Other / Multi-sector / Education & Research
lobbyist_139317,TREVOR JONES,42,42,883,Other / Multi-sector
lobbyist_139546,CHRISTOPHER HOWELL,185,185,66,Other / Multi-sector
lobbyist_140218,JAMES CHRISTOFERSON,42,42,1043,Other / Multi-sector
lobbyist_140753,STEVEN PETERSEN,42,42,1994,Other / Multi-sector
lobbyist_140841,DIVIJ PANDYA,195,195,62,Other / Multi-sector / Finance & Banking
lobbyist_141371,JOSEPH LASALLE,308,308,111,Other / Multi-sector / Technology & Telecom
lobbyist_143427,AARON CUMMINGS,0,0,62,Other / Multi-sector
lobbyist_144605,ANDREW HASEK,42,42,62,Other / Multi-sector
lobbyist_147092,KELSEY CONRADI,360,360,111,Other / Multi-sector
lobbyist_148096,ADAM YEZERSKI,0,0,62,Other / Multi-sector
lobbyist_148246,NICK IAROSSI,0,0,62,Other / Multi-sector
lobbyist_148999,ANDREW HOGIN,115,115,62,Other / Multi-sector
lobbyist_151175,EMMA DOYLE,155,155,62,Other / Multi-sector
lobbyist_8719,EDWARD EDENS,42,42,1054,Other / Multi-sector
lobbyist_39233,DENA SHER,104,104,821,Other / Multi-sector / Healthcare & Pharma
lobbyist_56432,STEVEN CRANE,0,0,62,Other / Multi-sector
lobbyist_63588,SAMANTHA MARTIN,0,0,62,Other / Multi-sector
lobbyist_65986,SHELLEY LANDRY,25,25,1667,Other / Multi-sector
lobbyist_68283,WENDY SUSSMAN,35,35,62,Other / Multi-sector / Healthcare & Pharma
lobbyist_69920,JESSICA JACOBY LEMOS,216,216,79,Other / Multi-sector / Healthcare & Pharma
lobbyist_70069,DARRIN MUNOZ,48,48,2164,Other / Multi-sector
lobbyist_70581,JOHN MASON,24,24,795,Other / Multi-sector
lobbyist_71384,ELIZABETH THOMAS,157,157,66,Other / Multi-sector / Education & Research
lobbyist_71778,ROSEMARIE LUTTENBERGER,178,178,542,Other / Multi-sector
lobbyist_73155,PHILIP NEWMAN,122,122,62,Other / Multi-sector
lobbyist_73467,TRACE ROLLER,126,126,598,Other / Multi-sector
lobbyist_78118,KAITLYN LANE,216,216,112,Other / Multi-sector / Healthcare & Pharma
lobbyist_92665,EMILY SHETTY,42,42,1708,Other / Multi-sector
lobbyist_103803,MARTA MCLELLAN ROSS,24,24,1670,Other / Multi-sector
lobbyist_108345,AMANDA KASPER,42,42,62,Other / Multi-sector
lobbyist_139656,JOCELYN ULRICH,167,167,175,Other / Multi-sector
lobbyist_139754,ANTHONY LEMMA,113,113,62,Other / Multi-sector
lobbyist_139909,KATIE PEAKE,5,5,62,Other / Multi-sector
lobbyist_141739,LADAN AHMADI,195,195,62,Other / Multi-sector / Finance & Banking
lobbyist_145324,STEVEN BALES,192,192,425,Other / Multi-sector / Agriculture & Food
lobbyist_145630,ADAM WILCZEWSKI,42,42,971,Other / Multi-sector
lobbyist_149070,JACOB HOCHBERG,102,102,62,Other / Multi-sector / Energy & Environment
lobbyist_149092,MICHAEL HAYES,0,0,62,Other / Multi-sector
lobbyist_149700,GRACE BODWELL,42,42,62,Other / Multi-sector
lobbyist_43633,WALTER SANDERS,42,42,1888,Other / Multi-sector
lobbyist_48294,AMANDA NEELY,48,48,62,Other / Multi-sector
lobbyist_50704,JEFFREY BENSING,134,134,62,Other / Multi-sector
lobbyist_57783,MICHAEL GRUBER,260,260,79,Agriculture & Food / Other / Multi-sector
lobbyist_65231,RUSS MOLLOY,42,42,1246,Other / Multi-sector
lobbyist_66957,JENNIFER DALE,42,42,255,Other / Multi-sector
lobbyist_67027,JOHN HEBERT,46,46,603,Other / Multi-sector
lobbyist_67676,ARIANA REKS,67,67,62,Other / Multi-sector
lobbyist_68492,DAN KRAMER,195,195,532,Other / Multi-sector / Finance & Banking
lobbyist_68556,ROGER SHERMAN,42,42,711,Other / Multi-sector
lobbyist_68874,KATHY MITCHELL,42,42,62,Other / Multi-sector
lobbyist_69016,DONALD ITZKOFF,72,72,197,Other / Multi-sector
lobbyist_70458,BRODERICK JOHNSON,318,318,62,Other / Multi-sector
lobbyist_72887,CHRISTOPHER YIANILOS,72,72,64,Other / Multi-sector
lobbyist_73501,JULIA SMITH,179,179,62,Other / Multi-sector / Education & Research
lobbyist_76528,ANDRES DHOKAI,42,42,2135,Other / Multi-sector
lobbyist_86804,HANNA ABOU-EL-SEOUD,42,42,845,Other / Multi-sector
lobbyist_94687,TAYLOR ARMENTROUT,318,318,875,Other / Multi-sector
lobbyist_100885,JONATHON FREYE,242,242,168,Other / Multi-sector / Energy & Environment
lobbyist_107639,CAMERON KRIER MASSEY,3,3,1179,Other / Multi-sector
lobbyist_109328,KIMBERLY BEER,42,42,762,Other / Multi-sector
lobbyist_116240,BRIAN SCHAFFNER,220,220,62,Other / Multi-sector
lobbyist_119678,JAELON MOANEY,42,42,2187,Other / Multi-sector
lobbyist_135064,BRAD QUEISSER,42,42,62,Other / Multi-sector
lobbyist_139332,ROBERT WARBINTON,216,216,112,Other / Multi-sector / Healthcare & Pharma
lobbyist_141349,LAURA PINSKY,42,42,460,Other / Multi-sector
lobbyist_144001,BRETT GIBSON,14,14,62,Other / Multi-sector
lobbyist_144800,MATTHEW BISENIUS,241,241,79,Other / Multi-sector
lobbyist_144979,ALEXIS ANICAMA,41,41,62,Other / Multi-sector
lobbyist_145221,LUKE SULLIVAN,42,42,62,Other / Multi-sector
lobbyist_147650,MARK BURNS,152,152,62,Other / Multi-sector
lobbyist_150520,JIMMY PEACOCK,0,0,62,Other / Multi-sector
lobbyist_11030,WARREN MARUYAMA,4,4,62,Other / Multi-sector
lobbyist_41562,GEORGE CRAWFORD,0,0,62,Other / Multi-sector
lobbyist_54835,ROBERT SCHELLHAS,4,4,62,Other / Multi-sector
lobbyist_55837,THOMAS STOHLER,30,30,62,Other / Multi-sector
lobbyist_64140,JERE GLOVER,42,42,378,Other / Multi-sector
lobbyist_64666,BRIAN REARDON,34,34,302,Other / Multi-sector
lobbyist_64747,JANELLE DILUCCIA,42,42,677,Other / Multi-sector
lobbyist_65924,SARAH HAMLETT,3,3,62,Other / Multi-sector
lobbyist_66448,TYLER COWARD,42,42,2352,Other / Multi-sector
lobbyist_67629,ADO MACHIDA,0,0,62,Other / Multi-sector
lobbyist_68742,ROBERT HOFFMAN,181,181,62,Other / Multi-sector / Energy & Environment
lobbyist_69356,THEDA KHRESTIN,42,42,1659,Other / Multi-sector
lobbyist_69473,JONATHAN SCHWEPPE,42,42,1761,Other / Multi-sector
lobbyist_70312,KEVIN RYAN,109,109,62,Other / Multi-sector
lobbyist_71132,AMENA ROSS,34,34,111,Other / Multi-sector
lobbyist_72102,BRETT TOLMAN,127,127,62,Other / Multi-sector / Legal & Lobbying
lobbyist_78965,MARY GAYDOS,134,134,633,Other / Multi-sector
lobbyist_85789,JARED STOUT,5,5,62,Other / Multi-sector
lobbyist_93467,TRISTAN BREAUX,24,24,62,Other / Multi-sector
lobbyist_95974,JULIE BABAYAN,138,138,1889,Other / Multi-sector
lobbyist_108834,JED PERRY,104,104,62,Other / Multi-sector / Healthcare & Pharma
lobbyist_139208,EBBIE YAZDANI,21,21,79,Other / Multi-sector / Education & Research
lobbyist_139409,NICHOLAS LISOWSKI,167,167,1431,Other / Multi-sector
lobbyist_139436,JUSTIN LIVESEY,4,4,603,Other / Multi-sector
lobbyist_139499,DANIEL JENSEN,42,42,781,Other / Multi-sector
lobbyist_140774,CHRISTOPHER LYDON,42,42,791,Other / Multi-sector
lobbyist_141393,JELANI MURRAIN,42,42,2092,Other / Multi-sector
lobbyist_147277,RICHARD WARD,174,174,62,Other / Multi-sector
lobbyist_150852,KATHERINE WOOD,250,250,112,Other / Multi-sector
lobbyist_22268,WILLIAM OWEN,42,42,644,Other / Multi-sector
lobbyist_64864,SUZANNE BENTZEL,158,158,2312,Other / Multi-sector / Energy & Environment
lobbyist_65460,PETER HENRY,105,105,1032,Other / Multi-sector
lobbyist_66600,LAUREN COWLES,8,8,62,Other / Multi-sector
lobbyist_67339,DONALD LARSON,42,42,1122,Other / Multi-sector
lobbyist_67416,MARY GRACE SCHLEY,42,42,248,Other / Multi-sector
lobbyist_68372,DANIEL HARDER,42,42,1284,Other / Multi-sector
lobbyist_69956,WILLIAM T. IRBY,42,42,544,Other / Multi-sector
lobbyist_70322,SAMANTHA CLARK,36,36,62,Other / Multi-sector
lobbyist_70369,MADISON STRADER,67,67,62,Other / Multi-sector
lobbyist_70597,LADAVIA DRANE,185,185,66,Other / Multi-sector
lobbyist_70945,CAMILLE COOPER,294,294,427,Other / Multi-sector
lobbyist_73276,BENJAMIN MASON,239,239,62,Other / Multi-sector / Healthcare & Pharma
lobbyist_83909,NATHAN MORRIS,250,250,112,Other / Multi-sector
lobbyist_85533,TIMOTHY DELGIUDICE,53,53,438,Other / Multi-sector
lobbyist_98815,YUJIN LEE,216,216,112,Other / Multi-sector / Healthcare & Pharma
lobbyist_100433,DUSTIN DAVIDSON,151,151,1304,Other / Multi-sector
lobbyist_100915,ANDREA RICCIO,216,216,62,Other / Multi-sector / Healthcare & Pharma
lobbyist_112885,JOHN NAPPI,167,167,288,Other / Multi-sector
lobbyist_137985,RONALD RICE,42,42,941,Other / Multi-sector
lobbyist_138151,GRANT BERKSHIRE,42,42,302,Other / Multi-sector
lobbyist_138404,MATTHEW SOWARDS,84,84,79,Other / Multi-sector
lobbyist_139303,ANNA JONES,165,165,62,Other / Multi-sector / Government & Nonprofit
lobbyist_139310,KATIE KENTFIELD HILL,161,161,62,Other / Multi-sector / Transportation & Auto
lobbyist_141351,DAVID HONG,89,89,62,Other / Multi-sector
lobbyist_141391,ERIK PRINCE,149,149,62,Technology & Telecom / Other / Multi-sector
lobbyist_143080,BRUCE HEINE,42,42,914,Other / Multi-sector
lobbyist_143891,LAUREN MCGRATH CONABOY,42,42,213,Other / Multi-sector
lobbyist_145929,ERIN WALDRON,42,42,1426,Other / Multi-sector
lobbyist_145931,STEPHEN COFFEY,5,5,676,Other / Multi-sector
lobbyist_146746,KARA SHEEHAN,183,183,847,Other / Multi-sector / Healthcare & Pharma
lobbyist_149059,CHRIS STEWART,42,42,1039,Other / Multi-sector
lobbyist_150135,JOHN BARSA,42,42,62,Other / Multi-sector
lobbyist_150435,NINIO FETALVO,3,3,62,Other / Multi-sector
lobbyist_150558,CAITLIN KOVALKOSKI,0,0,62,Other / Multi-sector
lobbyist_151903,HOLT EDWARDS,0,0,62,Other / Multi-sector
lobbyist_53398,SHEILA WALCOFF,3,3,991,Other / Multi-sector
lobbyist_55986,KAREN THURMAN,216,216,667,Other / Multi-sector / Healthcare & Pharma
lobbyist_57555,SHANA CHRISTRUP,3,3,62,Other / Multi-sector
lobbyist_67257,BRIAN HEINDL,113,113,47,Other / Multi-sector
lobbyist_70332,LAURA SCHROEDER,308,308,79,Other / Multi-sector / Technology & Telecom
lobbyist_70690,RACHAEL MARX,67,67,62,Other / Multi-sector
lobbyist_70841,CHANIN NUNTAVONG,8,8,79,Other / Multi-sector
lobbyist_71875,MAGGIE GAGE,42,42,253,Other / Multi-sector
lobbyist_71909,DAVID HANKE,0,0,62,Other / Multi-sector
lobbyist_72062,KRISTEN RAGER,42,42,1762,Other / Multi-sector
lobbyist_73248,MORLEY GREENE,42,42,2194,Other / Multi-sector
lobbyist_106078,RYAN EHLY,42,42,661,Other / Multi-sector
lobbyist_113234,AKSHAI DATTA,42,42,1055,Other / Multi-sector
lobbyist_138931,RYAN BOWLEY,42,42,226,Other / Multi-sector
lobbyist_139143,BRAD GREENBERG,24,24,1670,Other / Multi-sector
lobbyist_139460,WILLIAM WEBER,264,264,91,Other / Multi-sector
lobbyist_139602,MINI TIMMARAJU,266,266,62,Other / Multi-sector
lobbyist_144247,ALEXANDRE FORD,42,42,1119,Other / Multi-sector
lobbyist_145060,ZACHARY SCHULZ,3,3,62,Other / Multi-sector
lobbyist_145084,MATTHEW KEENAN,266,266,62,Other / Multi-sector
lobbyist_145778,NEIL SIMON,42,42,971,Other / Multi-sector
lobbyist_146291,EVAN VIAU,109,109,2296,Other / Multi-sector
lobbyist_151058,JACKSON HOUSE,0,0,62,Other / Multi-sector
lobbyist_151219,BLAKE THELANDER,0,0,62,Other / Multi-sector
lobbyist_151316,ALLEN WATSON,42,42,1552,Other / Multi-sector
lobbyist_151499,MACKIE TATE TYGART,6,6,62,Other / Multi-sector
lobbyist_13226,MARJORIE PRICE,42,42,163,Other / Multi-sector
lobbyist_29313,J HOWLETT,42,42,163,Other / Multi-sector
lobbyist_50589,MICHAEL BEARD,89,89,62,Other / Multi-sector
lobbyist_58401,COREY WILLIAMS,42,42,776,Other / Multi-sector
lobbyist_60590,SARA STRUWE,216,216,1896,Other / Multi-sector / Healthcare & Pharma
lobbyist_64815,BRITTANY MEYER,42,42,2207,Other / Multi-sector
lobbyist_66304,BEN PENDERGRASS,42,42,680,Other / Multi-sector
lobbyist_67400,CHARLES BRERETON,3,3,62,Other / Multi-sector
lobbyist_68038,MICHAEL MARSH,42,42,1605,Other / Multi-sector
lobbyist_70457,JOHN BEZDEK,42,42,1573,Other / Multi-sector
lobbyist_71601,CHRISTOPHER GARCIA,42,42,1661,Other / Multi-sector
lobbyist_71839,ADAM FROMM,257,257,66,Other / Multi-sector / Energy & Environment
lobbyist_72841,THOMAS SHEEHY,42,42,2142,Other / Multi-sector
lobbyist_98733,WENDY KIRCHOFF,42,42,318,Other / Multi-sector
lobbyist_115362,NICHOLAS FLOCKEN,42,42,683,Other / Multi-sector
lobbyist_121710,ALEXANDER ROOT,42,42,62,Other / Multi-sector
lobbyist_122436,DANIEL SAKURA,42,42,360,Other / Multi-sector
lobbyist_138487,PATRICK DONOVAN,42,42,1740,Other / Multi-sector
lobbyist_139435,ELLICIA SANCHEZ,42,42,1036,Other / Multi-sector
lobbyist_139700,SCOTT WILSON,208,208,62,Other / Multi-sector / Technology & Telecom
lobbyist_140538,CHELSEA ARNONE,282,282,1540,Other / Multi-sector / Healthcare & Pharma
lobbyist_140597,MICHAEL DOWNING,42,42,386,Other / Multi-sector
lobbyist_140782,DUSTIN VAUGHAN,42,42,62,Other / Multi-sector
lobbyist_140867,DONALD WALLER,42,42,2049,Other / Multi-sector
lobbyist_143999,SCOTT HOMMEL,42,42,62,Other / Multi-sector
lobbyist_147210,REBECCA HEILIG LIRA,42,42,1535,Other / Multi-sector
lobbyist_147723,JENNIFER NEUSCHELER,8,8,62,Other / Multi-sector
lobbyist_147943,ADAM PUGH,18,18,542,Other / Multi-sector
lobbyist_149172,PRESCOTT MARTIN,6,6,62,Other / Multi-sector
lobbyist_150421,CRAIG CARBONE,0,0,62,Other / Multi-sector
lobbyist_42799,NILS JOHNSON,42,42,62,Other / Multi-sector
lobbyist_59405,PUNEET VERMA,322,322,1046,Other / Multi-sector
lobbyist_59661,MICHAEL CORREIA,42,42,968,Other / Multi-sector
lobbyist_62519,JACQUELINE QUINONES,276,276,542,Other / Multi-sector
lobbyist_65046,BETH LUDWIG,48,48,79,Other / Multi-sector
lobbyist_67266,GREGORY DAHLBERG,42,42,70,Other / Multi-sector
lobbyist_68460,NATHANIEL NORRIS,80,80,62,Other / Multi-sector
lobbyist_69738,GARRETT BESS,266,266,454,Other / Multi-sector
lobbyist_72044,CICELY SIMPSON,42,42,475,Other / Multi-sector
lobbyist_101019,JACLYN JESTER,42,42,227,Other / Multi-sector
lobbyist_102108,FAITH CRISTOL,183,183,603,Other / Multi-sector / Healthcare & Pharma
lobbyist_105641,MIRANDA STRONG,42,42,2334,Other / Multi-sector
lobbyist_106114,ERIC FELDMAN,4,4,62,Other / Multi-sector
lobbyist_113186,CHARLES BOLDEN,23,23,361,Other / Multi-sector / Energy & Environment
lobbyist_113723,SHANNON WU,94,94,438,Other / Multi-sector
lobbyist_114126,NICHOLAS XENAKIS,0,0,62,Other / Multi-sector
lobbyist_114481,JENNIFER TYLER,42,42,766,Other / Multi-sector
lobbyist_138979,MICHAEL BLOOMQUIST,42,42,1038,Other / Multi-sector
lobbyist_139417,KARA ADAME,24,24,62,Other / Multi-sector
lobbyist_140185,MEGHAN PEARCE,21,21,79,Other / Multi-sector / Education & Research
lobbyist_140234,ANDREW VOGT,3,3,62,Other / Multi-sector
lobbyist_141320,MAGGIE WOODIN,250,250,112,Other / Multi-sector
lobbyist_141639,JESSICA MOORE,257,257,66,Other / Multi-sector / Energy & Environment
lobbyist_141759,CISSY JACKSON,67,67,62,Other / Multi-sector
lobbyist_142494,KRISTINA KO,94,94,1070,Other / Multi-sector
lobbyist_147067,CATHERINE FUCHS,195,195,62,Other / Multi-sector / Finance & Banking
lobbyist_151407,PATRICK FLOOD,8,8,62,Other / Multi-sector
lobbyist_42531,MARGARET GARRETT,104,104,821,Other / Multi-sector / Healthcare & Pharma
lobbyist_55440,MICHELE WYMER,67,67,62,Other / Multi-sector
lobbyist_59013,LAWRENCE NAVIN,42,42,2371,Other / Multi-sector
lobbyist_67334,JOCELYN ZIEMIAN,67,67,1063,Other / Multi-sector
lobbyist_68173,DANIELLE BURR,25,25,181,Other / Multi-sector
lobbyist_68969,MARK AITKEN,318,318,62,Other / Multi-sector
lobbyist_69439,COURTNEY HOUSTON-CARTER,126,126,2229,Other / Multi-sector
lobbyist_69575,ALLEN JAMERSON,42,42,138,Other / Multi-sector
lobbyist_70328,KEVIN KLEIN,42,42,1212,Other / Multi-sector
lobbyist_72512,STEPHEN CLAEYS,42,42,1159,Other / Multi-sector
lobbyist_73963,STEFANIE DEARIE,308,308,975,Other / Multi-sector / Technology & Telecom
lobbyist_79175,JOSH JORGENSEN,334,334,44,Other / Multi-sector / Healthcare & Pharma
lobbyist_79394,ANNE ESPOSITO,167,167,673,Other / Multi-sector
lobbyist_79820,KATIE MADDOCKS,42,42,2171,Other / Multi-sector
lobbyist_89314,THOMAS BOWMAN,42,42,989,Other / Multi-sector
lobbyist_92102,REBEKAH ARMSTRONG,117,117,438,Other / Multi-sector / Healthcare & Pharma
lobbyist_92757,JENNIFER CAREY,49,49,62,Other / Multi-sector / Healthcare & Pharma
lobbyist_96988,PAUL GAGE,167,167,118,Other / Multi-sector
lobbyist_98414,KEVIN KANE,207,207,438,Other / Multi-sector
lobbyist_102616,ALLISON REILLY,261,261,79,Other / Multi-sector
lobbyist_106502,LEM SMITH,42,42,1197,Other / Multi-sector
lobbyist_107194,BRIAN SIMON,152,152,841,Other / Multi-sector
lobbyist_107363,JAMES O'NEILL,42,42,177,Other / Multi-sector
lobbyist_108477,SKYLAR SOWDER,321,321,285,Other / Multi-sector / Agriculture & Food
lobbyist_138026,MARK GALLAGHER,42,42,2303,Other / Multi-sector
lobbyist_139066,SARAH MINEIRO,5,5,1437,Other / Multi-sector
lobbyist_139072,TERENCE MCCULLEY,42,42,62,Other / Multi-sector
lobbyist_139361,PEGGY RAMIN,42,42,390,Other / Multi-sector
lobbyist_139398,ALEXANDRA TRAN,21,21,62,Other / Multi-sector / Education & Research
lobbyist_140344,CORY BULLOCK,8,8,836,Other / Multi-sector
lobbyist_140652,KATHERINA DIMENSTEIN,42,42,1280,Other / Multi-sector
lobbyist_141223,ANDREW OKUYIGA,42,42,1842,Other / Multi-sector
lobbyist_143729,WILLIAM DUHNKE,0,0,62,Other / Multi-sector
lobbyist_144960,KIMBERLY LOVE,3,3,62,Other / Multi-sector
lobbyist_145936,JAMIYL PETERS,42,42,1119,Other / Multi-sector
lobbyist_146059,JOHN NORTHINGTON,0,0,62,Other / Multi-sector
lobbyist_146290,ALYSON SINCAVAGE,109,109,533,Other / Multi-sector
lobbyist_146972,ADRIELLE CHURCHILL WIESE,8,8,62,Other / Multi-sector
lobbyist_147155,ALEXANDRA KING,8,8,1029,Other / Multi-sector
lobbyist_149372,ALEXANDRA FOLEY,42,42,1678,Other / Multi-sector
lobbyist_150663,JUAN BUHIGAS PALINKASEV,8,8,62,Other / Multi-sector
lobbyist_151063,DAVID HEITLINGER,8,8,1319,Other / Multi-sector
lobbyist_4416,LAURA LINDERMAN BARKER,95,95,222,Other / Multi-sector
lobbyist_57029,RYAN ROBICHAUX,42,42,358,Other / Multi-sector
lobbyist_65063,MICHAEL STALEY,216,216,1264,Other / Multi-sector / Healthcare & Pharma
lobbyist_66071,DALE NELLOR,343,343,1335,Other / Multi-sector
lobbyist_67508,MATT BECKWITH,42,42,1463,Other / Multi-sector
lobbyist_67608,PETER KLENSCH,21,21,433,Other / Multi-sector / Education & Research
lobbyist_69774,CATHERINE ROBINSON,42,42,703,Other / Multi-sector
lobbyist_70189,ALISON ESQUEA,117,117,109,Other / Multi-sector / Healthcare & Pharma
lobbyist_70777,CATHERINE MEIER,42,42,2067,Other / Multi-sector
lobbyist_71417,ALEXANDER HUTKIN,267,267,62,Other / Multi-sector
lobbyist_72227,STEVE GONZALEZ,306,306,944,Education & Research / Other / Multi-sector
lobbyist_72550,ERIN NEILL,181,181,62,Other / Multi-sector / Energy & Environment
lobbyist_72618,ROBERT MINEHART,5,5,932,Other / Multi-sector
lobbyist_72790,ARNAB DATTA,42,42,819,Other / Multi-sector
lobbyist_74191,JOHN TANNER,127,127,62,Other / Multi-sector / Legal & Lobbying
lobbyist_93387,LARRY PUCCIO,78,78,117,Other / Multi-sector / Energy & Environment
lobbyist_107189,ANGEL MOORE,78,78,117,Other / Multi-sector / Energy & Environment
lobbyist_138081,HEBA ABDELAAL,42,42,1319,Other / Multi-sector
lobbyist_139185,JORDAN BONFITTO,42,42,1136,Other / Multi-sector
lobbyist_139333,MICHAEL O'REILLY,42,42,1858,Other / Multi-sector
lobbyist_139631,ANDRES BASCUMBE,42,42,2387,Other / Multi-sector
lobbyist_139712,AMY MURPHY,25,25,62,Other / Multi-sector
lobbyist_145330,NICHOLAS STEWART,331,331,79,Other / Multi-sector
lobbyist_147417,JENNESS SIMLER,42,42,62,Other / Multi-sector
lobbyist_149054,PETER LEWIS,95,95,62,Other / Multi-sector
lobbyist_149207,THOMAS WOTKA,0,0,62,Other / Multi-sector
lobbyist_150662,AUSTIN GAGE,152,152,62,Other / Multi-sector
lobbyist_2567,ED REDFERN,42,42,465,Other / Multi-sector
lobbyist_55721,MICHAEL TELSON,42,42,2395,Other / Multi-sector
lobbyist_56351,DENISE EDWARDS,138,138,62,Other / Multi-sector
lobbyist_62273,KEITH NELSON,42,42,62,Other / Multi-sector
lobbyist_62627,KATHERINE ANDERSON,0,0,62,Other / Multi-sector
lobbyist_64796,SARAH ABERNATHY,21,21,62,Other / Multi-sector / Education & Research
lobbyist_66833,CYNTHIA BENS,42,42,2118,Other / Multi-sector
lobbyist_67118,JENNIFER PODKUL,308,308,79,Other / Multi-sector / Technology & Telecom
lobbyist_67120,CORY SHINDEL,308,308,79,Other / Multi-sector / Technology & Telecom
lobbyist_67263,PHILIP KLEIN,42,42,2301,Other / Multi-sector
lobbyist_69750,ALICIA HENNIE,42,42,738,Other / Multi-sector
lobbyist_70840,JUAN RANGEL,78,78,542,Other / Multi-sector / Energy & Environment
lobbyist_70994,JERRY WHITE,3,3,438,Other / Multi-sector
lobbyist_71425,CHRISTINE CASTILLO,145,145,79,Other / Multi-sector / Education & Research
lobbyist_72508,GWEN FLEMING,238,238,62,Other / Multi-sector / Energy & Environment
lobbyist_72634,ANGELA ARBOLEDA,24,24,210,Other / Multi-sector
lobbyist_72891,ERIN MCCONNELL,42,42,50,Other / Multi-sector
lobbyist_73293,WAYNE KING,42,42,62,Other / Multi-sector
lobbyist_86517,MEGHAN MCNAMARA,49,49,62,Other / Multi-sector / Healthcare & Pharma
lobbyist_92487,KATHRYN VERONA,42,42,894,Other / Multi-sector
lobbyist_99232,WILL YEPEZ,188,188,66,Other / Multi-sector / Education & Research
lobbyist_120628,JASON KLEINMAN,94,94,438,Other / Multi-sector
lobbyist_121775,PETE GIAMBASTIANI,257,257,66,Other / Multi-sector / Energy & Environment
lobbyist_123757,PETER LEPSCH,42,42,1652,Other / Multi-sector
lobbyist_137891,DAVID GRIMALDI,42,42,1488,Other / Multi-sector
lobbyist_141448,GREGORY WILCOXEN,42,42,1370,Other / Multi-sector
lobbyist_142564,BETSY FLORES,343,343,62,Other / Multi-sector
lobbyist_144071,JEANNETTE WINDON,42,42,368,Other / Multi-sector
lobbyist_144599,KARIN JACOBY,42,42,62,Other / Multi-sector
lobbyist_145631,RAUL ALVILLAR,42,42,971,Other / Multi-sector
lobbyist_145870,RICHARD VAN BUREN,3,3,62,Other / Multi-sector
lobbyist_146566,MARGARET MANNION,30,30,66,Other / Multi-sector
lobbyist_146963,ZACHARY SPENCER,115,115,1144,Other / Multi-sector
lobbyist_147533,LAURA KENT,3,3,669,Other / Multi-sector
lobbyist_149658,JACK SCHULER,5,5,62,Other / Multi-sector
lobbyist_150689,JARED KARBOWSKY,42,42,1564,Other / Multi-sector
lobbyist_150909,LINDSEY SEIDMAN,0,0,62,Other / Multi-sector
lobbyist_414,RAYMOND NATTER,155,155,111,Other / Multi-sector
lobbyist_10468,ALFONSE D'AMATO,0,0,79,Other / Multi-sector
lobbyist_15445,SCOTT MCCANDLESS,34,34,62,Other / Multi-sector
lobbyist_44346,JOHN TRUMBORE,146,146,206,Other / Multi-sector / Energy & Environment
lobbyist_49298,KIMBERLY GREEN,42,42,1270,Other / Multi-sector
lobbyist_55161,JAMES GAUTHIER,5,5,62,Other / Multi-sector
lobbyist_56466,CAROLINE ELIASSEN,184,184,66,Other / Multi-sector / Legal & Lobbying
lobbyist_57142,THOMAS HEBERT,42,42,1292,Other / Multi-sector
lobbyist_59869,SUNIL MANSUKHANI,42,42,62,Other / Multi-sector
lobbyist_67034,PORTIA REDDICK WHITE,42,42,1817,Other / Multi-sector
lobbyist_67302,PETER HERZOG,42,42,835,Other / Multi-sector
lobbyist_68148,ALLISON KENNEDY,27,27,534,Other / Multi-sector
lobbyist_68210,CRYSTAL MARTINEZ,145,145,79,Other / Multi-sector / Education & Research
lobbyist_69188,TOM MCDONALD,42,42,333,Other / Multi-sector
lobbyist_72344,ALEXIS AAFEDT,42,42,1648,Other / Multi-sector
lobbyist_73221,ANDREW FISHER,42,42,1204,Other / Multi-sector
lobbyist_80292,PRESTON RUTLEDGE,42,42,62,Other / Multi-sector
lobbyist_92663,GRANT GARDNER,175,175,79,Other / Multi-sector
lobbyist_99818,LEON BUCK,240,240,66,Other / Multi-sector / Technology & Telecom
lobbyist_113050,ROBERT BISSEN,21,21,438,Other / Multi-sector / Education & Research
lobbyist_113733,MEGHAN STRINGER,117,117,438,Other / Multi-sector / Healthcare & Pharma
lobbyist_137871,BRADLEY MANNION,21,21,438,Other / Multi-sector / Education & Research
lobbyist_138025,TOBY MCGRATH,42,42,578,Other / Multi-sector
lobbyist_138693,KEVIN WASHINGTON,42,42,1163,Other / Multi-sector
lobbyist_139524,ERIK JOHNSON,42,42,852,Other / Multi-sector
lobbyist_139775,HILARY HALPERN,42,42,1887,Other / Multi-sector
lobbyist_139854,JILIAN SOUZA,24,24,1662,Other / Multi-sector
lobbyist_139867,MATT GRINNEY,34,34,111,Other / Multi-sector
lobbyist_140002,INDIA MCKINNEY,42,42,136,Other / Multi-sector
lobbyist_140745,CHARLYN STANBERRY,42,42,1278,Other / Multi-sector
lobbyist_141471,JAYMI LIGHT,42,42,1188,Other / Multi-sector
lobbyist_143291,ALISA CASAVANT,100,100,2288,Other / Multi-sector / Healthcare & Pharma
lobbyist_146060,ANDREA ZUNIGA,42,42,751,Other / Multi-sector
lobbyist_146962,SEAN FINNERTY,23,23,62,Other / Multi-sector / Energy & Environment
lobbyist_147622,CHRISTOPHER MILES,239,239,62,Other / Multi-sector / Healthcare & Pharma
lobbyist_147641,KEITH STERN,0,0,62,Other / Multi-sector
lobbyist_148055,BRETT BAILEY,42,42,1805,Other / Multi-sector
lobbyist_148288,JESSICA STEFFENS,8,8,62,Other / Multi-sector
lobbyist_148857,MIMI BAIR,3,3,62,Other / Multi-sector
lobbyist_149543,ALEJANDRO CISNEROS,4,4,62,Other / Multi-sector
lobbyist_22888,GEORGE HOCHBRUECKNER,42,42,1532,Other / Multi-sector
lobbyist_29801,LINDSAY MCLAUGHLIN,188,188,783,Other / Multi-sector / Education & Research
lobbyist_43153,ABIGAIL BLUNT,241,241,79,Other / Multi-sector
lobbyist_43188,ELISABETH ROSS,42,42,542,Other / Multi-sector
lobbyist_55368,KELLY REED,67,67,79,Other / Multi-sector
lobbyist_57769,RICHARD KAELIN,42,42,1154,Other / Multi-sector
lobbyist_57779,RON PHILLIPS,42,42,1860,Other / Multi-sector
lobbyist_58977,ALEXANDER SHIVELY,42,42,957,Other / Multi-sector
lobbyist_61690,STACIA STANEK,67,67,79,Other / Multi-sector
lobbyist_61778,DORA HUGHES,216,216,62,Other / Multi-sector / Healthcare & Pharma
lobbyist_64797,JOHN NEWTON,228,228,542,Other / Multi-sector / Agriculture & Food
lobbyist_65846,SARA SINGLETON,3,3,62,Other / Multi-sector
lobbyist_66360,LUCAS TOMANELLI,253,253,111,Other / Multi-sector
lobbyist_68023,TREVOR PEARSON,115,115,542,Other / Multi-sector
lobbyist_68268,MICHAEL DANIELS,303,303,595,Other / Multi-sector / Technology & Telecom
lobbyist_69117,EMMETT O'KEEFE,269,269,62,Other / Multi-sector
lobbyist_69435,VIRGINIA ZIGRAS,5,5,2346,Other / Multi-sector
lobbyist_69897,JOHN RAYBURN,85,85,244,Other / Multi-sector / Healthcare & Pharma
lobbyist_70970,ADAM BRAND,42,42,2003,Other / Multi-sector
lobbyist_71207,RYAN CANFIELD,0,0,186,Other / Multi-sector
lobbyist_72116,FRANK HOWELL,348,348,67,Other / Multi-sector / Education & Research
lobbyist_77473,ALEXANDER WHITTINGTON,102,102,542,Other / Multi-sector / Energy & Environment
lobbyist_78651,HEIDI ROSS,169,169,1653,Other / Multi-sector / Healthcare & Pharma
lobbyist_80321,ERIK RUST,42,42,2233,Other / Multi-sector
lobbyist_93728,JORDAN COX,241,241,211,Other / Multi-sector
lobbyist_101987,ERIC MAUS,21,21,433,Other / Multi-sector / Education & Research
lobbyist_106094,RAPHAEL GOODSTEIN,279,279,62,Other / Multi-sector
lobbyist_106984,EMILY BUCKMAN,228,228,542,Other / Multi-sector / Agriculture & Food
lobbyist_107866,MICHAEL SMAHA,42,42,1997,Other / Multi-sector
lobbyist_108177,VALERIE JEWETT,85,85,62,Other / Multi-sector / Healthcare & Pharma
lobbyist_116488,MELISSA NETRAM,4,4,62,Other / Multi-sector
lobbyist_121433,CAMILLE LEPIRE,3,3,62,Other / Multi-sector
lobbyist_140056,STEPHEN GALOWITZ,115,115,1459,Other / Multi-sector
lobbyist_145507,BERNARD ROTHSCHILD,168,168,62,Other / Multi-sector / Healthcare & Pharma
lobbyist_145962,COLIN WHITNEY,42,42,1052,Other / Multi-sector
lobbyist_146184,CRAIG ROBERTS,0,0,62,Other / Multi-sector
lobbyist_146724,ANDREW SEDDIGHI,42,42,587,Other / Multi-sector
lobbyist_147127,MICHAEL KOTSOVOS,42,42,1864,Other / Multi-sector
lobbyist_148047,KIMBERLY SULLIVAN,67,67,1565,Other / Multi-sector
lobbyist_149692,IHNA VARNER,0,0,62,Other / Multi-sector
lobbyist_52685,ROBERT BENNETT,3,3,438,Other / Multi-sector
lobbyist_68343,CHRISTOPHER ADAMO,6,6,2295,Other / Multi-sector
lobbyist_69081,JASON ISAKOVIC,42,42,291,Other / Multi-sector
lobbyist_69443,MARK DIPLACIDO,266,266,454,Other / Multi-sector
lobbyist_69758,TODD ENNENGA,42,42,2391,Other / Multi-sector
lobbyist_70258,NATHAN ROBINSON,42,42,760,Other / Multi-sector
lobbyist_70726,DANTE CUTRONA,342,342,1156,Energy & Environment / Other / Multi-sector
lobbyist_80298,MARK DUNN,42,42,1506,Other / Multi-sector
lobbyist_84394,ADAM HUFTALEN,239,239,1320,Other / Multi-sector / Healthcare & Pharma
lobbyist_109150,JASON KRATOVIL,42,42,996,Other / Multi-sector
lobbyist_112456,GERRY REGEP,42,42,62,Other / Multi-sector
lobbyist_115763,EOIN MCKENNA,127,127,62,Other / Multi-sector / Legal & Lobbying
lobbyist_120812,MARLISS MCMANUS,264,264,62,Other / Multi-sector
lobbyist_121844,CAROLINE HURLEY,42,42,1439,Other / Multi-sector
lobbyist_133265,MELISSA BURNISON,42,42,1781,Other / Multi-sector
lobbyist_139371,JOSEPH VAUGHAN,4,4,62,Other / Multi-sector
lobbyist_139489,BRAD BISHOP,0,0,62,Other / Multi-sector
lobbyist_139547,BRANTLEY SEIFERS,192,192,1541,Other / Multi-sector / Agriculture & Food
lobbyist_140419,CARLA HURT MINTZ,169,169,702,Other / Multi-sector / Healthcare & Pharma
lobbyist_140672,DEBORAH KOOLBECK,42,42,591,Other / Multi-sector
lobbyist_141338,DARIN GURIES,195,195,111,Other / Multi-sector / Finance & Banking
lobbyist_145120,ANNA PRZEBINDA,42,42,1139,Other / Multi-sector
lobbyist_146704,LILLIAN ADELSTEIN,294,294,438,Other / Multi-sector
lobbyist_148957,JORDAN BROSSI,3,3,62,Other / Multi-sector
lobbyist_4067,THOMAS GLASS,42,42,1551,Other / Multi-sector
lobbyist_39694,GREGORY DOLAN,42,42,660,Other / Multi-sector
lobbyist_41357,DAVID ISRAELITE,42,42,2224,Other / Multi-sector
lobbyist_48265,LINDA DASCHLE,42,42,88,Other / Multi-sector
lobbyist_49587,CHRISTOPHER KOPPEN,3,3,62,Other / Multi-sector
lobbyist_52518,ROBERT FREEMAN,65,65,62,Other / Multi-sector / Transportation & Auto
lobbyist_53432,HAROON KHAN,42,42,1717,Other / Multi-sector
lobbyist_55882,COURTNEY YOHE SAVAGE,183,183,793,Other / Multi-sector / Healthcare & Pharma
lobbyist_60824,PAUL DELANEY,269,269,62,Other / Multi-sector
lobbyist_64139,TIM BISHOP,69,69,436,Other / Multi-sector
lobbyist_67239,SHANE GOETTLE,42,42,1122,Other / Multi-sector
lobbyist_67927,JULIA PEEBLES,42,42,2065,Other / Multi-sector
lobbyist_70807,EARL SCOTT FLOOD,42,42,1374,Other / Multi-sector
lobbyist_87686,CLAIRE RICHER,42,42,1146,Other / Multi-sector
lobbyist_91957,JENNIFER BARBLAN,42,42,1885,Other / Multi-sector
lobbyist_101055,JAYSON SCHIMMENTI,36,36,139,Other / Multi-sector
lobbyist_106068,EVA HAMPL,4,4,1789,Other / Multi-sector
lobbyist_119541,COURTNEY BRIGGS,228,228,542,Other / Multi-sector / Agriculture & Food
lobbyist_121156,JOSEPH PETRZELKA,42,42,697,Other / Multi-sector
lobbyist_137028,KAITLIN D'AMATO,42,42,1119,Other / Multi-sector
lobbyist_137932,STEPHANIE SALVADOR,42,42,18,Other / Multi-sector
lobbyist_139575,DAVID CARLUCCI,42,42,62,Other / Multi-sector
lobbyist_139830,BRAD WILSON,42,42,28,Other / Multi-sector
lobbyist_140083,ERIC HANNIS,53,53,438,Other / Multi-sector
lobbyist_140329,JOBY YOUNG,228,228,542,Other / Multi-sector / Agriculture & Food
lobbyist_140543,ROBERT EMMETT,42,42,1854,Other / Multi-sector
lobbyist_140719,CHELSEA AQUINO-FENSTERMAKER,42,42,1400,Other / Multi-sector
lobbyist_141370,VICTOR SARMIENTO,255,255,79,Other / Multi-sector
lobbyist_143715,MACKENSIE BURT,20,20,963,Other / Multi-sector / Education & Research
lobbyist_145207,KATE DOMANSKI,325,325,438,Other / Multi-sector / Education & Research
lobbyist_145372,KAREN CONWELL SMITH,21,21,438,Other / Multi-sector / Education & Research
lobbyist_146242,DANE BAHNSEN,42,42,62,Other / Multi-sector
lobbyist_147808,AMANDA SCHAUMBURG,42,42,62,Other / Multi-sector
lobbyist_149015,KEVIN HOLLINGER,42,42,577,Other / Multi-sector
lobbyist_149141,DOUGLAS JORDAN,42,42,1594,Other / Multi-sector
lobbyist_150500,MOLLY FROMM,0,0,62,Other / Multi-sector
lobbyist_49340,JAMES PERICOLA,239,239,62,Other / Multi-sector / Healthcare & Pharma
lobbyist_54812,TOMMIE CARDIN,0,0,111,Other / Multi-sector
lobbyist_59339,LAURA PICKARD,42,42,1527,Other / Multi-sector
lobbyist_60537,SEAN KING,42,42,79,Other / Multi-sector
lobbyist_62576,JEFFREY MERRIFIELD,78,78,62,Other / Multi-sector / Energy & Environment
lobbyist_64198,JOHN SHADEGG,100,100,1119,Other / Multi-sector / Healthcare & Pharma
lobbyist_65080,DAVID EATON,109,109,535,Other / Multi-sector
lobbyist_66040,SARAH BROWN,4,4,62,Other / Multi-sector
lobbyist_69948,KAITLYN BOECKER,42,42,1538,Other / Multi-sector
lobbyist_70793,JEFFREY DRESSLER,102,102,62,Other / Multi-sector / Energy & Environment
lobbyist_71120,JONATHON LEHMAN,42,42,2009,Other / Multi-sector
lobbyist_71490,KARA TOWNSEND,100,100,62,Other / Multi-sector / Healthcare & Pharma
lobbyist_71726,ALEX NOFFSINGER,6,6,62,Other / Multi-sector
lobbyist_72626,ERIN ENNIS,4,4,1725,Other / Multi-sector
lobbyist_72890,KODIAK HILL-DAVIS,36,36,1014,Other / Multi-sector
lobbyist_73108,WILLIAM DEVINE,272,272,928,Other / Multi-sector
lobbyist_83911,JAMES LOCKE,250,250,112,Other / Multi-sector
lobbyist_93712,GRANT COUCH,3,3,603,Other / Multi-sector
lobbyist_100039,JOO-JIN ONG,42,42,1300,Other / Multi-sector
lobbyist_102368,MYKEL WEDIG BICKHAM,6,6,658,Other / Multi-sector
lobbyist_108232,ROBERT CLARK,42,42,2062,Other / Multi-sector
lobbyist_112583,JOURDAN LEWIS,6,6,62,Other / Multi-sector
lobbyist_114770,CHRISTOPHER HUDGINS,42,42,1566,Other / Multi-sector
lobbyist_137951,NORBERTO SALINAS,155,155,62,Other / Multi-sector
lobbyist_138344,MICHAEL COPHER,188,188,1128,Other / Multi-sector / Education & Research
lobbyist_139062,EDWARD MURRAY,42,42,275,Other / Multi-sector
lobbyist_139805,JENNIFER MAGGIORE,42,42,1697,Other / Multi-sector
lobbyist_139911,JESSICA LENARD,3,3,62,Other / Multi-sector
lobbyist_140294,JAMES CONWAY,37,37,1906,Other / Multi-sector / Education & Research
lobbyist_140907,ALLISON CRITTENDEN,229,229,868,Other / Multi-sector
lobbyist_141203,RACHEL BISSEX,25,25,62,Other / Multi-sector
lobbyist_145174,ANNA WALDMAN,3,3,438,Other / Multi-sector
lobbyist_146245,TAYLOR GARCIA,53,53,438,Other / Multi-sector
lobbyist_146517,WILLIAM SHERMAN,23,23,62,Other / Multi-sector / Energy & Environment
lobbyist_148828,MEGHAN SCHMIDTLEIN,0,0,62,Other / Multi-sector
lobbyist_148961,JOHN RUPPERT,42,42,62,Other / Multi-sector
lobbyist_150082,DEAN THOMAS,42,42,477,Other / Multi-sector
lobbyist_150469,WILLIAM SITTON,6,6,62,Other / Multi-sector
lobbyist_150563,MICHAEL SNIDER,0,0,79,Other / Multi-sector
lobbyist_14199,DAVID KARNES,42,42,891,Other / Multi-sector
lobbyist_24477,ROBERT SANER,42,42,62,Other / Multi-sector
lobbyist_32379,DAVID MANNS,42,42,1739,Other / Multi-sector
lobbyist_33665,MICHAEL LEVY,4,4,62,Other / Multi-sector
lobbyist_54675,REBECCA MOND,25,25,66,Other / Multi-sector
lobbyist_56074,JOSEPH COHN,42,42,1639,Other / Multi-sector
lobbyist_58471,CARON WHITAKER,42,42,869,Other / Multi-sector
lobbyist_59286,RYAN QUINN,42,42,2014,Other / Multi-sector
lobbyist_65333,MILES BAKER,18,18,79,Other / Multi-sector
lobbyist_66513,NICHOLAS BEEK,183,183,793,Other / Multi-sector / Healthcare & Pharma
lobbyist_71580,VICKI CHRISTOPHERSEN,42,42,1656,Other / Multi-sector
lobbyist_72937,RICHARD TESORIERO,42,42,1690,Other / Multi-sector
lobbyist_74387,AMI SANCHEZ,42,42,62,Other / Multi-sector
lobbyist_80278,CARYN SCHENEWERK,42,42,1562,Other / Multi-sector
lobbyist_99039,JACK FRYE,42,42,1396,Other / Multi-sector
lobbyist_106750,SEAN PUGH,185,185,66,Other / Multi-sector
lobbyist_138188,SHANNON HINES,42,42,1900,Other / Multi-sector
lobbyist_138505,SPENCER TALLEY,115,115,1373,Other / Multi-sector
lobbyist_138742,SALLY SULLIVAN,53,53,438,Other / Multi-sector
lobbyist_139390,LAUREN COHEN,42,42,1135,Other / Multi-sector
lobbyist_140697,BRYDON ROSS,18,18,976,Other / Multi-sector
lobbyist_141167,JASMINE THEOBAL,21,21,62,Other / Multi-sector / Education & Research
lobbyist_142614,JAN BRUNNER,78,78,62,Other / Multi-sector / Energy & Environment
lobbyist_143057,LAYLA OGHABIAN,21,21,2107,Other / Multi-sector / Education & Research
lobbyist_145385,CONNOR VARGO,27,27,542,Other / Multi-sector
lobbyist_145639,JOHN NOONAN,42,42,1511,Other / Multi-sector
lobbyist_146508,CASEY FITZPATRICK,42,42,233,Other / Multi-sector
lobbyist_148463,TYLER GRASSMEYER,42,42,200,Other / Multi-sector
lobbyist_148875,JASON THIELMAN,15,15,62,Other / Multi-sector
lobbyist_149409,TRAVIS MARTINEZ,80,80,111,Other / Multi-sector
lobbyist_149907,REUBEN SHORTNACY,42,42,1413,Other / Multi-sector
lobbyist_150240,MATTHEW HAYDEN,42,42,62,Other / Multi-sector
lobbyist_150712,ANDREW DONNELLY,42,42,1485,Other / Multi-sector
lobbyist_5935,SHAWN GALLAGHER,215,215,62,Other / Multi-sector
lobbyist_21993,BOBBY SILVERSTEIN,42,42,62,Other / Multi-sector
lobbyist_50755,MICHAEL KANS,233,233,62,Other / Multi-sector / Transportation & Auto
lobbyist_54875,BRANDON GRYDE,42,42,1624,Other / Multi-sector
lobbyist_55611,RACHEL MEYER,216,216,62,Other / Multi-sector / Healthcare & Pharma
lobbyist_62424,MATT MANDEL,42,42,1441,Other / Multi-sector
lobbyist_64423,BRIAN DEMPSEY,220,220,1359,Other / Multi-sector
lobbyist_66432,RENEE JONES,322,322,2292,Other / Multi-sector
lobbyist_67504,JASON LEMIEUX,42,42,1561,Other / Multi-sector
lobbyist_68554,ANDREW THARP,8,8,519,Other / Multi-sector
lobbyist_68765,JESSICA ZIELKE,42,42,1908,Other / Multi-sector
lobbyist_69243,MAUREEN ONEILL,216,216,62,Other / Multi-sector / Healthcare & Pharma
lobbyist_69448,TIFFANY HAAS,42,42,1478,Other / Multi-sector
lobbyist_69834,JEE LEE,245,245,678,Education & Research / Other / Multi-sector
lobbyist_69946,LISA ELLMAN,0,0,62,Other / Multi-sector
lobbyist_70012,CAITLIN BERNI,42,42,2389,Other / Multi-sector
lobbyist_70717,CELESTE DRAKE,30,30,62,Other / Multi-sector
lobbyist_71047,GUNEEV SHARMA,18,18,62,Other / Multi-sector
lobbyist_71155,CHARLES DENT,0,0,62,Other / Multi-sector
lobbyist_71584,MARK DANN,41,41,1208,Other / Multi-sector
lobbyist_71870,MARCUS JADOTTE,53,53,438,Other / Multi-sector
lobbyist_72133,THOMAS GREEN,42,42,62,Other / Multi-sector
lobbyist_72180,MARK HOPSON,42,42,62,Other / Multi-sector
lobbyist_73513,JASON MILLER,72,72,438,Other / Multi-sector
lobbyist_79887,NEIL BJORKMAN,224,224,1545,Other / Multi-sector
lobbyist_90141,GRACE KOH,121,121,438,Other / Multi-sector
lobbyist_120822,VERONICA JACKSON,42,42,1283,Other / Multi-sector
lobbyist_121910,MARY CRONIN,332,332,1749,Other / Multi-sector
lobbyist_135432,ANDREW EARL,42,42,1371,Other / Multi-sector
lobbyist_138640,ERIC MAY,195,195,62,Other / Multi-sector / Finance & Banking
lobbyist_139047,ZACHARY JONAS,42,42,62,Other / Multi-sector
lobbyist_140663,NATALIE MCGARRY,109,109,112,Other / Multi-sector
lobbyist_140664,DANIELLE BARRETT,109,109,112,Other / Multi-sector
lobbyist_141415,JANELLE RELFE,42,42,1493,Other / Multi-sector
lobbyist_142590,DANIEL SMITH,48,48,62,Other / Multi-sector
lobbyist_143032,SUSANNA HASTINGS,42,42,1737,Other / Multi-sector
lobbyist_143912,SIMON COON,20,20,62,Other / Multi-sector / Education & Research
lobbyist_146326,KATHERINE BYERS,42,42,693,Other / Multi-sector
lobbyist_147696,KRISTOPHER BREAUX,5,5,1437,Other / Multi-sector
lobbyist_148485,MARK CLACK,330,330,112,Other / Multi-sector
lobbyist_148529,JACK FINNEGAN,191,191,62,Other / Multi-sector / Legal & Lobbying
lobbyist_149306,NICHOLAS NASTASI,117,117,255,Other / Multi-sector / Healthcare & Pharma
lobbyist_7887,PATRICK MALONE,42,42,2273,Other / Multi-sector
lobbyist_43031,LEVON BOYAGIAN,42,42,1559,Other / Multi-sector
lobbyist_53810,RYAN CARROLL,42,42,2030,Other / Multi-sector
lobbyist_56858,FREDERICK GESSNER,8,8,79,Other / Multi-sector
lobbyist_60924,ZACHARY CLARK,192,192,285,Other / Multi-sector / Agriculture & Food
lobbyist_64906,TODD SMITH,42,42,1588,Other / Multi-sector
lobbyist_66872,JACK QUINN,0,0,62,Other / Multi-sector
lobbyist_67612,ALLEN JOHNSON,21,21,433,Other / Multi-sector / Education & Research
lobbyist_69196,TRALONNE SHORTER,42,42,1917,Other / Multi-sector
lobbyist_69453,KEVIN FROMER,42,42,1301,Other / Multi-sector
