entity_id,name,entity_type,industry_label
firm_7257,"BROWNSTEIN HYATT FARBER SCHRECK, LLP",firm,Legal & Lobbying
firm_682,AKIN GUMP STRAUSS HAUER & FELD,firm,Legal & Lobbying
firm_5357,BGR GOVERNMENT AFFAIRS,firm,Technology & Telecom
firm_75557,"CORNERSTONE GOVERNMENT AFFAIRS, INC.",firm,Technology & Telecom
firm_18466,HOLLAND & KNIGHT LLP,firm,Legal & Lobbying
firm_314237,INVARIANT LLC,firm,Other / Multi-sector
firm_401104288,BALLARD PARTNERS,firm,Other / Multi-sector
firm_313715,CAPITOL COUNSEL LLC,firm,Other / Multi-sector
firm_30906,SQUIRE PATTON BOGGS,firm,Other / Multi-sector
firm_284950,"MEHLMAN CONSULTING, INC.",firm,Legal & Lobbying
firm_400976792,FORBES-TATE,firm,Other / Multi-sector
firm_400534596,THORN RUN PARTNERS,firm,Other / Multi-sector
firm_8453,"CASSIDY & ASSOCIATES, INC.",firm,Other / Multi-sector
firm_20744,TIBER CREEK GROUP,firm,Other / Multi-sector
firm_400531586,"CROSSROADS STRATEGIES, LLC",firm,Legal & Lobbying
firm_32098,"K&L GATES, LLP",firm,Legal & Lobbying
firm_401108853,LOC COMMUNITY ASSOCIATION,firm,Government & Nonprofit
firm_39837,VAN SCOYOC ASSOCIATES,firm,Other / Multi-sector
firm_313271,"AVOQ, LLC",firm,Other / Multi-sector
firm_1171,"ALPINE GROUP PARTNERS, LLC.",firm,Other / Multi-sector
firm_401104313,"MILLER STRATEGIES, LLC",firm,Legal & Lobbying
firm_41454,"WILLIAMS AND JENSEN, PLLC",firm,Other / Multi-sector
firm_304736,"TARPLIN, DOWNS & YOUNG, LLC",firm,Other / Multi-sector
firm_65976,"CAPITOL TAX PARTNERS, LLP",firm,Legal & Lobbying
firm_11195,COVINGTON & BURLING LLP,firm,Legal & Lobbying
firm_400774330,S-3 GROUP,firm,Other / Multi-sector
firm_401103500,FIERCE GOVERNMENT RELATIONS,firm,Other / Multi-sector
firm_48827,OGR,firm,Other / Multi-sector
firm_401103523,"HARBINGER STRATEGIES, LLC",firm,Legal & Lobbying
firm_308775,MONUMENT ADVOCACY,firm,Other / Multi-sector
firm_2057,ACG ADVOCACY,firm,Other / Multi-sector
firm_70175,"MERCURY PUBLIC AFFAIRS, LLC",firm,Technology & Telecom
firm_18422,HOGAN LOVELLS US LLP,firm,Legal & Lobbying
firm_60550,STRATEGIC MARKETING INNOVATIONS,firm,Other / Multi-sector
firm_39941,VENABLE LLP,firm,Legal & Lobbying
firm_76855,DLA PIPER LLP (US),firm,Legal & Lobbying
firm_296271,"MINDSET ADVOCACY, LLC",firm,Other / Multi-sector
firm_4301,ARNOLD & PORTER KAYE SCHOLER LLP,firm,Transportation & Auto
firm_1182,ALSTON & BIRD LLP,firm,Legal & Lobbying
firm_6837,BRACEWELL LLP,firm,Legal & Lobbying
firm_86196,FGS GLOBAL (US) LLC (FKA FGH HOLDINGS LLC),firm,Other / Multi-sector
firm_65191,VENN STRATEGIES,firm,Legal & Lobbying
firm_320918,"KOUNTOUPES DENHAM CARR & REID, LLC",firm,Other / Multi-sector
firm_76992,"CGCN GROUP, LLC",firm,Other / Multi-sector
firm_12675,THE DUBERSTEIN GROUP INC.,firm,Other / Multi-sector
firm_36710,STEPTOE LLP,firm,Legal & Lobbying
firm_401103321,TODD STRATEGY GROUP,firm,Other / Multi-sector
firm_401103475,"VENTURE GOVERNMENT STRATEGIES, LLC (FKA HOBART HALLAWAY & QUAYLE VENTURES, LLC)",firm,Legal & Lobbying
firm_293335,"THE NICKLES GROUP, LLC",firm,Other / Multi-sector
firm_313511,J.A. GREEN AND COMPANY,firm,Other / Multi-sector
firm_401104734,THE VOGEL GROUP,firm,Other / Multi-sector
firm_22688,"THE RUSSELL GROUP, INC.",firm,Other / Multi-sector
firm_5153,BAKER DONELSON BEARMAN CALDWELL & BERKOWITZ,firm,Other / Multi-sector
firm_16896,"GREENBERG TRAURIG, LLP",firm,Legal & Lobbying
firm_307730,"POLARIS GOVERNMENT RELATIONS, LLC",firm,Other / Multi-sector
firm_400532589,PRIME POLICY GROUP,firm,Other / Multi-sector
firm_84775,RICH FEUER ANDERSON,firm,Other / Multi-sector
firm_14451,THE FERGUSON GROUP,firm,Other / Multi-sector
firm_22781,"LEWIS-BURKE ASSOCIATES, LLC",firm,Other / Multi-sector
firm_72111,AVENUE SOLUTIONS,firm,Other / Multi-sector
firm_401103938,FARRAGUT PARTNERS LLP,firm,Legal & Lobbying
firm_400459252,COZEN O'CONNOR PUBLIC STRATEGIES,firm,Legal & Lobbying
firm_401103834,"THEGROUP DC, LLC",firm,Other / Multi-sector
firm_36105,DENTONS US LLP,firm,Legal & Lobbying
firm_400918672,PENN AVENUE PARTNERS,firm,Other / Multi-sector
firm_72053,CAPITOL HILL CONSULTING GROUP,firm,Legal & Lobbying
firm_400762305,"ROBERTI GLOBAL (F/K/A ROBERTI WHITE, LLC)",firm,Other / Multi-sector
firm_57475,ERNST & YOUNG LLP (WASHINGTON COUNCIL ERNST & YOUNG),firm,Legal & Lobbying
firm_400886595,THE ROOSEVELT GROUP,firm,Other / Multi-sector
firm_76833,"NVG, LLC",firm,Other / Multi-sector
firm_294930,THE WASHINGTON TAX & PUBLIC POLICY GROUP,firm,Other / Multi-sector
firm_21632,KING & SPALDING LLP,firm,Legal & Lobbying
firm_401103565,MICHAEL BEST STRATEGIES LLC,firm,Legal & Lobbying
firm_85071,"NAVIGATORS GLOBAL LLC (FORMERLY DC NAVIGATORS, LLC)",firm,Other / Multi-sector
firm_401104718,HB STRATEGIES,firm,Legal & Lobbying
firm_10800,"INNOVATIVE FEDERAL STRATEGIES, LLC",firm,Legal & Lobbying
firm_40013096,"FRANKLIN SQUARE GROUP, LLC",firm,Other / Multi-sector
firm_401105417,"ELEVATE GOVERNMENT AFFAIRS, LLC",firm,Technology & Telecom
firm_24486,MCGUIREWOODS CONSULTING (A SUBSIDIARY OF MCGUIREWOODS LLP),firm,Legal & Lobbying
firm_305054,"PORTERFIELD, FETTIG & SEARS, LLC",firm,Transportation & Auto
firm_15042,FOLEY & LARDNER LLP,firm,Legal & Lobbying
firm_2194,"AMERICAN DEFENSE INTERNATIONAL, INC.",firm,Defense & Aerospace
firm_401054971,FTI GOVERNMENT AFFAIRS,firm,Technology & Telecom
firm_35800,"THE SMITH-FREE GROUP, LLC",firm,Other / Multi-sector
firm_54734,"TOWNSEND PUBLIC AFFAIRS, INC",firm,Technology & Telecom
firm_285871,NELSON MULLINS RILEY & SCARBOROUGH,firm,Other / Multi-sector
firm_401104646,"FEDERAL HALL POLICY ADVISORS, LLC",firm,Legal & Lobbying
firm_41534,WILMER CUTLER PICKERING HALE AND DORR LLP,firm,Legal & Lobbying
firm_5131,BAKER & HOSTETLER LLP,firm,Legal & Lobbying
firm_314911,POLSINELLI PC,firm,Other / Multi-sector
firm_286096,THE MCMANUS GROUP,firm,Other / Multi-sector
firm_50796,WINNING STRATEGIES WASHINGTON,firm,Legal & Lobbying
firm_401104322,"MERCHANT MCINTYRE & ASSOCIATES, LLC",firm,Other / Multi-sector
firm_401104556,BOUNDARY STONE PARTNERS,firm,Other / Multi-sector
firm_8316,CARMEN GROUP INCORPORATED,firm,Other / Multi-sector
firm_8511,"CAVAROCCHI RUSCIO DENNIS ASSOCIATES, L.L.C.",firm,Other / Multi-sector
firm_289773,"BOCKORNY GROUP, INC.",firm,Other / Multi-sector
firm_292573,"MCALLISTER & QUINN, LLC",firm,Other / Multi-sector
firm_35230,SIDLEY AUSTIN LLP,firm,Legal & Lobbying
firm_283696,"BECKER & POLIAKOFF, P.A.",firm,Other / Multi-sector
firm_4208,ARENTFOX SCHIFF LLP,firm,Legal & Lobbying
firm_32008,"POWERS PYLES SUTTER & VERVILLE, P.C.",firm,Energy & Environment
firm_6325,BLANK ROME GOVERNMENT RELATIONS,firm,Other / Multi-sector
firm_46038,"JEFFREY J. KIMBELL & ASSOCIATES, INC.",firm,Other / Multi-sector
firm_401104641,LOT SIXTEEN LLC,firm,Other / Multi-sector
firm_157,"ADAMS AND REESE, LLP",firm,Legal & Lobbying
firm_32486,"PUBLIC STRATEGIES WASHINGTON, INC.",firm,Legal & Lobbying
firm_13836,"ERVIN GRAVES STRATEGY GROUP, LLC",firm,Other / Multi-sector
firm_5404,"BARNES & THORNBURG, LLP",firm,Legal & Lobbying
firm_29777,C2 STRATEGIES,firm,Legal & Lobbying
firm_12631,FAEGRE DRINKER BIDDLE & REATH LLP,firm,Legal & Lobbying
firm_307114,KELLEY DRYE & WARREN LLP,firm,Legal & Lobbying
firm_818,ALCALDE & FAY,firm,Other / Multi-sector
firm_401104716,KLEIN/JOHNSON GROUP,firm,Other / Multi-sector
firm_66773,"THE CORMAC GROUP, LLC",firm,Other / Multi-sector
firm_401106285,"CONTINENTAL STRATEGY, LLC",firm,Other / Multi-sector
firm_401104684,COGENT STRATEGIES LLC,firm,Legal & Lobbying
firm_401105159,FULCRUM PUBLIC AFFAIRS LLC,firm,Technology & Telecom
firm_284050,THE MADISON GROUP,firm,Other / Multi-sector
firm_30495,"PACE, LLP",firm,Legal & Lobbying
firm_400605842,"W STRATEGIES, LLC",firm,Legal & Lobbying
firm_400458208,STERNHELL GROUP,firm,Other / Multi-sector
firm_287771,"CLARK HILL, PLC",firm,Other / Multi-sector
firm_400703105,EMPIRE CONSULTING GROUP,firm,Legal & Lobbying
firm_401103493,WEST FRONT STRATEGIES LLC,firm,Legal & Lobbying
firm_401103287,MCDERMOTT+ LLC,firm,Other / Multi-sector
firm_82135,OWEN EVANS INGOLS,firm,Other / Multi-sector
firm_297294,BOSE PUBLIC AFFAIRS GROUP,firm,Technology & Telecom
firm_401104703,"FEDERAL STREET STRATEGIES, LLC",firm,Legal & Lobbying
firm_401104428,"GUIDEPOSTSTRATEGIES, LLC",firm,Legal & Lobbying
firm_35640,"CARPI & CLAY, INC",firm,Other / Multi-sector
firm_401104769,FEROX STRATEGIES,firm,Legal & Lobbying
firm_401104100,VANTAGEKNIGHT LLC,firm,Other / Multi-sector
firm_401103077,LINCOLN POLICY GROUP,firm,Other / Multi-sector
firm_400693064,RED+BLUE STRATEGIES,firm,Legal & Lobbying
firm_24123,MAYER BROWN LLP,firm,Legal & Lobbying
firm_401105040,"A10 ASSOCIATES, LLC",firm,Other / Multi-sector
firm_401105068,"RESOLUTION PUBLIC AFFAIRS, LLC",firm,Technology & Telecom
firm_400713141,"THE MAJORITY GROUP, LLC",firm,Other / Multi-sector
firm_401109039,CHECKMATE GOVERNMENT RELATIONS,firm,Other / Multi-sector
firm_39815,"VAN NESS FELDMAN, LLP",firm,Legal & Lobbying
firm_401104256,"JIM MASSIE & PARTNERS, LLC",firm,Other / Multi-sector
firm_297033,"TORREY ADVISORY GROUP (FORMERLY MICHAEL TORREY ASSOCIATES, LLC)",firm,Other / Multi-sector
firm_25306,MILLER & CHEVALIER CHARTERED,firm,Other / Multi-sector
firm_55291,BUCHANAN INGERSOLL & ROONEY PC,firm,Other / Multi-sector
firm_321555,NATURAL RESOURCE RESULTS LLC,firm,Other / Multi-sector
firm_40011081,"KADESH & ASSOCIATES, LLC",firm,Other / Multi-sector
firm_401103295,ALIGNMENT GOVERNMENT STRATEGIES,firm,Legal & Lobbying
firm_401103550,SUMMIT STRATEGIES GOVERNMENT AFFAIRS LLC,firm,Technology & Telecom
client_00039,AMERICAN ISRAEL PUBLIC AFFAIRS COMMITTEE,client,Technology & Telecom
firm_25603,"ML STRATEGIES, LLC",firm,Legal & Lobbying
firm_400923683,DALY CONSULTING GROUP,firm,Legal & Lobbying
firm_400685041,PENN HILL GROUP,firm,Other / Multi-sector
firm_73271,"SIGNAL GROUP CONSULTING, LLC",firm,Legal & Lobbying
firm_49635,"THE LIVINGSTON GROUP, LLC",firm,Other / Multi-sector
firm_401105121,"MARSHALL & POPP, LLC",firm,Other / Multi-sector
firm_401104408,KELLER PARTNERS & COMPANY,firm,Other / Multi-sector
firm_20881,"JONES WALKER, LLP",firm,Legal & Lobbying
firm_401103235,"THE SIMMONS & RUSSELL GROUP, LLC",firm,Other / Multi-sector
firm_35002,PILLSBURY WINTHROP SHAW PITTMAN LLP,firm,Legal & Lobbying
firm_400275281,"LIBERTY PARTNERS GROUP, LLC",firm,Other / Multi-sector
firm_401057986,"SBL STRATEGIES, LLC",firm,Legal & Lobbying
firm_319756,TRIBUTARY LLP,firm,Legal & Lobbying
firm_400493431,"TWINLOGIC STRATEGIES, LLP",firm,Legal & Lobbying
firm_81511,TROUTMAN STATEGIES,firm,Other / Multi-sector
firm_306636,"THE NORMANDY GROUP, LLC",firm,Other / Multi-sector
firm_84673,HART HEALTH STRATEGIES,firm,Healthcare & Pharma
firm_401104906,ATLAS CROSSING LLC,firm,Other / Multi-sector
firm_287394,PUTALASTRATEGIES,firm,Legal & Lobbying
firm_35707,SMITH GARSON FKA SMITH DAWSON & ANDREWS,firm,Other / Multi-sector
firm_401105148,FS VECTOR,firm,Other / Multi-sector
firm_63451,WASHINGTON2 ADVOCATES,firm,Other / Multi-sector
firm_401104582,SPLITOAK STRATEGIES LLC,firm,Legal & Lobbying
firm_400711132,"THE PICARD GROUP, LLC",firm,Other / Multi-sector
firm_401105514,SALT POINT STRATEGIES,firm,Legal & Lobbying
firm_17443,HANCE SCARBOROUGH,firm,Other / Multi-sector
firm_14223,"MARCUS G. FAUST, PC",firm,Other / Multi-sector
firm_401106319,"ACTUM I, LLC",firm,Other / Multi-sector
firm_401103585,MCLARTY INBOUND LLC,firm,Other / Multi-sector
firm_401046942,"BANNER PUBLIC AFFAIRS, LLC",firm,Technology & Telecom
firm_400599826,THORSEN FRENCH ADVOCACY LLC,firm,Other / Multi-sector
firm_401053970,GRAYROBINSON PA,firm,Other / Multi-sector
firm_305932,"THE PETRIZZO GROUP, INC.",firm,Other / Multi-sector
firm_401105259,"PLATINUM ADVISORS DC, LLC",firm,Legal & Lobbying
firm_90250,TREMONT STRATEGIES GROUP LLC (F/K/A ADS VENTURES),firm,Legal & Lobbying
firm_400745228,"PORTER GROUP, LLC",firm,Transportation & Auto
firm_400507495,SPIRIT ROCK CONSULTING,firm,Legal & Lobbying
firm_79175,STRATEGIES 360,firm,Legal & Lobbying
firm_400348604,"TAFT STETTINIUS & HOLLISTER LLP DBA TAFT ADVISORS LLC FKA (TAFT, STETTINIUS & HO",firm,Legal & Lobbying
firm_10478,CFM STRATEGIC COMMUNICATIONS (CONKLING FISKUM & MCCORMICK),firm,Other / Multi-sector
firm_401104750,CHARTWELL STRATEGY GROUP LLC,firm,Other / Multi-sector
firm_292892,"WHITMER & WORRALL, LLC",firm,Other / Multi-sector
firm_401104778,EMERGENT STRATEGIES,firm,Legal & Lobbying
firm_400712135,"TIBER CREEK HEALTH STRATEGIES, INC.",firm,Healthcare & Pharma
firm_401016871,"REPUBLIC CONSULTING, LLC",firm,Legal & Lobbying
firm_400646949,"EAST END GROUP, LLC",firm,Other / Multi-sector
firm_401104285,"WELSH ROSE, LLC",firm,Other / Multi-sector
firm_401104785,CAPITOL HILL POLICY GROUP LLC,firm,Other / Multi-sector
firm_11377,CROWELL & MORING LLP,firm,Legal & Lobbying
firm_401106546,DGA GROUP GOVERNMENT RELATIONS LLC,firm,Other / Multi-sector
firm_285255,STRATEGIC HEALTH CARE,firm,Healthcare & Pharma
firm_36914,BRADLEY ARANT BOULT CUMMINGS LLP,firm,Legal & Lobbying
firm_72975,"FEDERAL POLICY GROUP, LLC",firm,Government & Nonprofit
firm_400290378,RAFFANIELLO & ASSOCIATES,firm,Other / Multi-sector
firm_400434103,"WATER STRATEGIES, LLC",firm,Legal & Lobbying
firm_12868,"DUTKO WORLDWIDE, LLC",firm,Other / Multi-sector
firm_401020884,"HOOPER, LUNDY & BOOKMAN, P.C.",firm,Other / Multi-sector
firm_401105888,PIONEER PUBLIC AFFAIRS,firm,Technology & Telecom
firm_62778,RICCHETTI INCORPORATED,firm,Other / Multi-sector
firm_41408,WILEY REIN LLP,firm,Legal & Lobbying
firm_310938,"CJ LAKE, LLC",firm,Other / Multi-sector
firm_10764,PRICEWATERHOUSECOOPERS,firm,Other / Multi-sector
firm_61458,THE RABEN GROUP,firm,Other / Multi-sector
firm_29802,"THE OB-C GROUP, LLC",firm,Other / Multi-sector
firm_11674,DAVIS & HARMAN LLP,firm,Legal & Lobbying
firm_401105392,"BLUE RIDGE LAW & POLICY, P.C.",firm,Other / Multi-sector
firm_401103598,"THE MCKEON GROUP, INC.",firm,Other / Multi-sector
firm_400645947,CHAMBER HILL STRATEGIES,firm,Legal & Lobbying
firm_401104869,"O'KEEFFE SHAHMORADI STRATEGIES, LLC",firm,Legal & Lobbying
firm_401103221,KASOWITZ LLP,firm,Legal & Lobbying
firm_47110,THOMPSON COBURN LLP,firm,Legal & Lobbying
firm_317754,"SORINI, SAMET & ASSOCIATES, LLC",firm,Other / Multi-sector
firm_315592,HORIZON GOVERNMENT AFFAIRS,firm,Technology & Telecom
firm_315717,GEPHARDT GROUP GOVERNMENT AFFAIRS,firm,Technology & Telecom
firm_86210,TELEMEDIA POLICY CORP.,firm,Other / Multi-sector
firm_401104682,"TAI GINSBERG & ASSOCIATES, LLC",firm,Technology & Telecom
firm_83717,STANTON PARK GROUP,firm,Other / Multi-sector
firm_400862528,SUSTAINABLE STRATEGIES DC,firm,Technology & Telecom
firm_400980803,RISING TIDE ASSOCIATES,firm,Other / Multi-sector
firm_18978,HUNTON ANDREWS KURTH LLP,firm,Legal & Lobbying
firm_38643,DAVID TURCH & ASSOC.,firm,Other / Multi-sector
firm_401103494,SIRONA STRATEGIES LLC,firm,Legal & Lobbying
firm_74135,"HEALTH POLICY SOURCE, INC.",firm,Healthcare & Pharma
firm_401104432,"MILNE, WIENER & SHOFE GLOBAL STRATEGIES (FKA M & W GOVERNMENT AFFAIRS, LLC)",firm,Technology & Telecom
firm_24338,MCDERMOTT WILL & SCHULTE LLP,firm,Legal & Lobbying
firm_308811,LNE GROUP,firm,Other / Multi-sector
firm_400487397,LOBBYIT.COM,firm,Other / Multi-sector
firm_401104539,VIKING NAVIGATION LLC,firm,Other / Multi-sector
firm_401104049,THE WILLIAMS GROUP,firm,Other / Multi-sector
firm_60116,MAYNARD NEXSEN PC,firm,Other / Multi-sector
firm_304315,POTOMAC PARTNERS DC,firm,Other / Multi-sector
firm_401103311,FEDERAL SCIENCE PARTNERS LLC,firm,Government & Nonprofit
firm_400689052,"NORTH SOUTH GOVERNMENT STRATEGIES, FKA JDM PUBLIC STRATEGIES, LLC",firm,Legal & Lobbying
firm_401104546,"SIMS STRATEGIES, LLC",firm,Legal & Lobbying
firm_401105638,H&M STRATEGIES LLP,firm,Legal & Lobbying
firm_401025893,KIT BOND STRATEGIES,firm,Legal & Lobbying
firm_401103568,ROCK CREEK COUNSEL,firm,Other / Multi-sector
firm_401057985,ATLANTIC STRATEGIES GROUP LLC,firm,Legal & Lobbying
firm_401104281,A1.9 STRATEGIES LLC,firm,Legal & Lobbying
firm_308172,"FEDERAL ADVOCATES, INC.",firm,Government & Nonprofit
firm_70131,"MERCURY STRATEGIES, LLC",firm,Legal & Lobbying
firm_21563,KILPATRICK TOWNSEND AND STOCKTON,firm,Other / Multi-sector
firm_23645,"MANATT, PHELPS, AND PHILLIPS",firm,Other / Multi-sector
firm_300195,FREEMYER & ASSOCIATES P.C.,firm,Other / Multi-sector
firm_401106062,"LSN PARTNERS, LLC",firm,Other / Multi-sector
firm_400459241,CAPITOL HILL PARTNERS,firm,Other / Multi-sector
firm_400797392,"STEWART STRATEGIES AND SOLUTIONS, LLC",firm,Legal & Lobbying
firm_76252,CARBONLEAF LLC,firm,Energy & Environment
firm_316057,ICE MILLER STRATEGIES LLC,firm,Legal & Lobbying
firm_401105491,TIGER HILL PARTNERS LLC,firm,Other / Multi-sector
firm_17000,"GROOM LAW GROUP, CHARTERED",firm,Other / Multi-sector
firm_56417,"TIMOTHY R. RUPLI & ASSOCIATES, INC.",firm,Other / Multi-sector
firm_401104678,"HILL EAST GROUP, LLC",firm,Other / Multi-sector
firm_66090,"NATIONAL GROUP, LLP",firm,Legal & Lobbying
firm_400713140,KYLE HOUSE GROUP,firm,Other / Multi-sector
firm_401107432,AXADVOCACY GOVERNMENT RELATIONS,firm,Other / Multi-sector
firm_401105130,"BRIDGE PUBLIC AFFAIRS, LLC",firm,Technology & Telecom
firm_75570,J M BURKMAN & ASSOCIATES,firm,Other / Multi-sector
firm_401105189,STONINGTON GLOBAL,firm,Other / Multi-sector
firm_400704112,"CORLEY CONSULTING, LLC",firm,Legal & Lobbying
firm_30212,"OLSSON, FRANK, WEEDA, TERMAN & MATZ, PC",firm,Other / Multi-sector
firm_401105461,"1607 STRATEGIES, LLC",firm,Legal & Lobbying
firm_401106646,CR FEDERAL,firm,Government & Nonprofit
firm_401103693,WAXMAN STRATEGIES,firm,Legal & Lobbying
firm_401104425,"PLURUS STRATEGIES, LLC",firm,Legal & Lobbying
firm_85014,MARLA GROSSMAN LLC,firm,Other / Multi-sector
firm_401105692,CLARK STREET ASSOCIATES,firm,Other / Multi-sector
firm_294198,"COMBEST, SELL & ASSOCIATES, LLC",firm,Other / Multi-sector
firm_53174,"CAPITOL RESOURCES, LLC",firm,Other / Multi-sector
firm_73635,GEOFFREY P. GRAY,firm,Other / Multi-sector
firm_401104228,TEAM HALLAHAN LLC,firm,Other / Multi-sector
firm_11834,"DEBRUNNER & ASSOCIATES, INC.",firm,Other / Multi-sector
firm_35684,SMITHBUCKLIN CORPORATION,firm,Other / Multi-sector
firm_305852,AMERICAN CAPITOL GROUP,firm,Other / Multi-sector
firm_401105906,"535 GROUP, LLC",firm,Other / Multi-sector
firm_401103144,CAPITOL INTEGRATION,firm,Other / Multi-sector
firm_11628,"DAVIDOFF HUTCHER & CITRON, LLP",firm,Legal & Lobbying
firm_401104683,MCCARTHY ADVANCED CONSULTING LLC,firm,Legal & Lobbying
firm_294234,"GOVBIZ ADVANTAGE, INC.",firm,Other / Multi-sector
firm_400944730,"38 NORTH SOLUTIONS, LLC",firm,Other / Multi-sector
firm_400598824,MAPETSI POLICY GROUP,firm,Other / Multi-sector
firm_401105996,MG HOUSING STRATEGIES LLC,firm,Real Estate & Construction
firm_87814,CT GROUP FKA CTF GLOBAL LLC,firm,Other / Multi-sector
firm_315091,"RUBICON ADVISORS, LLC",firm,Legal & Lobbying
firm_400400892,"ATS COMMUNICATIONS, INC. (DBA SILBEY STRATEGIES)",firm,Legal & Lobbying
firm_11526,"DC LEGISLATIVE AND REGULATORY SERVICES, INC.",firm,Other / Multi-sector
firm_401104657,"ALLON ADVOCACY, LLC",firm,Other / Multi-sector
firm_401104435,STATE FEDERAL STRATEGIES,firm,Legal & Lobbying
firm_318994,SC PARTNERS LLC,firm,Other / Multi-sector
firm_401104696,IMPACT HEALTH POLICY PARTNERS,firm,Healthcare & Pharma
firm_88256,"GUIDE CONSULTING SERVICES, INC.",firm,Legal & Lobbying
firm_17352,"HALL, RENDER, KILLIAN, HEATH & LYMAN, P.C.",firm,Other / Multi-sector
firm_401108299,"DB3, LLC (FKA THE DASCHLE GROUP)",firm,Other / Multi-sector
firm_400658980,"BLUESTONE STRATEGIES, LLC",firm,Legal & Lobbying
firm_400552654,BALLARD SPAHR LLP,firm,Legal & Lobbying
firm_40020141,BREAUX LOTT LEADERSHIP GROUP,firm,Other / Multi-sector
firm_84217,"CARD & ASSOCIATES, LLC",firm,Other / Multi-sector
firm_42752,"O'NEILL, ATHY & CASEY, P.C.",firm,Other / Multi-sector
firm_400577737,THE INGRAM GROUP LLC,firm,Other / Multi-sector
firm_400547641,"MISSY EDWARDS STRATEGIES, LLC",firm,Legal & Lobbying
firm_401105021,VECTIS DC,firm,Other / Multi-sector
firm_299913,CARDINAL INFRASTRUCTURE LLC,firm,Real Estate & Construction
firm_401104247,MEGUIRE WHITNEY,firm,Other / Multi-sector
firm_400336564,THE DOERRER GROUP LLC,firm,Other / Multi-sector
firm_400432093,CAPITOL LEGISLATIVE STRATEGIES LLC,firm,Legal & Lobbying
firm_401103955,DOWNS GOVERNMENT AFFAIRS,firm,Technology & Telecom
firm_288613,"THE JOSEPH GROUP, LLC",firm,Other / Multi-sector
firm_51753,I STREET ADVOCATES,firm,Other / Multi-sector
firm_26227,"MURRAY, MONTGOMERY & O'DONNELL",firm,Other / Multi-sector
firm_401104213,"BC CONSULTING, LLC",firm,Legal & Lobbying
firm_33454,"ROBERTSON, MONAGLE & EASTAUGH LLC",firm,Other / Multi-sector
firm_401103289,RAMPY NORTHRUP LLC,firm,Other / Multi-sector
firm_401103524,"ADVANCED POLICY CONSULTING, LLC",firm,Legal & Lobbying
firm_314738,GORDON THOMAS HONEYWELL GOVERNMENTAL AFFAIRS,firm,Technology & Telecom
firm_401104114,IMPERIUM GLOBAL ADVISORS,firm,Legal & Lobbying
firm_401106196,FEDERAL HEALTH POLICY STRATEGIES,firm,Healthcare & Pharma
firm_307832,"ETHERTON AND ASSOCIATES, INC.",firm,Other / Multi-sector
firm_401105372,THE KPM GROUP DC LLC,firm,Other / Multi-sector
firm_7304,BRYAN CAVE LEIGHTON PAISNER LLP,firm,Technology & Telecom
firm_401104982,"AQUIA GROUP, LLC",firm,Other / Multi-sector
firm_401106132,"RUBIN, TURNBULL & ASSOCIATES",firm,Other / Multi-sector
firm_308070,THE WESSEL GROUP INCORPORATED,firm,Other / Multi-sector
firm_61414,"NEXXUS CONSULTING, LLC",firm,Legal & Lobbying
firm_32715,R A RAPOZA ASSOCIATES INC,firm,Other / Multi-sector
firm_13610,"ENS RESOURCES, INC.",firm,Other / Multi-sector
firm_401103367,"LEAVITT PARTNERS, LLC",firm,Other / Multi-sector
firm_54984,"TONIO BURGOS & ASSOCIATES, INC.",firm,Other / Multi-sector
firm_401103355,BRAMER GROUP LLC,firm,Other / Multi-sector
firm_400390817,CONSTANTINOPLE & VALLONE CONSULTING LLC,firm,Legal & Lobbying
firm_40020147,"STAPLETON & ASSOCIATES, LLC",firm,Other / Multi-sector
firm_49214,MR. ROBERT TALLEY,firm,Other / Multi-sector
firm_401107574,"ICEBREAKER STRATEGIES, LLC",firm,Legal & Lobbying
firm_310370,DELTA STRATEGY GROUP,firm,Other / Multi-sector
firm_73134,O'NEILL AND ASSOCIATES,firm,Other / Multi-sector
firm_400794388,"SCONSET STRATEGIES, LLC",firm,Legal & Lobbying
firm_401103535,"ENVISION STRATEGY, LLC",firm,Other / Multi-sector
firm_401103327,OFF HILL STRATEGIES L.L.C.,firm,Legal & Lobbying
firm_287270,AKERMAN LLP,firm,Legal & Lobbying
firm_400931695,"DESIMONE CONSULTING, LLC",firm,Legal & Lobbying
firm_401103483,BURRELL INTERNATIONAL GROUP LLC,firm,Other / Multi-sector
firm_34295,"SANDLER, TRAVIS & ROSENBERG, P.A.",firm,Other / Multi-sector
firm_400703107,"THE GIBSON GROUP, LLC",firm,Other / Multi-sector
firm_401104742,HOLLY STRATEGIES INCORPORATED,firm,Legal & Lobbying
firm_35376,"COVINO SMITH & SIMON, INC. (FORMERLY SIMON AND COMPANY, INC.)",firm,Other / Multi-sector
firm_17818,"HEALTH AND MEDICINE COUNSEL, LLC",firm,Healthcare & Pharma
firm_401103249,LESTER HEALTH LAW PLLC,firm,Healthcare & Pharma
firm_401107154,BRUMIDI GROUP,firm,Other / Multi-sector
firm_38687,"TWENTY-FIRST CENTURY GROUP, INC.",firm,Other / Multi-sector
firm_41682,WINSTON & STRAWN LLP,firm,Legal & Lobbying
firm_29846,NOSSAMAN LLP,firm,Legal & Lobbying
firm_401105196,CONGRESSIONAL PARTNERS,firm,Other / Multi-sector
firm_401106373,WHEAT SHROYER GOVERNMENT RELATIONS LLC,firm,Agriculture & Food
firm_401103503,SULLIVAN STRATEGIES LLC (FKA SB CAPITOL SOLUTIONS),firm,Legal & Lobbying
firm_321874,"VAN HEUVELEN STRATEGIES, LLC",firm,Legal & Lobbying
firm_401103486,"COMMONWEALTH STRATEGIC PARTNERS, LLC",firm,Other / Multi-sector
firm_320793,JST STRATEGIES LLC (JOCHUM SHORE & TROSSEVIN PC),firm,Legal & Lobbying
firm_401104430,"EFB ADVOCACY, LLC",firm,Other / Multi-sector
firm_25498,"MINTZ LEVIN COHN FERRIS GLOVSKY AND POPEO, P.C.",firm,Other / Multi-sector
firm_400374717,THE CONSILIO GROUP,firm,Other / Multi-sector
firm_401106638,GORDON SMITH,firm,Other / Multi-sector
firm_401104571,"VNF SOLUTIONS, LLC",firm,Other / Multi-sector
firm_401103767,"O'CONNELL & DEMPSEY, LLC",firm,Other / Multi-sector
firm_400424029,"POLARIS-HUTTON GROUP, LLC",firm,Other / Multi-sector
firm_32896,MR. ROBERT L. REDDING JR.,firm,Other / Multi-sector
firm_307956,VITELLO CONSULTING,firm,Legal & Lobbying
firm_401105150,"MASON STREET CONSULTING, LLC",firm,Legal & Lobbying
firm_401104475,"NEALE CREEK, LLC",firm,Other / Multi-sector
firm_401106159,HORIZONS GLOBAL SOLUTIONS LLC,firm,Other / Multi-sector
firm_294495,"THE HOBBS GROUP, LLC",firm,Other / Multi-sector
firm_401103348,MCCAULLEY&COMPANY,firm,Other / Multi-sector
firm_52903,"CAPITOL CITY GROUP, LTD.",firm,Other / Multi-sector
firm_401104254,PRISM GROUP,firm,Other / Multi-sector
firm_317732,FRANKLIN CREEK CONSULTING,firm,Legal & Lobbying
firm_400382761,"RED MAPLE CONSULTING, LLC",firm,Legal & Lobbying
firm_401105835,"TIDES GROUP, LLC",firm,Other / Multi-sector
firm_31895,PRASAM,firm,Other / Multi-sector
firm_34158,FAEGRE BAKER DANIELS CONSULTING,firm,Legal & Lobbying
firm_323136,G2G CONSULTING,firm,Legal & Lobbying
firm_400431088,COVE STRATEGIES,firm,Legal & Lobbying
firm_292538,"BARKER LEAVITT, PLLC (SKA MR. JAMES C. BARKER)",firm,Other / Multi-sector
firm_401104937,CAPITOL CONSULTING GROUP LLC (DC),firm,Legal & Lobbying
firm_79610,FOLEY HOAG LLP,firm,Legal & Lobbying
firm_323318,BRODY GROUP L.L.C. PUBLIC AFFAIRS,firm,Technology & Telecom
firm_313533,HOLLIER & ASSOCIATES,firm,Other / Multi-sector
firm_401104738,PETER DAMON GROUP LLC,firm,Other / Multi-sector
firm_401105877,PRIMACY STRATEGY GROUP,firm,Other / Multi-sector
firm_55165,"CAPITOL DECISIONS, INC.",firm,Other / Multi-sector
firm_400395867,"BELL & LINDSAY, INC.",firm,Other / Multi-sector
firm_400740216,THE LUGAR GROUP (FKA LUGAR HELLMANN GROUP),firm,Other / Multi-sector
firm_303575,"JENKINS HILL CONSULTING, LLC",firm,Legal & Lobbying
firm_401104783,CLAUSE LAW P.L.L.C.,firm,Other / Multi-sector
firm_7268,BROYDRICK & ASSOCIATES,firm,Other / Multi-sector
firm_6848,MARSHALL BRACHMAN,firm,Other / Multi-sector
firm_400426039,"CAPITOLINE CONSULTING, LLC",firm,Legal & Lobbying
firm_401105192,KEEFE STRATEGIES LLC (FKA KEEFE SINGISER PARTNERS),firm,Legal & Lobbying
firm_25317,BEST BEST & KRIEGER LLP,firm,Legal & Lobbying
firm_401109653,THE BERNHARDT GROUP LLC,firm,Other / Multi-sector
firm_82170,BLUEWATER STRATEGIES,firm,Legal & Lobbying
firm_401108637,"PHRONESISDC, LLC",firm,Other / Multi-sector
firm_286017,ASSOCIATION OF EQUIPMENT MANUFACTURERS,firm,Government & Nonprofit
firm_288293,"THE CJR GROUP, INC.",firm,Other / Multi-sector
firm_401105075,MUNK POLICY & LAW,firm,Other / Multi-sector
firm_36127,"SONOSKY, CHAMBERS, SACHSE, ENDRESON & PERRY, LLP",firm,Legal & Lobbying
firm_400584784,"URBAN SWIRSKI & ASSOCIATES, LLC",firm,Other / Multi-sector
firm_78072,EHRLICH & ASSOCIATES,firm,Other / Multi-sector
firm_401109292,"TSG ADVOCATES DC, LLC",firm,Other / Multi-sector
firm_8830,"CHAMBERS, CONLON & HARTWELL, LLC",firm,Other / Multi-sector
firm_401103952,RIVENDELL GROUP LLP,firm,Legal & Lobbying
firm_400359670,HBW RESOURCES,firm,Other / Multi-sector
firm_400493432,"CAPITALEDGE ADVOCACY INC. (FORMERLY CAPITALEDGE ADVOCACY, LLC)",firm,Finance & Banking
firm_298158,"SONORAN POLICY GROUP, LLC D/B/A STRYK GLOBAL DIPLOMACY, FORMERLY KNOWN AS SONORA",firm,Other / Multi-sector
firm_9911,"THE COLLING GROUP, LLC T/A COLLING SWIFT & HYNES",firm,Other / Multi-sector
firm_12664,DUANE MORRIS LLP,firm,Legal & Lobbying
firm_85936,"WAYPOINT CONSULTING, LLC",firm,Legal & Lobbying
firm_43560,"THE ICKES AND ENRIGHT GROUP, INC.",firm,Other / Multi-sector
firm_20562,JENNER & BLOCK LLP,firm,Legal & Lobbying
firm_401108016,COLTON STREET GROUP,firm,Other / Multi-sector
firm_401107502,"MORAN GLOBAL STRATEGIES, INC.",firm,Legal & Lobbying
firm_401104717,"UNITED BY INTEREST, LLC.",firm,Other / Multi-sector
firm_8214,CAPSTONE NATIONAL PARTNERS,firm,Other / Multi-sector
firm_306135,"MCKINNON GROUP, LLC, FORMERLY DOING BUSINESS AS RR&G, LLC",firm,Other / Multi-sector
firm_400786367,TAUZIN STRATEGIC NETWORKS,firm,Other / Multi-sector
firm_401105341,"BL PARTNERS GROUP, LLC",firm,Other / Multi-sector
firm_18980,"HURT, NORTON & ASSOCIATES, INC.",firm,Other / Multi-sector
firm_401104224,"PERRY BAYLISS GOVERNMENT RELATIONS, LLC",firm,Other / Multi-sector
firm_400586788,"FIFESTRATEGIES, LLC",firm,Legal & Lobbying
firm_401107393,CORRIGAN & USSERY LLC,firm,Other / Multi-sector
firm_8101,"CAPITOL ASSOCIATES, INC.",firm,Other / Multi-sector
firm_401104690,BLACK DIAMOND STRATEGIES LLC,firm,Legal & Lobbying
firm_401104422,ZIRKELBACH STRATEGIES,firm,Legal & Lobbying
firm_401100069,ATLAS ADVOCACY,firm,Other / Multi-sector
firm_401106712,"MAYNOR & STIERS, LLC",firm,Other / Multi-sector
firm_401105764,WILSON & ROME LLP,firm,Legal & Lobbying
firm_400581776,RIDGE POLICY GROUP,firm,Other / Multi-sector
firm_401104210,GOLDSTEIN POLICY SOLUTIONS LLC,firm,Other / Multi-sector
firm_401105973,ALB SOLUTIONS,firm,Other / Multi-sector
firm_400903639,MABRY PUBLIC AFFAIRS LLC,firm,Technology & Telecom
firm_401074020,"THE JERRY COSTELLO GROUP, LLC",firm,Other / Multi-sector
firm_401105253,"MCHUGH LEMAY ASSOC., LLC",firm,Other / Multi-sector
firm_401106545,HSA STRATEGIES,firm,Legal & Lobbying
firm_401029902,JAKE PERRY + PARTNERS,firm,Other / Multi-sector
firm_401051964,KAMINS CONSULTING,firm,Legal & Lobbying
firm_401106662,PASSAGE CONSULTING GROUP LLC,firm,Legal & Lobbying
firm_401105158,TOWER 19,firm,Other / Multi-sector
firm_25077,MEYERS AND ASSOCIATES,firm,Other / Multi-sector
firm_401105070,"GOVERNMENT COUNSEL, LLC",firm,Other / Multi-sector
firm_401104651,"NORTH STAR STRATEGIES, LLC",firm,Legal & Lobbying
firm_401104787,SLAIMAN CONSULTING LLC,firm,Technology & Telecom
firm_400783359,THE O TEAM LLC,firm,Other / Multi-sector
firm_401104374,LINCOLN PARK GROUP L.L.C.,firm,Other / Multi-sector
firm_293370,"CLYBURN CONSULTING, LLC",firm,Legal & Lobbying
firm_400637926,ARMORY HILL ADVOCATES (FORMERLY KNOWN AS RAWLSON POLICY GROUP),firm,Other / Multi-sector
firm_401103092,"PLAYMAKER STRATEGIES, LLC",firm,Legal & Lobbying
firm_40726,PARAGON GOVERNMENT RELATIONS,firm,Other / Multi-sector
firm_795,"ALBERTINE ENTERPRISES, INC.",firm,Other / Multi-sector
firm_401105569,RYAN COSTELLO STRATEGIES,firm,Legal & Lobbying
firm_401004840,"THE CONAFAY GROUP, LLC",firm,Other / Multi-sector
firm_401103162,THE D MAJOR GROUP,firm,Other / Multi-sector
firm_401036920,BLOOM STRATEGIC COUNSEL,firm,Other / Multi-sector
firm_77754,"OLDAKER & WILLISON, LLP",firm,Legal & Lobbying
firm_88278,"UPSTREAM CONSULTING, INC.",firm,Legal & Lobbying
firm_401104722,SPANGLER STRATEGIES LLC,firm,Legal & Lobbying
firm_297410,"RASKY PARTNERS, INC.",firm,Other / Multi-sector
firm_400694066,"DS2 GROUP, LLC",firm,Other / Multi-sector
firm_304337,DUNKEL GOVERNMENT RELATIONS,firm,Other / Multi-sector
firm_401103562,"9B GROUP, INC.",firm,Other / Multi-sector
firm_401105896,CROSS POTOMAC CONSULTING LLC,firm,Legal & Lobbying
firm_5197,"BALCH & BINGHAM, LLP",firm,Legal & Lobbying
firm_12915,DYKEMA GOSSETT PLLC,firm,Other / Multi-sector
firm_400493433,"CAPITALEDGE STRATEGIES, LLC",firm,Finance & Banking
firm_300971,LOCKE LORD PUBLIC POLICY GROUP LLC,firm,Other / Multi-sector
firm_401109307,RIDGELINE ADVOCACY GROUP LLC,firm,Other / Multi-sector
firm_401105551,CAPITOL 6 ADVISORS,firm,Legal & Lobbying
firm_401103846,"EDGEPOINT, LLC",firm,Other / Multi-sector
firm_401104751,CENTER ROAD SOLUTIONS,firm,Other / Multi-sector
firm_305236,WASHINGTON STRATEGIC CONSULTING,firm,Legal & Lobbying
firm_401105127,IPOLICY SOLUTIONS,firm,Other / Multi-sector
firm_400984809,"KEYS GROUP, LLC",firm,Other / Multi-sector
firm_298091,THE FRANKLIN PARTNERSHIP,firm,Other / Multi-sector
firm_401104488,"POTOMAC INTERNATIONAL PARTNERS, INC.",firm,Other / Multi-sector
firm_401106595,ALPINE ADVISORS,firm,Legal & Lobbying
firm_295053,"GRAY GLOBAL ADVISORS, LLC",firm,Legal & Lobbying
firm_51478,"TCH GROUP, LLC",firm,Other / Multi-sector
firm_53163,"C. BAKER CONSULTING, INC.",firm,Legal & Lobbying
firm_21676,"KINGHORN, HILBERT & ASSOCIATES",firm,Other / Multi-sector
firm_401105955,"CONAWAY GRAVES GROUP, LLC",firm,Other / Multi-sector
firm_401104143,CARPENTER STRATEGIC CONSULTING LLC,firm,Legal & Lobbying
firm_51104,"THE FEDERAL GROUP, INC.",firm,Government & Nonprofit
firm_400971786,KEY IMPACT STRATEGIES,firm,Legal & Lobbying
firm_53312,"LEMUNYON GROUP, LLC",firm,Other / Multi-sector
firm_401105597,FORWARD GLOBAL,firm,Other / Multi-sector
firm_401104543,THE PRENDA GROUP LLC,firm,Other / Multi-sector
firm_295452,DEBORAH HOHLT,firm,Other / Multi-sector
firm_400951748,PEYSER ASSOCIATES LLC,firm,Other / Multi-sector
firm_315898,KRL INTERNATIONAL LLC,firm,Other / Multi-sector
firm_401103542,HETTINGER STRATEGY GROUP LLC,firm,Other / Multi-sector
firm_21084,"KANNER & ASSOCIATES, LLC",firm,Other / Multi-sector
firm_45414,"GHAZAL & ASSOCIATES, LLC",firm,Other / Multi-sector
firm_401104888,JTR STRATEGIES LLC,firm,Legal & Lobbying
firm_30792,"PARRY, ROMANI, DECONCINI & SYMMS",firm,Other / Multi-sector
firm_401105219,CONFLUENCE GOVERNMENT RELATIONS,firm,Other / Multi-sector
firm_33875,THE ROYER LAW FIRM (FORMERLY ROYER & BROOKS),firm,Legal & Lobbying
firm_27775,NATIONAL ENVIRONMENTAL STRATEGIES,firm,Legal & Lobbying
firm_401105792,"MCCARTER & ENGLISH, LLP",firm,Legal & Lobbying
firm_401103150,HEALTHSPERIEN,firm,Healthcare & Pharma
firm_304554,"D&P CREATIVE STRATEGIES, LLC",firm,Legal & Lobbying
firm_401104188,DMM STRATEGIES,firm,Legal & Lobbying
firm_401079030,"MELTSNER STRATEGIES, LLC",firm,Legal & Lobbying
firm_22883,FBB FEDERAL RELATIONS,firm,Government & Nonprofit
firm_401105307,COLLECTIVE STRATEGIES & COMMUNICATIONS,firm,Legal & Lobbying
firm_291572,"RUFFALO AND ASSOCIATES, LLC",firm,Other / Multi-sector
firm_400695072,"FROGUECLARK, LLC",firm,Other / Multi-sector
firm_17966,"HECHT LATHAM SPENCER & ASSOCIATES, INC., FORMERLY KNOWN AS HECHT SPENCER & ASSOC",firm,Other / Multi-sector
firm_308833,"R&R PARTNERS, INC.",firm,Other / Multi-sector
firm_401104802,"WESTMORELAND160, LLC",firm,Other / Multi-sector
firm_401105539,"GOODLATTE GROUP, LLC F.K.A. ROBERT GOODLATTE",firm,Other / Multi-sector
firm_400816427,"D SQUARED TAX STRATEGIES, LLC",firm,Legal & Lobbying
firm_37403,EVERSHEDS SUTHERLAND (US) LLP,firm,Legal & Lobbying
firm_308992,CARDINAL POINT PARTNERS,firm,Other / Multi-sector
firm_401103206,"STRATEGICS CONSULTING, LLC",firm,Legal & Lobbying
firm_91774,"CAPITOL HILL STRATEGIES,  LLC",firm,Legal & Lobbying
firm_401105389,SCHAERR JAFFE LLP,firm,Legal & Lobbying
firm_401105474,DUNHAM LAW & POLICY PLLC,firm,Other / Multi-sector
firm_401105617,ARTEMIS POLICY GROUP LLC,firm,Other / Multi-sector
firm_316571,"LINCHPIN STRATEGIES, LLC",firm,Legal & Lobbying
firm_323114,"THE KEELEN GROUP, LLC",firm,Other / Multi-sector
firm_82055,ERIS GROUP,firm,Other / Multi-sector
firm_283572,FROST BROWN TODD LLC,firm,Other / Multi-sector
firm_40874,MR. ROBERT K WEIDNER,firm,Other / Multi-sector
firm_21847,"KOGOVSEK & ASSOCIATES, INC.",firm,Other / Multi-sector
firm_288954,TASSEY & ASSOCIATES,firm,Other / Multi-sector
firm_307034,MILLER & WENHOLD CAPITOL STRATEGIES,firm,Legal & Lobbying
firm_16566,GORDLEY ASSOCIATES,firm,Other / Multi-sector
firm_312758,HUTTON STRATEGIES,firm,Legal & Lobbying
firm_400383768,"JOHNSTON GROUP, LLC",firm,Other / Multi-sector
firm_401103582,ISEMAN & ASSOCIATES LLC,firm,Other / Multi-sector
firm_401104454,FOCUS DC LLC,firm,Other / Multi-sector
firm_401018874,"RUBIN HEALTH POLICY CONSULTING, LLC",firm,Healthcare & Pharma
firm_35150,THE SHERIDAN GROUP,firm,Other / Multi-sector
firm_401103700,ROSEMONT GROUP,firm,Other / Multi-sector
firm_401104909,"SHUMAKER ADVISORS, LLC",firm,Legal & Lobbying
firm_401109009,"CORCORAN & ASSOCIATES, INC. DBA CORCORAN PARTNERS",firm,Other / Multi-sector
firm_401104889,"BUTERA, ISRAEL & BECKER PLLC",firm,Other / Multi-sector
firm_401104653,"BOLD STRATEGIES, LLC",firm,Legal & Lobbying
firm_401106165,PODESTA.COM,firm,Other / Multi-sector
firm_401105727,"ESP ADVISORS, LLC",firm,Legal & Lobbying
firm_401106172,"T CAP SOLUTIONS, LLC",firm,Other / Multi-sector
firm_401104626,ARDENT STRATEGIES,firm,Legal & Lobbying
firm_58432,"PARK STRATEGIES, LLC",firm,Legal & Lobbying
firm_401103604,EPPLIN STRATEGIC PLANNING,firm,Other / Multi-sector
firm_401105637,CAPITOL VENTURE LLC,firm,Other / Multi-sector
firm_8987,CHESAPEAKE ENTERPRISES,firm,Other / Multi-sector
firm_44674,"WARD AND SMITH, P.A.",firm,Other / Multi-sector
firm_401012859,EFRUS FEDERAL ADVISORS LLC,firm,Legal & Lobbying
firm_305635,"MONUMENT STRATEGIES, LLC",firm,Legal & Lobbying
firm_401104434,KEVIN KAYES,firm,Other / Multi-sector
firm_401104140,"REARDON CONSULTING, LLC",firm,Legal & Lobbying
firm_44914,"THE LAURIN BAKER GROUP, LLC",firm,Other / Multi-sector
firm_400320506,ORION ADVOCATES,firm,Other / Multi-sector
firm_401104581,"TURNBERRY SOLUTIONS, LLC",firm,Other / Multi-sector
firm_401106355,"LONGBOW PUBLIC POLICY GROUP, LLC",firm,Other / Multi-sector
firm_316217,"POTOMAC STRATEGIC DEVELOPMENT COMPANY, LLC",firm,Other / Multi-sector
firm_18444,HOLLAND & HART LLP,firm,Legal & Lobbying
firm_71837,"DAVID L. HORNE, LLC",firm,Other / Multi-sector
firm_401105297,"CLINE STRATEGIC CONSULTING, LLC",firm,Legal & Lobbying
firm_401103600,US POLICY STRATEGIES,firm,Legal & Lobbying
firm_401105318,CO2EFFICIENT,firm,Other / Multi-sector
firm_400865534,"CAPGOV, LLC",firm,Other / Multi-sector
firm_400564686,"MASIELLO MARTUCCI HUGHES KULPA (FKA MASIELLO, MARTUCCI & ASSOCIATES",firm,Other / Multi-sector
firm_401103808,"COLLIER COLLECTIVE, LLC",firm,Other / Multi-sector
firm_297237,"CONGRESSIONAL SOLUTIONS, INC (CSI)",firm,Other / Multi-sector
firm_401103400,"O'ROURKE & NAPPI, LLP",firm,Legal & Lobbying
firm_401104727,LAVENDER CONSULTANTS,firm,Other / Multi-sector
firm_401107367,MISSION STRATEGIES LLC (ENERGY),firm,Energy & Environment
firm_401104885,"THE GABOTON GROUP, LLC",firm,Other / Multi-sector
firm_400665998,SIFF & ASSOCIATES PLLC,firm,Other / Multi-sector
firm_401108974,"THE ARTEMIS GROUP, LLC (OKLAHOMA)",firm,Other / Multi-sector
firm_400337566,"M.J. BRADLEY & ASSOCIATES, LLC",firm,Other / Multi-sector
firm_401105820,DIROMA ECK & CO. LLP,firm,Legal & Lobbying
firm_401106074,"RESTON STRATEGY GROUP, LLC",firm,Other / Multi-sector
firm_40025213,"ALEXANDER, BOROVICKA & O'SHEA GOVERNMENT SOLUTIONS (FKA ALEXANDER & BOROVICKA GO",firm,Other / Multi-sector
firm_40006051,"JBS COMMUNICATIONS, LLC",firm,Other / Multi-sector
firm_401104914,"CAPITOL ADVOCACY & GOVERNMENT AFFAIRS, LLC",firm,Technology & Telecom
firm_401105493,HILLNORTH LLC,firm,Other / Multi-sector
firm_400715150,C.A.R. CONSULTING SERVICES,firm,Legal & Lobbying
firm_20414,"JAMISON AND SULLIVAN, INC.",firm,Other / Multi-sector
firm_401105133,"JOHN LADD & ASSOCIATES, INC.",firm,Other / Multi-sector
firm_401104492,SCULLY ROSKEY AND MISSMAR,firm,Other / Multi-sector
firm_401109020,JAVELIN ADVISORS LLC,firm,Legal & Lobbying
firm_401106416,THE PETERSON GROUP INC,firm,Other / Multi-sector
firm_401103471,MIKE WILLIAMS CAPITOL STRATEGIES LLC (F/K/A MW CAPITOL STRATEGIES LLC),firm,Legal & Lobbying
firm_401106073,REVERE FEDERAL STRATEGIES,firm,Legal & Lobbying
firm_401105181,"INNOVATIVE POLICY, PLLC",firm,Other / Multi-sector
firm_40486,WASHINGTON ALLIANCE GROUP,firm,Other / Multi-sector
firm_400677020,MR. DOYCE BOESCH,firm,Other / Multi-sector
firm_401104431,"PIRRO GROUP, LLC",firm,Other / Multi-sector
client_00549,YMCA OF THE USA,client,Other / Multi-sector
firm_401103363,"ARMITAGE CONSULTING, LLC",firm,Legal & Lobbying
firm_401105703,INTEGRATED STRATEGY GROUP,firm,Other / Multi-sector
firm_68376,THE HARRIS FIRM,firm,Other / Multi-sector
firm_401104218,THE NIMITZ GROUP LLC,firm,Other / Multi-sector
firm_401104762,DAVID RUDD & ASSOCIATES LLC,firm,Other / Multi-sector
firm_401109332,RAGNAR GROUP LLC,firm,Other / Multi-sector
firm_401104445,"ALPHA STRATEGIES, LLC",firm,Legal & Lobbying
firm_5142,"BAKER & MCKENZIE, LLP",firm,Legal & Lobbying
firm_6850,"BRACY TUCKER BROWN & VALANZANO, INC.",firm,Other / Multi-sector
firm_5415,BEN BARNES GROUP LP,firm,Other / Multi-sector
firm_91411,"FAHMY HUDOME INTERNATIONAL, LLC",firm,Other / Multi-sector
firm_401105554,OAK GROVE STRATEGIES,firm,Legal & Lobbying
firm_55438,"THOMAS WALTERS & ASSOCIATES, INC.",firm,Other / Multi-sector
firm_401103482,WINDWARD STRATEGIES,firm,Legal & Lobbying
firm_40036301,KNIGHT CAPITOL CONSULTANTS,firm,Other / Multi-sector
firm_401105537,BRIDGEWAY ADVOCACY,firm,Other / Multi-sector
firm_401105227,BRIAN GLACKIN & ASSOCIATES LLC,firm,Other / Multi-sector
firm_401105105,"DOTCHIN & ASSOCIATES, LLC",firm,Other / Multi-sector
firm_17328,HALEY & ASSOCIATES,firm,Other / Multi-sector
firm_400971785,"TOMPKINS STRATEGIES, LLC",firm,Legal & Lobbying
firm_316797,"SOBBA PUBLIC, LLC",firm,Other / Multi-sector
firm_291993,"CAPCITY ADVOCATES, LLC",firm,Other / Multi-sector
firm_26318,MWW GROUP,firm,Other / Multi-sector
firm_401104274,ROWLAND STRATEGY GROUP LLC,firm,Other / Multi-sector
firm_7166,BRACY TUCKER BROWN & VALANZANO DBA BROWN & ASSOCIATES,firm,Other / Multi-sector
firm_401107294,VALCOUR LLC,firm,Other / Multi-sector
firm_25818,"MORGAN, LEWIS & BOCKIUS, LLP",firm,Legal & Lobbying
firm_73772,"TATE STRATEGIES, INC",firm,Legal & Lobbying
firm_401105139,"FORETHOUGHT ADVISORS, LLC",firm,Legal & Lobbying
firm_401105987,"LAURA WOOD PETERSON CONSULTING, INC.",firm,Legal & Lobbying
firm_401104071,NEW CENTURY GOVERNMENT AFFAIRS (F/K/A TERRENCE C. WOLFE),firm,Technology & Telecom
firm_89350,RICK MALDONADO & ASSOCIATES INC.,firm,Other / Multi-sector
firm_400478358,"SB STRATEGIC CONSULTING, INC.",firm,Legal & Lobbying
firm_35560,"SKADDEN, ARPS, SLATE, MEAGHER & FLOM LLP",firm,Legal & Lobbying
firm_401104749,VELOCITY GOVERNMENT RELATIONS,firm,Other / Multi-sector
firm_304975,"THE FARLEY GROUP, INC.",firm,Other / Multi-sector
firm_401108183,LMH STRATEGIC SOLUTIONS,firm,Other / Multi-sector
firm_400498453,WATERSHED RESULTS LLC,firm,Other / Multi-sector
firm_400713139,THE BENNETT CONSULTING GROUP,firm,Legal & Lobbying
firm_314498,GREEN CAPITOL LLC,firm,Other / Multi-sector
firm_401104101,B+S STRATEGIES,firm,Legal & Lobbying
firm_43343,CASCADE ASSOCIATES,firm,Other / Multi-sector
firm_400579747,"ENDGAME STRATEGIES, LLC",firm,Legal & Lobbying
firm_312190,"BAY BRIDGE STRATEGIES, INC.",firm,Legal & Lobbying
firm_401091050,LIZ WILLIAMS AND COMPANY,firm,Other / Multi-sector
firm_401103774,BURTON STRATEGY GROUP,firm,Other / Multi-sector
firm_14438,"JACK FERGUSON ASSOC., INC.",firm,Other / Multi-sector
firm_401109283,"MO STRATEGIES, INC.",firm,Legal & Lobbying
firm_18364,"HOBBS, STRAUS, DEAN & WALKER, LLP",firm,Legal & Lobbying
firm_400927689,CRANE STRATEGIES,firm,Legal & Lobbying
firm_401103211,CAPITOL ADVOCACY PARTNERS,firm,Other / Multi-sector
firm_294291,"TIBER CREEK ASSOCIATES OF CAPITOL HILL, INC.",firm,Other / Multi-sector
firm_40012089,SUMMIT HEALTH CARE CONSULTING,firm,Healthcare & Pharma
firm_67854,ICE MILLER LLP,firm,Legal & Lobbying
firm_306011,FIDELIS GOVERNMENT RELATIONS,firm,Other / Multi-sector
firm_400531585,"ALLEGIANCE STRATEGIES, LLC",firm,Legal & Lobbying
firm_401103255,TAYLOR STRATEGIES,firm,Legal & Lobbying
firm_401106383,LOCKE LORD LLP,firm,Legal & Lobbying
firm_400424026,"TIM YEHL, LLC",firm,Other / Multi-sector
firm_74556,JAMES P. KEESE,firm,Other / Multi-sector
firm_40021155,"GALILEO CONSULTING GROUP, INC.",firm,Legal & Lobbying
firm_401105818,"MEEKS, BUTERA & ISRAEL PLLC",firm,Other / Multi-sector
firm_401104249,BLUE MOUNTAIN STRATEGIES,firm,Technology & Telecom
firm_400531587,MR. ROBERT ZIMMER,firm,Other / Multi-sector
firm_401106670,CLARK HILL PUBLIC STRATEGIES LLC,firm,Legal & Lobbying
firm_401106683,"INTEGER, LLC",firm,Other / Multi-sector
firm_4117,APCO WORLDWIDE LLC,firm,Other / Multi-sector
firm_67193,MORRISON PUBLIC AFFAIRS GROUP,firm,Technology & Telecom
firm_400427058,MR. WILLIAM BALL,firm,Other / Multi-sector
firm_401105811,CAPITOL TRANSPORTATION CONSULTING,firm,Transportation & Auto
firm_401104468,"SHUMAKER ADVISORS FLORIDA, LLC",firm,Legal & Lobbying
firm_400407927,"FLAGSHIP GOVERNMENT RELATIONS, INC.",firm,Other / Multi-sector
firm_318298,CHRISTOPHER HEINZ,firm,Other / Multi-sector
firm_401106013,"OSCAR POLICY GROUP, LLC",firm,Other / Multi-sector
firm_401104403,WATKINS & EAGER PLLC,firm,Other / Multi-sector
firm_400568701,"DININO ASSOCIATES, LLC",firm,Other / Multi-sector
firm_400894609,"COMMONWEALTH RESEARCH ASSOCIATES, LLC",firm,Education & Research
firm_401105827,"ARTICLE ONE GROUP, LLC",firm,Other / Multi-sector
firm_400671007,"TAUZIN CONSULTANTS, LLC",firm,Other / Multi-sector
firm_13118,"EDINGTON, PEEL & ASSOCIATES, INC.",firm,Other / Multi-sector
firm_401106072,ABI ASSOCIATES,firm,Other / Multi-sector
firm_400850504,"THE HAMM CONSULTING GROUP, LLC",firm,Legal & Lobbying
firm_261,THE ADVOCACY GROUP,firm,Other / Multi-sector
firm_400635921,"SIXKILLER CONSULTING, LLC",firm,Legal & Lobbying
firm_401107972,ACORN CONSULTING,firm,Agriculture & Food
firm_401105899,LUCAS | COMPTON,firm,Other / Multi-sector
firm_400625900,"CAPITOL STRATEGIES, LLC",firm,Legal & Lobbying
firm_16178,"GIBSON, DUNN & CRUTCHER LLP",firm,Legal & Lobbying
client_00244,ULTRA MARITIME LLC (FORMERLY REPORTED AS ULTRA ELECTRONICS DEFENSE INC),client,Defense & Aerospace
firm_400428066,NWG ADVOCACY LLC,firm,Other / Multi-sector
firm_14052,CAPITOL METEOROLOGICS,firm,Other / Multi-sector
firm_41113,"WEXLER | WALKER, A UNIT OF HILL+KNOWLTON STRATEGIES, LLC",firm,Legal & Lobbying
firm_84376,BORSKI ASSOCIATES,firm,Other / Multi-sector
firm_401104189,BIGHORN PUBLIC AFFAIRS GROUP,firm,Technology & Telecom
firm_401107774,O'NEIL BRADLEY CONSULTING LLC,firm,Legal & Lobbying
firm_400414963,FEDERAL BUSINESS GROUP,firm,Government & Nonprofit
firm_400427057,WOODBERRY ASSOCIATES,firm,Other / Multi-sector
firm_401103307,"AGM CONSULTING SERVICES, INC.",firm,Transportation & Auto
firm_401104700,CORDONE CONSULTING LLC,firm,Legal & Lobbying
firm_401104005,"KEY ADVOCATES, INC.",firm,Other / Multi-sector
firm_401104418,"DOUCET CONSULTING SOLUTIONS, LLC",firm,Legal & Lobbying
firm_401104541,"ATRIO CONSULTING GROUP, LLC",firm,Legal & Lobbying
firm_45835,MR. RICHARD GOODSTEIN,firm,Other / Multi-sector
firm_400829463,LONE ROCK STRATEGIES,firm,Legal & Lobbying
firm_400490410,"CAPITOL VENTURES GOVERNMENT RELATIONS, LLC",firm,Other / Multi-sector
firm_401106120,"SCHERTZ STRATEGIES, LLC",firm,Legal & Lobbying
firm_9090,"CLS STRATEGIES (FORMERLY CHLOPAK, LEONARD, SCHECHTER AND ASSOCIATES, INC.)",firm,Legal & Lobbying
firm_401106003,"CAPITOL SOLUTIONS, LLC (DC)",firm,Other / Multi-sector
firm_311371,"FEDERAL SOLUTIONS, LLC",firm,Government & Nonprofit
firm_401105975,HOLLIS PUBLIC AFFAIRS,firm,Technology & Telecom
firm_401106902,"OCULUS STRATEGIES, LLC",firm,Legal & Lobbying
firm_86777,"AJW, INC.",firm,Other / Multi-sector
firm_310095,ULMAN PUBLIC POLICY & FEDERAL RELATIONS,firm,Government & Nonprofit
firm_400833471,OLSON ADVOCACY GROUP LLC,firm,Other / Multi-sector
firm_401105870,"FORZA DC, LLC",firm,Other / Multi-sector
firm_401105220,DAVID W JONES,firm,Other / Multi-sector
firm_401106802,PERSPECTIVE STRATEGIES,firm,Legal & Lobbying
firm_400384769,OTTERSON LLC,firm,Other / Multi-sector
firm_400384779,"AUX INITIATIVES, LLC",firm,Other / Multi-sector
firm_401070011,"SMITH ADVOCACY GROUP, LLC",firm,Other / Multi-sector
firm_401103265,THE KIDD GROUP LLC,firm,Other / Multi-sector
firm_401103705,THE CHERTOFF GROUP,firm,Other / Multi-sector
firm_400384772,KENNETH GEAR,firm,Other / Multi-sector
firm_8395,"CARTWRIGHT & RILEY, INC.",firm,Other / Multi-sector
firm_308970,"FEDERAL HILL GROUP, LLC",firm,Government & Nonprofit
firm_401107690,PATEL PARTNERS LLC,firm,Other / Multi-sector
firm_84456,"SHL AND ASSOCIATES, INC.",firm,Other / Multi-sector
firm_3630,AMERICAN VETERINARY MEDICAL ASSOCIATION,firm,Healthcare & Pharma
firm_14690,FISHER CONSULTING,firm,Legal & Lobbying
firm_400867541,DUANE MORRIS GOVERNMENT STRATEGIES,firm,Legal & Lobbying
firm_401104378,"THE LIAISON GROUP, LLC",firm,Technology & Telecom
firm_80350,THE MARGOLIN GROUP,firm,Other / Multi-sector
firm_21610,CALMETTO MANAGEMENT GROUP,firm,Other / Multi-sector
firm_401105512,ECHELON GOVERNMENT AFFAIRS,firm,Technology & Telecom
firm_5448,"SIVON NATTER & WECHSLER, P.C. (FKA BARNETT SIVON & NATTER, P.C.)",firm,Other / Multi-sector
firm_401104726,10-SQUARE SOLUTIONS,firm,Other / Multi-sector
firm_401104033,YORKTOWN SOLUTIONS,firm,Other / Multi-sector
firm_401104301,MWR CONSULTING,firm,Legal & Lobbying
firm_290811,MS. ELIZABETH LAVACH,firm,Other / Multi-sector
firm_47850,LAW OFFICES OF KEVIN G. CURTIN,firm,Other / Multi-sector
firm_401105094,THE MCSWANE GROUP,firm,Other / Multi-sector
firm_16657,"GOVERNMENTAL STRATEGIES, INC.",firm,Legal & Lobbying
firm_401105898,"LARRY PUCCIO, LLC",firm,Other / Multi-sector
firm_11481,CUNEO GILBERT & LADUCA,firm,Other / Multi-sector
firm_400428072,CSA STRATEGY GROUP LLC (FORMERLY CSA STRATEGIES LLC),firm,Legal & Lobbying
firm_400840483,PEEBLES BERGIN FKA PEEBLES KIDDER,firm,Other / Multi-sector
firm_61174,"DCI GROUP, L.L.C.",firm,Other / Multi-sector
firm_11388,CROWELL GLOBAL ADVISORS,firm,Legal & Lobbying
firm_400683034,"DC STRATEGIES GROUP, LLC",firm,Legal & Lobbying
firm_400878571,TG&C GROUP,firm,Other / Multi-sector
firm_283732,"PAUL MARCONE & ASSOCIATES, LLC",firm,Other / Multi-sector
firm_22746,THE MICHAEL LEWAN COMPANY,firm,Other / Multi-sector
firm_400421010,"H.A. CUMBER & COMPANY, INC.",firm,Other / Multi-sector
firm_401105683,LIVE OAK STRATEGIES,firm,Legal & Lobbying
firm_12516,DORSEY & WHITNEY LLP,firm,Legal & Lobbying
firm_401103702,CASCADE STRATEGIES,firm,Legal & Lobbying
firm_12994,UNITED SPINAL ASSOCIATION,firm,Government & Nonprofit
firm_401038925,"MORRISSEY STRATEGIC PARTNERS, LLC",firm,Other / Multi-sector
firm_401103852,THUNDERBIRD STRATEGIC LLC,firm,Other / Multi-sector
firm_82215,"KEARNEY, DONOVAN & MCGEE",firm,Other / Multi-sector
firm_76412,"MAYFORTH GROUP, LLC.",firm,Other / Multi-sector
firm_400508502,NORTHFORK STRATEGIES,firm,Legal & Lobbying
firm_401107033,"RBW GROUP, LLC",firm,Other / Multi-sector
firm_401109030,"COVENANT GOVERNMENT AFFAIRS, LLC",firm,Technology & Telecom
firm_401105111,ANWAY LONG GROUP,firm,Other / Multi-sector
firm_401104878,"BROWN & FORTUNATO, P.C.",firm,Other / Multi-sector
firm_401031906,"BROOKS BAWDEN MOORE, LLC, FORMERLY REPORTED AS BROOKS BAWDEN, LLC",firm,Transportation & Auto
firm_401104020,THE NARDELLI GROUP,firm,Other / Multi-sector
firm_401105447,BLUEBIRD STRATEGIES,firm,Legal & Lobbying
firm_400545627,LOPER CONSULTING LLC,firm,Legal & Lobbying
firm_401105212,PARK&K PUBLIC AFFAIRS LLC,firm,Technology & Telecom
firm_401104606,"PAUL V. BEDDOE GOVERNMENT AFFAIRS, LLC",firm,Technology & Telecom
firm_23452,MADISON GOVERNMENT AFFAIRS,firm,Technology & Telecom
firm_401105938,"ALVA ELLIOTT PARTNERS, LLC",firm,Other / Multi-sector
firm_400421012,BUTLER SNOW LLP,firm,Legal & Lobbying
firm_401105700,PATTERSON REAL BIRD & RASMUSSEN LLP,firm,Legal & Lobbying
firm_401109033,THOLOS GOVERNMENT RELATIONS,firm,Other / Multi-sector
firm_401107217,ORIGIN ADVOCACY LLC,firm,Other / Multi-sector
firm_37232,SULLIVAN & CROMWELL LLP,firm,Legal & Lobbying
firm_401109282,"S2R, LLC",firm,Other / Multi-sector
firm_400933698,WYMAN ASSOCIATES,firm,Other / Multi-sector
firm_55256,"THE GALLAGHER GROUP, LLC",firm,Other / Multi-sector
firm_18433,RICHARD F. HOHLT,firm,Other / Multi-sector
firm_9476,CLEARY GOTTLIEB STEEN & HAMILTON LLP,firm,Legal & Lobbying
firm_16681,EDMUND GRABER,firm,Other / Multi-sector
firm_21426,"KENT & O'CONNOR, INC.",firm,Other / Multi-sector
firm_400559668,PAVLUCHUK & ASSOCIATES,firm,Other / Multi-sector
firm_401106268,KILEY & ASSOCIATES,firm,Other / Multi-sector
firm_319610,THOMPSON ADVISORY GROUP,firm,Other / Multi-sector
firm_401107308,LODESTONE DC,firm,Other / Multi-sector
firm_401103105,"JONES GROUP INTERNATIONAL, LLC",firm,Other / Multi-sector
firm_298012,"REINECKE STRATEGIC SOLUTIONS, INC.",firm,Other / Multi-sector
firm_33124,"GRAY & OSCAR, LLC (FORMERLY BOB GRAY, LLC)",firm,Other / Multi-sector
firm_401106174,"OLD NORTH STRATEGIES, LLC",firm,Legal & Lobbying
firm_11914,GLENN DELANEY,firm,Other / Multi-sector
firm_401103651,DGSR LLC,firm,Other / Multi-sector
firm_52880,"FORSCEY, PLLC",firm,Other / Multi-sector
firm_287350,ADVANCED CAPITOL CONSULTING,firm,Legal & Lobbying
firm_296293,BRAVO GROUP,firm,Other / Multi-sector
firm_301334,MAYNOR LLC,firm,Other / Multi-sector
firm_401104741,ACG ANALYTICS,firm,Other / Multi-sector
firm_40026223,"M.J. SIMON & COMPANY, LLC",firm,Other / Multi-sector
firm_401103784,FLYWHEEL GOVERNMENT SOLUTIONS,firm,Other / Multi-sector
firm_400751249,JOHN MCKECHNIE LLC,firm,Other / Multi-sector
firm_401103619,"WARWICK GROUP CONSULTANTS, LLC",firm,Other / Multi-sector
firm_400944725,DOGWOOD STRATEGIES,firm,Legal & Lobbying
firm_400954758,SCHOENING STRATEGIES,firm,Legal & Lobbying
firm_13461,"EMANUEL & ASSOCIATES, INC. (FKA ADAM EMANUEL)",firm,Other / Multi-sector
firm_6757,BEAU BOULTER LLC,firm,Other / Multi-sector
firm_31213,PERKINS COIE LLP,firm,Legal & Lobbying
firm_304213,"ZIEBART CONSULTING, LLC",firm,Legal & Lobbying
firm_401103521,"GAVEL RESOURCES, LLC",firm,Other / Multi-sector
firm_401103359,HANKA ADVISOR LLC,firm,Other / Multi-sector
firm_48760,GENESIS GROUP LLC,firm,Other / Multi-sector
firm_401107315,ONMESSAGE PUBLIC STRATEGIES,firm,Legal & Lobbying
firm_291914,"LAW OFFICES OF FREDERICK H. GRAEFE, PLLC",firm,Other / Multi-sector
firm_401108914,RIDGE PATH STRATEGIES,firm,Legal & Lobbying
firm_23053,"LOCKRIDGE, GRINDAL, NAUEN, PLLP",firm,Legal & Lobbying
client_00167,"INTERNATIONAL MOTORS, LLC (FORMERLY NAVISTAR, INC)",client,Other / Multi-sector
firm_401104939,"CAPITOL POINT GROUP, LLC",firm,Other / Multi-sector
firm_401106028,"CUMBERLAND GAP CONSULTING, LLC",firm,Legal & Lobbying
firm_401108685,WASHINGTON GLOBAL ADVISORS LLC,firm,Legal & Lobbying
firm_40022172,"ALTRIUS GROUP, LLC",firm,Other / Multi-sector
firm_400510505,"RWC, INC",firm,Other / Multi-sector
firm_40047364,THE PENNSYLVANIA AVENUE GROUP,firm,Other / Multi-sector
firm_400419998,THE BRIGHTUP GROUP LLC,firm,Other / Multi-sector
firm_401105210,"WISE CAPITAL STRATEGY, LLC",firm,Finance & Banking
firm_401107496,GREEN MOUNTAIN STRATEGIES LLC DC,firm,Technology & Telecom
firm_401027897,JAMES EDWARDS,firm,Other / Multi-sector
firm_400958768,"POLICY INTEGRATION PARTNERS, LLC",firm,Other / Multi-sector
firm_401104345,"ATCITTY & VAN NORMAN LAW, LLC",firm,Other / Multi-sector
firm_401103886,SCRIVNER LEON GROUP LLC,firm,Other / Multi-sector
firm_401105233,"IQOM STRATEGIC ADVISORS, LLC",firm,Legal & Lobbying
firm_401107188,"YC CONSULTING, LLC",firm,Legal & Lobbying
firm_401108172,ANCHOR & ARROW STRATEGIES,firm,Legal & Lobbying
firm_11548,DA VINCI GROUP,firm,Other / Multi-sector
firm_314215,"MATTOON & ASSOCIATES, LLC",firm,Other / Multi-sector
firm_401103935,"SARAH BLACKWOOD GOVERNMENT RELATIONS, LLC",firm,Other / Multi-sector
firm_401106938,TELEGRAPH AVENUE ADVISORS,firm,Legal & Lobbying
firm_300071,THE LEONARD GROUP,firm,Other / Multi-sector
firm_401047954,"S. VACA & ASSOCIATES, LLC",firm,Other / Multi-sector
firm_13882,ETKA CONSULTING,firm,Legal & Lobbying
firm_400427054,"BEDROCK STRATEGIES, LLC",firm,Legal & Lobbying
firm_15838,THE GARRISON GROUP LLC,firm,Other / Multi-sector
firm_401105258,UNCORKED ADVOCATES,firm,Other / Multi-sector
firm_401106433,STUMPTOWN STRATEGIES,firm,Legal & Lobbying
firm_313794,THE DLM GROUP,firm,Other / Multi-sector
firm_401104056,SPINNAKER GOVERNMENT RELATIONS FKA C.H. FISHER LLC,firm,Other / Multi-sector
firm_401107297,CONSTITUTION PARTNERS,firm,Other / Multi-sector
firm_62255,MR. JOHN A. DEVIERNO,firm,Other / Multi-sector
firm_401103272,NORM DICKS AND ASSOCIATES LLC,firm,Other / Multi-sector
firm_401104283,"PUBLIC POLICY ADVISORS, INC.",firm,Legal & Lobbying
firm_401104930,"KAE STRATEGIC, LLC",firm,Other / Multi-sector
firm_401105977,"MZ ADVISING, LLC",firm,Other / Multi-sector
firm_401104600,ALTA CREST LLC,firm,Other / Multi-sector
firm_401105054,LIPPES MATHIAS LLP (FKA LIPPES MATHIAS WEXLER FRIEDMAN LLP),firm,Legal & Lobbying
firm_401103963,"PTSA FORMERLY KNOWN AS ""MARK S. MORGAN",firm,Other / Multi-sector
firm_400749244,JAMES CALLAN ASSOCIATES LLC,firm,Other / Multi-sector
firm_3878,"MORRIS J. AMITAY, PC",firm,Other / Multi-sector
firm_401105420,"O'ROURKE AND ASSOCIATES, LLC",firm,Other / Multi-sector
firm_89895,CAPITOL CONSULTANTS LLC,firm,Other / Multi-sector
firm_317776,CREATIVE GOVERNMENT SOLUTIONS LLC,firm,Other / Multi-sector
firm_401105777,EASTPORT STRATEGIES LLC,firm,Transportation & Auto
firm_400498459,MR. DANIEL DELICH,firm,Other / Multi-sector
firm_309275,THE FRITTS GROUP,firm,Other / Multi-sector
firm_401103720,"CONNECT 4 STRATEGIES, LLC",firm,Legal & Lobbying
firm_401103849,"R2P STRATEGIES, LLC",firm,Legal & Lobbying
firm_401104385,WASHINGTON ADVOCACY GROUP,firm,Other / Multi-sector
firm_400791383,"PUBLIC STRATEGIES 360, LLC",firm,Legal & Lobbying
firm_401104284,SEXTONS CREEK,firm,Other / Multi-sector
firm_400454181,MR. MARK REY,firm,Other / Multi-sector
firm_400813422,THE SUMMERILL GROUP LLC,firm,Other / Multi-sector
firm_401108050,SKYLINE CAPITOL LLC,firm,Other / Multi-sector
firm_82272,"FOX POTOMAC RESOURCES, LLC",firm,Other / Multi-sector
firm_401103704,PALLADIAN HILL STRATEGIES,firm,Legal & Lobbying
firm_1650,AMERICAN ASSOCIATION OF NURSE ANESTHETISTS,firm,Government & Nonprofit
firm_39928,THE VECTRE CORPORATION,firm,Other / Multi-sector
firm_401104679,CURA STRATEGIES,firm,Legal & Lobbying
firm_401108712,INTERSECTION,firm,Other / Multi-sector
firm_401106330,WASHINGTON NAVIGATORS,firm,Other / Multi-sector
client_01103,"NATIONAL GUARD ASSOCIATION OF THE UNITED STATES, INC.",client,Government & Nonprofit
firm_401104328,"CAMERON KRIER MASSEY, INC. DBA SCOUT GR",firm,Other / Multi-sector
firm_401105249,AVANT BISHOP WASHINGTON & BLACK LLC,firm,Other / Multi-sector
firm_401109383,CONVERGE PUBLIC STRATEGIES,firm,Legal & Lobbying
firm_401105663,EQV STRATEGIC,firm,Other / Multi-sector
firm_400940714,MR. JAIME STEVE,firm,Technology & Telecom
firm_401103747,SACHEM STRATEGIES,firm,Legal & Lobbying
firm_21916,THEODORE KRONMILLER,firm,Other / Multi-sector
firm_31918,THE POTOMAC GROUP,firm,Other / Multi-sector
firm_401106905,JEFFRIES STRATEGIES LLC,firm,Legal & Lobbying
firm_40006040,SCOFES & ASSOCIATES CONSULTING INC,firm,Legal & Lobbying
firm_401109669,"B HALL STRATEGIES, LLC",firm,Legal & Lobbying
firm_292094,POLICY NAVIGATION GROUP,firm,Other / Multi-sector
firm_401104449,BASSGLP LLC,firm,Other / Multi-sector
firm_401104823,INTEREL US,firm,Other / Multi-sector
firm_86356,MERIDIAN HILL STRATEGIES FORMERLY KNOWN AS ERNEST C. BAYNARD IV,firm,Legal & Lobbying
firm_400856517,THE CONNOLLY GROUP,firm,Other / Multi-sector
firm_401105134,ACUMENDC LLC,firm,Other / Multi-sector
firm_401105251,THE FERRARO GROUP,firm,Other / Multi-sector
firm_400704110,MIDFIELD CONSULTING LLC,firm,Legal & Lobbying
firm_401104735,"INSIGHT PUBLIC AFFAIRS, INC.",firm,Technology & Telecom
firm_401106624,CROSSWINDS SOLUTIONS,firm,Other / Multi-sector
firm_400458209,MR. PETER SNELL,firm,Other / Multi-sector
firm_400411947,WASHINGTON HEALTH STRATEGIES GROUP,firm,Healthcare & Pharma
firm_401062995,"C6 STRATEGIES, LLC (FKA MS. DANA W. HUDSON)",firm,Legal & Lobbying
firm_401103459,DAVID A. BRADLEY,firm,Other / Multi-sector
firm_401106149,"BATIE & ASSOCIATES, LLC",firm,Other / Multi-sector
firm_401104680,"CALFEE, HALTER & GRISWOLD LLP",firm,Legal & Lobbying
firm_401104895,"RIVERSIDE STRATEGIC SOLUTIONS, LLC",firm,Other / Multi-sector
firm_401106818,"GOVERNMENT AFFAIRS SOLUTIONS, LLC",firm,Technology & Telecom
firm_400658979,"ANNDYL POLICY GROUP, LLC",firm,Other / Multi-sector
firm_317275,INTEGRATED SOLUTIONS GROUP,firm,Other / Multi-sector
firm_38676,TUTTLE TAYLOR AND HERON,firm,Other / Multi-sector
firm_305338,BERNSTEIN STRATEGY GROUP,firm,Other / Multi-sector
firm_401106035,THE COMPLETE AGENCY,firm,Government & Nonprofit
firm_401103766,"COOLEY, LLP",firm,Legal & Lobbying
firm_401104327,AVENUE STRATEGIES,firm,Legal & Lobbying
firm_401105055,"BERQUAM VENTURES, LLC",firm,Other / Multi-sector
firm_89133,BLANK ROME LLP,firm,Legal & Lobbying
firm_401104329,DAVE KOLBE CONSULTING,firm,Legal & Lobbying
firm_401109225,NESTPOINT ASSOCIATES LLC,firm,Other / Multi-sector
firm_401103260,"E2 STRATEGIES, LLC",firm,Legal & Lobbying
firm_401104623,SINHA ASSOCIATES LLC,firm,Other / Multi-sector
firm_401105112,RANDALL DAVIS ASSOCIATES LLC,firm,Other / Multi-sector
firm_23838,MARKLEY AND COMPANY,firm,Other / Multi-sector
firm_401103662,FEDERAL CITY STRATEGIES,firm,Legal & Lobbying
firm_401107227,"CAPROCK STRATEGIES, LLC",firm,Legal & Lobbying
firm_401105216,EVOLVE STRATEGIES LLC,firm,Legal & Lobbying
firm_15020,"FLYNN & ASSOCIATES, INC.",firm,Other / Multi-sector
firm_401105865,MERKAVA STRATEGIES CORPORATION,firm,Legal & Lobbying
firm_401107461,"LINDA MAYNOR, INC.",firm,Other / Multi-sector
firm_295510,GREYSTONE GROUP LLC,firm,Other / Multi-sector
firm_401107844,"AZ DC CONSULTING, LLC",firm,Legal & Lobbying
firm_5062,CML CONSULTING SERVICES INC. (FORMERLY L.A. SKIP BAFALIS),firm,Legal & Lobbying
firm_14963,FLORIDA SUGAR CANE LEAGUE,firm,Other / Multi-sector
firm_401104200,ECONOMIC POLICY STRATEGIES,firm,Legal & Lobbying
firm_401105264,ARDEIDAE GROUP LLC,firm,Other / Multi-sector
firm_401106745,QUILL ADVISERS LLC,firm,Other / Multi-sector
firm_401104271,"CAPITOL PARTNERS, LLC",firm,Other / Multi-sector
firm_401103533,IVY GREEN CONSULTING,firm,Legal & Lobbying
firm_401106604,INLET STRATEGIES,firm,Legal & Lobbying
firm_401103511,"MAGILL ASSOCIATES, LLC",firm,Other / Multi-sector
firm_401106507,SMART POLICY GROUP LLC,firm,Other / Multi-sector
firm_29403,CONSUMER HEALTHCARE PRODUCTS ASSOCIATION,firm,Healthcare & Pharma
firm_295031,"COMPASS CONSULTING GROUP, LLC",firm,Legal & Lobbying
firm_401104048,HILLTOP ADVOCACY,firm,Other / Multi-sector
firm_401105310,JOCELYN HONG & ASSOCIATES,firm,Other / Multi-sector
firm_79596,"FENNEL CONSULTING, LLC",firm,Legal & Lobbying
firm_401103116,CALFEE STRATEGIC SOLUTIONS,firm,Other / Multi-sector
firm_401106567,PHOENIX STRATEGIES INC.,firm,Legal & Lobbying
firm_400482378,"RUNYAN PUBLIC AFFAIRS, LLC",firm,Technology & Telecom
firm_313998,"PENDULUM STRATEGIES, LLC",firm,Legal & Lobbying
firm_401108659,ARK STRATEGY,firm,Other / Multi-sector
firm_401105460,HAWLEY LLC,firm,Other / Multi-sector
firm_400418985,MR. MICHAEL ROMANSKY,firm,Other / Multi-sector
firm_401104372,CGA STRATEGIES LLC,firm,Legal & Lobbying
firm_401109306,"DRAKE VENTURES, LLC",firm,Other / Multi-sector
firm_401106236,EXIGENT GOVERNMENT RELATIONS,firm,Other / Multi-sector
firm_401103312,HILL STRATEGY LLC,firm,Other / Multi-sector
firm_23463,MR. CLIFF MADISON,firm,Other / Multi-sector
firm_401103451,MILESTONE FEDERAL SOLUTIONS,firm,Government & Nonprofit
firm_401107899,9TH STREET STRATEGIES,firm,Legal & Lobbying
firm_8293,CARLYLE CONSULTING,firm,Legal & Lobbying
firm_401104134,ROBERT ROZEN,firm,Other / Multi-sector
firm_33545,ROCK & ASSOCIATES,firm,Other / Multi-sector
firm_401108359,ACCELERATE STRATEGIES,firm,Legal & Lobbying
firm_401106407,RUSHMORE STRATEGIC ADVISORS LLC,firm,Legal & Lobbying
firm_400500471,GOTHAM GOVERNMENT RELATIONS,firm,Other / Multi-sector
firm_11402,IKON PUBLIC AFFAIRS,firm,Technology & Telecom
firm_400265210,DICKINSON WRIGHT PLLC,firm,Other / Multi-sector
firm_400478356,SEWARD SQUARE GROUP,firm,Other / Multi-sector
firm_401068005,"DYNAMIC CHANGE GROUP, LLC",firm,Other / Multi-sector
firm_400703103,"LJ CONSULTING, LLC",firm,Legal & Lobbying
firm_401106353,THE HALCROW GROUP LLC,firm,Other / Multi-sector
firm_401105146,"SIX-7 STRATEGIES, LLC",firm,Legal & Lobbying
firm_400498457,"ROSEMONT ASSOCIATES, LLC",firm,Other / Multi-sector
firm_58636,CONGRESSIONAL STRATEGIES LLC,firm,Legal & Lobbying
firm_401109637,BREAKAWAY,firm,Other / Multi-sector
firm_57533,MR. KHALIL SALIBA,firm,Other / Multi-sector
firm_40830,"WEBSTER, CHAMBERLAIN & BEAN, LLP",firm,Technology & Telecom
firm_401104343,"THE COLOR NINE GROUP, LLC",firm,Other / Multi-sector
firm_401096059,MR. GREGORY COHEN,firm,Other / Multi-sector
firm_34592,"SCHRAMM, WILLIAMS & ASSOCIATES, INC.",firm,Other / Multi-sector
firm_401105108,"ALEXANDRIA VENTURES, LLC",firm,Other / Multi-sector
firm_401108944,LILETTE ADVISORS,firm,Legal & Lobbying
firm_400887597,"HILLSTAFFER, LLC",firm,Other / Multi-sector
firm_40002020,QUADRIPOINT STRATEGIES LLC,firm,Legal & Lobbying
firm_400445137,LESIC AND CAMPER COMMUNICATIONS,firm,Other / Multi-sector
firm_401103314,LUNGREN LOPINA LLC,firm,Other / Multi-sector
firm_401103558,CYRRUS ANALYTICS LLC,firm,Other / Multi-sector
firm_401103692,"BRIDGE STREET GROUP, LLC",firm,Other / Multi-sector
firm_303597,"CAPITOL CONNECTIONS, LLC",firm,Other / Multi-sector
firm_313750,MR. THAD HUGULEY,firm,Other / Multi-sector
firm_401103132,"PERRY, WHITE, ROSS & JACOBSON, LLC",firm,Other / Multi-sector
firm_401103745,"COASPIRE, LLC",firm,Other / Multi-sector
firm_401104667,"BAILEY STRATEGIC ADVISORS, LLC",firm,Technology & Telecom
firm_69071,AGVANTAGE LLC,firm,Other / Multi-sector
firm_401103224,VANTAGE POINT STRATEGIES LLC,firm,Legal & Lobbying
firm_401108770,CAPITOL PATH CONSULTING LLC FKA CULTON CONSULTING LLC,firm,Legal & Lobbying
firm_400471327,"CONSERVATION PATHWAYS, LLC",firm,Other / Multi-sector
firm_310791,THE MONDELLO GROUP LLC,firm,Other / Multi-sector
firm_73670,THOMPSON CONSULTING GROUP,firm,Legal & Lobbying
firm_401105872,MICHAEL POWELSON,firm,Other / Multi-sector
firm_401103779,HIGH STREET STRATEGIES LLC,firm,Legal & Lobbying
firm_400783358,MS. MICHELLE NAWAR,firm,Other / Multi-sector
firm_401103157,"POTOMAC GOVERNMENT RELATIONS, LLC",firm,Other / Multi-sector
firm_40025211,"CONFRERE STRATEGIES, LLC",firm,Legal & Lobbying
firm_400660986,"MASON CONSULTING, LLC",firm,Legal & Lobbying
firm_401103630,SACKLER BRINKMANN & HUGHES LLC,firm,Other / Multi-sector
firm_401104426,KENT CAPERTON CONSULTING,firm,Legal & Lobbying
firm_401006842,"WINN STRATEGIES, LLC",firm,Legal & Lobbying
firm_401104724,"CSS PARTNERS, LLC",firm,Other / Multi-sector
firm_401106364,THE ANGLE,firm,Other / Multi-sector
firm_40002018,"CANSLER CONSULTING, LLC",firm,Legal & Lobbying
firm_400428070,"NATIONAL HEALTH ADVISORS, LLC",firm,Healthcare & Pharma
firm_401105838,"STARZYK & ASSOCIATES, LLC",firm,Other / Multi-sector
firm_401109668,"CRAVATH, SWAINE & MOORE LLP",firm,Technology & Telecom
firm_401104417,BLUE MARBLE STRATEGY LLC,firm,Other / Multi-sector
firm_401105363,ACUITY STRATEGIC PARTNERS LLC,firm,Other / Multi-sector
firm_401105570,PROVENTURE CONSULTANTS LLC,firm,Other / Multi-sector
firm_401104348,"FIRST PRINCIPLES STRATEGIES, LLC",firm,Legal & Lobbying
firm_400359637,"RICHARD J. LEIDL, P.C.",firm,Other / Multi-sector
firm_400396870,MICHAEL STRACHN,firm,Other / Multi-sector
client_02192,COUNCIL FOR A LIVABLE WORLD,client,Other / Multi-sector
firm_60537,"IETAN CONSULTING, LLC",firm,Legal & Lobbying
firm_401105154,CULTIVATING CONSERVATION,firm,Other / Multi-sector
firm_284471,"CAPITOL IMPACT, LLC",firm,Other / Multi-sector
firm_401104132,PINE STREET STRATEGIES,firm,Legal & Lobbying
firm_400361684,"RICHARD J. SCHOLZ, P.A. (FKA JACOBS SCHOLZ & WYLER, LLC)",firm,Other / Multi-sector
firm_401103520,THE ESTELL GROUP LLC,firm,Other / Multi-sector
firm_401104386,KTE COMMUNICATIONS LLC,firm,Other / Multi-sector
firm_401106238,"CAPITOL ENERGY ADVOCACY, LLC",firm,Energy & Environment
firm_22438,"LEDGE COUNSEL, INC.",firm,Other / Multi-sector
firm_25897,"MORRISON & FOERSTER, LLP",firm,Legal & Lobbying
firm_401107311,"STRATEGIC CAPITOL GROUP, LLC",firm,Other / Multi-sector
firm_89097,"PREWITT GROUP, P.A.",firm,Other / Multi-sector
firm_401108081,"TIDAL BASIN ADVISORS, INC.",firm,Legal & Lobbying
firm_91091,FIRST STRATEGIC,firm,Other / Multi-sector
firm_401104753,"WANETA STRATEGIES, LLC",firm,Legal & Lobbying
firm_401104311,TIMOTHY A. GLASSCO CONSULTING LLC,firm,Legal & Lobbying
firm_401106351,BRICK STREET STRATEGY,firm,Other / Multi-sector
firm_401107332,"THE JACKSON GROUP, LLC",firm,Other / Multi-sector
firm_294212,"G S PROCTOR AND ASSOCIATES, INC",firm,Other / Multi-sector
firm_24624,WATKINSON MILLER PLLC,firm,Other / Multi-sector
firm_72598,BUSINESS GOVERNMENT SOLUTIONS,firm,Other / Multi-sector
firm_401105534,"ALPEX INTERNATIONAL, LLC",firm,Other / Multi-sector
firm_401107703,FONTENOT HEALTH POLICY LLC,firm,Healthcare & Pharma
firm_302290,"BOLTON-ST. JOHNS, LLC",firm,Other / Multi-sector
firm_401105907,PARK ROAD TRADE LLC,firm,Other / Multi-sector
firm_401103555,"ARENA STRATEGIES, LLC",firm,Legal & Lobbying
firm_401017872,"JGB & ASSOCIATES, LLC",firm,Other / Multi-sector
firm_401105567,CHRISTIE 55 SOLUTIONS LLC,firm,Other / Multi-sector
firm_401108472,VALIANT STRATEGIES LLC,firm,Legal & Lobbying
firm_305032,"HOLCH & ERICKSON, LLP",firm,Legal & Lobbying
firm_305098,"ADUSTON CONSULTING, LLC",firm,Legal & Lobbying
firm_401103966,THE KUTLER GROUP,firm,Other / Multi-sector
firm_401105113,"DOMER CONSULTING, LLC",firm,Legal & Lobbying
firm_400911656,KENNETH BROWN,firm,Other / Multi-sector
firm_401103356,CORREIA & OSOLINIK,firm,Other / Multi-sector
firm_401105336,GIRARD GOVERNMENT RELATIONS,firm,Other / Multi-sector
firm_401103858,"THINKP3, LLC",firm,Other / Multi-sector
firm_401105123,MOONWALKER ASSOCIATES,firm,Other / Multi-sector
firm_400670003,"LEBLANC GOVERNMENT RELATIONS, LLC",firm,Other / Multi-sector
firm_401105651,GROUNDSWELL STRATEGY LLC,firm,Other / Multi-sector
firm_401103578,STALLMER CONSULTING LLC,firm,Legal & Lobbying
firm_401105585,FOREST HILL CONSULTING,firm,Legal & Lobbying
firm_401103573,FORESIGHT LAW + POLICY PLLC,firm,Other / Multi-sector
firm_401109131,MARBLE ARCH,firm,Other / Multi-sector
firm_401103384,BRIMLEY GROUP INC.,firm,Other / Multi-sector
firm_400549647,GPSLLC,firm,Other / Multi-sector
firm_308731,"HUDSON COOK, LLP",firm,Legal & Lobbying
firm_401103251,GOVERNMENT SOLUTIONS LLC,firm,Other / Multi-sector
firm_401109560,ANKURA ADVOCACY LLC,firm,Other / Multi-sector
firm_40009064,"MR. BALTAZAR SERNA, JR.",firm,Other / Multi-sector
firm_401103443,ANN WARNER LLC,firm,Other / Multi-sector
firm_401106757,AND PARTNERS LLC,firm,Other / Multi-sector
firm_401104948,RICHARD SAWAYA,firm,Other / Multi-sector
firm_401103640,THE FEIGHAN TEAM,firm,Other / Multi-sector
firm_400319495,"POTOMAC CURRENTS, LLC",firm,Other / Multi-sector
firm_401105467,SUMMIT PUBLIC AFFAIRS,firm,Technology & Telecom
client_00659,CITGO PETROLEUM CORPORATION,client,Energy & Environment
firm_401109141,THE RESERVE COMPONENT,firm,Other / Multi-sector
firm_401108978,HARPER & BAILEY GOVERNMENTAL SOLUTIONS LLC,firm,Technology & Telecom
firm_401103732,ROKALA PUBLIC AFFAIRS (FKA MR MARK ROKALA),firm,Technology & Telecom
firm_400661993,THE LANDE GROUP,firm,Other / Multi-sector
firm_400805408,"DEFENSE CONSULTING GROUP, LLC",firm,Defense & Aerospace
firm_401103236,PETER TURZA,firm,Other / Multi-sector
firm_401106367,TOTAL SPECTRUM/STEVE GORDON & ASSOCIATES,firm,Other / Multi-sector
firm_25988,KATE MOSS,firm,Other / Multi-sector
firm_401105391,CRESTVIEW STRATEGY US LLC,firm,Other / Multi-sector
firm_401104776,MGD STRATEGIES LLC,firm,Legal & Lobbying
firm_400298404,EDUCATIONCOUNSEL LLC,firm,Education & Research
firm_400748240,BOYDEN GRAY & ASSOCIATES PLLC,firm,Other / Multi-sector
firm_401104528,"MADISON LAW & POLICY, P.C.",firm,Other / Multi-sector
firm_401104815,RML STRATEGIES,firm,Legal & Lobbying
firm_401107117,"LANGLEY CONSULTING, LLC",firm,Legal & Lobbying
firm_401105317,JD LISS ASSOCIATES FORMERLY KNOWN AS JONATHAN DAVID LISS,firm,Other / Multi-sector
firm_401107028,BONDI PARTNERS ADVOCACY CORP. (FKA PACIFIC PARTNERS),firm,Other / Multi-sector
firm_401104837,KELSAY STRATEGIES LLC,firm,Legal & Lobbying
firm_401103855,LINCOLN CONCEPTS,firm,Other / Multi-sector
firm_401106573,GRV STRATEGIES LLC,firm,Legal & Lobbying
firm_401104804,STRATEGIC POLICY COUNSEL PLLC,firm,Other / Multi-sector
firm_401105014,NEOGENOMICS LABORATORIES,firm,Other / Multi-sector
firm_401108647,HOGAN POLICY ADVISORS,firm,Legal & Lobbying
firm_400430084,"LUCAS | COMPTON, LLC FORMERLY MADISON POLICY GROUP, LLC",firm,Other / Multi-sector
firm_322911,THE MATHIS HARPLE GROUP,firm,Other / Multi-sector
firm_89155,GRANT CONSULTING GROUP,firm,Legal & Lobbying
firm_315318,"NORTH BRIDGE COMMUNICATIONS, INC.",firm,Other / Multi-sector
firm_401107041,"PATINO BREWSTER & PARTNERS, LLC",firm,Other / Multi-sector
firm_400962773,"BEN NIGHTHORSE CONSULTANTS, INC.",firm,Other / Multi-sector
firm_401109488,"ERL FEDERAL CONSULTANTS, LLC",firm,Government & Nonprofit
firm_401109491,"ADVOCUS PARTNERS, LLC",firm,Other / Multi-sector
firm_401105913,JEFF MILLER GROUP,firm,Other / Multi-sector
firm_401103556,MEREVIR CONSULTING,firm,Legal & Lobbying
firm_401104596,YELLOWSTONE STRATEGIES,firm,Legal & Lobbying
firm_401107384,IUS IMPACT LLC,firm,Other / Multi-sector
firm_33432,LIZ ROBBINS ASSOCIATES,firm,Other / Multi-sector
firm_401105775,"RUTLEDGE POLICY GROUP, LLC",firm,Other / Multi-sector
client_00150,AMERICAN ACADEMY OF NEUROLOGY,client,Other / Multi-sector
firm_401103903,BECKER LAW FIRM PLLC,firm,Legal & Lobbying
firm_400315471,"PRINCE GLOBAL SOLUTIONS, LLC",firm,Other / Multi-sector
firm_401105009,"LEHMAN NILON & ASSOCIATES, LLC",firm,Other / Multi-sector
firm_401105607,"ROBERT A. BRADY CONSULTING, LLC",firm,Legal & Lobbying
firm_13324,ELECTRIC DRIVE TRANSPORTATION ASSOCIATION,firm,Energy & Environment
firm_40013101,THE POLICY GROUP,firm,Other / Multi-sector
firm_63110,DALEY POLICY GROUP,firm,Other / Multi-sector
firm_401106022,BLOUNT STRATEGIC INITIATIVES,firm,Other / Multi-sector
firm_401105214,RUTTENKERN POLICY GROUP,firm,Other / Multi-sector
firm_401106286,"STEPHEN WARD CONSULTING, LLC",firm,Legal & Lobbying
firm_401105543,FJD STRATEGIES LLC,firm,Legal & Lobbying
firm_18182,HICKS-RICHARDSON ASSOCIATES,firm,Other / Multi-sector
firm_20777,"JOHNSTON & ASSOCIATES, LLC",firm,Other / Multi-sector
firm_283878,"VERITAS ADVISORS, LLP",firm,Legal & Lobbying
firm_401105522,"PCH STRATEGIES, LLC",firm,Legal & Lobbying
firm_40033289,MR. DAN PERRIN,firm,Other / Multi-sector
firm_401104358,THE LAW OFFICE OF WILLIAM J. DONOVAN,firm,Government & Nonprofit
firm_401104362,"SMW PARTNERS, LLC",firm,Other / Multi-sector
firm_401108186,CORBIN STRATEGIES LLC,firm,Legal & Lobbying
firm_401105805,BARLOON.CO,firm,Other / Multi-sector
firm_401105965,"ELIAS WALKER, INC.",firm,Other / Multi-sector
firm_298898,"THE ROSE COMPANY, LLC",firm,Other / Multi-sector
firm_401104415,HR STRATEGIES LLC,firm,Legal & Lobbying
firm_401104567,JIM GOULD STRATEGIES LLC,firm,Legal & Lobbying
firm_401105846,"SCARINCI & HOLLENBECK, LLC",firm,Other / Multi-sector
firm_314432,"WHITAKER STRATEGIES (STEPHEN B. WHITAKER DBA WHITAKER SRATEGIES, FORMERLY WHITAK",firm,Legal & Lobbying
firm_401105366,THE TOLMAN GROUP,firm,Other / Multi-sector
firm_315158,THE FIORENTINO GROUP,firm,Other / Multi-sector
firm_401104199,STRATEGOS PUBLIC AFFAIRS,firm,Technology & Telecom
firm_400679025,"THE RANDEL GROUP, LLC",firm,Other / Multi-sector
firm_68478,BABBAGE COFOUNDER,firm,Other / Multi-sector
firm_48782,"JEFFERSON BUSINESS CONSULTING, LLC",firm,Legal & Lobbying
firm_400761275,"REPUBLIC CONSULTANTS, LLC",firm,Other / Multi-sector
firm_401108410,"CONVERGENCE STRATEGIES, LLC",firm,Legal & Lobbying
firm_30941,PAYNE SHEA & ASSOCIATES,firm,Other / Multi-sector
firm_400458211,MR. MATTHEW R. SIMMONS,firm,Other / Multi-sector
firm_400718159,CARTERMCCLEAN LLC,firm,Other / Multi-sector
firm_400432094,"THE ROSS GROUP, LLC",firm,Other / Multi-sector
firm_86697,HICKS-RAY ASSOCIATES,firm,Other / Multi-sector
firm_292777,HOBOKEN STRATEGY GROUP,firm,Other / Multi-sector
firm_401106795,"ROSEWOOD GLOBAL ADVISORS, LLC",firm,Legal & Lobbying
firm_401106551,"TIDAL STRATEGIES, LLC",firm,Legal & Lobbying
firm_401105370,COMMONWEALTH CONSULTING PARTNERS,firm,Legal & Lobbying
firm_401103346,"EDNEXUS ADVISORS, LLC",firm,Legal & Lobbying
firm_401107756,MODERN FORTIS LLC,firm,Other / Multi-sector
firm_401108536,MEDSECUREAN.COM,firm,Other / Multi-sector
firm_6303,"HUSCH BLACKWELL, LLP",firm,Legal & Lobbying
firm_285610,TONIO BURGOS & ASSOCIATES OF NEW JERSEY LLC,firm,Other / Multi-sector
firm_401105615,"BROADWATER INTERNATIONAL, INC.",firm,Other / Multi-sector
firm_401103599,"WEST & WEST, LLC",firm,Other / Multi-sector
firm_401104830,PUBLIC PRIVATE STRATEGIES,firm,Legal & Lobbying
firm_401106049,"CAPITOL ALLIANCE GROUP, INC",firm,Other / Multi-sector
firm_400849500,THE SUMMERILL LAW FIRM,firm,Legal & Lobbying
firm_13200,THE MACON EDWARDS COMPANY,firm,Other / Multi-sector
firm_18318,MR.RICHARD HIRN,firm,Other / Multi-sector
firm_40236,"VORYS, SATER, SEYMOUR AND PEASE LLP",firm,Legal & Lobbying
firm_81351,"OBADAL, FILLER, MACLEOD & KLEIN, P.L.C.",firm,Other / Multi-sector
firm_302517,"HAMMER ASSOCIATES, LLC",firm,Other / Multi-sector
firm_401103740,ALYCIA FARRELL,firm,Other / Multi-sector
firm_401105006,VICTORY COALITION STRATEGIES LLC,firm,Energy & Environment
firm_401105261,VAN BUSKIRK AND ASSOCIATES LLC,firm,Other / Multi-sector
firm_401106227,SALINAS STRATEGIES LLC,firm,Legal & Lobbying
firm_401108916,"THE HARPLE GROUP, LLC",firm,Other / Multi-sector
firm_401108954,"INSIDE THE BELTWAY SOLUTIONS, LLC",firm,Other / Multi-sector
firm_401109357,BELLWETHER GOVERNMENT AFFAIRS LLC,firm,Technology & Telecom
firm_400705117,ROY RAMTHUN,firm,Other / Multi-sector
firm_401105992,AURORA STRATEGIC ADVISORS,firm,Legal & Lobbying
firm_16327,"GLOBAL COMMUNICATORS, HARFF COMMUNICATIONS INC D/B/A GLOBAL COMMUNI",firm,Other / Multi-sector
firm_400447142,MR. EDWARD MERLIS,firm,Other / Multi-sector
firm_401104104,E3 STRATEGIC CONSULTING GROUP,firm,Legal & Lobbying
firm_401107847,HOWARD LAW & POLICY GROUP PLLC,firm,Other / Multi-sector
firm_401105553,MAGGI LAZARUS,firm,Other / Multi-sector
firm_401104113,"J.A.HILL GROUP, LLC",firm,Other / Multi-sector
firm_71917,HARTWELL CAPITOL CONSULTING,firm,Legal & Lobbying
firm_401105435,"HODGKINS CONSULTING, LLC",firm,Legal & Lobbying
firm_401106104,THE BRIDGE ADVISORY GROUP,firm,Other / Multi-sector
firm_401105923,J.SULLIVAN ADVOCACY,firm,Other / Multi-sector
firm_33512,"ROBISON INTERNATIONAL, INC.",firm,Other / Multi-sector
firm_401104729,"GRANITE PEAK STRATEGIES, LLC",firm,Legal & Lobbying
firm_284356,PHILIP BECHTEL,firm,Other / Multi-sector
firm_323557,"SABISTON CONSULTANTS, LLC",firm,Other / Multi-sector
firm_400761276,"THE JBH GROUP, LLC",firm,Other / Multi-sector
firm_401103350,JAMES W SEGEL LLC,firm,Other / Multi-sector
firm_401105394,"PORT SIDE STRATEGIES, LLC",firm,Transportation & Auto
firm_401107683,"CAPITOL SOUTH, LLC",firm,Other / Multi-sector
firm_401109721,DUTKO GOVERNMENT RELATIONS,firm,Other / Multi-sector
firm_400563685,POYNER SPRUILL LLP,firm,Legal & Lobbying
firm_22440,"LEE & SMITH, PC",firm,Other / Multi-sector
firm_401103818,EYMAN PARTNERS LLC (FKA EYMAN ASSOCIATES PC),firm,Other / Multi-sector
firm_400943723,MRS. LAURA EUGSTER DOYLE,firm,Other / Multi-sector
firm_401106346,LXR GROUP,firm,Other / Multi-sector
firm_59411,SUSAN PLATT,firm,Other / Multi-sector
firm_401104782,"GALLANT GOVERNMENT & LAW GROUP, LLC",firm,Other / Multi-sector
firm_401106585,LGL ADVISORS LLC,firm,Legal & Lobbying
firm_401105810,"BIG FIRE LAW & POLICY GROUP, LLP",firm,Legal & Lobbying
firm_401105116,ORGANIZATION MANAGEMENT GROUP (DBA LEGISLATIVE STRATEGIES GROUP),firm,Legal & Lobbying
firm_310255,HOWELLS GOVERNMENT RELATIONS,firm,Other / Multi-sector
firm_401105026,"THE ONEILL GROUP, LLC",firm,Other / Multi-sector
client_03365,FREEDOM FROM RELIGION FOUNDATION,client,Education & Research
firm_287895,BROWN RUDNICK LLP,firm,Legal & Lobbying
firm_314374,"MJ CAPITOL CONSULTING, LLC",firm,Legal & Lobbying
firm_400745232,HARLOW GOVERNMENT RELATIONS LLC,firm,Other / Multi-sector
firm_400566695,"NATIONAL STRATEGIES, LLC",firm,Legal & Lobbying
firm_401105200,"GONRING, SPAHN & ASSOCIATES, INC.",firm,Other / Multi-sector
firm_401106780,STIERS LLC,firm,Other / Multi-sector
firm_401105100,MWMURRAY CONSULTING LLC,firm,Legal & Lobbying
firm_70392,"MADISON ASSOCIATES, LLC",firm,Other / Multi-sector
firm_401105998,"GRIFFIN STRATEGIES, LLC",firm,Legal & Lobbying
firm_401106126,"BECKY SHIPP CONSULTING, LLC",firm,Legal & Lobbying
firm_401107629,METANOIC STRATEGIES,firm,Technology & Telecom
firm_300936,MCCARTHY STRATEGIC SOLUTIONS,firm,Other / Multi-sector
firm_401105361,"POTOMAC SOUTH, LLC",firm,Other / Multi-sector
firm_401105685,"HARGAN STRATEGIES, FORMERLY REPORTED AS HARGAN AND ASSOCIATES",firm,Transportation & Auto
firm_401106006,RB CROWE LLC FORMERLY KNOWN AS ROBERT CROWE,firm,Other / Multi-sector
firm_41955,LAW OFFICES OF BERNARD WUNDER (FKA WUNDER & LILLEY),firm,Other / Multi-sector
firm_400804406,THE JONES FIRM,firm,Other / Multi-sector
firm_31851,PORTER WRIGHT MORRIS & ARTHUR LLP,firm,Transportation & Auto
firm_46095,THE OUTLAW GROUP,firm,Other / Multi-sector
firm_75810,MR. SEBASTIAN O'KELLY,firm,Other / Multi-sector
firm_30928,PAUL HASTINGS LLP,firm,Legal & Lobbying
firm_401107944,"HARBOR POLICY, LLC",firm,Other / Multi-sector
firm_401105797,"AGORA CONSULTING, LLC",firm,Legal & Lobbying
client_01127,UNITE HERE!,client,Other / Multi-sector
firm_40024191,MR. BRIAN KELLY,firm,Other / Multi-sector
firm_323216,"SAYRE CONSULTING, INC",firm,Legal & Lobbying
firm_400391825,MR. MICHAEL COOPER,firm,Other / Multi-sector
firm_401105412,MR. DANIEL WEISS,firm,Other / Multi-sector
firm_401106439,WHO DAT STRATEGIES LLC,firm,Legal & Lobbying
firm_401109872,"CM STRATEGIC, LLC",firm,Other / Multi-sector
firm_400701097,STEVE BUYER GROUP,firm,Other / Multi-sector
firm_401105918,"BROWN & WEINRAUB ADVISORS, LLC",firm,Legal & Lobbying
firm_400713137,"ARNALL GOLDEN GREGORY, LLP",firm,Legal & Lobbying
firm_401103718,"MKW GROUP, LLC",firm,Other / Multi-sector
firm_401104807,"GLAZE CONSULTING, LLC",firm,Legal & Lobbying
firm_40028244,"LIONEL ""LEO"" AGUIRRE",firm,Other / Multi-sector
firm_312213,TIBER CREEK,firm,Other / Multi-sector
firm_401105004,COMMONWEALTH POLICY SOLUTIONS,firm,Other / Multi-sector
firm_401105089,GLOBAL BUSINESS POLICY-DC,firm,Other / Multi-sector
firm_401106622,"HYPERFOCAL COMMUNICATIONS, LLC",firm,Other / Multi-sector
firm_400871553,"LAW OFFICES OF GEORGE HARRIS, LLC",firm,Other / Multi-sector
firm_401106086,MR. STEPHEN RYAN,firm,Other / Multi-sector
firm_312133,"HEARTLAND SOLUTIONS GROUP, INC.",firm,Other / Multi-sector
firm_400882581,"ACTIVE POLICY SOLUTIONS, LLC",firm,Other / Multi-sector
firm_401106034,CONNECT STRATEGY LLC,firm,Other / Multi-sector
firm_32932,REED SMITH LLP,firm,Legal & Lobbying
firm_47187,PAULEY MANAGEMENT INC.,firm,Other / Multi-sector
firm_302051,"MESSERLI & KRAMER, P.A.",firm,Other / Multi-sector
firm_400384776,GRIFFIN GLOBAL OUTREACH LLC,firm,Other / Multi-sector
firm_401108962,"CARLOUGH SOLUTIONS, LLC",firm,Other / Multi-sector
firm_401105640,ANZU STRATEGIES,firm,Legal & Lobbying
firm_74795,"MADISON SERVICES GROUP, INC",firm,Other / Multi-sector
firm_401103115,NEXUS GOVERNMENT RELATIONS,firm,Other / Multi-sector
firm_401106676,INSESSION STRATEGIES LLC,firm,Legal & Lobbying
firm_401104482,"LONGVIEW GLOBAL, LLC",firm,Other / Multi-sector
firm_401107169,"CATALYST GLOBAL STRATEGIES, LLC",firm,Legal & Lobbying
firm_401105603,STEP UP ADVOCACY,firm,Other / Multi-sector
firm_401108234,DEFAZIO AND ASSOCIATES CONSULTING LLC,firm,Legal & Lobbying
firm_401108302,SAUNDERS GLOBAL DIPLOMACY,firm,Other / Multi-sector
firm_401103711,"NEXA STRATEGIES, LLC",firm,Legal & Lobbying
firm_401105809,"NEW LANTERN, LLC",firm,Other / Multi-sector
firm_400302419,LONE STAR CONSULTING,firm,Legal & Lobbying
firm_401106369,CAROL G HOLLADAY & ASSOCIATES,firm,Other / Multi-sector
firm_401104002,KIM KRENIK,firm,Other / Multi-sector
firm_400359656,MS. MISSY BRANSON,firm,Other / Multi-sector
firm_400881577,VENG GROUP,firm,Other / Multi-sector
firm_401103592,CASCADE PUBLIC AFFAIRS,firm,Technology & Telecom
firm_401104405,MS. TAMI WAHL,firm,Other / Multi-sector
firm_401105204,BACHNER GROUP,firm,Other / Multi-sector
firm_311633,"COMPETITION ADVOCATES, LLC",firm,Other / Multi-sector
firm_32522,QUARLES & BRADY LLP,firm,Legal & Lobbying
firm_401103979,CORDIA COMPANIES,firm,Other / Multi-sector
firm_33625,MS. BARBARA ROHDE,firm,Other / Multi-sector
firm_401106778,"NEW FRONT STRATEGIES GROUP, LLC",firm,Legal & Lobbying
firm_401109795,"SIGHTLINE ADVOCACY, LLC",firm,Other / Multi-sector
firm_34980,"SHAW, BRANSFORD & ROTH, P.C. (FORMERLY SHAW, BRANSFORD, VEILLEUX & ROTH, P.C.)",firm,Transportation & Auto
firm_401104643,"TUELL LAW, P.C.",firm,Other / Multi-sector
firm_15667,THE FURMAN GROUP,firm,Other / Multi-sector
firm_401104861,WOMBLE BOND DICKINSON US LLP,firm,Legal & Lobbying
firm_401109091,NORTH BRIDGE STRATEGIC (FORMERLY KNOWN AS SCISSORTAIL STRATEGIC CONSULTING PARTN,firm,Technology & Telecom
firm_46084,CAPITOL HILL ADVOCATES LLC,firm,Other / Multi-sector
firm_322716,"CHAPMAN CAPITOL CONSULTING, INC.",firm,Legal & Lobbying
firm_400445139,PACIFIC ATLANTIC PARTNERS,firm,Other / Multi-sector
firm_400998832,"WELLS HEALTH GROUP, LLC",firm,Healthcare & Pharma
firm_401104043,C. ANNAND LLC,firm,Other / Multi-sector
firm_401106102,CAPITOL CHAMBERS STRATEGIES,firm,Legal & Lobbying
firm_401107177,MISSION STRATEGIES LLC,firm,Legal & Lobbying
firm_401109300,THE DIONNE COMPANY,firm,Other / Multi-sector
firm_401103528,GARRETT JEMISON,firm,Other / Multi-sector
firm_320292,WANNER ASSOCIATES,firm,Other / Multi-sector
firm_17226,HAAKE & ASSOCIATES,firm,Other / Multi-sector
firm_294690,"COMMUNITIES IN SCHOOLS, INC.",firm,Education & Research
firm_314033,"MISSION GOVERNMENT RELATIONS (FORMERLY KNOWN AS MUROFF LAW FIRM, LLC)",firm,Legal & Lobbying
firm_400749242,THOMAS CHAMPION,firm,Other / Multi-sector
firm_401106542,OXFORD STRATEGIES,firm,Transportation & Auto
firm_401107334,"KED STRATEGIES, LLC",firm,Legal & Lobbying
firm_401109343,"MCKINNON GROUP, LLC",firm,Other / Multi-sector
firm_311850,"TURNER POLLARD STRATEGIES, LLC",firm,Legal & Lobbying
firm_401103761,WILLIAM SWEETNAM,firm,Other / Multi-sector
firm_401104155,ODONNELL & SON LLC,firm,Other / Multi-sector
firm_400406918,VISION AMERICAS LLC,firm,Other / Multi-sector
client_04519,AMERICAN SOCIETY FOR BIOCHEMISTRY AND MOLECULAR BIOLOGY,client,Other / Multi-sector
firm_401104266,THE INSTITUTE FOR FAMILY HEALTH,firm,Healthcare & Pharma
firm_401104391,MULLEN CONSULTING LLC,firm,Legal & Lobbying
firm_284493,MR. PHILIP MAGGI,firm,Other / Multi-sector
firm_400362688,"CAPEDC ADVISORS, LLC",firm,Legal & Lobbying
firm_401104907,"SECOND CAPITAL CONSULTING, LLC",firm,Finance & Banking
firm_401105540,STRATEGIC GOVERNMENT AFFAIRS,firm,Technology & Telecom
firm_401105725,"MCKINLEY STRATEGIES, LLC",firm,Legal & Lobbying
firm_401106031,HILLCREST STRATEGIES LLC (FKA NICHOLAS FLOCKEN),firm,Legal & Lobbying
firm_401107007,JPC STRATEGIES,firm,Legal & Lobbying
firm_32635,RAILS-TO-TRAILS CONSERVANCY,firm,Technology & Telecom
firm_401104304,MR. LANDON FULMER,firm,Other / Multi-sector
firm_36300,THE SPECTRUM GROUP,firm,Other / Multi-sector
firm_401103385,JWF CONSULTING LLC,firm,Legal & Lobbying
firm_40038308,"ALEXANDER J. BECKLES, L.L.C.",firm,Other / Multi-sector
firm_401103564,STUNTZ STRATEGIES LLC,firm,Legal & Lobbying
firm_401107458,MR. SEBASTIAN MANHART,firm,Other / Multi-sector
firm_304452,"ROETZEL & ANDRESS, LPA",firm,Other / Multi-sector
firm_315991,"MALONEY GOVERNMENT RELATIONS, LLC",firm,Other / Multi-sector
firm_401103245,STINSON LLP,firm,Legal & Lobbying
firm_401103690,MCLUCKIE PARTNERS LLC,firm,Other / Multi-sector
firm_314818,CALLWOOD AND ASSOCIATES LLC,firm,Other / Multi-sector
firm_400405908,ALLISON + PARTNERS,firm,Other / Multi-sector
firm_401103241,MACK STRATEGIES,firm,Legal & Lobbying
firm_401109611,"CANFIELD CONSULTING, LLC",firm,Legal & Lobbying
firm_401103123,"CAPITOL KNOWLEDGE, LLC",firm,Other / Multi-sector
firm_401103250,CANNAE POLICY GROUP LLC,firm,Other / Multi-sector
firm_401109481,FRONTLINE GOVERNMENT RELATIONS,firm,Other / Multi-sector
firm_400861526,MARIA FREESE,firm,Other / Multi-sector
firm_44971,"DAWSON & ASSOCIATES, INC.",firm,Other / Multi-sector
firm_322578,"THE MALLARD GROUP, LLC",firm,Other / Multi-sector
firm_400435107,"SURMONT, LLC",firm,Other / Multi-sector
firm_401104692,CAPITAL PARK PARTNERS LLC,firm,Finance & Banking
firm_401104786,THE PATAKI-CAHILL GROUP,firm,Other / Multi-sector
firm_401105787,PAVEA LLC,firm,Other / Multi-sector
firm_401104124,THE ROTUNDA GROUP LLC,firm,Other / Multi-sector
firm_284436,"THE TOMHAVE GROUP, INC.",firm,Other / Multi-sector
firm_401104846,BLUEPOINT DC,firm,Other / Multi-sector
firm_12061,GEORGE H. DENISON,firm,Other / Multi-sector
firm_401107418,OXFORD STRATEGIES LLC-MD,firm,Transportation & Auto
firm_401104297,MCCARTY FINANCIAL LLC,firm,Finance & Banking
firm_401104798,MS. GWENDOLYN O'BRIEN DONALDSON,firm,Other / Multi-sector
firm_401108563,HARO SOLUTIONS LLC,firm,Other / Multi-sector
firm_306170,CAPITOL REPRESENTATIVES,firm,Other / Multi-sector
firm_400520535,JASON UNDERWOOD,firm,Other / Multi-sector
firm_50375,"JAY B. LEVIN, LEVIN,PAOLINO & CHRIST GOVENMENT REALTIONS CONSULTING",firm,Legal & Lobbying
firm_401103743,"CAPITOL CORE GROUP, INC.",firm,Other / Multi-sector
firm_401106409,ALAN PASETSKY,firm,Other / Multi-sector
firm_401104777,"CHOHARIS LAW GROUP, PLLC",firm,Other / Multi-sector
firm_5118,"BAKER BOTTS, L.L.P.",firm,Other / Multi-sector
firm_401105819,VON BATTEN-MONTAGUE-YORK,firm,Other / Multi-sector
firm_401107303,CAPCVENTURES LLC,firm,Other / Multi-sector
firm_40009066,"SAMUELS INTERNATIONAL ASSOCIATES, INC.",firm,Other / Multi-sector
firm_401066001,"DELAHUNT GROUP, LLC",firm,Other / Multi-sector
firm_401103091,GROSSMANHEINZ,firm,Other / Multi-sector
firm_401104709,MCGINN AND COMPANY,firm,Other / Multi-sector
firm_401105639,"POINT52 GROUP, LLC",firm,Other / Multi-sector
firm_401109179,INVOKE LLC,firm,Other / Multi-sector
firm_74476,"RM2 CONSULTANTS, INC.",firm,Other / Multi-sector
firm_401106403,MCCOLL STRATEGIES LLC,firm,Legal & Lobbying
firm_401108556,BURKE CONSULTING LLC,firm,Legal & Lobbying
firm_400930694,"STRATEGIC POLICIES, LLC",firm,Other / Multi-sector
firm_53403,"THE VELASQUEZ GROUP, L.L.C.",firm,Other / Multi-sector
firm_400798394,WEXFORD STRATEGIES,firm,Transportation & Auto
firm_401104363,CAUSEY LAW FIRM,firm,Legal & Lobbying
firm_401104922,SLIPSTREAM STRATEGIES,firm,Legal & Lobbying
firm_401104494,MR. PHILIP KLEIN,firm,Other / Multi-sector
firm_401109056,CREST HILL ADVISORS LLC,firm,Legal & Lobbying
firm_16635,GOVERNMENT RELATIONS INC,firm,Other / Multi-sector
firm_401105465,"JEAN MARIE CONSULTING, LLC",firm,Legal & Lobbying
firm_401103158,MS. CHARITY BRACY,firm,Other / Multi-sector
firm_401104461,"IMPACT PUBLIC AFFAIRS (FORMERLY MASSEY, WATSON & HEMBREE LLC",firm,Technology & Telecom
firm_401104949,"PETSMART, INC.",firm,Other / Multi-sector
firm_401106246,ORION STRATEGIES,firm,Legal & Lobbying
firm_400323519,MR. H.R. BERT PENA,firm,Other / Multi-sector
firm_401104918,SJB STRATEGIES LLC,firm,Legal & Lobbying
firm_401104531,LIBERTY GOVERNMENT AFFAIRS,firm,Technology & Telecom
firm_401107261,DAVENPORT POLICY,firm,Transportation & Auto
firm_283594,MR. JOHN NAPIER,firm,Other / Multi-sector
firm_401103587,MR. GAYLORD KENT CONRAD,firm,Other / Multi-sector
firm_401105321,"TGA ASSOCIATION MANAGEMENT SOLUTIONS, LLC",firm,Government & Nonprofit
firm_401107625,CRESTWOOD STRATEGIES,firm,Legal & Lobbying
firm_401108704,PORTFOLIO STRATEGIES LLC,firm,Transportation & Auto
firm_401107677,LIGHTHOUSE POINT GOVERNMENT RELATIONS,firm,Other / Multi-sector
firm_40041336,VALERIE MORSE WHITE CONSULTING,firm,Legal & Lobbying
firm_401105753,AVISE SOLUTIONS,firm,Other / Multi-sector
firm_401109261,"VERITAS HEALTH POLICY, LLC",firm,Healthcare & Pharma
firm_400558667,WASHINGTON PREMIER GROUP,firm,Other / Multi-sector
firm_31257,JACK C. PETERSON,firm,Other / Multi-sector
firm_401105848,EDGE CREEK PARTNERS,firm,Other / Multi-sector
firm_30837,JIM PASCO AND ASSOCIATES,firm,Other / Multi-sector
firm_316811,MR. GEORGE WATERS,firm,Other / Multi-sector
firm_400710128,"JACOBSON, MAGNUSON, ANDERSON & HALLORAN P.C.",firm,Other / Multi-sector
firm_400775334,GARDINER POLICY GROUP,firm,Other / Multi-sector
firm_401105380,"GLOBAL TECH STRATEGIES, LLC",firm,Legal & Lobbying
firm_401103800,MATHIS STRATEGIES,firm,Legal & Lobbying
firm_36344,SPIEGEL & MCDIARMID LLP,firm,Legal & Lobbying
firm_40043341,CONRAD LAW & POLICY COUNSEL,firm,Other / Multi-sector
firm_400458236,PIKE ASSOCIATES LLC,firm,Other / Multi-sector
firm_401103079,"VIRTUAL OPERATIONS, LLC",firm,Other / Multi-sector
firm_401104260,"POLITICAL CAPITAL, LLC",firm,Finance & Banking
firm_401104694,DAHLBERG STRATEGIC,firm,Other / Multi-sector
firm_81156,"APPO-G, LLC",firm,Other / Multi-sector
firm_400287371,"BOYAGIAN CONSULTING, LLC",firm,Legal & Lobbying
firm_401103967,WSQUARED STRATEGIES LLC,firm,Legal & Lobbying
firm_75876,MR. CRAIG CROTTEAU,firm,Technology & Telecom
firm_400713145,MR. DAVID BIEGING,firm,Other / Multi-sector
firm_401106291,WINDWARD STRATEGIES LLC,firm,Legal & Lobbying
firm_401108017,TRACTION STRATEGIC,firm,Other / Multi-sector
firm_401108688,AEGIS LLC,firm,Other / Multi-sector
firm_401109159,CAPITOL67 STRATEGIES,firm,Legal & Lobbying
firm_401103760,"CALIFORNIA STRATEGIES & ADVOCACY, LLC",firm,Legal & Lobbying
firm_401103489,CC LAW & POLICY,firm,Other / Multi-sector
firm_46585,"LIEBMAN & ASSOCIATES, INC.",firm,Other / Multi-sector
firm_401107669,UPTOWN STRATEGIES INC. (FKA UPTOWN SOLUTIONS LLC),firm,Legal & Lobbying
firm_79951,"TRIANGLE ASSOCIATES, INC.",firm,Other / Multi-sector
firm_400604838,BLUE STAR STRATEGIES LLC,firm,Legal & Lobbying
firm_400871551,FRINZI & ASSOCIATES,firm,Other / Multi-sector
firm_401078027,"O'KEEFFE STRATEGIES, LLC",firm,Legal & Lobbying
firm_401108857,ZERO ONE STRATEGIES,firm,Legal & Lobbying
firm_16987,GRIZZLE COMPANY,firm,Other / Multi-sector
firm_307375,WAVERLY GROUP,firm,Other / Multi-sector
firm_401103547,EIS SOLUTIONS,firm,Other / Multi-sector
firm_401107682,"HITHER CREEK STRATEGIES, LLC",firm,Legal & Lobbying
firm_40022170,121 STRATEGIES & GOVERNMENT RELATIONS,firm,Legal & Lobbying
firm_401105586,PLAY-BOOK POLICY LLC,firm,Other / Multi-sector
firm_401108444,PLATFORM GOVERNMENT STRATEGIES,firm,Legal & Lobbying
firm_401107792,EAST CAPITOL ADVISORS LLC,firm,Legal & Lobbying
firm_401103216,"STEVE AUSTRIA AND ASSOCIATES, LLC",firm,Other / Multi-sector
firm_401104892,"GREAT POINT STRATEGIES, LLC",firm,Legal & Lobbying
client_00185,SERVICE EMPLOYEES INTERNATIONAL UNION CTW-CLC,client,Other / Multi-sector
firm_26078,THE MOYER GROUP,firm,Other / Multi-sector
firm_401103233,"CAPITOL-CONTEXT,LLC",firm,Other / Multi-sector
firm_401103789,DAN BURTON INTERNATIONAL LLC,firm,Other / Multi-sector
firm_401104321,"THE ESTOPINAN GROUP, LLC",firm,Other / Multi-sector
firm_401104490,TIMOTHY LOVAIN,firm,Technology & Telecom
firm_401105388,HARVEY RUN STRATEGIES LLC,firm,Legal & Lobbying
firm_401106115,"GORMAN STRATEGY GROUP, TOO",firm,Other / Multi-sector
firm_401108693,LEDYARD GROUP,firm,Other / Multi-sector
firm_401106672,CURRENTSTRATEGIC LLC,firm,Other / Multi-sector
firm_401105635,BEACON STRATEGIES,firm,Legal & Lobbying
firm_41181,"SUSAN J. WHITE & ASSOCIATES, INC.",firm,Other / Multi-sector
firm_401103374,LILLSTROM CHENG STRATEGIES,firm,Legal & Lobbying
firm_42240,ZIONTZ CHESTNUT,firm,Other / Multi-sector
firm_48394,"BROOKS, PIERCE, MCLENDON, HUMPHREY & LEONARD, L.L.P.",firm,Other / Multi-sector
firm_67535,"CONSENSUS COMMUNICATIONS, INC.",firm,Other / Multi-sector
firm_401104613,"THE GUTMAN GROUP, LLC",firm,Other / Multi-sector
firm_401105175,"LAND CONSERVATION UNLIMITED, LLC",firm,Other / Multi-sector
firm_401105495,STEVE LENKART,firm,Other / Multi-sector
firm_401106224,EZRA SILK,firm,Other / Multi-sector
firm_401107835,"RK STRATEGIES, INC.",firm,Legal & Lobbying
firm_40025200,"JOHN DUNCAN AND ASSOCIATES, LLC",firm,Other / Multi-sector
firm_300355,JENNIFER BERZOK,firm,Other / Multi-sector
firm_73715,MS. REBECCA HALKIAS,firm,Other / Multi-sector
firm_401105383,"POLICY AZ, LLC",firm,Other / Multi-sector
firm_38302,THE TRADE PARTNERSHIP,firm,Other / Multi-sector
firm_51651,MICHAEL PIEPER,firm,Other / Multi-sector
firm_401106328,ASCEND CONSULTING,firm,Legal & Lobbying
firm_20926,MR. THEODORE (TED) JONES,firm,Other / Multi-sector
firm_29516,NORTH SHORE CONSULTANTS,firm,Other / Multi-sector
firm_311291,"HARPLEY CS, LLC",firm,Other / Multi-sector
firm_400271253,MR. THOMAS WILSON,firm,Other / Multi-sector
firm_401105330,SWEENEY & ASSOCIATES LLC LLC,firm,Other / Multi-sector
firm_401105416,GREATER AMERICA LLC,firm,Other / Multi-sector
firm_401105661,VA SOLUTIONS LLC,firm,Other / Multi-sector
firm_401105706,"SUNDAY CREEK HORIZONS, LLC",firm,Other / Multi-sector
firm_401103584,OTT BIELITZKI & O'NEILL PLLC,firm,Other / Multi-sector
firm_401105076,"S2C PACIFIC, LLC",firm,Other / Multi-sector
firm_401104317,"LAMONT CONSULTING SERVICES, LLC",firm,Legal & Lobbying
firm_5756,MR. STEVEN BECKHAM,firm,Other / Multi-sector
firm_83012,PROVIDENT STRATEGIES LLC,firm,Legal & Lobbying
firm_311314,"FRANCIS EDWARD & CRONIN, INC.",firm,Other / Multi-sector
firm_401104232,COLUMBIA STRATEGIC COUNSEL,firm,Other / Multi-sector
firm_401107478,JENNA HAMILTON,firm,Other / Multi-sector
firm_401103736,"MOONEY, GREEN, SAINDON, MURPHY & WELCH, P.C.",firm,Technology & Telecom
firm_400297400,KELLEN COMPANY,firm,Other / Multi-sector
firm_301573,"DUETTO GROUP, LLC",firm,Other / Multi-sector
firm_306374,PHB PUBLIC AFFAIRS,firm,Technology & Telecom
firm_6256,"BIRCH, HORTON, BITTNER & CHEROT",firm,Other / Multi-sector
firm_401105883,CHRIS KATOPIS,firm,Other / Multi-sector
firm_20937,"PATRICIA JORDAN & ASSOCIATES, INC.",firm,Other / Multi-sector
firm_76217,"SCHUMACHER PARTNERS INTERNATIONAL, LLC",firm,Other / Multi-sector
firm_401103223,"QORVIS COMMUNICATIONS LLC (FORMERLY MSLGROUP AMERICAS, INC., D/B/A QORVIS MSLGROUP)",firm,Other / Multi-sector
firm_401103987,MULLETT STRATEGIES LLC,firm,Legal & Lobbying
firm_400425031,PAUL UNGER PLLC,firm,Other / Multi-sector
firm_400618875,ALAN REUTHER,firm,Other / Multi-sector
firm_401105143,"THE CACTUS GROUP, LLC",firm,Other / Multi-sector
firm_78733,CAPITOL NETWORK LLC(FKA MR. DAVID DISTEFANO),firm,Other / Multi-sector
firm_288098,"PARKER, POE, ADAMS & BERNSTEIN LLP",firm,Legal & Lobbying
firm_401103326,KINETIC SOLUTIONS GROUP,firm,Other / Multi-sector
firm_401107462,MCCARTIN PUBLIC POLICY GROUP LLC,firm,Other / Multi-sector
firm_401106746,AU STRATEGIES LLC,firm,Legal & Lobbying
firm_30930,"PAUL, WEISS, RIFKIND, WHARTON & GARRISON LLP",firm,Legal & Lobbying
client_01306,TRANSFORM SR HOLDINGS LLC,client,Other / Multi-sector
firm_306294,CONLON PUBLIC STRATEGIES,firm,Legal & Lobbying
firm_401105466,SLATTERY STRATEGY LLC,firm,Other / Multi-sector
firm_401105780,ASCENDANT STRATEGIC PARTNERS,firm,Other / Multi-sector
firm_401103689,ZHF CONSULTING LLC,firm,Legal & Lobbying
firm_401105190,THE CAMPBELL CONSULTING GROUP,firm,Legal & Lobbying
firm_87858,J.C. WATTS COMPANIES,firm,Other / Multi-sector
firm_401103446,MARSHALL MCLEAN LLC,firm,Other / Multi-sector
firm_401105752,WP RIVERS AND ASSOCIATES,firm,Other / Multi-sector
firm_89213,POLISPACE-JAMES A.M. MUNCY,firm,Other / Multi-sector
firm_400912661,GRANT PARK STRATEGIES,firm,Legal & Lobbying
firm_401103948,"MLT CONSULTING, LLC",firm,Legal & Lobbying
firm_401104230,BAYR AND ASSOCIATES LLC,firm,Other / Multi-sector
firm_401105104,GILLILAND & MCKINNEY INTERNATIONAL COUNSELLORS (D/B/A GMI COUNSEL),firm,Transportation & Auto
firm_401105723,FINDARO ASSOCIATES LLC,firm,Other / Multi-sector
firm_401109606,FFG GROUP,firm,Other / Multi-sector
firm_400537609,TRUCKER HUSS APC,firm,Other / Multi-sector
firm_401107305,HNI CORPORATION,firm,Other / Multi-sector
firm_400498452,DEBBIE WEATHERLY,firm,Other / Multi-sector
firm_401104810,"GARNER GROUP INTERNATIONAL, LLC",firm,Other / Multi-sector
firm_401104699,THE BLACKOAK GROUP FORMERLY KNOW AS JOHN COLLISON,firm,Other / Multi-sector
firm_401105478,"EJK, LLC",firm,Other / Multi-sector
firm_316753,THE CRISCOM COMPANY,firm,Other / Multi-sector
firm_91650,"THE MITCHELL FIRM, INC.",firm,Other / Multi-sector
firm_401103817,WILLIAMSON LAW + POLICY PLLC,firm,Other / Multi-sector
firm_401107213,"OMEGA STRATEGIES, LLC.",firm,Legal & Lobbying
firm_401107271,"ROBERTI ASSOCIATES CONSULTING, LLC",firm,Legal & Lobbying
firm_77993,NATIONAL ADVOCACY CENTER OF THE SISTERS OF THE GOOD SHEPHERD,firm,Other / Multi-sector
firm_401105868,MR. THOMAS MARQUEZ,firm,Other / Multi-sector
firm_248,ADVANTAGE ASSOCIATES INTERNATIONAL,firm,Other / Multi-sector
firm_29733,"NUTTER & HARRIS, INC",firm,Other / Multi-sector
firm_48598,METCALF FEDERAL RELATIONS,firm,Government & Nonprofit
firm_400701095,MS. PATRICIA LEWIS,firm,Other / Multi-sector
firm_400708124,FEDERAL RESOURCES GROUP,firm,Government & Nonprofit
firm_401105950,FREDERICK BOUCHER,firm,Other / Multi-sector
firm_401105694,"BRENDAN NEAL STRATEGIES, LLC",firm,Legal & Lobbying
firm_400883583,"WEINREICH STRATEGIC GROUP, INC.",firm,Other / Multi-sector
firm_401104216,"TODD SMITH & ASSOCIATES, LLC",firm,Other / Multi-sector
firm_401104590,"AKF STRATEGIES, LLC",firm,Legal & Lobbying
firm_401105630,MCKECHNIE & COMPANY,firm,Other / Multi-sector
client_00720,OAK STREET HEALTH,client,Healthcare & Pharma
firm_89873,GIBBONS P.C.,firm,Other / Multi-sector
firm_40044351,GRASSROOTS POLITICAL CONSULTING LLC,firm,Legal & Lobbying
firm_401104665,KERRIE RUSHTON,firm,Other / Multi-sector
firm_401105265,"EDGE ADVOCACY SOLUTIONS, LLC",firm,Other / Multi-sector
firm_401109617,DLG PARTNERS (FKA DRAGON LIST GLOBAL),firm,Other / Multi-sector
firm_400823440,ACCESS PARTNERSHIP CORP,firm,Other / Multi-sector
firm_401103939,GM STRATEGIES,firm,Transportation & Auto
firm_401104610,BOUSUM CONSULTING LLC,firm,Legal & Lobbying
firm_401105118,THE WATTS GROUP PLLC,firm,Other / Multi-sector
firm_401105240,"POWELL CONSULTING DC, LLC",firm,Legal & Lobbying
firm_401105781,NORTON ROSE FULBRIGHT US LLP,firm,Legal & Lobbying
firm_401108145,NATURAL STATE CONSULTING AND STRATEGIES,firm,Legal & Lobbying
firm_401108287,CLAREO,firm,Other / Multi-sector
firm_401105048,"COMMAND SOLUTIONS, LLC",firm,Other / Multi-sector
firm_21962,KUTAK ROCK LLP,firm,Legal & Lobbying
firm_77550,MR. DEAN MARTILLI,firm,Other / Multi-sector
firm_307171,"STIEFEL & JONES CONSULTING, LLC",firm,Legal & Lobbying
firm_401105926,TOLLHOUSE ENTERPRIZE LLC,firm,Other / Multi-sector
firm_401105223,"FDJ SOLUTIONS, LLC",firm,Other / Multi-sector
firm_37141,"STUNTZ DAVIS & STAFFIER, P.C.",firm,Other / Multi-sector
firm_401104162,ORLIE YANIV STRATEGIES LLC,firm,Legal & Lobbying
firm_401108082,ALKI STRATEGIES LLC,firm,Legal & Lobbying
firm_401108130,CAPITOL PILLAR LLC,firm,Other / Multi-sector
firm_401108852,ELITE STRATEGIC SERVICES,firm,Other / Multi-sector
firm_400915666,ARONNAX PUBLIC STRATEGIES LLC,firm,Legal & Lobbying
firm_401104905,"THIRDCIRCLE, INC.",firm,Other / Multi-sector
firm_401105333,"LINDEN GOVERNMENT SOLUTIONS, LLC",firm,Other / Multi-sector
firm_401105978,MS. ALEXIS TKACHUK,firm,Other / Multi-sector
firm_401108462,SEIDEN LAW LLP,firm,Legal & Lobbying
firm_401109425,MERIDIAN 535 STRATEGIES,firm,Legal & Lobbying
firm_400599828,MR. WILLIAM SPENCER,firm,Other / Multi-sector
firm_401068007,MR. JOE MIKLOSI,firm,Other / Multi-sector
firm_317355,JOSE FUENTES,firm,Other / Multi-sector
firm_401104209,SKLADANY CONSULTING LLC,firm,Legal & Lobbying
firm_401106011,GREYSTONE GLOBAL STRATEGIES LLC,firm,Legal & Lobbying
firm_401106744,ROBIN & ASSOCIATES,firm,Other / Multi-sector
firm_401103518,"THE POLICY GROUP, INC.",firm,Other / Multi-sector
firm_401106873,TENPENNY LAW LLC,firm,Other / Multi-sector
firm_82990,ARTEMIS STRATEGIES,firm,Legal & Lobbying
firm_401108432,BICE POLICY GROUP,firm,Other / Multi-sector
firm_71792,RISSING STRATEGIC LLC,firm,Other / Multi-sector
firm_401104720,JLV STRATEGIES LLC,firm,Legal & Lobbying
firm_401105034,LOP STRATEGIES,firm,Legal & Lobbying
firm_401107448,STATE STREET STRATEGIES DBA ONE+ STRATEGIES,firm,Legal & Lobbying
firm_401108148,CANNON|PEARCE FKA MR. MATT PEARCE,firm,Other / Multi-sector
firm_316616,POLICYWORKS,firm,Other / Multi-sector
firm_53664,"ORRICK, HERRINGTON & SUTCLIFFE LLP",firm,Legal & Lobbying
firm_290398,"POLICY COMMUNICATONS, INC.",firm,Other / Multi-sector
firm_400858522,OAKLEY CAPITOL CONSULTING LLC,firm,Legal & Lobbying
firm_401099066,PETRA STRATEGIES LLC,firm,Legal & Lobbying
firm_401107148,PONTIFEX STRATEGIES LLC,firm,Legal & Lobbying
firm_60572,ROSENTHAL & ASSOCIATES,firm,Other / Multi-sector
firm_401104854,GDR STRATEGIES,firm,Legal & Lobbying
firm_401106054,POTOMAC CONSULTING LLC,firm,Legal & Lobbying
firm_297773,"LOEWS PUBLIC AFFAIRS SERVICES, INC.  (FORMERLY MLBA SERVICES, INC)",firm,Technology & Telecom
firm_400326528,MS. BRENDA VIEHE-NAESS,firm,Other / Multi-sector
firm_401103811,"MEHLMAN CAPITOL STRATEGIES, LLC",firm,Legal & Lobbying
firm_401105929,"TEN GOVERNMENT STRATEGIES, LLC",firm,Legal & Lobbying
firm_36776,STEWART AND STEWART,firm,Other / Multi-sector
firm_400635920,"JOHN T. DOOLITTLE, LLC",firm,Other / Multi-sector
firm_401104523,NANCY ZIRKIN,firm,Other / Multi-sector
firm_401104687,"DAKOTA STRATEGIES, LLC (F/N/A ODNEY, INC.)",firm,Legal & Lobbying
firm_401105833,AWSOM ASSOC,firm,Other / Multi-sector
firm_401106093,"CAPITOL HILL & FRIENDS, LLC",firm,Other / Multi-sector
firm_401107777,TWO BRANCH STRATEGIES,firm,Legal & Lobbying
firm_401108725,"JTI MARKETING & COMMUNICATIONS, INC. DBA JTI, INC.",firm,Other / Multi-sector
firm_401105459,BPO STRATEGIES,firm,Legal & Lobbying
firm_304474,VIANOVO,firm,Other / Multi-sector
firm_401104382,"EMC STRATEGY GROUP, LLC",firm,Other / Multi-sector
firm_11297,THE CRANE GROUP INC,firm,Other / Multi-sector
firm_400740217,THE POTOMAC ALLIANCE,firm,Other / Multi-sector
firm_401103685,DEBRA CARNAHAN,firm,Other / Multi-sector
firm_401107087,"MAVERICK STRATEGIES, LLC",firm,Legal & Lobbying
firm_401108772,KEELEY LAW AND POLICY,firm,Other / Multi-sector
firm_401109550,PUZZLE BOX GOVERNMENT RELATIONS,firm,Other / Multi-sector
firm_401107443,RIVER PUBLIC AFFAIRS GROUP,firm,Technology & Telecom
firm_23202,"LPI CONSULTING, INC.",firm,Legal & Lobbying
firm_401103436,VELOS (FORMERLY PINNACLE ENGINEERING AND MANAGEMENT SOLUTIONS),firm,Other / Multi-sector
firm_12254,"DIGENOVA & TOENSING, LLP",firm,Legal & Lobbying
firm_401095057,CAMERON COMPANIES,firm,Other / Multi-sector
firm_401103201,THOMPSON & HORTON LLP,firm,Legal & Lobbying
firm_401103368,"HEROUX & ASSOCIATES, PLLC",firm,Other / Multi-sector
firm_401105023,"PRINCIPAL TO PRINCIPAL, LLC (P2P)",firm,Other / Multi-sector
firm_401107330,H4 ADVISORS LLC,firm,Legal & Lobbying
firm_401107404,SUNUNU ENTERPRISES LLC,firm,Other / Multi-sector
firm_401108740,"DUE SOUTH ADVOCACY, LLC",firm,Other / Multi-sector
firm_13712,"EOP GROUP, INC.",firm,Other / Multi-sector
firm_400706118,MR. CHARLES MONFORT,firm,Other / Multi-sector
firm_401104226,CHAIN LINK SOLUTIONS LLC,firm,Technology & Telecom
firm_401104416,WILDHORSE CONSULTING,firm,Legal & Lobbying
firm_401105587,WILLIAM WATSON GROUP LLC,firm,Other / Multi-sector
firm_44322,MS. LYDIA HOFER,firm,Other / Multi-sector
firm_83411,WSB LLC,firm,Other / Multi-sector
firm_40036305,WASHINGTON MATTERS LLC,firm,Other / Multi-sector
firm_400866538,"MICHAEL DOUGLAS FERRELL, LLC",firm,Other / Multi-sector
firm_401103156,"UNIFIED SOLUTIONS, LLC",firm,Other / Multi-sector
firm_401105411,PLATT STRATEGIC CONSULTING LLC,firm,Legal & Lobbying
firm_401108969,"INTERSECT PUBLIC AFFAIRS, LLC",firm,Technology & Telecom
firm_400470324,LARRY BLANCHARD,firm,Other / Multi-sector
firm_18114,DENNIS M. HERTEL & ASSOCIATES,firm,Other / Multi-sector
firm_401104026,ALYSON PARKER,firm,Other / Multi-sector
firm_401107279,PAT WILLIAMS AND ASSOCIATES,firm,Other / Multi-sector
firm_400381749,"LHD & ASSOCIATES, INC.",firm,Other / Multi-sector
firm_15918,DAVID GENCARELLI,firm,Other / Multi-sector
firm_38530,"TROUTMAN PEPPER LOCKE, LLP (FKA TROUTMAN PEPPER HAMILTON SANDERS, LLP)",firm,Legal & Lobbying
firm_77812,"NORTHPOINT STRATEGIES, LLC",firm,Legal & Lobbying
firm_401103366,"LEGER STRATEGIES, LLC",firm,Legal & Lobbying
firm_401109532,AVIVA STRATEGIES (FKA MGB CONSULTING),firm,Legal & Lobbying
firm_401106277,INDUSTRY COUNCIL FOR EMERGENCY RESPONSE TECHNOLOGIES,firm,Other / Multi-sector
firm_286872,THE TIM HUGO GROUP,firm,Other / Multi-sector
firm_401108306,CORCORAN STREET GROUP,firm,Other / Multi-sector
firm_401105613,"TRAUTWEIN & ASSOCIATES, LLC",firm,Other / Multi-sector
firm_400313458,MR. RAY CHAMBERS,firm,Other / Multi-sector
firm_400556664,"CLEAVES BIOMASS SERVICES, LLC",firm,Other / Multi-sector
firm_400607847,"GOVERNMENTAL CONSULTANT SERVICES, INC.",firm,Other / Multi-sector
firm_401103940,THE MCGRATH GROUP LLLC,firm,Other / Multi-sector
firm_401104664,MS. MOLLY NIX,firm,Other / Multi-sector
firm_401105770,AMERICAN STRATEGIC PARTNERS,firm,Other / Multi-sector
firm_400323518,"HPS GROUP, LLC",firm,Other / Multi-sector
firm_401104763,KEYSTONE STRATEGY + ADVOCACY,firm,Other / Multi-sector
firm_401106956,"GRACE BAY STRATEGIES, LLC",firm,Legal & Lobbying
firm_401106917,TECHNOLOGY STRATEGIES LLC,firm,Technology & Telecom
firm_296497,PAULA TIMMONS,firm,Other / Multi-sector
firm_401105260,"SIGNIFICANT CONSULTING, LLP",firm,Legal & Lobbying
firm_24533,"MCINTYRE & LEMON, PLLC",firm,Other / Multi-sector
firm_401105368,EASTERSEALS NEW JERSEY,firm,Other / Multi-sector
firm_13448,MR. GARY ELMESTAD,firm,Other / Multi-sector
firm_69696,MJWT CONSULTING,firm,Legal & Lobbying
firm_324137,ERIC MONDERO,firm,Other / Multi-sector
firm_401105329,SKDKNICKERBOCKER,firm,Other / Multi-sector
firm_401106666,"MORAN STRATEGIC CONSULTING, LLC.",firm,Legal & Lobbying
firm_401108903,ACUMEN STRATEGIES LLC,firm,Legal & Lobbying
firm_401106099,2020 STRATEGIES LLC,firm,Legal & Lobbying
firm_401107706,FIRST AMENDMENT PARTNERS LLC,firm,Other / Multi-sector
firm_401105267,EDMONDSON HOPKINS GROUP,firm,Other / Multi-sector
firm_401107055,"JMS NATURAL RESOURCE STRATEGIES, LLC",firm,Legal & Lobbying
firm_400619882,"LANNY J. DAVIS & ASSOCIATES, LLC",firm,Other / Multi-sector
firm_401103286,"ROBERT WHITE ASSOCIATES, INC.",firm,Other / Multi-sector
firm_401104167,MIRRAM GROUP,firm,Other / Multi-sector
firm_401105107,"ZARRELLI STRATEGIES, INC.",firm,Legal & Lobbying
firm_401105206,WATER AND POWER LAW GROUP,firm,Energy & Environment
firm_401106450,ABT USA LLC,firm,Other / Multi-sector
firm_401107560,"THE 51 GROUP, LLC",firm,Other / Multi-sector
firm_401107856,"TENAGRITY SOLUTIONS, LLC",firm,Other / Multi-sector
firm_401109892,JOHN MCENTEE,firm,Other / Multi-sector
firm_401103085,MR. JONATHAN MOORE,firm,Other / Multi-sector
firm_315477,BUTTERFIELD EVANS & ASSOCIATES LLC,firm,Other / Multi-sector
firm_401104963,"FOURTH STREET ADVOCACY (CORSA POTOMAC, LLC)",firm,Other / Multi-sector
firm_401108698,AUBREY MATURIN LLC,firm,Other / Multi-sector
firm_401107434,"TERRAPIN STRATEGY, INC",firm,Other / Multi-sector
firm_401107988,VALENTINE STRATEGIES,firm,Legal & Lobbying
firm_400460281,"OGLETHORPE PUBLIC AFFAIRS GROUP, INC.",firm,Technology & Telecom
firm_401105488,HUTTON-TRANSCON JOINT VENTURE,firm,Other / Multi-sector
firm_401106337,"MCB CONSULTING, INC.",firm,Legal & Lobbying
firm_401107390,"DC ADVOCACY, LLC",firm,Other / Multi-sector
firm_401109103,CONNICK AND ASSOCIATES,firm,Other / Multi-sector
firm_401109805,ZERO MILE STRATEGIES,firm,Legal & Lobbying
firm_316514,"AGWORKS SOLUTIONS, LLC",firm,Other / Multi-sector
firm_401104514,HEALY CONSULTING GROUP,firm,Legal & Lobbying
firm_400275302,PAUL SUPLIZIO ASSOCIATES,firm,Other / Multi-sector
firm_401106018,ASIAN AMERICAN ADVISORS LLC,firm,Legal & Lobbying
firm_45232,DEKIEFFER & HORGAN,firm,Other / Multi-sector
firm_401106427,MILLS BLACK LLP,firm,Legal & Lobbying
firm_401108173,WOODLAND RESOURCES,firm,Other / Multi-sector
firm_24271,MR. JAMES F. MCCONNELL,firm,Other / Multi-sector
firm_321577,ALLIANCE ONE,firm,Other / Multi-sector
firm_401104211,"SHANK PUBLIC POLICY, LLC",firm,Other / Multi-sector
firm_401104992,WEXFORD SOLUTIONS LLC,firm,Transportation & Auto
firm_401108855,"QUICKEL CONSULTING SERVICES, LLC",firm,Legal & Lobbying
firm_401109289,"BASELINE STRATEGIES, LLC",firm,Legal & Lobbying
firm_401104068,"TIAHRT ENTERPRISES, LLC",firm,Other / Multi-sector
firm_21244,MS. MIRIAM A. KAZANJIAN,firm,Other / Multi-sector
firm_401106075,HMU CONSULTING LLC,firm,Legal & Lobbying
firm_401104634,CAPITOL INNOVATIONS,firm,Other / Multi-sector
firm_401108326,RESEARCH SERVICE BUREAU,firm,Education & Research
firm_401103257,"STRATFORD STRATEGIES, LLC FORMERLY KNOWN AS CB ANDERSON PARTNERS, LLC",firm,Transportation & Auto
firm_401104466,"BUTZEL LONG, P.C.",firm,Other / Multi-sector
firm_319836,MICHAEL SOLON-CAPITOL LEGISTICS,firm,Other / Multi-sector
firm_400935705,GOLDHABER POLICY SERVICES LLC,firm,Other / Multi-sector
firm_401103826,"ECA STRATEGIES, INC.",firm,Legal & Lobbying
firm_401104407,SMIRNOW LAW,firm,Other / Multi-sector
firm_401105385,MARK SMITH PUBLIC AFFAIRS,firm,Technology & Telecom
firm_401108691,SARAH CHRISTOPHERSON,firm,Other / Multi-sector
firm_401105340,EMMETT STRATEGIES LLC,firm,Legal & Lobbying
firm_401104913,ROSEMONT STRATEGIES,firm,Legal & Lobbying
firm_401106336,LINDEN GROVE STRATEGIES LLC,firm,Legal & Lobbying
firm_47336,LOWRY STRATEGIES,firm,Legal & Lobbying
firm_401104860,VS STRATEGIES LLC,firm,Legal & Lobbying
firm_401106284,"THE HEALTH EQUITY STRATEGIES GROUP, LLC",firm,Healthcare & Pharma
firm_39781,VAN FLEET ASSOCIATES,firm,Other / Multi-sector
firm_400674015,U.S. GOVERNMENT RELATIONS INTL.,firm,Other / Multi-sector
firm_401104996,HODGKINS AND ASSOCIATES,firm,Other / Multi-sector
firm_401108650,FEROX STRATEGIES II,firm,Legal & Lobbying
firm_22325,THE PAUL LAXALT GROUP,firm,Other / Multi-sector
firm_293610,AVANCER HEALTH POLICY,firm,Healthcare & Pharma
firm_400275283,PUBLIC POLICY MANAGEMENT GROUP,firm,Other / Multi-sector
firm_401031909,MR. ROBERT SCHWARZ,firm,Other / Multi-sector
firm_401103804,"RUHLEN STRATEGIES, LLC",firm,Legal & Lobbying
client_04216,MILLENNIUM HEALTH,client,Healthcare & Pharma
firm_401105878,MS. CAROL BROWNER,firm,Other / Multi-sector
firm_401106611,"WOOLPERT, INC.",firm,Other / Multi-sector
firm_401106076,HILLIARD SMITH & HUNT,firm,Other / Multi-sector
firm_400459248,ADVOCACY ASSOCIATES,firm,Other / Multi-sector
firm_401103325,"IRA SHAPIRO GLOBAL STRATEGIES, LLC",firm,Legal & Lobbying
firm_401106315,SAKURA CONSERVATION STRATEGIES,firm,Legal & Lobbying
firm_401063997,GRTYREE CONSULTING LLC,firm,Legal & Lobbying
firm_401104352,SIEKMAN AND SIEKMAN LLC,firm,Other / Multi-sector
firm_401105138,"BERNI CONSULTING, LLC",firm,Legal & Lobbying
firm_401107665,WINDON GLOBAL STRATEGIES,firm,Legal & Lobbying
firm_71655,"LEE CONSULTING, KENNETH G.",firm,Legal & Lobbying
firm_401106325,TOM BRADLEY HEALTH POLICY LLC,firm,Healthcare & Pharma
firm_401106767,"INVIVYD, INC.",firm,Other / Multi-sector
firm_401107561,"GLASSMAN ENTERPRISES, LLC",firm,Other / Multi-sector
firm_401108124,HOLLINGER GROUP CONSULTING,firm,Legal & Lobbying
firm_401109596,MAVEN ADVOCACY PARTNERS LLC,firm,Other / Multi-sector
firm_401104314,REDROCK GOVERNMENT RELATIONS,firm,Other / Multi-sector
firm_401108161,"PADDOCK ASSOCIATES, LLC",firm,Other / Multi-sector
firm_18375,"GEORGE J. HOCHBRUECKNER & ASSOCIATES, INC.",firm,Other / Multi-sector
firm_400323516,FOXLEY & PIGNANELLI,firm,Other / Multi-sector
firm_313178,"THE BREWER GROUP, LLC (FORMALLY POWERS BREWER, LLC)",firm,Energy & Environment
firm_322693,MR. DONALD KANIEWSKI,firm,Other / Multi-sector
firm_401105176,CHRISTINE POLLACK,firm,Other / Multi-sector
firm_401105566,CONSILIUM CONSULTING,firm,Legal & Lobbying
firm_401105940,TORRES CONSULTING AND LAW GROUP,firm,Legal & Lobbying
firm_401109454,"MOUNTAIN VIEW PARTNERS DC, LLC",firm,Technology & Telecom
firm_400535604,THE FRIEDLANDER GROUP,firm,Other / Multi-sector
firm_86050,"LEGISLATIVE STRATEGIES, INC.",firm,Legal & Lobbying
firm_400920675,PETERSON GROUP (FL),firm,Other / Multi-sector
firm_401047953,VECTIS STRATEGIES,firm,Legal & Lobbying
firm_401104413,"PRIME TRANSATLANTIC, LLC",firm,Other / Multi-sector
firm_401105166,PETER PITSCH,firm,Other / Multi-sector
firm_401105302,THE BURNHAM GROUP LLC,firm,Other / Multi-sector
firm_401105507,LEWIS BRISBOIS BISGAARD & SMITH LLP,firm,Legal & Lobbying
firm_401107628,MZLS LLC,firm,Other / Multi-sector
firm_401107869,MCWILLIAMS GOVERNMENTAL AFFAIRS CONSULTANTS,firm,Technology & Telecom
firm_400953755,"PATTEN & ASSOCIATES, LLC",firm,Other / Multi-sector
firm_401107212,SILVER LEGAL SERVICES LLC,firm,Other / Multi-sector
firm_401105860,COHEN & GRESSER LLP,firm,Legal & Lobbying
firm_401106266,"OCEAN SPRAY CRANBERRIES, INC",firm,Other / Multi-sector
firm_401108747,SECOND CURVE STRATEGIES LLC,firm,Legal & Lobbying
firm_401104808,MS. PATRICIA M. SOLDANO,firm,Other / Multi-sector
firm_401106361,"PATRIOT STRATEGIES, LLC",firm,Legal & Lobbying
firm_401106512,PENN STRATEGIES,firm,Legal & Lobbying
firm_24087,"ALAN MAUK ASSOCIATES, LTD",firm,Other / Multi-sector
firm_45790,BASS BERRY & SIMS,firm,Other / Multi-sector
firm_46437,VIKKI COOPER & ASSOCIATES,firm,Other / Multi-sector
firm_313692,TOM LUCE CONSULTING,firm,Legal & Lobbying
firm_400416982,SCOTT CANADY,firm,Other / Multi-sector
firm_400644944,WILLIAM HAMILTON,firm,Other / Multi-sector
firm_401071014,"THINK POLICY CONSULTING, LLC",firm,Legal & Lobbying
firm_19888,"RED FLAG CONSULTING USA(FORMALLY KNOWN AS INTERNATIONAL BUSINESS-GOVERNMENT COUNSELLORS, INC)",firm,Legal & Lobbying
firm_400278334,MICHAEL A. INGRAO,firm,Other / Multi-sector
firm_400933697,JORDAN WICKER,firm,Other / Multi-sector
firm_401106208,MR. GRANT CARLISLE,firm,Other / Multi-sector
firm_401104871,DAVID KILIAN,firm,Other / Multi-sector
firm_401106396,MICHAEL HARIDOPOLOS,firm,Other / Multi-sector
firm_401106918,"IBEX2 SOLUTIONS, LLC",firm,Other / Multi-sector
firm_401107730,"KILEY CAPITOL SOLUTIONS, LLC",firm,Other / Multi-sector
firm_401108288,"SCARLET SOLUTIONS, LLC",firm,Other / Multi-sector
firm_401106554,SANDHILLS STRATEGIC SOLUTIONS,firm,Other / Multi-sector
client_00652,HENKEL OF AMERICA INC.,client,Other / Multi-sector
firm_63017,"COYNE, JESERNIG, LLC",firm,Other / Multi-sector
firm_401103467,"MELODY CLARK CONSULTING, LLC.",firm,Legal & Lobbying
firm_401103647,MXM CONSULTING LLC,firm,Legal & Lobbying
firm_401104030,DAVID RADI,firm,Other / Multi-sector
client_00815,"SUPERNAL, LLC (FKA GENESIS AIR MOBILITY)",client,Technology & Telecom
firm_401106421,LEMMA STRATEGIES INC,firm,Legal & Lobbying
firm_401107239,ELK CREEK RESOURCES CORP.,firm,Other / Multi-sector
firm_401107752,MJS ADVISORS LLC,firm,Legal & Lobbying
firm_401107930,VARYAG LLC,firm,Other / Multi-sector
firm_400581774,"FOOD DIRECTIONS, LLC",firm,Agriculture & Food
firm_401106231,SOUTHWEST STRATEGIES,firm,Legal & Lobbying
firm_401105542,"RPN ADVOCACY, LLC",firm,Other / Multi-sector
firm_401106477,HAGGERTY POLICY SOLUTIONS,firm,Other / Multi-sector
firm_401109290,PATTERSON & MEEK,firm,Other / Multi-sector
firm_401108156,ROSE GROUP ADVISORS,firm,Legal & Lobbying
firm_401104015,CDB PROJX LLC,firm,Other / Multi-sector
firm_25066,THE LAW OFFICE OF MICHAEL R. KLIPPER,firm,Government & Nonprofit
firm_400458206,TEAM BUILDERS,firm,Real Estate & Construction
firm_401107207,DONOVAN STRATEGIES LLC,firm,Legal & Lobbying
firm_401104011,LUCY CALAUTTI,firm,Other / Multi-sector
firm_299115,PLASTER AND ASSOCIATES LLC,firm,Other / Multi-sector
firm_401105017,MARGARET STRAND CONSULTING LLC,firm,Legal & Lobbying
firm_401105119,EXEL ADVISORS,firm,Legal & Lobbying
firm_401105698,BURT ROSEN STRATEGIES,firm,Legal & Lobbying
firm_401105959,DISTRICT CATALYST,firm,Other / Multi-sector
firm_401106162,MR. PETER KNIGHT,firm,Other / Multi-sector
firm_401106200,VINCENT BRANDYS,firm,Other / Multi-sector
firm_401106816,"ERA GOVERNMENT AFFAIRS, LLC",firm,Technology & Telecom
firm_401107923,"BARSA STRATEGIES, LLC",firm,Legal & Lobbying
firm_401108248,"LAW OFFICE OF JOHN J. FASO, P.C",firm,Government & Nonprofit
firm_401109974,CURRENT STRATEGIES,firm,Legal & Lobbying
firm_40008055,GLOBAL POLICY INITIATIVES,firm,Other / Multi-sector
firm_401106114,2359 STRATEGIES,firm,Legal & Lobbying
firm_401109081,INDIGO HILL STRATEGIES,firm,Legal & Lobbying
firm_400767312,"TRIMPA GROUP, LLC",firm,Other / Multi-sector
firm_9864,COLEX AND ASSOCIATES,firm,Other / Multi-sector
firm_401106391,"T A BUSINESS DEVELOPMENT, LLC",firm,Other / Multi-sector
firm_33682,"ROPES & GRAY, LLP",firm,Legal & Lobbying
firm_36801,MR. JOHN STINSON,firm,Other / Multi-sector
firm_87392,CCMSC CORPORATION,firm,Other / Multi-sector
firm_286052,HICKS PARTNERS,firm,Other / Multi-sector
firm_296316,MR. PETER DICKINSON,firm,Other / Multi-sector
firm_308593,RTK CONSULTING GROUP LLC,firm,Legal & Lobbying
firm_401103337,MR. MIKE WASSENAAR,firm,Other / Multi-sector
firm_401103504,KEITH JOHNSON,firm,Other / Multi-sector
firm_401104006,THE JOE DAVIS COMPANY LLC,firm,Other / Multi-sector
firm_401104394,"GRAND CANYON STATE ELECTRIC COOPERATIVE ASSOCIATION, INC.",firm,Energy & Environment
firm_401105205,FIRST RULE,firm,Other / Multi-sector
firm_401105234,"GRIFFIN CONSULTING, LLC",firm,Legal & Lobbying
firm_401105565,LJ STRATEGIES LLC,firm,Legal & Lobbying
firm_401106394,O'DONNELL & ASSOCIATES LLC,firm,Other / Multi-sector
firm_401106711,"THE ELEVATION ASSOCIATION, LLC",firm,Government & Nonprofit
firm_401107452,"CONGRESSIONAL COLLEAGUES, LLC",firm,Other / Multi-sector
firm_401107742,CAPITOL HILL COMMUNICATIONS,firm,Other / Multi-sector
firm_401108723,SAXA INNOVATION LLC,firm,Other / Multi-sector
firm_401110000,THE GALLERY HOSPITALITY CORP,firm,Healthcare & Pharma
firm_401104410,"WELLINGTON STRATEGIES, LLC.",firm,Legal & Lobbying
firm_401106898,EB CONSULTING,firm,Legal & Lobbying
firm_2310,AMERICAN FEDERATION OF MUSICIANS,firm,Other / Multi-sector
firm_401104903,"REM STRATEGIES, LLC",firm,Legal & Lobbying
firm_50295,JOHN GRZEBIEN,firm,Other / Multi-sector
firm_401105255,BASS PUBLIC AFFAIRS,firm,Technology & Telecom
firm_401110112,STERLINGTON PLLC,firm,Other / Multi-sector
firm_401104251,"TUSK STRATEGIES, LLC",firm,Legal & Lobbying
firm_70437,HOLLRAH LLC,firm,Other / Multi-sector
firm_83490,"EDENS ADVISORY, LLC",firm,Other / Multi-sector
firm_313418,PETTUS CONSULTING,firm,Legal & Lobbying
firm_319472,"WESTERN SKIES STRATEGIES, INC.",firm,Legal & Lobbying
firm_400520537,"KOZAK & SALINA, LLC",firm,Other / Multi-sector
firm_401103117,"B3 STRATEGIES, LLC",firm,Legal & Lobbying
firm_401103956,EARTH & WATER GROUP,firm,Other / Multi-sector
firm_401104173,RNL CONSULTING LLC,firm,Legal & Lobbying
firm_401106302,DUDDINGTON GLOBAL STRATEGIES LLC,firm,Legal & Lobbying
firm_401107355,FORA PARTNERS,firm,Other / Multi-sector
firm_401109047,SIDEPRIZE LLC D/B/A PRIZEPICKS,firm,Other / Multi-sector
firm_401109379,"RAAB GOVERNMENT STRATEGIES, LLC",firm,Legal & Lobbying
firm_40038312,MR. CHARLES SCHOLZ,firm,Other / Multi-sector
firm_401104990,MS. ANNA AURILIO,firm,Other / Multi-sector
firm_401103200,"D&D STRATEGIES, LLC",firm,Legal & Lobbying
firm_401105182,R & B STRATEGIES,firm,Legal & Lobbying
firm_401105892,HJ TOBIN POLICY CONSULTING,firm,Legal & Lobbying
firm_401106066,DUFFY&SHANLEY,firm,Other / Multi-sector
firm_401105382,QUINELLA GLOBAL LLC,firm,Other / Multi-sector
firm_401103100,"JORDAN LAW FIRM, LLC",firm,Legal & Lobbying
firm_401105296,KEY BRIDGE ADVISORS,firm,Legal & Lobbying
firm_44696,"GIS ASSOCIATES, INC",firm,Other / Multi-sector
firm_45243,MR. WILLIAM ZAVARELLO,firm,Other / Multi-sector
firm_67570,DANEA KEHOE,firm,Other / Multi-sector
firm_69550,MR. PATRICK TUCKER,firm,Other / Multi-sector
firm_309971,"H. M. RILEY ASSOCIATES, LLC",firm,Other / Multi-sector
firm_322990,APPIAN,firm,Other / Multi-sector
firm_401104616,"WATSON & COMPANY GOVERNMENT SERVICES, INC",firm,Other / Multi-sector
firm_401105939,"CARMEN GUZMAN, LLC",firm,Other / Multi-sector
firm_401105960,CHW ADVISORS,firm,Legal & Lobbying
firm_401106755,ELLEN FERN,firm,Other / Multi-sector
firm_401106952,IKYR LLC,firm,Other / Multi-sector
firm_401107348,"PRINCE STREET STRATEGIES, LLC",firm,Legal & Lobbying
firm_401108409,"STOICK CONSULTING, LLC",firm,Legal & Lobbying
firm_401109270,TALLEY STRATEGIES LLC,firm,Legal & Lobbying
firm_400468314,"BROMELKAMP GOVERNMENT RELATIONS, LLC",firm,Other / Multi-sector
client_00164,AMERICAN SOCIETY OF CIVIL ENGINEERS,client,Other / Multi-sector
firm_400706119,"CULTURAL HERITAGE PARTNERS, LLC",firm,Other / Multi-sector
firm_401103271,SPECTRUM PUBLIC AFFAIRS,firm,Technology & Telecom
firm_401105022,SPLYSS LLC,firm,Other / Multi-sector
firm_401106276,ROCK SPRING PUBLIC POLICY,firm,Other / Multi-sector
firm_401106794,GTB PARTNERS,firm,Other / Multi-sector
firm_401109537,NEXUSONE CONSULTING,firm,Legal & Lobbying
firm_401108728,CAPITOL HILL ASSOCIATES,firm,Other / Multi-sector
firm_315490,"FEDERAL STRATEGIES GROUP, INC.",firm,Legal & Lobbying
firm_88154,VPR ASSOCIATES,firm,Other / Multi-sector
firm_294952,"TRADEWINS, LLC",firm,Other / Multi-sector
firm_40029250,"DONNA M. FIORENTINO, LLC",firm,Other / Multi-sector
firm_401105024,MULIUFI (MUFI) FRANCIS HANNEMANN,firm,Other / Multi-sector
firm_401105080,O'HARE INFRASTRUCTURE STRATEGIES LLC,firm,Real Estate & Construction
firm_401106026,MGV LLC,firm,Other / Multi-sector
firm_401106467,KLEIN LAW GROUP PLLC,firm,Other / Multi-sector
firm_401107053,DOGWOOD STRATEGIES INC,firm,Legal & Lobbying
firm_401108056,4TH ST COMMUNICATIONS,firm,Other / Multi-sector
firm_401108407,PERSPECTIVE PARTNERS LLC,firm,Other / Multi-sector
firm_401109661,CRUCE CAPITOL CONSULTING LLC,firm,Legal & Lobbying
firm_401105099,LAWRENCE JAMES GROUP PROFESSIONALS LLC,firm,Other / Multi-sector
firm_401104744,OLIVERSTRATEGIES,firm,Legal & Lobbying
firm_40043340,CAPITOL RESOURCE GROUP,firm,Other / Multi-sector
firm_401010852,SJSOLUTIONS PLLC,firm,Other / Multi-sector
firm_401104307,"GULF SOUTH STRATEGIES USA, LLC",firm,Legal & Lobbying
firm_401105518,MIRSONIA GROUP,firm,Other / Multi-sector
firm_401106904,56 CAPITALS LLC,firm,Finance & Banking
firm_401105071,MR. JOSEPH HUANG-RACALTO,firm,Other / Multi-sector
firm_401105946,GLENCOE STRATEGIES LLC,firm,Legal & Lobbying
firm_15075,"FONTHEIM INTERNATIONAL, LLC",firm,Other / Multi-sector
firm_287111,DAVID LEACH,firm,Other / Multi-sector
firm_401103148,"FRANZ CONSULTING, LLC",firm,Legal & Lobbying
firm_401103621,"LESCHI GROUP, LLC",firm,Other / Multi-sector
firm_401105081,INTEGRITAS BY BONO LLC,firm,Other / Multi-sector
firm_401105531,"FINN STRATEGIES, LLC",firm,Legal & Lobbying
firm_401106309,GORMAN STRATEGY GROUP,firm,Other / Multi-sector
firm_401109417,FOXHOUND ADVISORS,firm,Legal & Lobbying
firm_401105927,"SAPPHIRE STRATEGIES, LLC",firm,Legal & Lobbying
firm_88531,MR. RON MCMURRAY,firm,Other / Multi-sector
firm_401107922,SYNCHRONICITY STRATEGIES LLC,firm,Legal & Lobbying
firm_401105193,"THE BLC GROUP, LLC",firm,Other / Multi-sector
firm_401108921,MVP STRATEGIES,firm,Legal & Lobbying
firm_401106596,ROSEWOOD STRATEGIES LLC,firm,Legal & Lobbying
firm_77834,THE MAGNATE GROUP LLC,firm,Other / Multi-sector
firm_401105806,PROFECTUS INVESTMENTS LLC,firm,Finance & Banking
firm_401106708,ARCURI WARD LLC,firm,Other / Multi-sector
firm_400406915,TRILOGY ADVISORS LLC,firm,Legal & Lobbying
firm_57772,THE WIGGLESWORTH COMPANY (TERESA N. WIGGLESWORTH),firm,Other / Multi-sector
firm_401104479,"WISE ADVICE, INC.",firm,Other / Multi-sector
firm_401104986,GRANITE PUBLIC AFFAIRS,firm,Technology & Telecom
firm_401105177,ENERGY ADVANCE CENTER,firm,Energy & Environment
firm_401105271,MILLENNIAL GR & PUBLIC AFFAIRS PARTNERS,firm,Technology & Telecom
firm_401105684,G7 REPUTATION ADVISORY LLC,firm,Other / Multi-sector
firm_401105691,"DUNCANCOUNTS, LLC",firm,Other / Multi-sector
firm_401106295,"HATTON PARTNERS, LLC",firm,Other / Multi-sector
firm_401106593,MR. RALPH JOHNSON,firm,Other / Multi-sector
firm_401106713,MERIDIAN GOVERNMENT RELATIONS,firm,Other / Multi-sector
firm_401107996,"LEE SANDERS STRATEGY GROUP, LLC",firm,Other / Multi-sector
firm_401107576,ARCH STREET,firm,Other / Multi-sector
firm_401106225,EAGLE6 CONSULTING,firm,Legal & Lobbying
firm_401108803,G SQUARED STRATEGIES LLC,firm,Legal & Lobbying
firm_53538,SUSAN STOHR,firm,Other / Multi-sector
client_00000,CHAMBER OF COMMERCE OF THE U.S.A.,client,Other / Multi-sector
client_00001,BUSINESS ROUNDTABLE INC,client,Other / Multi-sector
client_00002,"META PLATFORMS, INC. AND VARIOUS SUBSIDIARIES",client,Technology & Telecom
client_00003,STATE OF LOC NATION GLOBAL PUBLIC BENEFIT CORPORATION,client,Other / Multi-sector
client_00004,OPEN SOCIETY ACTION FUND,client,Other / Multi-sector
client_00005,AMERICA'S HEALTH INSURANCE PLANS INC (AHIP),client,Healthcare & Pharma
client_00006,BAYER CORPORATION (CONSOLIDATED REPORT),client,Transportation & Auto
client_00007,TOYOTA MOTOR NORTH AMERICA INC (TMA),client,Other / Multi-sector
client_00008,NATIONAL MULTIFAMILY HOUSING COUNCIL INC,client,Real Estate & Construction
client_00009,DOW CHEMICAL COMPANY DBA DOW,client,Other / Multi-sector
client_00010,"AMERICAN ELECTRIC POWER COMPANY, INC. AND AFFILIATED CORPORATIONS",client,Energy & Environment
client_00011,U S CHAMBER INSTITUTE FOR LEGAL REFORM,client,Education & Research
client_00012,"SHELL USA, INC. (FKA SHELL OIL COMPANY)",client,Energy & Environment
client_00013,NATIONAL SHOOTING SPORTS FOUNDATION,client,Transportation & Auto
client_00014,"HEALTH CARE SERVICE CORPORATION, A MUTUAL LEGAL RESERVE COMPANY (HCSC)",client,Healthcare & Pharma
client_00015,"AIR TRANSPORT ASSOCIATION OF AMERICA, INC. (D/B/A AIRLINES FOR AMERICA)",client,Technology & Telecom
client_00016,PMI US CORPORATE SERVICES INC. (FKA PMI GLOBAL SERVICES INC.),client,Other / Multi-sector
client_00017,AFLAC INCORPORATED,client,Other / Multi-sector
client_00018,GENERAL ELECTRIC COMPANY (INCLUDING SUBSIDIARIES),client,Energy & Environment
client_00019,GSK (FKA GLAXOSMITHKLINE INC.),client,Other / Multi-sector
client_00020,NATIONAL ASSOCIATION OF CHILDREN'S HOSPITALS (N.A.C.H.),client,Healthcare & Pharma
client_00021,PHILLIPS 66,client,Other / Multi-sector
client_00022,"DISTILLED SPIRITS COUNCIL OF THE U.S., INC.",client,Other / Multi-sector
client_00023,UNION PACIFIC CORPORATION,client,Other / Multi-sector
client_00024,CORTEVA AGRISCIENCE LLC (FKA E I DU PONT DE NEMOURS AND COMPANY),client,Other / Multi-sector
client_00025,"HORIZON THERAPEUTICS USA, INC. (FKA HORIZON PHARMA USA, INC.)",client,Healthcare & Pharma
client_00026,LYONDELL CHEMICAL COMPANY,client,Other / Multi-sector
client_00027,KAISER FOUNDATION HEALTH PLAN INC,client,Healthcare & Pharma
client_00028,DISNEY WORLDWIDE SERVICES INC,client,Other / Multi-sector
client_00029,EXELON BUSINESS SERVICES LLC,client,Other / Multi-sector
client_00030,"ADVANCED MICRO DEVICES, INC.",client,Other / Multi-sector
client_00031,NATIONWIDE MUTUAL INSURANCE COMPANY,client,Other / Multi-sector
client_00032,CONSUMER BRANDS ASSOCIATION (PKA: GROCERY MANUFACTURERS ASSOCIATION),client,Agriculture & Food
client_00033,"H&R BLOCK MANAGEMENT, LLC, A SUBSIDIARY OF H&R BLOCK, INC.",client,Other / Multi-sector
client_00034,HEWLETT PACKARD ENTERPRISE COMPANY & AFFILIATES,client,Other / Multi-sector
client_00035,ELECTRONIC PAYMENTS COALITION INC.,client,Energy & Environment
client_00036,MILITARY OFFICERS ASSOCIATION OF AMERICA,client,Defense & Aerospace
client_00037,AFL-CIO,client,Other / Multi-sector
client_00038,ADVANCED MEDICAL TECHNOLOGY ASSN,client,Healthcare & Pharma
client_00040,GOLDMAN SACHS GROUP INC,client,Finance & Banking
client_00041,"LUMEN TECHNOLOGIES, INC.",client,Other / Multi-sector
client_00042,MOTION PICTURE ASSOCIATION INC,client,Government & Nonprofit
client_00043,SEMPRA,client,Other / Multi-sector
client_00044,"SALESFORCE, INC.",client,Other / Multi-sector
client_00045,ARCHER DANIELS MIDLAND COMPANY,client,Other / Multi-sector
client_00046,AMERICAN FED OF GOVERNMENT EMPLOYEES AFL-CIO,client,Other / Multi-sector
client_00047,GILA RIVER INDIAN COMMUNITY,client,Other / Multi-sector
client_00048,ASSOCIATED BUILDERS AND CONTRACTORS INC,client,Real Estate & Construction
client_00049,MARATHON PETROLEUM COMPANY LP,client,Energy & Environment
client_00050,AMERICAN TOWER CORPORATION,client,Other / Multi-sector
client_00051,WALGREEN COMPANY,client,Other / Multi-sector
client_00052,"THE TRAVELERS COS., INC. AND SUBSIDIARIES",client,Other / Multi-sector
client_00053,AMERICAN CLINICAL LABORATORY ASSN,client,Other / Multi-sector
client_00054,INTERNATIONAL ASSOCIATION OF MACHINISTS AND AEROSPACE WORKERS,client,Defense & Aerospace
client_00055,AMERICAN CRYSTAL SUGAR COMPANY,client,Other / Multi-sector
client_00056,"HCA HEALTHCARE, INC.",client,Healthcare & Pharma
client_00057,MCKESSON CORPORATION & AFFILIATES U.S. ONCOLOGY AND RX SAVINGS SOLUTIONS,client,Other / Multi-sector
client_00058,PWC US GROUP LLP (FKA PRICEWATERHOUSECOOPERS),client,Legal & Lobbying
client_00059,HR POLICY ASSOCIATION,client,Government & Nonprofit
client_00060,CHUBB INA HOLDINGS INC.,client,Other / Multi-sector
client_00061,U.S. BEET SUGAR ASSOCIATION,client,Government & Nonprofit
client_00062,SELECT MEDICAL HOLDINGS CORPORATION,client,Healthcare & Pharma
client_00063,AMERICAN FEDERATION OF STATE COUNTY AND MUNICIPAL EMPLOYEES,client,Other / Multi-sector
client_00064,HOME DEPOT,client,Other / Multi-sector
client_00065,CHENIERE ENERGY INC.,client,Energy & Environment
client_00066,AMERICAN INVESTMENT COUNCIL F/K/A PEGCC,client,Finance & Banking
client_00067,"UNILEVER UNITED STATES, INC.",client,Other / Multi-sector
client_00068,TRUIST FINANCIAL CORPORATION (FORMERLY KNOWN AS BB&T),client,Finance & Banking
client_00069,UNIVERSAL MUSIC GROUP,client,Other / Multi-sector
client_00070,"SB GROUP US, INC. DBA SOFTBANK GROUP US, INC.",client,Finance & Banking
client_00071,AMERICAN FARM BUREAU FED,client,Agriculture & Food
client_00073,GUN OWNERS OF AMERICA INC,client,Other / Multi-sector
client_00074,VANGUARD GROUP,client,Other / Multi-sector
client_00075,AEROSPACE INDUSTRIES ASSOCIATION OF AMERICA INC,client,Defense & Aerospace
client_00076,UNITED STATES TELECOM ASSN,client,Technology & Telecom
client_00077,"ALLIANCE OF COMMUNITY HEALTH PLANS, INC.",client,Healthcare & Pharma
client_00078,JETBLUE AIRWAYS CORPORATION,client,Technology & Telecom
client_00079,ZURICH AMERICAN INSURANCE COMPANY (FKA ZURICH),client,Other / Multi-sector
client_00080,GROWTH ENERGY INC,client,Energy & Environment
client_00081,AZOA SERVICES CORP(ALLIANZ OF AMERICA) AND AFFILIATES,client,Other / Multi-sector
client_00082,"ADVOCATE AURORA HEALTH, INC.",client,Healthcare & Pharma
client_00083,FIRSTENERGY CORP,client,Energy & Environment
client_00084,GUARDIAN LIFE INSURANCE COMPANY OF AMERICA,client,Other / Multi-sector
client_00085,REINSURANCE ASSN OF AMERICA,client,Other / Multi-sector
client_00086,UNITED LAUNCH ALLIANCE LLC,client,Other / Multi-sector
client_00087,HARTFORD INSURANCE GROUP (FKA HARTFORD FINANCIAL SERVICES GROUP),client,Finance & Banking
client_00088,"EDWARD D. JONES & CO., L.P.",client,Other / Multi-sector
client_00089,STATE FARM MUTUAL AUTOMOBILE INSURANCE COMPANY,client,Agriculture & Food
client_00090,AMERICAN COLLEGE OF CARDIOLOGY,client,Education & Research
client_00091,DISCOVER FINANCIAL SERVICES,client,Finance & Banking
client_00092,PRIMERICA LIFE INSURANCE COMPANY,client,Other / Multi-sector
client_00093,"INTERDIGITAL, INC.",client,Technology & Telecom
client_00094,COGNIZANT TECHNOLOGY SOLUTIONS U.S. CORPORATION,client,Technology & Telecom
client_00095,XCEL ENERGY INC,client,Energy & Environment
client_00096,SOFTWARE & INFORMATION INDUSTRY ASSOCIATION,client,Technology & Telecom
client_00097,NATIONAL COMMUNITY PHARMACISTS ASSOCIATION,client,Healthcare & Pharma
client_00098,"RBC CAPITAL MARKETS, LLC",client,Finance & Banking
client_00099,AIRCRAFT OWNERS & PILOTS ASSOCIATION,client,Technology & Telecom
client_00100,CAMBIA HEALTH SOLUTIONS,client,Healthcare & Pharma
client_00101,"THE CAPITAL GROUP COMPANIES, INC. AND ITS AFFILIATES",client,Finance & Banking
client_00102,AMERICAN ASSOCIATION OF ORTHOPAEDIC SURGEONS,client,Government & Nonprofit
client_00103,ALCOA CORP,client,Other / Multi-sector
client_00104,HSBC TECHNOLOGY AND SERVICES USA INC.,client,Technology & Telecom
client_00105,"SMITH & NEPHEW, INC.",client,Other / Multi-sector
client_00106,UNIVERSITY OF CALIFORNIA,client,Education & Research
client_00107,"ASSOCIATION OF NATIONAL ADVERTISERS, INC.",client,Government & Nonprofit
client_00108,TAIWAN SEMICONDUCTOR MANUFACTURING COMPANY (TSMC),client,Technology & Telecom
client_00109,STANLEY BLACK & DECKER,client,Other / Multi-sector
client_00110,CARRIER GLOBAL CORPORATION,client,Other / Multi-sector
client_00111,ENBRIDGE (U.S.) INC,client,Other / Multi-sector
client_00112,CALIFORNIA STATE UNIVERSITY,client,Education & Research
client_00113,S&P GLOBAL INC. (F/K/A MCGRAW HILL FINANCIAL INC.),client,Finance & Banking
client_00114,APOLLO GLOBAL MANAGEMENT,client,Other / Multi-sector
client_00115,VOLVO CAR CORPORATION,client,Other / Multi-sector
client_00116,DEERE & COMPANY,client,Other / Multi-sector
client_00117,ATHENE HOLDING,client,Other / Multi-sector
client_00118,HEALTHCARE DISTRIBUTION ALLIANCE (FORMERLY - HDMA),client,Healthcare & Pharma
client_00119,STATE STREET BANK AND TRUST COMPANY AND ITS AFFILIATES,client,Finance & Banking
client_00120,ASCENSION HEALTH ALLIANCE D/B/A ASCENSION,client,Healthcare & Pharma
client_00121,AMERICAN FEDERATION OF TEACHERS,client,Other / Multi-sector
client_00122,ELECTRONIC TRANSACTIONS ASSOCIATION,client,Government & Nonprofit
client_00123,TE CONNECTIVITY CORPORATION,client,Other / Multi-sector
client_00124,"DUPONT DE NEMOURS, INC.",client,Other / Multi-sector
client_00125,COUNCIL OF FHLBANKS,client,Finance & Banking
client_00126,MEDICAL GROUP MANAGEMENT ASSN,client,Healthcare & Pharma
client_00127,BASF CORPORATION,client,Other / Multi-sector
client_00128,PERNOD RICARD,client,Other / Multi-sector
client_00129,MERCEDES-BENZ USA (FKA DAIMLER/MERCEDES-BENZ USA,client,Technology & Telecom
client_00130,INT'L ASS'N OF SHEET METAL AIR RAIL & TRANSP WORKERS TRANSP DIV,client,Technology & Telecom
client_00131,THE FERTILIZER INSTITUTE,client,Education & Research
client_00132,"JAZZ PHARMACEUTICALS, INC.",client,Healthcare & Pharma
client_00133,TECHNOLOGY NETWORK AKA TECHNET,client,Technology & Telecom
client_00134,TAX REFORM COALITION,client,Energy & Environment
client_00135,U.S. BANCORP (FORMERLY FILED AS U.S. BANK),client,Finance & Banking
client_00136,"SUNTORY GLOBAL SPIRITS, INC. (FORMERLY BEAM SUNTORY INC.)",client,Other / Multi-sector
client_00137,INDUSTRIAL ENERGY CONSUMERS OF AMERICA,client,Energy & Environment
client_00138,"SWISHER INTERNATIONAL, INC., F/K/A SI GROUP CLIENT SERVICES",client,Other / Multi-sector
client_00139,CASE NEW HOLLAND INDUSTRIAL INC,client,Other / Multi-sector
client_00140,ENCOMPASS HEALTH CORPORATION (FKA HEALTHSOUTH CORPORATION),client,Healthcare & Pharma
client_00141,LYFT,client,Other / Multi-sector
client_00142,LINCOLN NATIONAL CORPORATION,client,Other / Multi-sector
client_00143,SONY MUSIC ENTERTAINMENT (FORMERLY KNOWN AS SONY BMG MUSIC ENTERTAINMENT),client,Technology & Telecom
client_00144,INTERCONTINENTAL EXCHANGE GROUP INC (FORMERLY INTERCONTINENTAL EXCHANGE),client,Other / Multi-sector
client_00145,AMERICAN PSYCHOLOGICAL ASSOCIATION SERVICES INC.(FKA AMERICAN PSYCHOLOGICAL ASSN,client,Government & Nonprofit
client_00146,EXELIXIS INC.,client,Other / Multi-sector
client_00147,POLARIS INDUSTRIES,client,Other / Multi-sector
client_00148,TENCENT HOLDINGS LIMITED,client,Other / Multi-sector
client_00149,"TD BANK, NA",client,Finance & Banking
client_00151,VANTOR PARENT INC,client,Other / Multi-sector
client_00152,ECOLAB INC,client,Other / Multi-sector
client_00153,SYNCHRONY FINANCIAL,client,Finance & Banking
client_00154,AUTO CARE ASSOCIATION,client,Transportation & Auto
client_00155,CSL BEHRING LLC,client,Other / Multi-sector
client_00156,TRANSPORTATION TRADES DEPARTMENT AFL-CIO,client,Transportation & Auto
client_00157,NATIONAL ASSOCIATION FOR GUN RIGHTS,client,Government & Nonprofit
client_00158,W. R. BERKLEY CORPORATION,client,Other / Multi-sector
client_00159,UNITED STEEL PAPER & FORESTRY RUBBER MANUFACTURING ENERGY,client,Energy & Environment
client_00160,THE INTERNET ASSOCIATION,client,Government & Nonprofit
client_00161,"CITIZENS FOR RESPONSIBLE ENERGY SOLUTIONS, INC.",client,Energy & Environment
client_00162,"MATCH GROUP, INC.",client,Other / Multi-sector
client_00163,VISTRA CORPORATE SERVICES COMPANY (FKA VISTRA CORP.),client,Other / Multi-sector
client_00165,"AKEBIA THERAPEUTICS, INC.",client,Other / Multi-sector
client_00166,LPL FINANCIAL,client,Finance & Banking
client_00168,PARTNERSHIP FOR QUALITY HOME HEALTHCARE,client,Healthcare & Pharma
client_00169,OWNER-OPERATOR INDEPENDENT DRIVERS ASSOCIATION,client,Government & Nonprofit
client_00170,"WORKDAY, INC.",client,Other / Multi-sector
client_00171,"SIEMENS MEDICAL SOLUTIONS USA, INC",client,Healthcare & Pharma
client_00172,BIOMARIN PHARMACEUTICAL INC.,client,Healthcare & Pharma
client_00173,FOOD MARKETPLACE INC,client,Agriculture & Food
client_00174,WAYMO LLC,client,Other / Multi-sector
client_00175,CBS CORPORATION,client,Other / Multi-sector
client_00176,PITNEY BOWES INC.,client,Other / Multi-sector
client_00177,KRAFT HEINZ COMPANY,client,Other / Multi-sector
client_00178,"AMERICAN COLLEGE OF PHYSICIAN SERVICES, INC.",client,Education & Research
client_00179,TEXAS FARM BUREAU,client,Agriculture & Food
client_00180,AMERICAN MARITIME PARTNERSHIP,client,Other / Multi-sector
client_00181,JOHN HANCOCK LIFE INSURANCE COMPANY (U.S.A),client,Other / Multi-sector
client_00182,"ARDELYX, INC.",client,Other / Multi-sector
client_00183,COMMERCIAL REAL ESTATE FINANCE COUNCIL,client,Real Estate & Construction
client_00184,AIR LIQUIDE USA LLC,client,Technology & Telecom
client_00186,"BETTER MEDICARE ALLIANCE, INC.",client,Other / Multi-sector
client_00187,PHARMACEUTICAL RESEARCH & MANUFACTURERS OF AMERICA INC,client,Healthcare & Pharma
client_00188,NAIOP,client,Technology & Telecom
client_00189,"1-800 CONTACTS, INC.",client,Other / Multi-sector
client_00190,NATIONAL COTTON COUNCIL,client,Other / Multi-sector
client_00191,SPOTIFY USA INC.,client,Other / Multi-sector
client_00192,AMERICAN PHYSICAL SOCIETY,client,Other / Multi-sector
client_00193,HUMANE WORLD ACTION FUND,client,Other / Multi-sector
client_00194,AMERICANS FOR PROSPERITY,client,Other / Multi-sector
client_00195,SMITHS GROUP SERVICES CORPORATION,client,Other / Multi-sector
client_00196,CROWN CASTLE AND ITS AFFILIATES,client,Other / Multi-sector
client_00197,COVESTRO LLC,client,Other / Multi-sector
client_00198,ONE ACTION,client,Other / Multi-sector
client_00199,ARCELORMITTAL NORTH AMERICA HOLDINGS LLC,client,Other / Multi-sector
client_00200,APOTEX CORP.,client,Other / Multi-sector
client_00201,ROLLS-ROYCE NORTH AMERICA AND ITS AFFILIATES,client,Other / Multi-sector
client_00202,AMERICAN COLLEGE OF OBSTETRICIANS AND GYNECOLOGISTS,client,Education & Research
client_00203,SAAB INC (FKA SAAB DEFENSE AND SECURITY USA LLC),client,Defense & Aerospace
client_00204,HIGHMARK INC,client,Other / Multi-sector
client_00205,SUSAN B ANTHONY LIST,client,Other / Multi-sector
client_00206,GENERAL MILLS SERVICES INC. (FKA GENERAL MILLS),client,Other / Multi-sector
client_00207,AON CORPORATION,client,Other / Multi-sector
client_00208,AMERICAN SOCIETY OF PENSION PROFESSIONALS & ACTUARIES,client,Other / Multi-sector
client_00209,"NATIONAL ELECTRICAL CONTRACTORS ASSOCIATION, INC.",client,Energy & Environment
client_00210,AMERICAN RESORT DEVELOPMENT ASSN,client,Other / Multi-sector
client_00211,SONY PICTURES ENTERTAINMENT INC.,client,Technology & Telecom
client_00212,NATIONAL ASSOCIATION OF BENEFITS AND INSURANCE PROFESSIONALS,client,Government & Nonprofit
client_00213,NATIONAL TREASURY EMPLOYEES UNION,client,Other / Multi-sector
client_00214,IRON MOUNTAIN INCORPORATED,client,Technology & Telecom
client_00215,"SIERRA NEVADA COMPANY, LLC",client,Other / Multi-sector
client_00216,"AMERIPRISE FINANCIAL, INC.",client,Finance & Banking
client_00217,"EQUINIX, INC.",client,Other / Multi-sector
client_00218,ST SHARED SERVICES LLC DBA KEENOVA THERAPEUTICS (FKA ST SHARED SERVICES LLC DBA,client,Other / Multi-sector
client_00219,SENIOR CARE PHARMACY COALITION,client,Healthcare & Pharma
client_00220,AMERICAN ACADEMY OF PEDIATRICS,client,Other / Multi-sector
client_00221,ASSOCIATION OF HOME APPLIANCE MANUFACTURERS,client,Government & Nonprofit
client_00222,GAP INC.,client,Other / Multi-sector
client_00223,REWORLD WASTE LLC,client,Other / Multi-sector
client_00224,KROGER CO,client,Other / Multi-sector
client_00225,GLOBAL ELECTRONICS ASSOCIATION (FKA IPC INTERNATIONAL),client,Government & Nonprofit
client_00226,KIA CORPORATION (FORMERLY KNOWN AS KIA MOTORS CORPORATION),client,Other / Multi-sector
client_00227,GRIFOLS SHARED SERVICES NORTH AMERICA INC,client,Other / Multi-sector
client_00228,INTERNATIONAL FRESH PRODUCE ASSOCIATION (FKA UNITED FRESH PRODUCE ASSOCIATION),client,Government & Nonprofit
client_00229,DAIRY FARMERS OF AMERICA INC,client,Technology & Telecom
client_00230,AMERICAN ACADEMY OF OTOLARYNGOLOGY-HEAD AND NECK SURGERY,client,Other / Multi-sector
client_00231,INDEPENDENT INSURANCE AGENTS & BROKERS OF AMERICA,client,Other / Multi-sector
client_00232,BRIDGESTONE AMERICAS INC,client,Other / Multi-sector
client_00233,COUNCIL FOR CITIZENS AGAINST GOVERNMENT WASTE,client,Technology & Telecom
client_00234,BROTHERHOOD OF LOCOMOTIVE ENGINEERS AND TRAINMEN,client,Technology & Telecom
client_00235,COBANK ACB,client,Finance & Banking
client_00236,"ROBINHOOD MARKETS, INC.",client,Other / Multi-sector
client_00237,"CHS, INC",client,Other / Multi-sector
client_00238,NATURAL RESOURCES DEFENSE COUNCIL,client,Defense & Aerospace
client_00239,NATIONAL ALLIANCE FOR CARE AT HOME (FORMERLY NATL ASSN FOR HOME CARE & HOSPICE),client,Other / Multi-sector
client_00240,ASSOCIATED GENERAL CONTRACTORS OF AMERICA,client,Other / Multi-sector
client_00241,NATIONAL RIGHT TO WORK COMMITTEE,client,Other / Multi-sector
client_00242,BUILDING AND CONSTRUCTION TRADES DEPT AFL-CIO,client,Real Estate & Construction
client_00243,SECURE IDENTITY LLC (D-B-A CLEAR),client,Other / Multi-sector
client_00245,"FREEDOMWORKS, INC.",client,Other / Multi-sector
client_00246,ALLIED PILOTS ASSOCIATION,client,Government & Nonprofit
client_00247,"SUMITOMO PHARMA AMERICA, INC. (FORMERLY SUNOVION PHARMACEUTICALS INC.)",client,Healthcare & Pharma
client_00248,ELANCO ANIMAL HEALTH INCORPORATED,client,Healthcare & Pharma
client_00249,BLUE CROSS AND BLUE SHIELD OF FLORIDA INC,client,Other / Multi-sector
client_00250,"PARTNERSHIP TO ADDRESS GLOBAL EMISSIONS, INC.",client,Other / Multi-sector
client_00251,"ZILLOW GROUP, INC.",client,Other / Multi-sector
client_00252,KELLANOVA,client,Other / Multi-sector
client_00253,"AMERICAN CABLE ASSOCIATION, INC. DBA ACACONNECTS",client,Government & Nonprofit
client_00254,"TELEVISAUNIVISION, INC. (FKA UNIVISION COMMUNICATIONS INC.)",client,Other / Multi-sector
client_00255,ACADIA PHARMACEUTICALS,client,Healthcare & Pharma
client_00256,BLUECROSS BLUESHIELD OF TENNESSEE,client,Other / Multi-sector
client_00257,NIPPON STEEL CORPORATION,client,Other / Multi-sector
client_00258,NATIONAL FUEL GAS COMPANY,client,Energy & Environment
client_00259,MAYO CLINIC,client,Other / Multi-sector
client_00260,CERBERUS CAPITAL MANAGEMENT,client,Finance & Banking
client_00261,AIR EVAC LIFETEAM,client,Technology & Telecom
client_00262,TENABLE INC,client,Other / Multi-sector
client_00263,"NATIONAL COUNCIL OF STATE BOARDS OF NURSING, INC.",client,Other / Multi-sector
client_00264,CAESARS ENTERPRISE SERVICES LLC,client,Other / Multi-sector
client_00265,ARKEMA INC. AND ITS AFFILIATES (FKA ARKEMA INC.),client,Other / Multi-sector
client_00266,JEWISH FEDERATIONS OF NORTH AMERICA,client,Other / Multi-sector
client_00267,CLEVELAND-CLIFFS INC,client,Other / Multi-sector
client_00268,NATIONAL ASSOCIATION OF GOVERNMENT GUARANTEED LENDERS INC,client,Government & Nonprofit
client_00269,A16Z CAPITAL MANAGEMENT LLC (F/K/A AH CAPITAL MANAGEMENT L.L.C.),client,Finance & Banking
client_00270,ALLIANCE FOR BIOPHARMACEUTICAL COMPETITIVENESS AND INNOVATION,client,Healthcare & Pharma
client_00271,YALE UNIVERSITY,client,Education & Research
client_00272,"TRACFONE WIRELESS, INC.",client,Other / Multi-sector
client_00273,BLOOD CANCER UNITED (FKA THE LEUKEMIA & LYMPHOMA SOCIETY),client,Other / Multi-sector
client_00274,AMERICAN MEDICAL REHABILITATION PROVIDERS ASSOCIATION,client,Healthcare & Pharma
client_00275,INCYTE CORPORATION,client,Other / Multi-sector
client_00276,BAYCARE HEALTH SYSTEM,client,Healthcare & Pharma
client_00277,GENESEE & WYOMING INC,client,Other / Multi-sector
client_00278,INDEPENDENT PETROLEUM ASSOCIATION OF AMERICA,client,Energy & Environment
client_00279,LARGE PUBLIC POWER COUNCIL,client,Energy & Environment
client_00280,CREDIT SUISSE SECURITIES (USA),client,Finance & Banking
client_00281,PANASONIC CORPORATION OF NORTH AMERICA (PNA),client,Other / Multi-sector
client_00282,UNIDOSUS (FKA NATIONAL COUNCIL OF LA RAZA),client,Other / Multi-sector
client_00283,PEABODY INVESTMENTS CORP,client,Finance & Banking
client_00284,W.L. GORE & ASSOCIATES,client,Other / Multi-sector
client_00285,"AMERICANS FOR CARBON DIVIDENDS, INC",client,Energy & Environment
client_00286,ADTALEM GLOBAL EDUCATION,client,Education & Research
client_00287,CF INDUSTRIES INC,client,Other / Multi-sector
client_00288,"OMNITRAX, INC.",client,Other / Multi-sector
client_00289,BREAKTHROUGH T1D (FORMERLY KNOWN AS JDRF INTL.),client,Other / Multi-sector
client_00290,AGRICULTURAL RETAILERS ASSOCIATION,client,Technology & Telecom
client_00291,AMERICAN APPAREL & FOOTWEAR ASSOCIATION,client,Government & Nonprofit
client_00292,"FEDERATED HERMES, INC.(FORMERLY KNOWN AS FEDERATED INVESTORS, INC.)",client,Other / Multi-sector
client_00293,ALBEMARLE CORPORATION,client,Other / Multi-sector
client_00294,COMMUNITY FOUNDATION AWARENESS INITIATIVE (INFORMAL COALITION),client,Energy & Environment
client_00295,"DANONE NORTH AMERICA, PBC",client,Other / Multi-sector
client_00296,UNITED FOOD & COMMERCIAL WORKERS INTERNATIONAL UNION,client,Agriculture & Food
client_00297,"JACOBS SOLUTIONS, INC.",client,Other / Multi-sector
client_00298,"SAREPTA THERAPEUTICS, INC.",client,Other / Multi-sector
client_00299,NEMOURS FOUNDATION - A FLORIDA NOT-FOR-PROFIT CORPORATION,client,Education & Research
client_00300,BMO BANK N.A. (FKA BMO HARRIS BANK N.A.),client,Finance & Banking
client_00301,SOUTHERN MINNESOTA BEET SUGAR COOP,client,Other / Multi-sector
client_00302,SHIELD AI,client,Technology & Telecom
client_00303,CATHOLIC HEALTH ASSOCIATION OF THE UNITED STATES,client,Healthcare & Pharma
client_00304,ZTE CORPORATION (FORMERLY ZTE USA INC),client,Other / Multi-sector
client_00305,CARNIVAL CORPORATION (FKA CARNIVAL NORTH AMERICA LLC),client,Other / Multi-sector
client_00306,ZOETIS INC.,client,Other / Multi-sector
client_00307,WEC ENERGY GROUP,client,Energy & Environment
client_00308,"SPARK THERAPEUTICS, INC.",client,Other / Multi-sector
client_00309,"FORIS DAX, INC & ITS AFFILIATED ENTITIES D/B/A CRYPTO.COM",client,Other / Multi-sector
client_00310,"L3 TECHNOLOGIES, INC.",client,Other / Multi-sector
client_00311,"MEDLINE, FORMERLY REPORTED AS MEDLINE INDUSTRIES, LP",client,Transportation & Auto
client_00312,"THE AMERICAN OCCUPATIONAL THERAPY ASSOCIATION, INC. (AOTA)",client,Government & Nonprofit
client_00313,GUARDANT HEALTH,client,Healthcare & Pharma
client_00314,BOOKING HOLDINGS INC.,client,Other / Multi-sector
client_00315,CITIZENS FINANCIAL GROUP INC,client,Finance & Banking
client_00316,BLUE CROSS BLUE SHIELD OF MICHIGAN,client,Other / Multi-sector
client_00317,AMRIZE NORTH AMERICA INC.,client,Other / Multi-sector
client_00318,"DROPBOX, INC.",client,Other / Multi-sector
client_00319,EARTHJUSTICE,client,Other / Multi-sector
client_00320,MOTOR & EQUIPMENT MANUFACTURERS ASSOCIATION,client,Government & Nonprofit
client_00321,UNIVERSITY OF PITTSBURGH,client,Education & Research
client_00322,NORTHWESTERN UNIV,client,Other / Multi-sector
client_00323,NATIONAL ASSN FOR BEHAVIORAL HEALTHCARE,client,Healthcare & Pharma
client_00324,MACANDREWS SOUTH CORPORATION,client,Other / Multi-sector
client_00325,THE UNIVERSITY OF FLORIDA BOARD OF TRUSTEES,client,Education & Research
client_00326,"BUNGE NORTH AMERICA, INC",client,Other / Multi-sector
client_00327,UNITED ASSN OF JOURNEYMEN & APPRENTICES OF THE PLUMBING & PIPEFITTING INDUSTRY,client,Other / Multi-sector
client_00328,THE AMERICAN WATERWAYS OPERATORS,client,Other / Multi-sector
client_00329,SPLC ACTION FUND,client,Other / Multi-sector
client_00330,HERSHEY COMPANY,client,Other / Multi-sector
client_00331,UNIVERSITY OF COLORADO,client,Education & Research
client_00332,KLA CORPORATION,client,Other / Multi-sector
client_00333,PARKER MEGGITT,client,Other / Multi-sector
client_00334,NEW CALIFORNIA REPUBLIC CO.,client,Other / Multi-sector
client_00335,U.S. GLOBAL LEADERSHIP CAMPAIGN,client,Technology & Telecom
client_00336,COMPETITIVE CARRIERS ASSOCIATION,client,Government & Nonprofit
client_00337,NEW YORK AND PRESBYTERIAN HOSPITAL,client,Healthcare & Pharma
client_00338,ARES CAPITAL CORPORATION,client,Finance & Banking
client_00339,AMERICAN SOYBEAN ASSOCIATION,client,Agriculture & Food
client_00340,TRI-STATE GENERATION AND TRANSMISSION ASSOCIATION INC,client,Government & Nonprofit
client_00341,RECORDING ACADEMY,client,Other / Multi-sector
client_00342,ATRIUM HEALTH - FORMERLY KNOWN AS CAROLINAS HEALTHCARE SYSTEM,client,Healthcare & Pharma
client_00343,J STREET,client,Other / Multi-sector
client_00344,CENTRUS ENERGY CORP,client,Energy & Environment
client_00345,BAUSCH HEALTH COMPANIES,client,Healthcare & Pharma
client_00346,"CONTINENTAL AUTOMOTIVE SYSTEMS, INC.",client,Transportation & Auto
client_00347,HEALTHCARE ASSOCIATION OF NYS,client,Healthcare & Pharma
client_00348,"ITG BRANDS, LLC (FORMERLY FONTEM US, INC.)",client,Other / Multi-sector
client_00349,HORMEL FOODS CORPORATION,client,Agriculture & Food
client_00350,OCHSNER CLINIC FOUNDATION,client,Education & Research
client_00351,GOTION INC.,client,Other / Multi-sector
client_00352,"HAWAIIAN AIRLINES, INC.",client,Technology & Telecom
client_00353,GOVERNMENT OF U.S. VIRGIN ISLANDS,client,Other / Multi-sector
client_00354,HARVARD UNIVERSITY--PRESIDENT AND FELLOWS OF HARVARD COLLEGE,client,Education & Research
client_00355,HUMAN RIGHTS FIRST,client,Other / Multi-sector
client_00356,LAKEVIEW CAPITAL HOLDINGS INC ON BEHALF OF MR JAY ALIX,client,Finance & Banking
client_00357,AMERICAN LEGION,client,Other / Multi-sector
client_00358,VETERANS GUARDIAN VA CLAIM CONSULTING LLC,client,Technology & Telecom
client_00359,"EXPANSION FUNDING PARTNERS, LLC",client,Other / Multi-sector
client_00360,NATIONAL PUBLIC FINANCE GUARANTEE CORPORATION,client,Other / Multi-sector
client_00361,NORTHERN CALIFORNIA POWER AGENCY,client,Energy & Environment
client_00362,FISERV (FKA FIRST DATA CORPORATION),client,Technology & Telecom
client_00363,INTELSAT US LLC,client,Other / Multi-sector
client_00364,U.S. FUND FOR UNICEF,client,Other / Multi-sector
client_00365,"RAFAEL USA, INC.",client,Other / Multi-sector
client_00366,OUTDOOR ADVERTISING ASSOCIATION OF AMERICA INC,client,Government & Nonprofit
client_00367,LIFEPOINT HEALTH,client,Healthcare & Pharma
client_00368,DUKE UNIVERSITY,client,Education & Research
client_00369,LIBERTY MARITIME CORPORATION,client,Other / Multi-sector
client_00370,"PUBLIX SUPER MARKETS, INC.",client,Other / Multi-sector
client_00371,KYNDRYL INC,client,Other / Multi-sector
client_00372,INFECTIOUS DISEASES SOCIETY OF AMERICA,client,Other / Multi-sector
client_00373,DISABLED AMERICAN VETERANS,client,Other / Multi-sector
client_00374,REPUBLIC OF INDIA,client,Other / Multi-sector
client_00375,"MAERSK AGENCY U.S.A., INC.",client,Government & Nonprofit
client_00376,NATIONAL STONE SAND AND GRAVEL ASSOCIATION,client,Government & Nonprofit
client_00377,NATIONAL HOSPICE AND PALLIATIVE CARE ORGANIZATION,client,Other / Multi-sector
client_00378,"ZIMMER BIOMET, INC.",client,Other / Multi-sector
client_00379,CORNELL UNIVERSITY,client,Agriculture & Food
client_00380,HAWKEYE 360 INC.,client,Other / Multi-sector
client_00381,NISSAN NORTH AMERICA,client,Other / Multi-sector
client_00382,"PAYWARD INTERACTIVE, INC. D/B/A KRAKEN",client,Other / Multi-sector
client_00383,ARCONIC CORPORATION,client,Other / Multi-sector
client_00384,MARINE ENGINEERS' BENEFICIAL ASSOCIATION,client,Government & Nonprofit
client_00385,THE CHILDREN'S HOSPITAL OF PHILADELPHIA,client,Healthcare & Pharma
client_00386,ILLINOIS HEALTH & HOSPITAL ASSOCIATION (FORMERLY ILLINOIS HOSPITAL ASSOCIATION),client,Healthcare & Pharma
client_00387,MAPLEBEAR INC. D/B/A INSTACART,client,Other / Multi-sector
client_00388,TECHNOLOGY CEO COUNCIL,client,Technology & Telecom
client_00389,EMERSON,client,Other / Multi-sector
client_00390,SYENSQO USA LLC,client,Other / Multi-sector
client_00391,"REINSURANCE GROUP OF AMERICA, INCORPORATED",client,Other / Multi-sector
client_00393,SAGE THERAPEUTICS,client,Other / Multi-sector
client_00394,ADVOCATES FOR HIGHWAY AND AUTO SAFETY,client,Transportation & Auto
client_00395,ASSOCIATION FOR CLINICAL ONCOLOGY,client,Government & Nonprofit
client_00396,PLASMA PROTEIN THERAPEUTICS ASSOCIATION,client,Government & Nonprofit
client_00397,OATH INC AND VARIOUS SUBSIDIARIES,client,Other / Multi-sector
client_00398,UNITED NEGRO COLLEGE FUND INC,client,Education & Research
client_00399,"PEDIATRIX MEDICAL GROUP, INC.",client,Healthcare & Pharma
client_00400,WACKER POLYSILICON NORTH AMERICA LLC,client,Other / Multi-sector
client_00401,ASSOCIATION OF PUBLIC AND LAND-GRANT UNIVERSITIES (APLU) FORMERLY NASULGC,client,Government & Nonprofit
client_00402,TRUSTEES OF THE UNIVERSITY OF PENNSYLVANIA,client,Education & Research
client_00403,FIRST QUANTUM MINERALS LTD.,client,Other / Multi-sector
client_00404,COALITION FOR A PROSPEROUS AMERICA,client,Energy & Environment
client_00405,NATIONAL COLLEGIATE ATHLETIC ASSOCIATION,client,Government & Nonprofit
client_00406,TELEDYNE FLIR LLC,client,Other / Multi-sector
client_00407,"TECO HOLDINGS INC., FORMERLY KNOWN AS ENERGY, INC.",client,Energy & Environment
client_00408,WARNERMEDIA GROUP (FORMERLY KNOWN AS TIME WARNER),client,Other / Multi-sector
client_00409,INTERNATIONAL UNION OF OPERATING ENGINEERS,client,Other / Multi-sector
client_00410,"BREAKTHROUGH ENERGY, LLC",client,Energy & Environment
client_00411,EMBASSY OF THE KINGDOM OF BAHRAIN TO THE UNITED STATES,client,Technology & Telecom
client_00412,TATA AMERICA INTERNATIONAL CORPORATION,client,Other / Multi-sector
client_00413,ENERGY FORWARD,client,Energy & Environment
client_00414,"CHRYSALIS HOLDINGS, INC. (D.B.A. NEWDAY)",client,Other / Multi-sector
client_00415,SHIPBUILDERS COUNCIL OF AMERICA,client,Real Estate & Construction
client_00416,AMERICAN SUGARBEET GROWERS ASSOCIATION,client,Government & Nonprofit
client_00417,THE IMMIGRATION HUB LLC,client,Other / Multi-sector
client_00418,"WORLD WILDLIFE FUND, INC.",client,Other / Multi-sector
client_00419,PACCAR INC,client,Other / Multi-sector
client_00420,HOUSING POLICY COUNCIL,client,Real Estate & Construction
client_00421,DOCTORS HOSPITAL AT RENAISSANCE,client,Healthcare & Pharma
client_00422,THE SOCIETY OF THORACIC SURGEONS,client,Other / Multi-sector
client_00423,NATIONAL WATER RESOURCES ASSOCIATION,client,Government & Nonprofit
client_00424,UBS AMERICAS INC,client,Other / Multi-sector
client_00425,ALLIANCE FOR CONNECTED CARE,client,Other / Multi-sector
client_00426,IDACORP INC,client,Other / Multi-sector
client_00427,CITY AND COUNTY OF SAN FRANCISCO,client,Other / Multi-sector
client_00428,KEURIG DR PEPPER INC.,client,Other / Multi-sector
client_00429,TENET HEALTHCARE,client,Healthcare & Pharma
client_00430,GIFFORDS,client,Transportation & Auto
client_00431,"GREENWICH BIOSCIENCES, INC.",client,Other / Multi-sector
client_00432,DIGITAL MEDIA ASSN,client,Technology & Telecom
client_00433,LEAGUE OF CONSERVATION VOTERS,client,Other / Multi-sector
client_00434,"SIDECAR HEALTH, INC",client,Healthcare & Pharma
client_00435,SELECT MEDICAL CORPORATION,client,Healthcare & Pharma
client_00436,"SOUTHERN POVERTY LAW CENTER, INC.",client,Other / Multi-sector
client_00437,ECONOMIC INNOVATION GROUP,client,Other / Multi-sector
client_00438,THE COOK GROUP INC.,client,Other / Multi-sector
client_00439,FRESENIUS KABI USA LLC,client,Other / Multi-sector
client_00440,FLEET RESERVE ASSOCIATION,client,Government & Nonprofit
client_00441,FUTURE STANDARD,client,Other / Multi-sector
client_00442,PENNSYLVANIA STATE UNIVERSITY,client,Education & Research
client_00443,ASME,client,Other / Multi-sector
client_00444,CONNECTED COMMERCE COUNCIL,client,Other / Multi-sector
client_00445,THE PNC FINANCIAL SERVICES GROUP,client,Finance & Banking
client_00446,"AMERIHEALTH CARITAS SERVICES, LLC",client,Healthcare & Pharma
client_00447,CHANGENT (FKA NURSE-FAMILY PARTNERSHIP COLORADO),client,Other / Multi-sector
client_00448,BORGWARNER INC.,client,Other / Multi-sector
client_00449,BURFORD CAPITAL LLC,client,Finance & Banking
client_00450,WESTERN CONFERENCE OF TEAMSTERS PENSION TRUST,client,Other / Multi-sector
client_00451,CHIPOTLE MEXICAN GRILL INC,client,Other / Multi-sector
client_00452,SANTA CLARA VALLEY WATER DISTRICT,client,Other / Multi-sector
client_00453,AMERICAN THORACIC SOCIETY,client,Other / Multi-sector
client_00454,AMERICAN SOCIETY OF MECHANICAL ENGINEERS,client,Other / Multi-sector
client_00455,NORTH CAROLINA FARM BUREAU FEDERATION,client,Agriculture & Food
client_00456,COALITION FOR AUTO REPAIR EQUALITY,client,Energy & Environment
client_00457,NATIONAL ASSN OF INDEPENDENT COLLEGES & UNIVERSITIES,client,Education & Research
client_00458,"AMERICAN PRESIDENT LINES, LLC",client,Other / Multi-sector
client_00459,PROVIDENCE ST. JOSEPH HEALTH,client,Healthcare & Pharma
client_00460,"ACCENDRA HEALTH, INC. (FORMERLY ""OWENS & MINOR, INC."")",client,Healthcare & Pharma
client_00461,HERITAGE ACTION FOR AMERICA,client,Other / Multi-sector
client_00462,"TENCENT AMERICA, LLC",client,Other / Multi-sector
client_00463,FINANCIAL INDUSTRY REGULATORY AUTHORITY,client,Finance & Banking
client_00464,MATERION BRUSH INC.,client,Other / Multi-sector
client_00465,"REPSOL, S.A.",client,Other / Multi-sector
client_00466,MUNICIPAL CASTINGS ASSOCIATION FORMERLY MUNICIPAL CASTINGS FAIR TRADE COUNCIL,client,Technology & Telecom
client_00467,MEMORIAL SLOAN-KETTERING CANCER CENTER,client,Other / Multi-sector
client_00468,BACARDI NORTH AMERICA (FORMERLY BACARDI USA INC),client,Other / Multi-sector
client_00470,MARATHON OIL CORPORATION,client,Energy & Environment
client_00471,NIPPON KEIZAI DANTAI RENGOKAI (JAPAN BUSINESS FEDERATION),client,Technology & Telecom
client_00472,PROTECTIVE LIFE CORPORATION,client,Other / Multi-sector
client_00473,GLENMARK PHARMACEUTICALS USA,client,Healthcare & Pharma
client_00474,"HABITAT FOR HUMANITY INTERNATIONAL, INC.",client,Other / Multi-sector
client_00475,ARGENTEM CREEK PARTNERS LP,client,Other / Multi-sector
client_00476,FINANCIAL OVERSIGHT & MANAGEMENT BOARD OF PUERTO RICO,client,Finance & Banking
client_00477,PHYSICIAN ASSISTANT EDUCATION ASSOCIATION,client,Education & Research
client_00478,"NEXSTAR MEDIA GROUP, INC. AND ITS AFFILIATES F/K/A NEXSTAR MEDIA GROUP INC.",client,Other / Multi-sector
client_00479,BOYS & GIRLS CLUBS OF AMERICA,client,Other / Multi-sector
client_00480,ENERGY TRANSFER PARTNERS,client,Energy & Environment
client_00481,"TELLURIAN, INC.",client,Other / Multi-sector
client_00482,UNIVERSITY OF ILLINOIS,client,Education & Research
client_00483,"RENEWABLE ENERGY AGGREGATORS, INC.",client,Energy & Environment
client_00484,AMERICANS UNITED FOR SEPARATION OF CHURCH AND STATE,client,Other / Multi-sector
client_00485,RPLCC,client,Other / Multi-sector
client_00486,UNIVERSITY OF ALASKA,client,Education & Research
client_00487,COALITION OF EPSCOR STATES,client,Energy & Environment
client_00488,HAMPTON ROADS MILITARY AND FEDERAL FACILITIES ALLIANCE,client,Defense & Aerospace
client_00489,CHURCH ALLIANCE,client,Other / Multi-sector
client_00490,NATIONAL TELECOMMUNICATIONS COOPERATIVE ASSOCIATION,client,Technology & Telecom
client_00491,SOO LINE RAILROAD COMPANY,client,Technology & Telecom
client_00492,CHILDREN'S HEALTHCARE OF ATLANTA,client,Healthcare & Pharma
client_00493,F HOFFMANN-LA ROCHE LTD AND ITS AFFILIATES,client,Other / Multi-sector
client_00494,SONY PICTURES ENTERTAINMENT,client,Technology & Telecom
client_00495,"QVC GROUP, INC.",client,Other / Multi-sector
client_00496,TRANE TECHNOLOGIES COMPANY LLC (FKA INGERSOLL RAND TRANE AMERICAN STANDARD),client,Other / Multi-sector
client_00497,EVERSOURCE ENERGY SERVICE COMPANY,client,Energy & Environment
client_00498,"HAIER US APPLIANCE SOLUTION, INC. DBA GE APPLIANCES",client,Technology & Telecom
client_00499,ZAMZAM CONSULTING LLC ON BEHALF OF GEORGE NADAR,client,Legal & Lobbying
client_00500,FGA ACTION (FORMERLY KNOWN AS OPPORTUNITY SOLUTIONS PROJECT),client,Transportation & Auto
client_00501,"NPR, INC.",client,Other / Multi-sector
client_00502,SYLVAMO NORTH AMERICA LLC,client,Other / Multi-sector
client_00503,THE CONSERVATION FUND,client,Other / Multi-sector
client_00504,ORGANOGENESIS INC.,client,Other / Multi-sector
client_00505,CLEAN ENERGY GROUP STRATEGY/MJB&A COALITIONS,client,Energy & Environment
client_00506,U.S. TIRE MANUFACTURERS ASSOCIATION,client,Government & Nonprofit
client_00507,ACA CONNECTS - AMERICA'S COMMUNICATION ASSOCIATION,client,Government & Nonprofit
client_00508,CAREER EDUCATION COLLEGES & UNIVERSITIES (FKA ASS'N OF PRIVATE SECTOR COLLEGES A,client,Education & Research
client_00509,WASHINGTON GAS LIGHT COMPANY,client,Energy & Environment
client_00510,VITAS HEALTHCARE CORPORATION,client,Healthcare & Pharma
client_00511,"STRIPE, INC.",client,Other / Multi-sector
client_00512,"EPIC GAMES, INC.",client,Other / Multi-sector
client_00513,RELIANCE INDUSTRIES LIMITED,client,Other / Multi-sector
client_00514,"LANTHEUS HOLDINGS, INC.",client,Other / Multi-sector
client_00515,"ASSOCIATION OF FOOD AND DAIRY RETAILERS, WHOLESALERS AND MANUFACTURERS",client,Technology & Telecom
client_00516,HILL-ROM HOLDINGS,client,Other / Multi-sector
client_00517,TRELLIX (FORMERLY MUSARUBA US LLC),client,Other / Multi-sector
client_00518,HCA,client,Other / Multi-sector
client_00519,PRINCETON UNIVERSITY,client,Education & Research
client_00520,ARTBA,client,Other / Multi-sector
client_00521,GREEN PLAINS,client,Technology & Telecom
client_00522,"TWENTY-FIRST CENTURY FOX, INC.",client,Other / Multi-sector
client_00523,NATIONAL RURAL LETTER CARRIERS' ASSOCIATION,client,Government & Nonprofit
client_00524,ALLIED UNIVERSAL (F/K/A ALLIED BARTON SECURITY SERVICES),client,Defense & Aerospace
client_00525,KEIDANREN,client,Other / Multi-sector
client_00526,U.S SUGAR CORPORATION,client,Other / Multi-sector
client_00527,POINT32HEALTH INC.,client,Healthcare & Pharma
client_00528,APOLLO INVESTMENT MANAGEMENT LP,client,Finance & Banking
client_00529,RAI SERVICES COMPANY (FKA- RAISC),client,Technology & Telecom
client_00530,INTERNATIONAL LONGSHOREMEN'S ASSOCIATION,client,Government & Nonprofit
client_00531,ORANO USA LLC (FORMERLY KNOWN AS AREVA NUCLEAR MATERIALS LLC),client,Other / Multi-sector
client_00532,CENTER FOR REPRODUCTIVE RIGHTS,client,Other / Multi-sector
client_00533,WILLIAMS COMPANIES,client,Other / Multi-sector
client_00534,AMERICAN MEDICAL GROUP ASSOCIATION,client,Healthcare & Pharma
client_00535,"ELECTRONIC PAYMENTS COALITION (""EPC"")",client,Energy & Environment
client_00536,"SCALE AI, INC.",client,Technology & Telecom
client_00537,"FRANKLIN RESOURCES, INC. (FRANKLIN TEMPLETON) AND AFFILIATES",client,Other / Multi-sector
client_00538,TNC (US) HOLDINGS INC,client,Other / Multi-sector
client_00539,INTERNATIONAL BROTHERHOOD OF ELECTRICAL WORKERS,client,Energy & Environment
client_00540,"TRANSPORT WORKERS UNION OF AMERICA, AFL-CIO",client,Transportation & Auto
client_00541,UNIVERSITY OF KENTUCKY,client,Education & Research
client_00542,IROQUOIS HEALTHCARE ALLIANCE,client,Healthcare & Pharma
client_00543,"CERBERUS CAPITAL MANAGEMENT, L.P.",client,Finance & Banking
client_00544,ANADARKO PETROLEUM CORPORATION,client,Energy & Environment
client_00545,INTL. ASSN. OF AMUSEMENT PKS. & ATTRS.,client,Other / Multi-sector
client_00546,NATIONAL AFFORDABLE HOUSING MANAGEMENT ASSOCIATION (NAHMA),client,Transportation & Auto
client_00547,"ID.ME, LLC",client,Other / Multi-sector
client_00548,REFORM GOVERNMENT SURVEILLANCE,client,Other / Multi-sector
client_00550,OPTIONS CLEARING CORPORATION (OCC),client,Other / Multi-sector
client_00551,ENVISION HEALTHCARE,client,Healthcare & Pharma
client_00552,MEAT INSTITUTE (FKA NORTH AMERICAN MEAT INSTITUTE),client,Education & Research
client_00553,COREWELL HEALTH,client,Healthcare & Pharma
client_00554,TRANSPORTATION COMMUNICATIONS NATIONAL UNION/IAM (FKA TRANSPORTATION COMMUNICATI,client,Transportation & Auto
client_00555,CITIZENS COMMITTEE FOR THE RIGHT TO KEEP AND BEAR ARMS,client,Other / Multi-sector
client_00556,AMERICAN FIDELITY CORPORATION,client,Other / Multi-sector
client_00557,AMERICAN COLLEGE OF PHYSICIANS,client,Education & Research
client_00558,THE MOUNT SINAI HOSPITAL,client,Healthcare & Pharma
client_00559,YAHOO INC. AND VAR. SUBS/AFFILIATES,client,Other / Multi-sector
client_00560,LIBERTY MUTUAL INSURANCE COMPANY,client,Other / Multi-sector
client_00561,MAGNA SERVICES OF AMERICA INC.,client,Other / Multi-sector
client_00562,NATIONAL CORN GROWERS ASSN,client,Agriculture & Food
client_00563,ERISA INDUSTRY COMMITTEE,client,Other / Multi-sector
client_00564,THE UNIVERSITY OF NORTH CAROLINA SYSTEM,client,Education & Research
client_00565,PROFESSIONAL AVIATION SAFETY SPECIALISTS,client,Transportation & Auto
client_00566,AFFORDABLE HOUSING DEVELOPERS COUNCIL,client,Transportation & Auto
client_00567,PPL CORPORATION,client,Other / Multi-sector
client_00568,ROCKET LP FKA RKT HOLDINGS,client,Other / Multi-sector
client_00569,UNIVERSITY OF PITTSBURGH MEDICAL CENTER,client,Healthcare & Pharma
client_00570,"MUSCULAR DYSTROPHY ASSOCIATION, INC.",client,Government & Nonprofit
client_00571,PACIRA PHARMACEUTICALS INC.,client,Healthcare & Pharma
client_00572,MURPHY OIL CORPORATION,client,Energy & Environment
client_00573,AMERICAN BEVERAGE ASSOCIATION,client,Government & Nonprofit
client_00574,"AMERICAN SOCIETY OF COMPOSERS, AUTHORS AND PUBLISHERS (ASCAP)",client,Other / Multi-sector
client_00576,ENCOMPASS HEALTH,client,Healthcare & Pharma
client_00577,ALSTOM TRANSPORTATION INC,client,Transportation & Auto
client_00578,EMBASSY OF THE REPUBLIC OF AZERBAIJAN,client,Technology & Telecom
client_00579,THE UNIVERSITY OF TEXAS MD ANDERSON CANCER CENTER,client,Education & Research
client_00580,GEISINGER HEALTH,client,Healthcare & Pharma
client_00581,NAACP LEGAL DEFENSE & EDUCATIONAL FUND INC,client,Defense & Aerospace
client_00582,"CHILDREN'S HOSPITAL AND HEALTH SYSTEM, INC.",client,Healthcare & Pharma
client_00583,CLEAR,client,Other / Multi-sector
client_00585,"BEONE MEDICINES USA, INC (FORMERLY BEIGENE USA, INC.)",client,Other / Multi-sector
client_00586,H LEE MOFFITT CANCER CENTER & RESEARCH INSTITUTE,client,Education & Research
client_00587,TENET BUSINESS SERVICES CORPORATION,client,Other / Multi-sector
client_00589,CHRISTUS HEALTH SYSTEM,client,Healthcare & Pharma
client_00590,PARKER HANNIFIN,client,Other / Multi-sector
client_00592,UT SOUTHWESTERN MEDICAL CENTER,client,Healthcare & Pharma
client_00593,"BLUEBIRD BIO, INC.",client,Other / Multi-sector
client_00594,SHOPIFY INC,client,Other / Multi-sector
client_00595,RHEEM MANUFACTURING COMPANY,client,Other / Multi-sector
client_00596,CHILDREN'S HOSPITAL BOSTON,client,Healthcare & Pharma
client_00597,NATIONAL ASSOCIATION OF SPECIALTY PHARMACY,client,Healthcare & Pharma
client_00598,COMPUTING TECHNOLOGY INDUSTRY ASSOCIATION (COMPTIA),client,Technology & Telecom
client_00599,POTLATCHDELTIC CORPORATION,client,Other / Multi-sector
client_00600,ENVISION HEALTHCARE (FORMERLY KNOWN AS EMCARE INC.),client,Healthcare & Pharma
client_00601,ICKES & ENRIGHT GROUP (NORTHWELL HEALTH FKA NORTH SHORE-LIJ),client,Healthcare & Pharma
client_00602,ASSOCIATION OF CALIFORNIA WATER AGENCIES,client,Government & Nonprofit
client_00603,INTERNATIONAL UNION OF BRICKLAYERS & ALLIED CRAFTWORKERS,client,Other / Multi-sector
client_00604,WRITERS GUILD OF AMERICA WEST INC,client,Other / Multi-sector
client_00605,"HEIDELBERG MATERIALS, US, INC., (FORMERLY LEHIGH HANSON, INC.)",client,Other / Multi-sector
client_00606,MATSON NAVIGATION,client,Other / Multi-sector
client_00607,NELNET INC,client,Other / Multi-sector
client_00608,INTERNATIONAL SWAPS & DERIVATIVES ASSOCIATION INC,client,Government & Nonprofit
client_00609,CARDIOVASCULAR COALITION,client,Energy & Environment
client_00610,CAREFIRST BLUECROSS BLUESHIELD,client,Other / Multi-sector
client_00611,HANESBRANDS INC,client,Other / Multi-sector
client_00612,VSP,client,Other / Multi-sector
client_00613,DREXEL UNIVERSITY,client,Education & Research
client_00614,HANWHA Q CELLS AMERICA INC.,client,Other / Multi-sector
client_00615,KIDS IN NEED OF DEFENSE,client,Defense & Aerospace
client_00616,IEX GROUP,client,Other / Multi-sector
client_00617,PACKAGE COALITION LLC,client,Energy & Environment
client_00618,UP FOR GROWTH ACTION INC,client,Other / Multi-sector
client_00619,AMERICAN FOREST FOUNDATION,client,Education & Research
client_00620,"BRISTOW GROUP, INC.",client,Other / Multi-sector
client_00621,DEBEVOISE & PLIMPTON LLP (ON BEHALF OF GRAMERCY FUNDS MANAGEMENT),client,Legal & Lobbying
client_00622,"MCAFEE, LLC",client,Other / Multi-sector
client_00623,"DEXCOM, INC.",client,Other / Multi-sector
client_00624,TOTAL SYSTEM SERVICES LLC FORMERLY REPORTED AS TOTAL SYSTEM SERVICES INC,client,Transportation & Auto
client_00625,GLOBAL BLOOD THERAPEUTICS,client,Other / Multi-sector
client_00626,AMERICAN DENTAL EDUCATION ASSOCIATION,client,Education & Research
client_00627,HUNTINGTON BANCSHARES INCORPORATED,client,Other / Multi-sector
client_00628,NATIONAL DOMESTIC WORKERS ALLIANCE,client,Other / Multi-sector
client_00629,ENDO INTERNATIONAL,client,Other / Multi-sector
client_00630,MASCO CORPORATION,client,Other / Multi-sector
client_00631,"INSPIRE BRANDS, INC.",client,Other / Multi-sector
client_00632,THE AFFORDABLE HOUSING TAX CREDIT COALITION,client,Energy & Environment
client_00633,NATIONAL FOREIGN TRADE COUNCIL INC,client,Other / Multi-sector
client_00634,AMERICAN COLLEGE OF RHEUMATOLOGY,client,Education & Research
client_00635,PROVINCE OF SASKATCHEWAN,client,Other / Multi-sector
client_00636,ASSOCIATION FOR UNCREWED VEHICLE SYSTEMS INTERNATIONAL,client,Government & Nonprofit
client_00637,"VISTA OUTDOOR, INC.",client,Other / Multi-sector
client_00638,"LINDE INC., LINDE, PLC AND OTHER ENTITIES RELATED TO LINDE, PLC",client,Other / Multi-sector
client_00640,BLOOMBERG LLP,client,Legal & Lobbying
client_00641,COMMUNITY ONCOLOGY ALLIANCE,client,Other / Multi-sector
client_00642,ESTEE LAUDER COMPANIES,client,Other / Multi-sector
client_00643,HASBRO INC,client,Other / Multi-sector
client_00644,"SAFRAN USA, INC. (FORMERLY SNECMA USA, INC.)",client,Other / Multi-sector
client_00645,M&T BANK CORPORATION,client,Finance & Banking
client_00646,"INTUITIVE SURGICAL, INC.",client,Other / Multi-sector
client_00647,TALOS ENERGY,client,Energy & Environment
client_00648,NATIONAL CATTLEMEN'S BEEF ASSOCIATION,client,Agriculture & Food
client_00649,ASSURED GUARANTY LTD. (AGL),client,Other / Multi-sector
client_00650,GRAND TRUNK CORPORATION,client,Other / Multi-sector
client_00651,NORTHWELL HEALTH INC (FKA NSLIJ HEALTH SYSTEM),client,Healthcare & Pharma
client_00653,"SNP ALLIANCE, INC.",client,Other / Multi-sector
client_00654,ESSENTIAL MINERALS ASSOCIATION (FKA INDUSTRIAL MINERALS ASSOCIATION-NORTH AMERI),client,Government & Nonprofit
client_00655,"UNFI, INC.",client,Other / Multi-sector
client_00656,"WPX ENERGY, INC.",client,Energy & Environment
client_00657,"DIRECT CHASSISLINK, INC.",client,Other / Multi-sector
client_00660,MONEYGRAM INTERNATIONAL INC.,client,Other / Multi-sector
client_00661,NORTHERN TRUST CORPORATION,client,Other / Multi-sector
client_00662,POET LLC,client,Other / Multi-sector
client_00663,SHAKOPEE MDEWAKANTON DAKOTA (SIOUX) COMMUNITY,client,Other / Multi-sector
client_00664,CAPTIAL FUNDING GROUP INC,client,Other / Multi-sector
client_00665,EQUINOR WIND US LLC,client,Other / Multi-sector
client_00666,GAINWELL TECHNOLOGIES (FKA HEALTH MANAGEMENT SYSTEMS),client,Healthcare & Pharma
client_00667,COALITION FOR AMERICAN RETIREMENT LLC,client,Energy & Environment
client_00668,MODA HEALTH,client,Healthcare & Pharma
client_00669,SWISS REINSURANCE COMPANY LTD,client,Other / Multi-sector
client_00670,COMMITTEE FOR EDUCATION FUNDING,client,Education & Research
client_00671,MOODY'S CORPORATION,client,Other / Multi-sector
client_00672,SOLVENTUM CORPORATION,client,Other / Multi-sector
client_00673,"NATIONAL ASSOCIATION OF ELECTRICAL DISTRIBUTORS, INC.",client,Energy & Environment
client_00674,"PLAINS ALL AMERICAN PIPELINE, L.P.",client,Technology & Telecom
client_00675,CARNEGIE MELLON UNIVERSITY,client,Education & Research
client_00676,NLMK PENNSYLVANIA,client,Other / Multi-sector
client_00677,PHI HEALTH LLC,client,Healthcare & Pharma
client_00678,KONGSBERG DEFENCE & AEROSPACE,client,Defense & Aerospace
client_00679,JBS USA FOOD COMPANY HOLDINGS (PREVIOUSLY REGISTERED AS JBS USA FOOD COMPANY),client,Agriculture & Food
client_00680,PROMOTIONAL PRODUCTS ASSOCIATION INTERNATIONAL,client,Government & Nonprofit
client_00681,HUNT DEVELOPMENT GROUP LLC,client,Other / Multi-sector
client_00682,NETWORK ADVERTISING INITIATIVE,client,Other / Multi-sector
client_00683,INTERNATIONAL BOTTLED WATER ASSOCIATION (IBWA),client,Government & Nonprofit
client_00684,NETWORK BRANDED PREPAID CARD ASSOCIATION,client,Technology & Telecom
client_00685,PTTGC AMERICA LLC,client,Other / Multi-sector
client_00686,THE UNIVERSITY OF TEXAS AT AUSTIN,client,Education & Research
client_00687,HC HOLDINGS S.A.,client,Other / Multi-sector
client_00689,LIVE OAK BANK,client,Finance & Banking
client_00690,"DETROIT INTERNATIONAL BRIDGE COMPANY, INC.",client,Other / Multi-sector
client_00691,FOOTWEAR DISTRIBUTORS & RETAILERS OF AMERICA,client,Technology & Telecom
client_00692,"PAYCHEX, INC.",client,Other / Multi-sector
client_00693,ARTHRITIS FOUNDATION,client,Education & Research
client_00694,LETTERONE HOLDINGS S.A.,client,Other / Multi-sector
client_00695,LLOYD'S OF LONDON,client,Other / Multi-sector
client_00696,BLUE OWL CAPITAL HOLDINGS LLC,client,Finance & Banking
client_00697,DEUTSCHE BANK USA (FKA DEUTSCHE BANK SECURITIES INC.),client,Finance & Banking
client_00698,UNIVERSITY OF WISCONSIN-MADISON,client,Education & Research
client_00699,ZUFFA AND AFFILIATES,client,Other / Multi-sector
client_00700,GREATER NEW YORK HOSPITAL ASSOCIATION (FORMERLY GNYHA MANAGEMENT CORPORATION),client,Healthcare & Pharma
client_00701,AEROVIRONMENT INC.,client,Other / Multi-sector
client_00702,"AMERICAN UNITY FUND, INC.",client,Other / Multi-sector
client_00703,CROP INSURANCE AND REINSURANCE BUREAU,client,Other / Multi-sector
client_00704,FRAGRANCE CREATORS ASSOCIATION,client,Government & Nonprofit
client_00705,"GEVO, INC.",client,Other / Multi-sector
client_00706,"RISEPOINT, LLC",client,Other / Multi-sector
client_00707,"ONE WORLD TECHNOLOGIES, INC.",client,Other / Multi-sector
client_00708,RED HAT INC,client,Other / Multi-sector
client_00709,ASSOCIATION OF AMERICAN UNIVERSITIES,client,Government & Nonprofit
client_00710,TEAMHEALTH,client,Healthcare & Pharma
client_00711,ASSOCIATIONS OF MEXICAN TOMATO GROWERS,client,Government & Nonprofit
client_00712,NATIONAL ASSOCIATION OF ACCOUNTABLE CARE ORGANIZATIONS,client,Government & Nonprofit
client_00713,POSCO AMERICA CORPORATION,client,Other / Multi-sector
client_00714,WTA -- ADVOCATES FOR RURAL BROADBAND,client,Other / Multi-sector
client_00715,BLACKROCK FUNDS SERVICES GROUP LLC (FORMERLY BLACKROCK CAPITAL MANAGEMENT INC.),client,Finance & Banking
client_00716,CRUISE LLC,client,Other / Multi-sector
client_00717,BLACKBERRY CORP.,client,Other / Multi-sector
client_00718,LARGE UROLOGY GROUP PRACTICE ASSOCIATION,client,Government & Nonprofit
client_00719,QUALCOMM INCORPORATED,client,Other / Multi-sector
client_00721,AMERICAN MOTORCYCLIST ASSOCIATION,client,Government & Nonprofit
client_00722,"ASCENDIS PHARMA, INC.",client,Healthcare & Pharma
client_00723,BLACKSTONE ADMINISTRATIVE SERVICES PARTNERSHIPS L.P.,client,Other / Multi-sector
client_00724,SABIC INNOVATIVE PLASTICS US LLC,client,Other / Multi-sector
client_00725,VERTICAL AVIATION INTERNATIONAL,client,Transportation & Auto
client_00726,CLEAN ENERGY,client,Energy & Environment
client_00727,GE HEALTHCARE TECHNOLOGIES INC.,client,Healthcare & Pharma
client_00728,NONPROFIT KIDNEY CARE ALLIANCE,client,Other / Multi-sector
client_00729,PORT OF CORPUS CHRISTI AUTHORITY,client,Transportation & Auto
client_00730,INTERNATIONAL CODE COUNCIL (ICC),client,Other / Multi-sector
client_00731,DENKA PERFORMANCE ELASTOMER LLC,client,Other / Multi-sector
client_00732,HOSPICE COMPASSUS,client,Other / Multi-sector
client_00733,"AMENTUM HOLDINGS, INC.",client,Other / Multi-sector
client_00734,FRONT LINE HOSPITAL ALLIANCE,client,Healthcare & Pharma
client_00735,MANAGEMENT AND TRAINING CORPORATION,client,Technology & Telecom
client_00736,ST REGIS MOHAWK TRIBE,client,Other / Multi-sector
client_00737,ALLIANCE FOR AMERICAN MANUFACTURING,client,Other / Multi-sector
client_00738,GOVERNMENT OF PUERTO RICO,client,Other / Multi-sector
client_00739,PEARSON EDUCATION,client,Education & Research
client_00740,UNIVERSITY OF MICHIGAN,client,Education & Research
client_00741,YWCA USA,client,Other / Multi-sector
client_00742,AMERICAN TELEVISION ALLIANCE,client,Other / Multi-sector
client_00743,APPLE,client,Technology & Telecom
client_00744,"BNP PARIBAS RCC, INC.",client,Other / Multi-sector
client_00745,BROADCOM LIMITED,client,Other / Multi-sector
client_00746,CHILDREN'S HOSPITAL ASSOCIATION F/K/A NAT'L ASSOCIATION OF CHILDREN'S HOSPITALS,client,Healthcare & Pharma
client_00747,HEALTHCARE DISTRIBUTION ALLIANCE (HEALTHCARE DISTRIBUTION MANAGMENT ASSN.),client,Healthcare & Pharma
client_00748,HILLTOP HOLDINGS INC.,client,Other / Multi-sector
client_00749,THE J.M. SMUCKER COMPANY,client,Other / Multi-sector
client_00750,TOM JAMES COMPANY,client,Other / Multi-sector
client_00751,TRANSCANADA PIPELINES USA LTD,client,Other / Multi-sector
client_00752,EMPLOYEE-OWNED CONTRACTORS ROUNDTABLE,client,Other / Multi-sector
client_00753,OGE ENERGY CORP,client,Energy & Environment
client_00754,FARM CREDIT COUNCIL,client,Agriculture & Food
client_00755,NEW INDY CATAWBA LLC,client,Other / Multi-sector
client_00756,"SAFE PORT TERMINALS, LLC",client,Transportation & Auto
client_00757,AIR CONDITIONING HEATING & REFRIGERATION INSTITUTE (FKA AIR CONDITIONING AND R),client,Technology & Telecom
client_00758,NATIONAL ASSOCIATION FOR THE SELF-EMPLOYED (NASE),client,Government & Nonprofit
client_00759,PRIVACY FOR AMERICA,client,Other / Multi-sector
client_00760,PROTECTING ACCESS TO PAIN RELIEF COALITION,client,Energy & Environment
client_00761,SACRAMENTO MUNICIPAL UTILITY DISTRICT,client,Other / Multi-sector
client_00762,"ARRAY DIGITAL INFRASTRUCTURE, INC. (FKA U.S. CELLULAR CORP)",client,Technology & Telecom
client_00763,LONDON STOCK EXCHANGE GROUP,client,Other / Multi-sector
client_00764,MONTEFIORE MEDICAL CENTER,client,Healthcare & Pharma
client_00765,QUICKEN LOANS INC,client,Other / Multi-sector
client_00766,RIPPLE LABS INC.,client,Other / Multi-sector
client_00767,SONY INTERACTIVE ENTERTAINMENT LLC,client,Technology & Telecom
client_00768,STATE FUND CONGRESSIONAL ACTION GROUP (SFCAG),client,Other / Multi-sector
client_00769,ALLIANCE FOR BIOSECURITY,client,Defense & Aerospace
client_00770,LANXESS CORPORATION,client,Other / Multi-sector
client_00771,"ELEVANCE HEALTH, INC (F.K.A. ANTHEM, INC. & WELLPOINT, INC.)",client,Healthcare & Pharma
client_00772,MCKINSEY & COMPANY,client,Other / Multi-sector
client_00773,SINCLAIR BROADCAST GROUP,client,Technology & Telecom
client_00774,WORKING GROUP ON COMPETITIVE INTERNATIONAL TAXATION (INFORMAL COALITION),client,Energy & Environment
client_00775,WINE INSTITUTE,client,Education & Research
client_00776,CHILDRENS HEALTH SYSTEM OF TEXAS,client,Healthcare & Pharma
client_00777,WILLIS NORTH AMERICA INC.,client,Other / Multi-sector
client_00778,MASS GENERAL BRIGHAM,client,Other / Multi-sector
client_00779,ACORN CONSULTING OBO SHELL USA INC.,client,Agriculture & Food
client_00780,ASSOCIATION FOR DIAGNOSTICS & LABORATORY MEDICINE (FORMERLY AACC),client,Government & Nonprofit
client_00781,BIOTECHNOLOGY INDUSTRY ORGANIZATION,client,Healthcare & Pharma
client_00782,"FEDERATION OF EXCHANGE ACCOMODATORS, INC.",client,Other / Multi-sector
client_00783,INDIANA UNIVERSITY,client,Education & Research
client_00784,CONAGRA BRANDS INC,client,Other / Multi-sector
client_00785,ZERO PROSTATE CANCER,client,Other / Multi-sector
client_00786,AMERICAN COLLEGE OF CLINICAL PHARMACY,client,Healthcare & Pharma
client_00788,SAN LUIS & DELTA-MENDOTA WATER AUTHORITY,client,Other / Multi-sector
client_00789,RUTGERS THE STATE UNIVERSITY OF NEW JERSEY,client,Education & Research
client_00790,THAI UNION GROUP PCL,client,Technology & Telecom
client_00791,"AT&T SERVICES, INC. (FKA AT&T)",client,Other / Multi-sector
client_00792,ENDEAVORS,client,Other / Multi-sector
client_00793,SCHOTT NORTH AMERICA INC AND AFFILIATE (FORMERLY SCHOTT NORTH AMERICA INC),client,Other / Multi-sector
client_00794,S&P GLOBAL INC (FORMERLY MCGRAW HILL FINANCIAL),client,Finance & Banking
client_00795,ALZHEIMER'S ASSOCIATION,client,Government & Nonprofit
client_00796,AUTOMOTIVE SERVICE ASSOCIATION,client,Transportation & Auto
client_00797,COALITION FOR 21ST CENTURY PATENT REFORM,client,Energy & Environment
client_00798,"ASSOCIATION OF THE UNITED STATES ARMY, (INC.)",client,Government & Nonprofit
client_00799,MICHIGAN STATE UNIV,client,Other / Multi-sector
client_00800,TEACH FOR AMERICA,client,Other / Multi-sector
client_00801,CENTER FOR RESPONSIBLE LENDING A SUPPORTING CORP OF CTR FOR COMMUNITY SELF-HELP,client,Transportation & Auto
client_00802,NATIONAL PTA,client,Other / Multi-sector
client_00803,BHP GROUP LIMITED,client,Other / Multi-sector
client_00805,AMSCOT FINANCIAL CORPORATION,client,Finance & Banking
client_00806,COALITION FOR BUSINESS DEVELOPMENT,client,Energy & Environment
client_00807,"LIVANOVA USA, INC.",client,Other / Multi-sector
client_00808,FRONTIER COMMUNICATIONS,client,Other / Multi-sector
client_00809,UNIVERSITY OF ROCHESTER,client,Education & Research
client_00810,ABBOTT (FORMERLY KNOWN AS ALERE INC.),client,Other / Multi-sector
client_00811,HEARST CORPORATION,client,Other / Multi-sector
client_00812,"JOBY AERO, INC.",client,Other / Multi-sector
client_00813,LENNOX INTERNATIONAL INC.,client,Other / Multi-sector
client_00814,MASSDEVELOPMENT,client,Other / Multi-sector
client_00816,INTERNATIONAL BROTHERHOOD OF BOILERMAKERS,client,Energy & Environment
client_00817,ALLIANCE FOR DRIVER SAFETY & SECURITY (THE TRUCKING ALLIANCE),client,Defense & Aerospace
client_00818,FEDERATION OF STATE MEDICAL BOARDS,client,Healthcare & Pharma
client_00819,"REDWOOD HOLDINGS, LLC FKA REDWOOD CAPITAL INVESTMENTS",client,Finance & Banking
client_00820,UNIVERSITY OF GEORGIA,client,Education & Research
client_00821,AGUSTAWESTLAND PHILADELPHIA CORPORATION,client,Other / Multi-sector
client_00822,DUPONT SPECIALTY PRODUCTS(PREVIOUSLY REPORTED AS E.I. DU PONT DE NEMOURS AND CO),client,Transportation & Auto
client_00823,NUMBERS USA,client,Other / Multi-sector
client_00824,WAKE FOREST UNIVERSITY HEALTH SCIENCES,client,Healthcare & Pharma
client_00825,"ECONOMIC SECURITY PROJECT ACTION, INC. AND ITS AFFILIATES",client,Defense & Aerospace
client_00826,COPPER DEVELOPMENT ASSOCIATION,client,Government & Nonprofit
client_00827,EMPIRE STATE DEVELOPMENT CORPORATION,client,Other / Multi-sector
client_00828,"INTERACTIVE ADVERTISING BUREAU, INC.",client,Other / Multi-sector
client_00829,"AMERICAN AUTOMOTIVE POLICY COUNCIL, INC.",client,Transportation & Auto
client_00830,INTERNET CORPORATION FOR ASSIGNED NAMES AND NUMBERS,client,Other / Multi-sector
client_00831,MORONGO BAND OF MISSION INDIANS,client,Other / Multi-sector
client_00832,ORACLE CERNER (FORMERLY CERNER CORPORATION),client,Other / Multi-sector
client_00833,AMERICAN TRAFFIC SAFETY SERVICES ASSOCIATION,client,Government & Nonprofit
client_00834,NATIONAL MULTIPLE SCLEROSIS SOCIETY,client,Other / Multi-sector
client_00835,AMERICAN ASSOCIATION FOR CANCER RESEARCH,client,Education & Research
client_00836,DEVON ENERGY PRODUCTION COMPANY LP,client,Energy & Environment
client_00837,"FOUNDATION MEDICINE, INC.",client,Education & Research
client_00839,PERSPECTA INC. AND AFFILIATES,client,Other / Multi-sector
client_00841,THE OHIO STATE UNIVERSITY,client,Education & Research
client_00842,LOMA LINDA UNIVERSITY MEDICAL CENTER,client,Healthcare & Pharma
client_00843,ENTERPRISE PRODUCTS PARTNERS LP (FORMERLY KNOWN AS ENTERPRISE PRODUCTS COMPANY O,client,Other / Multi-sector
client_00844,HF SINCLAIR CORPORATION,client,Technology & Telecom
client_00845,IAC INC. (FORMERLY IAC/INTERACTIVECORP),client,Other / Multi-sector
client_00846,LG&E AND KU ENERGY LLC,client,Energy & Environment
client_00847,THE AMERICAN COUNCIL OF LIFE INSURERS,client,Other / Multi-sector
client_00848,STANDARD CHARTERED BANK,client,Finance & Banking
client_00849,BURNS & MCDONNELL ENGINEERING COMPANY INC,client,Other / Multi-sector
client_00850,MITSUBISHI POWER AMERICAS INC F/K/A MHPS AMERICAS INC,client,Energy & Environment
client_00851,THE UNITED STATES PHARMACOPEIAL CONVENTION,client,Healthcare & Pharma
client_00852,CARESOURCE MANAGEMENT SERVICES LLC FKA CARESOURCE MANAGEMENT GROUP CO,client,Other / Multi-sector
client_00853,"ATHENAHEALTH, INC.",client,Healthcare & Pharma
client_00854,CENTERPOINT ENERGY,client,Energy & Environment
client_00855,"DELTA AIRLINES, INC.",client,Technology & Telecom
client_00856,LINCARE,client,Other / Multi-sector
client_00857,THE BIOSIMILARS FORUM,client,Other / Multi-sector
client_00858,TRUSTEES OF COLUMBIA UNIVERSITY IN THE CITY OF NEW YORK,client,Education & Research
client_00859,"DENDREON PHARMACEUTICALS, LLC",client,Healthcare & Pharma
client_00860,KENTUCKY FARM BUREAU FEDERATION,client,Agriculture & Food
client_00861,MICHIGAN FARM BUREAU,client,Agriculture & Food
client_00862,"SAMSUNG SDI AMERICA, INC.",client,Other / Multi-sector
client_00863,"BRIGHTHOUSE SERVICES, LLC",client,Other / Multi-sector
client_00864,MCDONALD'S CORPORATION,client,Other / Multi-sector
client_00865,NMDP,client,Other / Multi-sector
client_00867,BITCOIN ASSOCIATION FOR BSV,client,Government & Nonprofit
client_00868,CONSUMER ACCESS TO REPAIR (CAR) COALITION,client,Energy & Environment
client_00869,"DOCUMENT STORAGE SYSTEMS, INC.",client,Other / Multi-sector
client_00870,PUERTO RICO INDUSTRIAL DEVELOPMENT COMPANY,client,Other / Multi-sector
client_00871,THE CAMPAIGN FOR SUSTAINABLE RX PRICING,client,Technology & Telecom
client_00872,TOHONO O'ODHAM NATION,client,Other / Multi-sector
client_00873,"AMERICAN FAMILY MUTUAL INSURANCE COMPANY, S.I.",client,Other / Multi-sector
client_00874,PARALYZED VETERANS OF AMERICA,client,Other / Multi-sector
client_00875,AMERICAN ASSOCIATION OF BIOANALYSTS,client,Government & Nonprofit
client_00876,"BYD MOTORS, LLC AND VARIOUS U.S. SUBSIDIARIES",client,Other / Multi-sector
client_00877,FOOD SOLUTIONS ACTION,client,Agriculture & Food
client_00878,"TTM TECHNOLOGIES, INC",client,Other / Multi-sector
client_00879,BOSTON UNIVERSITY,client,Education & Research
client_00880,RENAL HEALTHCARE ASSOCIATION,client,Healthcare & Pharma
client_00881,TPG,client,Other / Multi-sector
client_00883,HOSPITAL COALITION FOR AGENCY ACCOUNTABILITY,client,Healthcare & Pharma
client_00884,"KOCH GOVERNMENT AFFAIRS, LLC",client,Technology & Telecom
client_00885,BUILDING OWNERS AND MANAGERS ASSOCIATION INTERNATIONAL,client,Government & Nonprofit
client_00886,NATIONAL OILSEED PROCESSORS ASSOCIATION,client,Energy & Environment
client_00887,"INTELLECTUAL VENTURES MANAGEMENT, LLC",client,Other / Multi-sector
client_00888,WOODSIDE ENERGY GROUP LTD,client,Energy & Environment
client_00889,INTERNATIONAL MYELOMA FOUNDATION,client,Education & Research
client_00890,WOUNDED WARRIOR PROJECT,client,Other / Multi-sector
client_00891,AMERICAN FUEL AND PETROCHEMICAL MANUFACTURERS (AFPM),client,Other / Multi-sector
client_00892,ASSOCIATED EQUIPMENT DISTRIBUTORS,client,Other / Multi-sector
client_00893,CLEAN ENERGY BUYERS ASSOCIATION (FORMERLY RENEWABLE ENERGY BUYERS ALLIANCE),client,Energy & Environment
client_00895,INNOVATION ALLIANCE,client,Other / Multi-sector
client_00896,LURIE CHILDREN'S HOSPITAL OF CHICAGO,client,Healthcare & Pharma
client_00897,MR. JAY ALIX,client,Other / Multi-sector
client_00898,QORVO,client,Other / Multi-sector
client_00899,SSAB ENTERPRISES LLC,client,Other / Multi-sector
client_00900,THE ICKES AND ENRIGHT GROUP (ON BEHALF OF GREATER NEW YORK HOSPITAL ASSOCIATION),client,Healthcare & Pharma
client_00901,"VIRGIN GALACTIC, LLC",client,Other / Multi-sector
client_00902,EDISON CHOUEST OFFSHORE,client,Other / Multi-sector
client_00903,VANADIUM PRODUCERS AND RECLAIMERS ASSOCIATION,client,Technology & Telecom
client_00904,"EASTERN SHIPBUILDING GROUP, INC.",client,Other / Multi-sector
client_00905,AMERICAN CANCER SOCIETY CANCER ACTION NETWORK (ACSCAN),client,Other / Multi-sector
client_00906,"TELADOC HEALTH, INC.",client,Healthcare & Pharma
client_00907,TELECOMMUNICATIONS INDUSTRY ASSOCIATION,client,Technology & Telecom
client_00908,OXFAM AMERICA INC,client,Other / Multi-sector
client_00909,"S.C. JOHNSON & SON, INC.",client,Other / Multi-sector
client_00910,AMAC ACTION,client,Other / Multi-sector
client_00911,AMERICA'S HEALTH INSURANCE PLANS,client,Healthcare & Pharma
client_00912,BREAKTHROUGH T1D (FKA JUVENILE DIABETES RESEARCH FOUNDATION INTERNATIONAL),client,Education & Research
client_00913,CHICKASAW NATION,client,Other / Multi-sector
client_00914,"ESHARES, INC. D/B/A CARTA, INC.",client,Other / Multi-sector
client_00915,U.S. HEMP ROUNDTABLE,client,Other / Multi-sector
client_00916,ONCOLOGY NURSING SOCIETY,client,Other / Multi-sector
client_00917,HOSPITAL & HEALTHSYSTEM ASSOCIATION OF PENNSYLVANIA,client,Healthcare & Pharma
client_00918,CAMBIA HEALTH SOLUTIONS (FORMERLY KNOWN AS THE REGENCE GROUP),client,Healthcare & Pharma
client_00919,"LUCID USA, INC.",client,Other / Multi-sector
client_00920,MARC COALITION,client,Energy & Environment
client_00921,AMERICANS FOR TAX REFORM,client,Other / Multi-sector
client_00922,"CLEARPATH ACTION FUND FOR CONSERVATIVE CLEAN ENERGY, INC.",client,Energy & Environment
client_00923,CORTEVA AGRISCIENCE LLC (FKA CORTEVA AGRISCIENCE),client,Other / Multi-sector
client_00924,"NACCO INDUSTRIES, INC.",client,Other / Multi-sector
client_00925,RWC-340B,client,Other / Multi-sector
client_00926,"PROLOGIS, L.P.",client,Other / Multi-sector
client_00928,SILVERLINING,client,Other / Multi-sector
client_00929,AICPA,client,Technology & Telecom
client_00930,LIBERTY PARTNERS GROUP O/B/O APTQI-HSCHEIN-PDS-SANTAFE-SOUND-RCCS-AFHC-WELLVANA,client,Other / Multi-sector
client_00931,"THE SUSAN G. KOMEN BREAST CANCER FOUNDATION, INC. DBA SUSAN G. KOMEN",client,Education & Research
client_00932,VALERO ENERGY CORPORATION,client,Energy & Environment
client_00933,NATIONAL ASSOCIATION OF PROFESSIONAL INSURANCE AGENTS,client,Government & Nonprofit
client_00934,"AVIS-BUDGET GROUP, INC.",client,Other / Multi-sector
client_00935,DAIMLER TRUCK NORTH AMERICA LLC,client,Technology & Telecom
client_00937,SL GREEN REALTY CORP.,client,Other / Multi-sector
client_00939,ALLIANCE FOR RETIRED AMERICANS,client,Other / Multi-sector
client_00940,THE CHEROKEE NATION,client,Other / Multi-sector
client_00941,RAPISCAN SYSTEMS INC,client,Other / Multi-sector
client_00942,ALABAMA-COUSHATTA TRIBE OF TEXAS,client,Other / Multi-sector
client_00943,CHEGG INC.,client,Other / Multi-sector
client_00944,THE GREENBRIER COMPANIES,client,Other / Multi-sector
client_00945,ALABAMA FARMERS FEDERATION,client,Agriculture & Food
client_00946,CENTRAL PUGET SOUND REGIONAL TRANSIT,client,Other / Multi-sector
client_00947,"MARTIN BAKER AIRCRAFT CO., LTD.",client,Technology & Telecom
client_00948,RECREATION VEHICLE INDUSTRY ASSOCIATION,client,Government & Nonprofit
client_00949,CORECIVIC,client,Other / Multi-sector
client_00950,"AXIOM SPACE, INC.",client,Other / Multi-sector
client_00951,"BEIJING XIAOMI MOBILE SOFTWARE CO., LTD (FKA EDWARD B. MACMAHON, JR., PLC)",client,Technology & Telecom
client_00952,"MCGRAW HILL, LLC",client,Other / Multi-sector
client_00953,"PLANNED PARENTHOOD FEDERATION OF AMERICA, INC",client,Other / Multi-sector
client_00954,AMERICAN FOREIGN SERVICE ASSOCIATION,client,Government & Nonprofit
client_00955,"CITY OF ATLANTA, GA",client,Other / Multi-sector
client_00956,MMM HEALTHCARE,client,Healthcare & Pharma
client_00957,NATIONAL NURSES UNITED,client,Other / Multi-sector
client_00958,SUNTRUST BANK,client,Finance & Banking
client_00959,CVS HEALTH INC,client,Healthcare & Pharma
client_00960,AMERICAN SOCIETY OF PLASTIC SURGERY,client,Other / Multi-sector
client_00961,ENERGY INFRASTRUCTURE COUNCIL FKA MASTER LIMITED PARTNERSHIP ASSOCIATION,client,Energy & Environment
client_00962,AUGUSTA UNIVERSITY (FORMERLY GEORGIA REGENTS UNIVERSITY),client,Education & Research
client_00963,AMERICAN SUPERCONDUCTOR CORPORATION,client,Other / Multi-sector
client_00964,CHILDREN'S TUMOR FOUNDATION,client,Education & Research
client_00965,KUWAIT & GULF LINK HOLDING,client,Technology & Telecom
client_00966,MOVING HEALTH HOME,client,Healthcare & Pharma
client_00967,NAMM: NATIONAL ASSOCIATION OF MUSIC MERCHANTS,client,Government & Nonprofit
client_00968,REVENUE BASED FINANCE COALITION,client,Energy & Environment
client_00969,KINDRED HEALTHCARE D/B/A SCIONHEALTH,client,Healthcare & Pharma
client_00970,"OVERSEAS SHIPHOLDING GROUP, INC.",client,Other / Multi-sector
client_00971,"SIX CONTINENTS HOTELS, INC. D/B/A IHG HOTELS & RESORTS",client,Other / Multi-sector
client_00972,TEXAS STATE UNIVERSITY SYSTEM,client,Education & Research
client_00974,ASSURED GUARANTY MUNICIPAL CORP.,client,Other / Multi-sector
client_00975,"AT&T SERVICES, INC.",client,Other / Multi-sector
client_00976,BLACK HILLS CORPORATION,client,Other / Multi-sector
client_00977,GREATER NEW YORK HOSPITAL ASSN,client,Healthcare & Pharma
client_00978,VERTEX PHARMACEUTICALS,client,Healthcare & Pharma
client_00979,ZILLOW INC,client,Other / Multi-sector
client_00980,SALT RIVER PIMA MARICOPA INDIAN COMMUNITY,client,Other / Multi-sector
client_00981,PHYSICIANS COMMITTEE FOR RESPONSIBLE MEDICINE,client,Other / Multi-sector
client_00982,NATIONAL ASSOCIATION OF ELEMENTARY SCHOOL PRINCIPALS (NAESP),client,Education & Research
client_00983,CORRECTIONAL VENDORS ASSOCIATION,client,Government & Nonprofit
client_00984,FDD ACTION,client,Other / Multi-sector
client_00985,NATIXIS INVESTMENT MANAGERS LLC,client,Finance & Banking
client_00986,NATURAL GAS SUPPLY ASSOCIATION,client,Energy & Environment
client_00987,BATTERY MATERIALS AND TECHNOLOGY COALITION,client,Energy & Environment
client_00988,CITY OF PHOENIX AZ,client,Other / Multi-sector
client_00989,GE AEROSPACE,client,Defense & Aerospace
client_00990,"MERCARI, INC.",client,Other / Multi-sector
client_00991,"PROLACTA BIOSCIENCE, INC.",client,Other / Multi-sector
client_00992,PUBLIC ACCESS TO SUNSCREENS (PASS) COALITION,client,Energy & Environment
client_00993,RTX CORPORATION,client,Other / Multi-sector
client_00994,BOYD GAMING CORPORATION,client,Other / Multi-sector
client_00996,VECTOR GROUP LTD,client,Other / Multi-sector
client_00997,HELENA AGRI-ENTERPRISES LLC FORMERLY REPORTED AS HELENA CHEMICAL COMPANY,client,Transportation & Auto
client_00998,S&P GLOBAL,client,Other / Multi-sector
client_00999,UNITEDHEALTH GROUP,client,Healthcare & Pharma
client_01000,UNIVERSITY OF NEBRASKA,client,Education & Research
client_01001,CITY OF OAKLAND,client,Other / Multi-sector
client_01002,CHRISTIANS UNITED FOR ISRAEL ACTION FUND,client,Other / Multi-sector
client_01003,"ACCENTCARE, INC.",client,Other / Multi-sector
client_01004,ENTEGRIS,client,Other / Multi-sector
client_01006,MASS GENERAL BRIGHAM (FORMERLY KNOWN AS PARTNERS HEALTHCARE),client,Healthcare & Pharma
client_01007,NOVOCURE INC.,client,Other / Multi-sector
client_01008,SANDOZ INC,client,Other / Multi-sector
client_01009,"HIMS & HERS HEALTH, INC.",client,Healthcare & Pharma
client_01010,PROMERICA FINANCIAL CORPORATION,client,Finance & Banking
client_01011,SOLARWINDS CORPORATION,client,Other / Multi-sector
client_01012,APTERA MOTORS CORP,client,Other / Multi-sector
client_01013,WOOLPERT CORPORATION,client,Other / Multi-sector
client_01014,AMERICAN CLEANING INSTITUTE (FORMERLY KNOWN AS THE SOAP & DETERGENT ASSOCIATION),client,Education & Research
client_01015,"ALLISON TRANSMISSION, INC.",client,Other / Multi-sector
client_01016,COALITION FOR SUSTAINABLE MULTIFAMILY HOUSING,client,Energy & Environment
client_01017,SUN LIFE FINANCIAL (U.S.) SERVICES COMPANY INC.,client,Finance & Banking
client_01018,TANIUM INC.,client,Other / Multi-sector
client_01019,TIKTOK INC.,client,Other / Multi-sector
client_01020,WASHINGTON UNIVERSITY IN ST LOUIS,client,Education & Research
client_01021,TOY ASSOCIATION INC,client,Government & Nonprofit
client_01022,WISPA- WIRELESS INTERNET SERVICE PROVIDERS ASSOCIATION,client,Government & Nonprofit
client_01023,DYNAVAX TECHNOLOGIES,client,Other / Multi-sector
client_01024,ACCENTURE,client,Other / Multi-sector
client_01026,DELTA,client,Other / Multi-sector
client_01027,LEBANESE AMERICAN UNIVERSITY,client,Education & Research
client_01028,MCGRAW-HILL EDUCATION,client,Education & Research
client_01029,NATIONAL PAWNBROKERS ASSOCIATION,client,Government & Nonprofit
client_01030,"RIVIAN AUTOMOTIVE, LLC",client,Transportation & Auto
client_01031,SRC INC.,client,Other / Multi-sector
client_01032,THE EARLY CARE AND EDUCATION CONSORTIUM,client,Education & Research
client_01033,"THE GOLDMAN SACHS GROUP, INC",client,Finance & Banking
client_01034,TRIPLE-S MANAGEMENT CORPORATION,client,Other / Multi-sector
client_01035,UNITED STATES CELLULAR CORPORATION,client,Other / Multi-sector
client_01036,STRATA CLEAN ENERGY,client,Energy & Environment
client_01037,AL JAZEERA MEDIA NETWORK,client,Other / Multi-sector
client_01038,GLOBALFOUNDRIES U.S. INC.,client,Other / Multi-sector
client_01039,REPUBLICAN JEWISH COALITION,client,Energy & Environment
client_01040,SOUTHWEST AIRLINES PILOTS' ASSOCIATION,client,Technology & Telecom
client_01041,TRANSPORTATION INSTITUTE,client,Transportation & Auto
client_01042,WILDLIFE CONSERVATION SOCIETY,client,Other / Multi-sector
client_01043,TRACTOR SUPPLY COMPANY,client,Other / Multi-sector
client_01044,"CARE IN ACTION, INC.",client,Other / Multi-sector
client_01045,KANSAS STATE UNIVERSITY,client,Education & Research
client_01046,ATRIUM HEALTH WAKE FOREST BAPTIST,client,Healthcare & Pharma
client_01047,"CENTINEL PUBLIC PARTNERSHIPS, LLC",client,Other / Multi-sector
client_01048,ENVIVA INC. (FKA ENVIVA HOLDINGS LP),client,Other / Multi-sector
client_01049,MILLE LACS BAND OF OJIBWE INDIANS,client,Other / Multi-sector
client_01050,REH COMPANY (FORMERLY THE SINCLAIR COMPANIES),client,Technology & Telecom
client_01051,REWORLD (F/K/A COVANTA ENERGY CORPORATION),client,Energy & Environment
client_01052,SOCIETY FOR WORLDWIDE INTERBANK FINANCIAL TELECOMMUNICATION SC,client,Finance & Banking
client_01053,ASCENSION HEALTH,client,Healthcare & Pharma
client_01055,VESTAS-AMERICAN WIND TECHNOLOGY INC,client,Technology & Telecom
client_01056,INSTITUTE FOR PORTFOLIO ALTERNATIVES FORMERLY INVESTMENT PROGRAM ASSOCIATION,client,Finance & Banking
client_01057,AIRLINES FOR AMERICA (FORMERLY AIR TRANSPORT ASSOCIATION OF AMERICA INC.),client,Technology & Telecom
client_01058,BLUEHALO CORPORATION,client,Other / Multi-sector
client_01059,COHERENT,client,Other / Multi-sector
client_01060,NORTH CAROLINA MILITARY AFFAIRS COMMISSION,client,Defense & Aerospace
client_01061,US PHYSICIAN PARTNERS (INFORMAL COALITION),client,Energy & Environment
client_01062,SANDY HOOK PROMISE ACTION FUND,client,Other / Multi-sector
client_01063,SKYDWELLER AERO INC.,client,Other / Multi-sector
client_01064,BOARD OF REGENTS OF UNIVERSITY OF WISCONSIN SYSTEM,client,Education & Research
client_01065,CHEVRON PHILLIPS CHEMICAL COMPANY LP,client,Other / Multi-sector
client_01067,RIL USA,client,Other / Multi-sector
client_01068,SOUTH FLORIDA ADMIRALTY TRIAL LAWYERS ASSOCIATION,client,Government & Nonprofit
client_01069,CONSOL ENERGY INC,client,Energy & Environment
client_01070,MASTERCARD WORLDWIDE,client,Other / Multi-sector
client_01071,"AMERICAN INTERNATIONAL GROUP, INC.",client,Other / Multi-sector
client_01072,NASDAQ INC,client,Other / Multi-sector
client_01073,NATIONAL ASSOCIATION OF SECONDARY SCHOOL PRINCIPALS,client,Education & Research
client_01074,SALLIE MAE BANK,client,Finance & Banking
client_01075,TARGA RESOURCES PARTNERS LP,client,Other / Multi-sector
client_01076,WINDOW COVERING MANUFACTURERS ASSOCIATION,client,Government & Nonprofit
client_01077,NATIONAL ASSOCIATION FOR THE ADVANCEMENT OF COLORED PEOPLE,client,Government & Nonprofit
client_01078,NATIONAL RURAL HEALTH ASSOCATION,client,Healthcare & Pharma
client_01079,L3 HARRIS TECHNOLOGIES,client,Other / Multi-sector
client_01080,AMERICAN SMALL MANUFACTURERS COALITION,client,Energy & Environment
client_01081,ENBRIDGE (U.S.) INC. (FORMERLY SPECTRA ENERGY),client,Energy & Environment
client_01082,"ENTERPRISE HOLDINGS, INC. DBA ENTERPRISE MOBILITY",client,Other / Multi-sector
client_01083,"KROLL BOND RATING AGENCY, INC.",client,Government & Nonprofit
client_01084,INVESTMENT ADVISER ASSOCIATION,client,Finance & Banking
client_01085,LUMMI NATION,client,Other / Multi-sector
client_01086,ROYAL CARIBBEAN CRUISES LTD.,client,Other / Multi-sector
client_01087,TATA CONSULTANCY SERVICES,client,Other / Multi-sector
client_01088,INTERNATIONAL FEDERATION OF PROFESSIONAL AND TECHNICAL ENGINEERS (IFPTE),client,Other / Multi-sector
client_01089,DARLING INGREDIENTS INC,client,Other / Multi-sector
client_01090,INTERNATIONAL LONGSHORE AND WAREHOUSE UNION,client,Other / Multi-sector
client_01091,PERATON CORP.,client,Other / Multi-sector
client_01092,ARDENT HEALTH SERVICES,client,Healthcare & Pharma
client_01093,BIOTECHNOLOGY INNOVATION ORGANIZATION (FORMERLY BIOTECHNOLOGY INDUSTRY ORG.),client,Healthcare & Pharma
client_01094,CRESCO LABS LLC,client,Other / Multi-sector
client_01095,NEWS/MEDIA ALLIANCE,client,Other / Multi-sector
client_01096,OCCIDENTAL PETROLEUM CORPORATION,client,Energy & Environment
client_01099,SYSCO CORPORATION,client,Other / Multi-sector
client_01100,ULTRA FKA ULTRA ELECTRONICS - FLIGHTLINE SYSTEMS,client,Other / Multi-sector
client_01101,VALERO ENERGY CORP.,client,Energy & Environment
client_01102,WABTEC CORPORATION,client,Other / Multi-sector
client_01104,NATIONAL POTATO COUNCIL,client,Other / Multi-sector
client_01105,"TRUEBLUE, INC.",client,Other / Multi-sector
client_01106,ASSOCIATION FOR BEHAVIORAL HEALTH AND WELLNESS,client,Healthcare & Pharma
client_01107,IRAQ AND AFGHANISTAN VETERANS OF AMERICA INC,client,Other / Multi-sector
client_01108,ACG ADVOCACY ON BEHALF OF RELX INC.,client,Other / Multi-sector
client_01109,BALFOUR BEATTY COMMUNITIES,client,Other / Multi-sector
client_01110,MARINETTE MARINE CORPORATION,client,Other / Multi-sector
client_01111,ONEIDA INDIAN NATION,client,Other / Multi-sector
client_01112,SABINE-NECHES NAVIGATION DISTRICT,client,Other / Multi-sector
client_01113,START EARLY,client,Other / Multi-sector
client_01114,AITEO GROUP,client,Technology & Telecom
client_01115,ALLIANCE FOR RURAL HOSPITAL ACCESS,client,Healthcare & Pharma
client_01116,XYLEM INC.,client,Other / Multi-sector
client_01117,CENTURY ALUMINUM,client,Other / Multi-sector
client_01118,GOOGLE PUBLIC SECTOR (FKA GOOGLE CLOUD),client,Technology & Telecom
client_01119,HONEYWELL INTERNATIONAL,client,Other / Multi-sector
client_01120,INTELLECTUAL KEYSTONE TECHNOLOGY LLC,client,Technology & Telecom
client_01121,"MCWANE, INC.",client,Other / Multi-sector
client_01122,MGM RESORTS,client,Transportation & Auto
client_01123,"NORTH AMERICAN SUBARU, INC.",client,Other / Multi-sector
client_01124,SANFORD HEALTH,client,Healthcare & Pharma
client_01125,SHARE OUR STRENGTH,client,Other / Multi-sector
client_01126,UAB HEALTH SYSTEM,client,Healthcare & Pharma
client_01128,SOUTHERN UTE INDIAN TRIBE,client,Other / Multi-sector
client_01129,ADVENTIST HEALTHCARE,client,Healthcare & Pharma
client_01130,"AMERICAN HONDA MOTOR CO., INC.",client,Other / Multi-sector
client_01131,NATIONAL ORGANIZATION FOR RARE DISORDERS INC (NORD),client,Other / Multi-sector
client_01132,SES S.A. FORMERLY KNOWN AS INTELSAT US LLC,client,Other / Multi-sector
client_01133,BLOOMBERG PHILANTHROPIES,client,Other / Multi-sector
client_01134,"ESSILORLUXOTTICA (FKA ESSILOR OF AMERICA, INC.)",client,Other / Multi-sector
client_01135,GOTENNA,client,Other / Multi-sector
client_01136,"PERNOD RICARD USA., LLC",client,Other / Multi-sector
client_01137,RESTAURANT BRANDS INTERNATIONAL INC (RBI),client,Other / Multi-sector
client_01138,RSM,client,Other / Multi-sector
client_01139,"CLEAN AIR TASK FORCE, INC.",client,Technology & Telecom
client_01140,"MGM PUBLIC POLICY, LLC",client,Transportation & Auto
client_01141,"DJI TECHNOLOGY, INC.",client,Technology & Telecom
client_01142,ELECTROLUX NORTH AMERICA,client,Other / Multi-sector
client_01143,THE UNIVERSITY OF TEXAS SYSTEM,client,Education & Research
client_01144,VANDERBILT UNIVERSITY,client,Education & Research
client_01145,ALASKA RAILROAD CORP,client,Technology & Telecom
client_01146,AMAZON.COM,client,Technology & Telecom
client_01148,ARCH CAPITAL GROUP (U.S.) INC.,client,Finance & Banking
client_01149,AUTONOMOUS VEHICLE INDUSTRY ASSOCIATION,client,Transportation & Auto
client_01150,NAVIGATOR CO2 VENTURES LLC,client,Other / Multi-sector
client_01151,PGA TOUR,client,Other / Multi-sector
client_01152,"SOLV ENERGY, LLC",client,Energy & Environment
client_01153,CALIFORNIA MEDICAL ASSOCIATION INC,client,Healthcare & Pharma
client_01154,CAMECO CORPORATION,client,Other / Multi-sector
client_01155,VISTRA CORPORATE SERVICES COMPANY,client,Other / Multi-sector
client_01156,"VOYAGER SPACE HOLDINGS, INC.",client,Other / Multi-sector
client_01157,BIOCOM,client,Other / Multi-sector
client_01158,ALLIANCE FOR HOME DIALYSIS,client,Other / Multi-sector
client_01159,AMERICAN ACADEMY OF PHYSICIAN ASSOCIATES,client,Other / Multi-sector
client_01160,AMERICAN ASSOCIATION OF TISSUE BANKS,client,Finance & Banking
client_01161,"ASG RESOLUTION CAPITAL, JSC ON BEHALF OF ERNESTS BERNIS",client,Finance & Banking
client_01162,"CENCORA, INC.",client,Other / Multi-sector
client_01164,COMMONWEALTH LNG,client,Other / Multi-sector
client_01165,EXPERIAN NORTH AMERICA,client,Other / Multi-sector
client_01166,FEDERAL HOME LOAN BANK OF NEW YORK,client,Finance & Banking
client_01167,NATIONAL FRATERNAL ORDER OF POLICE,client,Other / Multi-sector
client_01168,PASCUA YAQUI TRIBE,client,Other / Multi-sector
client_01169,PHRMA INC.,client,Other / Multi-sector
client_01170,SEAFARERS INTERNATIONAL UNION OF N.A. - AGLIW,client,Other / Multi-sector
client_01171,FUJIFILM HOLDINGS AMERICA CORPORATION,client,Other / Multi-sector
client_01172,BRIDGESTONE AMERICAS HOLDING INC,client,Other / Multi-sector
client_01173,NEWS MEDIA ALLIANCE,client,Other / Multi-sector
client_01174,COMPETE AMERICA,client,Other / Multi-sector
client_01175,GLOBAL BUSINESS TRAVEL ASSOCIATION,client,Government & Nonprofit
client_01176,ISLAND MOUNTAIN DEVELOPMENT GROUP (IMDG),client,Technology & Telecom
client_01177,AIG,client,Technology & Telecom
client_01178,EAGLEPICHER TECHNOLOGIES LLC,client,Other / Multi-sector
client_01179,NATIONAL ASSOCIATION OF FREESTANDING EMERGENCY CENTERS (NAFEC),client,Government & Nonprofit
client_01180,THE UNIVERSITY OF TENNESSEE,client,Education & Research
client_01181,SEATTLE CHILDREN'S HOSPITAL RESEARCH AND FOUNDATION,client,Healthcare & Pharma
client_01182,TACOMA PUBLIC UTILITIES,client,Other / Multi-sector
client_01183,ALLSTATE INSURANCE COMPANY,client,Other / Multi-sector
client_01184,AMERICAN RESORT DEVELOPMENT ASSOCIATION,client,Government & Nonprofit
client_01186,MEDELA LLC,client,Other / Multi-sector
client_01187,"AMERICAN FLOOD COALITION ACTION, INC.",client,Energy & Environment
client_01188,ARCTIC SLOPE REGIONAL CORPORATION,client,Other / Multi-sector
client_01190,EXPERIAN INC,client,Other / Multi-sector
client_01191,FITBIT LLC,client,Other / Multi-sector
client_01192,"GUARDING AGAINST PANDEMICS, INC.",client,Technology & Telecom
client_01193,JBS USA FOOD COMPANY,client,Agriculture & Food
client_01194,PHARMACEUTICAL CARE MANAGEMENT ASSOCIATION (PCMA),client,Healthcare & Pharma
client_01195,FEDERAL AGRICULTURAL MORTGAGE CORPORATION,client,Government & Nonprofit
client_01196,"ALTICOR, INC.",client,Other / Multi-sector
client_01197,AM GENERAL CORPORATION,client,Other / Multi-sector
client_01198,"ARES MANAGEMENT, FORMERLY REPORTED AS, ARES MANAGEMENT LLC",client,Transportation & Auto
client_01199,DOMINO'S NATIONAL ADVERTISING FUND INC,client,Other / Multi-sector
client_01200,EXPERIMENTAL AIRCRAFT ASSOCIATION INC,client,Technology & Telecom
client_01201,FARMERS EDUCATIONAL COOPERATIVE UNION OF AMERICA,client,Agriculture & Food
client_01202,KING COUNTY,client,Other / Multi-sector
client_01203,LS POWER,client,Energy & Environment
client_01204,MATRIX DESIGN GROUP ON BEHALF OF THE VIRGINIA SEC. OF VETERANS & DEFENSE AFFAIRS,client,Defense & Aerospace
client_01205,MORGAN STANLEY DEAN WITTER & COMPANY,client,Other / Multi-sector
client_01206,SNAC INTERNATIONAL,client,Other / Multi-sector
client_01207,SPARTANBURG REGIONAL HEALTHCARE SYSTEM,client,Healthcare & Pharma
client_01208,TEXAS ASSOCIATION FOR HOME CARE & HOSPICE,client,Government & Nonprofit
client_01209,VALERO ENERGY,client,Energy & Environment
client_01210,NATIONAL RIGHT LIFE COMMITTEE,client,Other / Multi-sector
client_01212,BROWN UNIVERSITY,client,Education & Research
client_01213,"CHEVRON U.S.A., INC.",client,Other / Multi-sector
client_01214,COLORADO STATE UNIVERSITY FOUNDATION,client,Education & Research
client_01215,DENVER REGIONAL TRANSPORTATION DISTRICT,client,Transportation & Auto
client_01216,AMNESTY INTERNATIONAL OF THE USA INC,client,Other / Multi-sector
client_01217,ASSOCIATION OF ORGAN PROCUREMENT ORGANIZATIONS,client,Government & Nonprofit
client_01218,"CERES, INC.",client,Other / Multi-sector
client_01219,"GILEAD SCIENCES, INC.",client,Other / Multi-sector
client_01220,"GOVERNOR'S DEFENSE INITIATIVE, GEORGIA DEPT. OF ECONOMIC DEVELOPMENT",client,Defense & Aerospace
client_01221,SHINGLE SPRINGS RANCHERIA,client,Other / Multi-sector
client_01222,US GUATEMALA BUSINESS COUNCIL,client,Other / Multi-sector
client_01223,ZOCDOC,client,Other / Multi-sector
client_01225,AMERICAN PACIFIC,client,Other / Multi-sector
client_01226,AMERICAN RETIREMENT ASSOCIATION (FORMERLY ASPPA),client,Government & Nonprofit
client_01227,KOHLBERG KRAVIS ROBERTS & COMPANY,client,Other / Multi-sector
client_01229,"MANAGEMENT HEALTH SYSTEMS, LLC (D/B/A MEDPRO)",client,Healthcare & Pharma
client_01230,MUSCOGEE CREEK NATION,client,Other / Multi-sector
client_01231,NATIONAL ASSOCIATION OF RURAL HEALTH CLINICS,client,Healthcare & Pharma
client_01232,NORD STREAM 2 AG,client,Other / Multi-sector
client_01233,STARKIST CO,client,Other / Multi-sector
client_01234,THE PATRIOTIC MILLIONAIRES LLC,client,Technology & Telecom
client_01235,"THE VUCCI LAW GROUP, P.A.",client,Other / Multi-sector
client_01236,OHIO FARM BUREAU FEDERATION,client,Agriculture & Food
client_01237,HERMEUS CORP.,client,Other / Multi-sector
client_01238,ABBVIE,client,Healthcare & Pharma
client_01239,CENTRIENT PHARMACEUTICALS LLC,client,Healthcare & Pharma
client_01240,CEO ADVISORS,client,Legal & Lobbying
client_01241,COIN CENTER INC.,client,Other / Multi-sector
client_01242,DELTA AIRLINES,client,Technology & Telecom
client_01243,HYUNDAI STEEL COMPANY,client,Technology & Telecom
client_01244,KUCOIN,client,Other / Multi-sector
client_01245,NATIONAL ASSOCIATION OF REAL ESTATE INVESTMENT TRUSTS,client,Finance & Banking
client_01246,NATIONAL ELECTRICAL MANUFACTURERS ASSOCIATION (MITA),client,Energy & Environment
client_01247,RSM US LLP (FORMERLY KNOWN AS MCGLADREY LLP),client,Legal & Lobbying
client_01248,V2X,client,Other / Multi-sector
client_01249,ACHIEVE,client,Other / Multi-sector
client_01250,THE NATIONAL ALLIANCE FOR EYE AND VISION RESEARCH,client,Education & Research
client_01251,DRUMMOND COMPANY INC.,client,Other / Multi-sector
client_01252,COMMUNITY BANKERS ASSOCIATION OF ILLINOIS,client,Finance & Banking
client_01253,CURE SMA,client,Other / Multi-sector
client_01254,"ENERGY TRANSFER PARTNERS, L.P.",client,Energy & Environment
client_01255,SANOFI US SERVICES INC (FORMERLY KNOWN AS GENZYME CORPORATION),client,Other / Multi-sector
client_01256,NATIONWIDE CHILDREN'S HOSPITAL INC,client,Healthcare & Pharma
client_01257,"DIGESTIVE HEALTH PHYSICIANS ASSOCIATION, INC.",client,Healthcare & Pharma
client_01258,DTEK INTERNATIONAL LIMITED,client,Other / Multi-sector
client_01259,ENVIRI F/K/A HARSCO CORPORATION,client,Other / Multi-sector
client_01260,FOOD AND AGRICULTURE CLIMATE ALLIANCE,client,Energy & Environment
client_01261,HNTB CORPORATION,client,Other / Multi-sector
client_01262,"IGM BIOSCIENCES, INC.",client,Transportation & Auto
client_01263,"NASDAQ OMX GROUP (FORMERLY ""THE NASDAQ STOCK MARKET"")",client,Other / Multi-sector
client_01264,NATIONAL CABLE & TELECOMMUNICATIONS ASSOCIATION,client,Technology & Telecom
client_01265,NRG ENERGY,client,Energy & Environment
client_01266,THE MEDICAL DEVICE COMPETITIVENESS COALITION,client,Healthcare & Pharma
client_01267,NATIONAL CANNABIS ROUNDTABLE,client,Other / Multi-sector
client_01268,FINANCIAL INNOVATION NOW,client,Finance & Banking
client_01269,FIRSTENERGY SERVICE COMPANY,client,Energy & Environment
client_01272,PROFESSIONAL BACKGROUND SCREENERS ASSOCIATION,client,Government & Nonprofit
client_01273,SHIPPERS COALITION,client,Energy & Environment
client_01274,LOYOLA UNIVERSITY CHICAGO,client,Education & Research
client_01275,"AMAZON.COM, INC.",client,Technology & Telecom
client_01276,ATHENE USA,client,Other / Multi-sector
client_01277,"BOOM TECHNOLOGY, INC.",client,Technology & Telecom
client_01278,INDEPENDENT PILOTS ASSOCIATION,client,Government & Nonprofit
client_01279,MAMMOTH ENERGY SERVICES INC,client,Energy & Environment
client_01280,PECHANGA BAND OF LUISENO MISSION INDIANS,client,Other / Multi-sector
client_01281,PILOT TRAVEL CENTERS LLC (F/K/A PILOT FLYING J),client,Other / Multi-sector
client_01282,"TOTALENERGIES WASHINGTON OFFICE, F/K/A TOTAL WASHINGTON, DC REPRESENTATIVE OFFIC",client,Other / Multi-sector
client_01283,TWIN METALS MINNESOTA LLC,client,Technology & Telecom
client_01284,ASSN. OF STATE AND TERRITORIAL HEALTH OFFICIALS,client,Healthcare & Pharma
client_01285,NATIONAL ASSOCIATION OF SPINE SPECIALISTS,client,Government & Nonprofit
client_01286,FEDEX CORPORATION,client,Other / Multi-sector
client_01287,FOUNDATION MEDICINE,client,Education & Research
client_01288,KIDNEY CARE PARTNERS,client,Other / Multi-sector
client_01289,"OAK VIEW GROUP, LLC",client,Other / Multi-sector
client_01290,ORANGE COUNTY TRANSPORTATION AUTHORITY,client,Transportation & Auto
client_01291,PLAINS ALL AMERICAN GP LLC,client,Technology & Telecom
client_01292,UNIVERSITY OF IOWA,client,Education & Research
client_01293,UNIVERSITY OF WISCONSIN MEDICAL FOUNDATION/UW HEALTH,client,Healthcare & Pharma
client_01294,SMURFIT WESTROCK(FKA WESTROCK),client,Other / Multi-sector
client_01295,PET FOOD INSTITUTE,client,Agriculture & Food
client_01296,ALTERNATIVE & DIRECT INVESTMENT SECURITIES ASSOCIATION,client,Finance & Banking
client_01297,ALIGNING FOR HEALTH,client,Healthcare & Pharma
client_01298,AIR AND SPACE FORCES ASSOCIATION (F/K/A AIR FORCE ASSOCIATION),client,Technology & Telecom
client_01299,AIRBNB,client,Technology & Telecom
client_01300,AMERICAN HONEY PRODUCERS ASSOCIATION,client,Government & Nonprofit
client_01301,APOLLO MANAGEMENT LP,client,Other / Multi-sector
client_01302,COWEN GROUP,client,Other / Multi-sector
client_01303,NATIONAL COALITION FOR ACCESS TO AUTISM SERVICES (NCAAS),client,Energy & Environment
client_01304,NORTHEAST ILLINOIS REGIONAL COMMUTER RAILROAD CORPORATION,client,Technology & Telecom
client_01305,SONOVA USA INC.,client,Other / Multi-sector
client_01307,B&H FOTO & ELECTRONICS CORP,client,Other / Multi-sector
client_01308,CIGAR RIGHTS OF AMERICA,client,Other / Multi-sector
client_01309,CLIMATE INNOVATION ACTION,client,Energy & Environment
client_01310,"COEUR MINING, INC.",client,Other / Multi-sector
client_01311,"ONEMAIN FINANCIAL GROUP, LLC",client,Finance & Banking
client_01312,"QEP RESOURCES, INC.",client,Other / Multi-sector
client_01313,ALLIANCE FOR PHYSICAL THERAPY QUALITY AND INNOVATION,client,Other / Multi-sector
client_01314,AMERICAN SOCIETY OF ADDICTION MEDICINE,client,Other / Multi-sector
client_01315,AIDS HEALTHCARE FOUNDATION,client,Healthcare & Pharma
client_01316,AMERICAN COLLEGE OF SURGEONS,client,Education & Research
client_01317,"AMERICAN FINANCIAL GROUP, INC.",client,Finance & Banking
client_01318,AMT - THE ASSOCIATION FOR MANUFACTURING TECHNOLOGY,client,Technology & Telecom
client_01319,ARCHER AVIATION INC.,client,Transportation & Auto
client_01320,BOSTON MEDICAL CENTER,client,Healthcare & Pharma
client_01321,CALIFORNIA RICE COMMISSION,client,Government & Nonprofit
client_01322,CELLEBRITE INC.,client,Other / Multi-sector
client_01323,CITADEL LLC,client,Other / Multi-sector
client_01324,"CME GROUP, INC.",client,Other / Multi-sector
client_01325,DISCOVERY COMMUNICATIONS,client,Other / Multi-sector
client_01326,EMBRAER EMPRESA BRASILEIRA DE AERONAUTICA S.A.,client,Other / Multi-sector
client_01327,FRANKLIN TEMPLETON INVESTMENTS,client,Finance & Banking
client_01328,GRANITE TELECOMMUNICATIONS,client,Technology & Telecom
client_01329,"GREAT BASIN TRANSMISSION, LLC",client,Other / Multi-sector
client_01330,HUDSON RIVER TRADING LLC,client,Other / Multi-sector
client_01331,"HUNTINGTON INGALLS INDUSTRIES, INC. (FKA HUNTINGTON INGALLS INCORPORATED)",client,Other / Multi-sector
client_01332,KLEINER PERKINS CAUFIELD & BYERS,client,Other / Multi-sector
client_01333,KRATOS DEFENSE & SECURITY SOLUTIONS,client,Defense & Aerospace
client_01334,KURDISTAN REGIONAL GOVERNMENT,client,Other / Multi-sector
client_01335,LARGE UROLOGY GROUP PRACTICE ASSOCIATION (LUGPA),client,Government & Nonprofit
client_01336,MARITIME INSTITUTE FOR RESEARCH AND INDUSTRIAL DEVELOPMENT,client,Education & Research
client_01337,MCKESSON CORPATION AND ITS AFFILIATE US ONCOLOGY (FORMERLY US ONCOLOGY),client,Other / Multi-sector
client_01338,MOLSON COORS BEVERAGE COMPANY USA LLC (FORMERLY KNOWN AS MILLERCOORS LLC),client,Other / Multi-sector
client_01339,OUTSOURCING FACILITIES ASSOCIATION,client,Government & Nonprofit
client_01340,PWC US GROUP LLP (FORMERLY PRICEWATERHOUSECOOPERS LLP),client,Legal & Lobbying
client_01341,"RED BULL NORTH AMERICA, INC.",client,Other / Multi-sector
client_01342,RTX CORPORATION (FKA RAYTHEON TECHNOLOGIES CORPORATION AND AFFILIATES),client,Defense & Aerospace
client_01343,SAFARI CLUB INTERNATIONAL,client,Other / Multi-sector
client_01344,"SECRETARY OF STATE, STATE OF DELAWARE",client,Other / Multi-sector
client_01345,SOUTHERN COMPANY,client,Other / Multi-sector
client_01346,SUMITOMO CORPORATION OF AMERICAS,client,Other / Multi-sector
client_01347,"SUN PHARMACEUTICAL INDUSTRIES, INC.",client,Healthcare & Pharma
client_01348,"SWIFT, INC.",client,Other / Multi-sector
client_01349,THE BUILDSTRONG COALITION,client,Energy & Environment
client_01350,"THE VANGUARD GROUP, INC.",client,Other / Multi-sector
client_01351,UNIVERSITY OF KANSAS,client,Education & Research
client_01352,UNITYPOINT HEALTH (FORMERLY KNOWN AS: IOWA HEALTH SYSTEM),client,Healthcare & Pharma
client_01353,ARTHUR J. GALLAGHER & CO.,client,Other / Multi-sector
client_01354,NATIONAL GRAIN AND FEED ASSOCIATION,client,Technology & Telecom
client_01356,"BREWER SCIENCE, INC.",client,Other / Multi-sector
client_01357,CENTRAL ARIZONA WATER CONSERVATION DISTRICT (CAWCD),client,Other / Multi-sector
client_01358,HISTORIC TAX CREDIT COALITION,client,Energy & Environment
client_01359,HUDSON TECHNOLOGIES,client,Other / Multi-sector
client_01360,MITSUBISHI ELECTRIC US INC,client,Energy & Environment
client_01361,NATIONAL COUNCIL FOR MENTAL WELLBEING FKA NATIONAL COUNCIL FOR BEHAVIORAL HEALTH,client,Healthcare & Pharma
client_01362,NEW YORK LIFE,client,Other / Multi-sector
client_01363,THE SENECA NATION OF INDIANS,client,Other / Multi-sector
client_01364,TRGROUP (ALSO DOING BUSINESS AS ACT - ALLIANCE FOR COMPETITIVE TAXATION),client,Other / Multi-sector
client_01365,FEDERATION FOR AMERICAN IMMIGRATION REFORM,client,Other / Multi-sector
client_01366,FINANCIAL OVERSIGHT AND MANAGEMENT BOARD FOR PUERTO RICO,client,Finance & Banking
client_01367,ARIANESPACE INC,client,Other / Multi-sector
client_01368,BRAEBURN INC FORMERLY KNOWN AS BRAEBURN PHARMACEUTICALS INC,client,Healthcare & Pharma
client_01369,DECISION SCIENCES INTERNATIONAL CORP,client,Other / Multi-sector
client_01370,NATIONAL ASSOCIATION OF DENTAL PLANS,client,Government & Nonprofit
client_01371,"ORMAT NEVADA, INC.",client,Other / Multi-sector
client_01372,THE ROTARY FOUNDATION OF ROTARY INTERNATIONAL,client,Education & Research
client_01373,URANIUM PRODUCERS OF AMERICA,client,Other / Multi-sector
client_01374,WEYERHAEUSER CO,client,Other / Multi-sector
client_01375,OHIO MUNICIPAL ELECTRIC ASSOCIATION,client,Energy & Environment
client_01376,"FENIX INTERNATIONAL, LTD.",client,Other / Multi-sector
client_01377,"ACCOUNTABLE FOR HEALTH, INC.",client,Healthcare & Pharma
client_01378,"AIR TRACTOR, INC.",client,Technology & Telecom
client_01379,BLUE CROSS BLUE SHIELD OF MASSACHUSETTS,client,Other / Multi-sector
client_01380,CONTRA COSTA WATER DISTRICT,client,Other / Multi-sector
client_01381,GEOTHERMAL EXCHANGE ORGANIZATION,client,Other / Multi-sector
client_01382,GLAXOSMITHKLINE,client,Other / Multi-sector
client_01383,"KELLOGG, BROWN AND ROOT (KBR)",client,Other / Multi-sector
client_01384,LONGEVITY HEALTH PLAN,client,Healthcare & Pharma
client_01386,NATIXIS IM,client,Other / Multi-sector
client_01387,"TE CONNECTIVITY, INC.",client,Other / Multi-sector
client_01388,VIETNAM VETERANS OF AMERICA,client,Other / Multi-sector
client_01389,WESTERN ALLIANCE BANCORPORATION,client,Other / Multi-sector
client_01390,NATIONAL AUTOMATIC MERCHANDISING ASSOCIATION,client,Transportation & Auto
client_01391,AMERICAN SOCIETY OF LANDSCAPE ARCHITECTS,client,Other / Multi-sector
client_01392,"PENSKE TRUCK LEASING COMPANY, L.P.",client,Other / Multi-sector
client_01393,BAY AREA RAPID TRANSIT DISTRICT,client,Other / Multi-sector
client_01394,DAYTON DEVELOPMENT COALITION,client,Energy & Environment
client_01395,GBX ASSOCIATES LLC,client,Other / Multi-sector
client_01396,HYUNDAI MOTOR COMPANY,client,Technology & Telecom
client_01397,IONQ INC.,client,Other / Multi-sector
client_01398,"LOCKTON MANAGEMENT, LLC",client,Other / Multi-sector
client_01399,"NATIONAL CABLE AND TELECOMMUNICATIONS ASSOCIATION (""NCTA"")",client,Technology & Telecom
client_01400,NATURAL GAS SUPPLY ASSN,client,Energy & Environment
client_01401,VIZIENT INC,client,Other / Multi-sector
client_01402,SAGINAW CHIPPEWA INDIAN TRIBE OF MICHIGAN,client,Other / Multi-sector
client_01403,OREGON HEALTH & SCIENCE UNIVERSITY,client,Healthcare & Pharma
client_01404,THE UNIVERSITY OF CHICAGO MEDICAL CENTER,client,Healthcare & Pharma
client_01405,AMALGAMATED TRANSIT UNION,client,Other / Multi-sector
client_01406,MERLIN LABS,client,Other / Multi-sector
client_01407,"TALLGRASS ENERGY PARTNERS, LP",client,Energy & Environment
client_01408,MEDISYS HEALTH NETWORK,client,Healthcare & Pharma
client_01409,NORTH AMERICAN EQUIPMENT DEALERS ASSOCIATION (FORMERLY KNOWN AS EQUIPMENT DEALER,client,Government & Nonprofit
client_01410,WINDOW AND DOOR MANUFACTURERS ASSOCIATION,client,Government & Nonprofit
client_01412,ASSOCIATION FOR MATERIALS PROTECTION AND PERFORMANCE (AMPP),client,Government & Nonprofit
client_01413,"CITY OF SEATTLE, WA",client,Other / Multi-sector
client_01414,CONTINUING MEDICAL EDUCATION COALITION,client,Healthcare & Pharma
client_01415,ECMC SHARED SERVICES CO. OBO ECMC,client,Other / Multi-sector
client_01416,EPIC SYSTEMS CORPORATION,client,Other / Multi-sector
client_01417,LVMH MOET HENNESSY LOUIS VUITTON INC.,client,Other / Multi-sector
client_01418,NUTRIEN US LLC,client,Other / Multi-sector
client_01420,"SIEMENS HEALTHINEERS (FKA VARIAN MEDICAL SYSTEMS, INC.)",client,Healthcare & Pharma
client_01421,TAXBIT,client,Other / Multi-sector
client_01422,"DIRECTORS GUILD OF AMERICA, INC.",client,Other / Multi-sector
client_01423,TC ENERGY,client,Energy & Environment
client_01424,AMEDISYS HOME HEALTH AND HOSPICE CARE,client,Healthcare & Pharma
client_01425,BIO-RAD LABORATORIES,client,Other / Multi-sector
client_01426,CARLYLE INVESTMENT MANAGEMENT,client,Finance & Banking
client_01427,"H&R BLOCK MANAGEMENT, LLC",client,Other / Multi-sector
client_01428,MUSKET CORPORATION,client,Other / Multi-sector
client_01429,NIDEC AMERICAS HOLDING CORPORATION,client,Other / Multi-sector
client_01430,TEXAS HOSPITAL ASSOCIATION,client,Healthcare & Pharma
client_01431,ZTE USA,client,Other / Multi-sector
client_01432,NAMMO INC.,client,Other / Multi-sector
client_01433,ACTE,client,Other / Multi-sector
client_01434,ALLIANCE FOR PHARMACY COMPOUNDING,client,Healthcare & Pharma
client_01435,AMERICAN ASSOCIATION OF ORAL AND MAXILLOFACIAL SURGEONS,client,Government & Nonprofit
client_01436,AMERICAN UNIVERSITY OF BEIRUT,client,Education & Research
client_01437,CVS PREVIOUSLY AETNA,client,Other / Multi-sector
client_01439,HARTFORD FINANCIAL SERVICES GROUP,client,Finance & Banking
client_01440,"KIOXIA AMERICA, INC.",client,Other / Multi-sector
client_01441,"MIZUHO BANK, LTD.",client,Finance & Banking
client_01442,NATIONAL ASSN OF BROADCASTERS,client,Other / Multi-sector
client_01444,UNIVERSITY OF LOUISVILLE,client,Education & Research
client_01445,NATIONAL CHILDREN'S ALLIANCE,client,Other / Multi-sector
client_01446,"OVINTIV, INC. (FKA ENCANA OIL AND GAS (USA), INC.)",client,Energy & Environment
client_01447,ASSOCIATION OF ACCESSIBLE MEDICINES (FORMERLY KNOWN AS GPHA),client,Government & Nonprofit
client_01448,EASTERN BAND OF CHEROKEE INDIANS,client,Other / Multi-sector
client_01449,"ELECTION SYSTEMS & SOFTWARE, LLC",client,Technology & Telecom
client_01450,EQUITABLE HOLDINGS (FORMERLY KNOW AS AXA FINANCIAL/EQUITABLE LIFE ASSURANCE,client,Finance & Banking
client_01451,"SOLUGEN, INC.",client,Other / Multi-sector
client_01452,WESTLAKE CHEMICAL PARTNERS LP,client,Other / Multi-sector
client_01453,SOUTH COAST AIR QUALITY MANAGEMENT DISTRICT,client,Technology & Telecom
client_01454,INTERNATIONAL ALLIANCE OF THEATRICAL STAGE EMPLOYEES,client,Other / Multi-sector
client_01455,SAAB,client,Other / Multi-sector
client_01456,AON SERVICE CORPORATION (FKA AON HEWITT),client,Other / Multi-sector
client_01457,BEST BUY CO. INC.,client,Other / Multi-sector
client_01458,"CJ AMERICA, INC.",client,Other / Multi-sector
client_01459,DYNAVAX TECHNOLOGIES CORP.,client,Other / Multi-sector
client_01460,LEVI STRAUSS & COMPANY,client,Other / Multi-sector
client_01461,NATIONAL SCHOOL TRANSPORTATION ASSOCIATION,client,Transportation & Auto
client_01462,THE ADVERTISING COALITION,client,Energy & Environment
client_01463,CALIFORNIA ASSOCIATION OF REALTORS,client,Government & Nonprofit
client_01464,"INDIANA FARM BUREAU, INC.",client,Agriculture & Food
client_01465,OVATION LLC,client,Other / Multi-sector
client_01466,BLOOD CANCER UNITED (FORMERLY REPORTED ASTHE LEUKEMIA AND LYMPHOMA SOCIETY),client,Transportation & Auto
client_01467,CENTER FOR PROCUREMENT ADVOCACY,client,Other / Multi-sector
client_01468,COALITION OF SEMICONDUCTOR EQUIPMENT MANUFACTURERS,client,Energy & Environment
client_01469,DEL MONTE FRESH PRODUCE COMPANY,client,Other / Multi-sector
client_01471,GSO CAPITAL PARTNERS,client,Finance & Banking
client_01472,NATIONAL FOOTBALL LEAGUE,client,Other / Multi-sector
client_01473,PARAMOUNT SKYDANCE CORPORATION (FKA PARAMOUNT GLOBAL),client,Other / Multi-sector
client_01474,TAXPAYERS AGAINST FRAUD,client,Technology & Telecom
client_01476,COALITION FOR THE 21ST CENTURY,client,Energy & Environment
client_01477,OGLETHORPE POWER CORPORATION,client,Energy & Environment
client_01478,"BECHTEL NATIONAL, INC.",client,Other / Multi-sector
client_01479,BORDER TRADE ALLIANCE,client,Other / Multi-sector
client_01480,CALIFORNIA SCHOOLS VOLUNTARY EMPLOYEE BENEFITS ASSOC. (VEBA),client,Education & Research
client_01481,CONAFAY GROUP ON BEHALF OF ANTIBIOTICS WORKING GROUP,client,Other / Multi-sector
client_01482,"ELUSYS THERAPEUTICS INC FKA NIGHTHAWK BIOSCIENCES, INC.",client,Other / Multi-sector
client_01483,"KARL STORZ ENDOSCOPY - AMERICA, INC",client,Other / Multi-sector
client_01484,LIBERTY MUTUAL (FORMERLY KNOWN AS AKIN GUMP ON BEHALF OF LIBERTY MUTUAL),client,Legal & Lobbying
client_01485,NATIONAL LIFELINE ASSOCIATION,client,Government & Nonprofit
client_01486,"PORT OF HOUSTON AUTHORITY OF HARRIS COUNTY, TEXAS",client,Transportation & Auto
client_01487,SALESFORCE.COM INC.,client,Other / Multi-sector
client_01488,SILICON VALLEY TAX DIRECTORS GROUP,client,Other / Multi-sector
client_01489,TC ENERGY CORPORATION,client,Energy & Environment
client_01490,SENTRY INSURANCE COMPANY (FORMERLY SENTRY INSURANCE A MUTUAL COMPANY),client,Other / Multi-sector
client_01491,"FINANCIAL DATA AND TECHNOLOGY ASSOCIATION, FORMERLY FIN'L DATA & TECH'Y ASS'N NA",client,Finance & Banking
client_01492,STONY BROOK UNIVERSITY SUNY STONY BROOK,client,Education & Research
client_01493,AMERICAN CLINICAL LABORATORY ASSOCIATION,client,Government & Nonprofit
client_01494,"BOEHRINGER INGELHEIM PHARMACEUTICALS, INC.",client,Healthcare & Pharma
client_01497,"GOODRX, INC.",client,Other / Multi-sector
client_01498,ONCOR ELECTRIC DELIVERY,client,Energy & Environment
client_01499,RICE UNIVERSITY,client,Education & Research
client_01500,SECURING AMERICA'S FUTURE ENERGY ALLIANCE,client,Energy & Environment
client_01501,"TRANSDIGM GROUP, INC.",client,Transportation & Auto
client_01502,"HELIX, INC.",client,Other / Multi-sector
client_01503,DANA-FARBER CANCER INSTITUTE,client,Education & Research
client_01504,"PRATT INDUSTRIES (USA), INC.",client,Other / Multi-sector
client_01505,INVITAE INC.,client,Other / Multi-sector
client_01506,ALBERTSONS COMPANIES INC.,client,Other / Multi-sector
client_01507,ANSCHUTZ ENTERTAINMENT GROUP INC.,client,Technology & Telecom
client_01508,BALL CORPORATION,client,Other / Multi-sector
client_01509,"BEONE MEDICINES USA, INC. (FKA BEIGENE USA, INC.)",client,Other / Multi-sector
client_01510,CONTINENTAL CASUALTY COMPANY,client,Other / Multi-sector
client_01511,GENTIVA (FORMERLY REPORTED AS HUMANA & KINDRED AT HOME),client,Transportation & Auto
client_01512,"OUTOKUMPU STAINLESS USA, LLC",client,Technology & Telecom
client_01514,"USA EB5 IMMIGRATION, LLC",client,Other / Multi-sector
client_01515,VOICES FOR NON-OPIOID CHOICES,client,Other / Multi-sector
client_01516,SHORELIGHT EDUCATION,client,Education & Research
client_01517,AMERICAN RENTAL ASSOCIATION,client,Government & Nonprofit
client_01518,COMPTEL DBA INCOMPAS,client,Other / Multi-sector
client_01519,COUNTY OF VENTURA,client,Other / Multi-sector
client_01520,DUKE ENERGY CORPORATION,client,Energy & Environment
client_01521,HO-CHUNK NATION LEGISLATURE,client,Other / Multi-sector
client_01523,MARE FINANCE INVESTMENT HOLDINGS,client,Finance & Banking
client_01524,MASSACHUSETTS MUTUAL LIFE INSURANCE COMPANY (MASSMUTUAL FINANCIAL GROUP),client,Finance & Banking
client_01525,MEDICAID AND MEDICARE ADVANTAGE PRODUCTS ASSOCIATION OF PUERTO RICO,client,Technology & Telecom
client_01526,NATAT (NATIONAL ASSN OF TOWNS AND TOWNSHIPS,client,Other / Multi-sector
client_01527,"REDDIT, INC.",client,Other / Multi-sector
client_01528,STATE OF CALIFORNIA,client,Other / Multi-sector
client_01529,"THE ACADEMY ADVISORS, INC.",client,Legal & Lobbying
client_01530,THE INTERNET & TELEVISION ASSN (FORMERLY NTL CABLE & TELECOMMUNICATIONS ASSN),client,Technology & Telecom
client_01531,"ATLANTIC DIVING SUPPLY, INC.",client,Other / Multi-sector
client_01532,NATIONAL COMMUNITY ACTION AGENCY,client,Government & Nonprofit
client_01533,PUBLIC POWER COUNCIL,client,Energy & Environment
client_01534,DELTA COUNCIL,client,Other / Multi-sector
client_01535,AMERICAN HOSPITAL ASSOCIATION,client,Healthcare & Pharma
client_01536,"EHEALTH INSURANCE SERVICES, INC.",client,Healthcare & Pharma
client_01537,MASSACHUSETTS MEDICAL SOCIETY,client,Healthcare & Pharma
client_01538,MAXAR TECHNOLOGIES HOLDINGS INC F/K/A SSL MDA HOLDINGS,client,Other / Multi-sector
client_01540,NATIONAL ASSOCIATION OF CHILDREN'S HOSPITALS,client,Healthcare & Pharma
client_01541,UNIVERSITY OF NORTH CAROLINA AT CHAPEL HILL,client,Education & Research
client_01542,SNOQUALMIE TRIBE,client,Other / Multi-sector
client_01543,"DR. REDDY'S LABORATORIES, LTD",client,Other / Multi-sector
client_01544,VANDERBILT UNIVERSITY MEDICAL CENTER,client,Healthcare & Pharma
client_01545,"CONTINENTAL TIRE THE AMERICAS, LLC FKA CONTINENTAL AUTOMOTIVE SYSTEMS US, INC.",client,Transportation & Auto
client_01546,ESS INC.,client,Other / Multi-sector
client_01547,FIRST SOLAR INC.,client,Other / Multi-sector
client_01548,NORC AT THE UNIVERSITY OF CHICAGO,client,Education & Research
client_01549,RENT-A-CENTER,client,Other / Multi-sector
client_01550,SOUTHWEST RESEARCH INSTITUTE,client,Education & Research
client_01551,"TEAMHEALTH HOLDINGS, INC.",client,Healthcare & Pharma
client_01552,"TIBER CREEK HEALTH STRATEGIES, INC. (ON BEHALF OF NOVARTIS)",client,Healthcare & Pharma
client_01553,UNIVERSITY OF PHOENIX,client,Education & Research
client_01555,VISA,client,Other / Multi-sector
client_01556,FOOD RESEARCH AND ACTION CENTER,client,Agriculture & Food
client_01557,"LIVERAMP, INC.",client,Other / Multi-sector
client_01558,"MEAD JOHNSON & COMPANY, LLC",client,Other / Multi-sector
client_01559,ALG SENIOR LLC,client,Other / Multi-sector
client_01560,AMERICAN ASSOCIATION OF CROP INSURERS (AACI),client,Government & Nonprofit
client_01561,CONSEJO COORDINADOR EMPRESARIAL,client,Other / Multi-sector
client_01562,CORAL ENERGY,client,Energy & Environment
client_01563,ENVIVA LLC (FORMERLY KNOWN AS ENVIVA LP),client,Other / Multi-sector
client_01564,FBI AGENTS ASSOCIATION,client,Government & Nonprofit
client_01565,"HYSTER-YALE MATERIALS HANDLING, INC.",client,Other / Multi-sector
client_01566,"LG ENERGY SOLUTION, LTD.",client,Energy & Environment
client_01567,"PCI SECURITY STANDARDS COUNCIL, LLC",client,Defense & Aerospace
client_01568,PIPE LINE CONTRACTORS ASSOCIATION,client,Government & Nonprofit
client_01569,RECEIVABLES MANAGEMENT ASSOCIATION F/K/A DEBT BUYERS ASSOCIATION,client,Government & Nonprofit
client_01570,RIADA (KNOWN AS BI-STATE REGIONAL COMMISSION - QUAD CITIES DEFENSE ALLIANCE),client,Defense & Aerospace
client_01571,SYRACUSE UNIVERSITY,client,Education & Research
client_01572,SOCIETY FOR NEUROSCIENCE,client,Other / Multi-sector
client_01573,MORTGAGE GUARANTY INSURANCE CORPORATION,client,Other / Multi-sector
client_01574,UNIVERSITY OF HOUSTON,client,Education & Research
client_01575,ACADEMY OF MODEL AERONAUTICS,client,Other / Multi-sector
client_01576,AMAZON CORPORATE LLC,client,Technology & Telecom
client_01577,GLOBAL LASER ENRICHMENT LLC,client,Other / Multi-sector
client_01578,"KINROSS GOLD U.S.A., INC.",client,Other / Multi-sector
client_01579,"LHC GROUP, INC.",client,Other / Multi-sector
client_01580,"PAUL, WEISS, RIFKIND, WHARTON & GARRISON LLP ON BEHALF OF QUALCOMM INCORPORATED",client,Legal & Lobbying
client_01581,"THE VINYL INSTITUTE, INC.",client,Education & Research
client_01582,UNIVERSITY OF MISSISSIPPI,client,Education & Research
client_01583,HEALTHCARE INSTITUTE OF NEW JERSEY,client,Healthcare & Pharma
client_01584,"SOLARWINDS, INC.",client,Other / Multi-sector
client_01585,ALLIANCE FOR TRADE ENFORCEMENT (AFTE),client,Other / Multi-sector
client_01586,AMERICANS FOR PUERTO RICO'S SELF-DETERMINATION,client,Other / Multi-sector
client_01587,"AMERIQUAL GROUP, LLC",client,Other / Multi-sector
client_01588,"ARCOSA, INC.",client,Other / Multi-sector
client_01590,CALPINE CORPORATION,client,Other / Multi-sector
client_01591,CMH SERVICES,client,Other / Multi-sector
client_01592,CONSORTIUM OF STATE MARITIME ACADEMIES,client,Other / Multi-sector
client_01593,DAIKIN U.S. CORPORATION,client,Technology & Telecom
client_01594,EVGO,client,Other / Multi-sector
client_01595,INNOVATIVE PAYMENTS ASSOCIATION,client,Government & Nonprofit
client_01596,IVANTI,client,Other / Multi-sector
client_01597,LAND O'LAKES INC,client,Other / Multi-sector
client_01598,MOTOROLA SOLUTIONS,client,Other / Multi-sector
client_01599,YARA NORTH AMERICA INC.,client,Other / Multi-sector
client_01600,AMERICAN PUBLIC POWER ASSOCIATION,client,Energy & Environment
client_01601,BALKAN ENERGY DMCC,client,Energy & Environment
client_01602,CIGNA CORPORATION AND SUBSIDIARIES,client,Other / Multi-sector
client_01603,CIRCLE,client,Other / Multi-sector
client_01605,HEALTHFIRST,client,Healthcare & Pharma
client_01606,"HELLEN SYSTEMS, LLC",client,Other / Multi-sector
client_01607,"KINDRED HEALTHCARE D/B/A SCIONHEALTH (FKA KINDRED HEALTHCARE OPERATING, INC)",client,Healthcare & Pharma
client_01608,LOUISIANA ARMED FORCES ALLIANCE (PREVIOUSLY KNOWN FORT POLK PROGRESS COMMITTEE),client,Other / Multi-sector
client_01609,META PLATFORMS INC (FORMERLY FACEBOOK INC & VARIOUS SUBSIDIARIES),client,Technology & Telecom
client_01610,PJM INTERCONNECTION LLC,client,Other / Multi-sector
client_01611,SORENSON HOLDINGS LLC,client,Other / Multi-sector
client_01612,"UNIVERSAL SAVINGS FOR AMERICANS, FORMERLY REPORTED AS, SAVINGUSA",client,Transportation & Auto
client_01613,"WYNN RESORTS, LIMITED",client,Other / Multi-sector
client_01614,"EXELA PHARMA SCIENCES, LLC",client,Healthcare & Pharma
client_01615,AMERICAN SOCIETY OF TRANSPLANT SURGEONS,client,Other / Multi-sector
client_01616,AMERICAN GASTROENTEROLOGICAL ASSOCIATION,client,Energy & Environment
client_01617,"ARAMARK SERVICES, INC.",client,Other / Multi-sector
client_01618,BAYER CORPORATION (FKA MONSANTO COMPANY),client,Other / Multi-sector
client_01619,BOMBARDIER AEROSPACE (HOLDINGS) USA INC (FORMER CLIENT BOMBARDIER TRANSIT CORP),client,Defense & Aerospace
client_01620,BROADCAST MUSIC INC,client,Other / Multi-sector
client_01621,BROWARD COUNTY FLORIDA,client,Other / Multi-sector
client_01622,"CONNECT HOLDING II, LLC D/B/A BRIGHTSPEED",client,Other / Multi-sector
client_01623,H & R BLOCK MANAGEMENT LLC,client,Other / Multi-sector
client_01624,HEALTH NET FEDERAL SERVICES,client,Healthcare & Pharma
client_01625,MCKESSON CORPORATION,client,Other / Multi-sector
client_01626,"MCS ADVANTAGE, INC.",client,Other / Multi-sector
client_01627,NATIONAL ASSOCIATION OF COMMUNITY HEALTH CENTERS,client,Healthcare & Pharma
client_01628,PEBBLE PARTNERSHIP LIMITED,client,Other / Multi-sector
client_01629,PURDUE PHARMA LLP,client,Healthcare & Pharma
client_01630,REFORM ACTION FUND,client,Other / Multi-sector
client_01631,TIMKEN COMPANY,client,Other / Multi-sector
client_01632,GIRL SCOUTS OF THE U.S.A.,client,Other / Multi-sector
client_01633,UNIVERSITY OF NORTH TEXAS SYSTEM,client,Education & Research
client_01634,ABBOTT,client,Other / Multi-sector
client_01635,AIRLINES FOR AMERICA,client,Technology & Telecom
client_01636,BOEHRINGER INGELHEIM,client,Other / Multi-sector
client_01637,CARDINAL HEALTH (F.K.A. THE GLOVER PARK GROUP),client,Healthcare & Pharma
client_01638,CONSTELLATION BRANDS,client,Other / Multi-sector
client_01639,DALLAS AREA RAPID TRANSIT (DART),client,Other / Multi-sector
client_01640,"DELTA AIR LINES, INC.",client,Technology & Telecom
client_01641,GEN DIGITAL INC (FORMERLY NORTONLIFELOCK INC.),client,Technology & Telecom
client_01642,"HERON THERAPEUTICS, INC.",client,Other / Multi-sector
client_01643,INTERNET WORKS,client,Other / Multi-sector
client_01644,INTRAFI,client,Other / Multi-sector
client_01645,"JOHN HANCOCK LIFE INSURANCE COMPANY (USA) (FKA JOHN HANCOCK FIN. SERVICES, INC.)",client,Other / Multi-sector
client_01648,"SANOFI, U.S.",client,Other / Multi-sector
client_01649,"STUBHUB, INC.",client,Other / Multi-sector
client_01650,MONSTER WORLDWIDE,client,Other / Multi-sector
client_01651,OREGON STATE UNIVERSITY,client,Education & Research
client_01653,"ACADIA PHARMACEUTICALS, INC.",client,Healthcare & Pharma
client_01654,AIRPORTS COUNCIL INTERNATIONAL - NORTH AMERICA,client,Technology & Telecom
client_01655,ALTRIA CLIENT SERVICES,client,Other / Multi-sector
client_01656,"AMGEN, INC.",client,Healthcare & Pharma
client_01657,AMGEN USA INC.,client,Healthcare & Pharma
client_01658,BAXTER,client,Other / Multi-sector
client_01659,BOSTON COLLEGE,client,Education & Research
client_01660,CCC INTELLIGENT SOLUTIONS INC.,client,Other / Multi-sector
client_01661,CREA,client,Other / Multi-sector
client_01662,EQUITY MARKETS ASSOCIATION,client,Government & Nonprofit
client_01663,FRED HUTCHINSON CANCER CENTER (FORMERLY KNOWN AS SEATTLE CANCER CARE ALLIANCE),client,Other / Multi-sector
client_01664,GATE GOURMET INC.,client,Other / Multi-sector
client_01665,GPA MIDSTREAM ASSOCIATION,client,Government & Nonprofit
client_01666,HEALTH AND HOSPITAL CORPORATION OF MARION COUNTY INDIANA,client,Healthcare & Pharma
client_01667,"INTERCONTINENTALEXCHANGE, INC.",client,Other / Multi-sector
client_01668,MONDELEZ INTERNATIONAL,client,Other / Multi-sector
client_01669,"NIANTIC, INC.",client,Other / Multi-sector
client_01670,"NOVARTIS, INC.",client,Other / Multi-sector
client_01671,"OCEAN AERO, INC.",client,Other / Multi-sector
client_01672,PORTABLE GENERATOR MANUFACTURERS ASSOCIATION (PGMA),client,Transportation & Auto
client_01673,"REPUBLIC SERVICES, INC.",client,Other / Multi-sector
client_01674,"STRIDE, INC.",client,Other / Multi-sector
client_01675,SUPIMA,client,Other / Multi-sector
client_01676,THE BANK OF NEW YORK MELLON,client,Finance & Banking
client_01677,TIBER CREEK GROUP (ON BEHALF OF VERTEX PHARMACEUTICALS),client,Healthcare & Pharma
client_01678,ZOETIS,client,Other / Multi-sector
client_01679,FAMILIES USA ACTION,client,Other / Multi-sector
client_01680,AMERICAN INSURANCE ASSN,client,Other / Multi-sector
client_01681,BWX TECHNOLOGIES INC,client,Other / Multi-sector
client_01682,SERCO INC.,client,Other / Multi-sector
client_01683,U.S. CHAMBER OF COMMERCE FKA U.S. CHAMBER OF COMMERCE-INSTITUTE FOR LEGAL REFORM,client,Education & Research
client_01684,TRIMBLE NAVIGATION LIMITED,client,Other / Multi-sector
client_01685,WHOLESALE & SPECIALTY INSURANCE ASSOCIATION,client,Government & Nonprofit
client_01686,BRADFORD WHITE CORPORATION,client,Transportation & Auto
client_01687,CONSTRUCTION INDUSTRY ROUND TABLE,client,Real Estate & Construction
client_01688,AMERICAN ROAD & TRANSPORTATION BUILDERS ASSOCIATION,client,Transportation & Auto
client_01689,ASTCT,client,Other / Multi-sector
client_01690,"CARDTRONICS USA, INC.",client,Other / Multi-sector
client_01691,COLUMBUS CHAMBER OF COMMERCE,client,Other / Multi-sector
client_01692,"CONSTELLATION ENERGY GENERATION, LLC, FORMERLY REPORTING AS EXELON CORPORATION",client,Energy & Environment
client_01693,DANONE NORTH AMERICA PUBLIC BENEFIT CORPORATION,client,Other / Multi-sector
client_01694,DSM-FIRMENICH,client,Other / Multi-sector
client_01695,EMBASSY OF BANGLADESH,client,Other / Multi-sector
client_01696,"ENERGIZER HOLDINGS, INC.",client,Other / Multi-sector
client_01697,FAA MANAGERS ASSOCIATION INC,client,Government & Nonprofit
client_01698,GEORGIA PEANUT COMMISSION,client,Government & Nonprofit
client_01699,GILDAN,client,Other / Multi-sector
client_01700,HEALTHCARE DISTRIBUTION ALLIANCE,client,Healthcare & Pharma
client_01701,HUNTINGTON INGALLS INDUSTRIES,client,Other / Multi-sector
client_01702,JACKSON FAMILY ENTERPRISES,client,Other / Multi-sector
client_01704,"RICOH USA, INC.",client,Other / Multi-sector
client_01705,"RWE CLEAN ENERGY (F/K/A RWE RENEWABLES AMERICAS, LLC)",client,Energy & Environment
client_01706,"SOUTHERN GLAZER'S WINE AND SPIRITS, LLC",client,Other / Multi-sector
client_01707,THE GOOD FOOD INSTITUTE,client,Agriculture & Food
client_01708,UPMC,client,Other / Multi-sector
client_01709,AK STEEL HOLDING CORPORATION,client,Other / Multi-sector
client_01710,BLINK HEALTH LTD (A BERMUDA LIMITED COMPANY),client,Healthcare & Pharma
client_01711,ALCON VISION LLC,client,Other / Multi-sector
client_01712,AMERICAN BANKERS ASSOCIATION'S CARD POLICY COUNCIL,client,Finance & Banking
client_01713,AMERICAN FRATERNAL ALLIANCE,client,Other / Multi-sector
client_01714,"BABCOCK & WILCOX ENTERPRISES, INC.",client,Other / Multi-sector
client_01715,CACI,client,Other / Multi-sector
client_01716,CATHOLIC HEALTH ASSOCIATION,client,Healthcare & Pharma
client_01717,CHILDREN'S NATIONAL MEDICAL CENTER,client,Healthcare & Pharma
client_01718,DINE BRANDS GLOBAL INC.,client,Other / Multi-sector
client_01719,GCI COMMUNICATION CORP.,client,Other / Multi-sector
client_01720,IBM,client,Other / Multi-sector
client_01721,IRON MOUNTAIN,client,Technology & Telecom
client_01722,PALA BAND OF MISSION INDIANS,client,Other / Multi-sector
client_01723,PHARMA & BIOPHARMA OUTSOURCING ASSOCIATION,client,Healthcare & Pharma
client_01724,SIRIUSXM,client,Other / Multi-sector
client_01725,THE HOME DEPOT,client,Other / Multi-sector
client_01726,WELLINGTON MANAGEMENT CO LLP,client,Legal & Lobbying
client_01727,WEX HEALTH,client,Healthcare & Pharma
client_01728,NATIONAL COUNCIL ON TEACHER RETIREMENT 9370 STUDIO COURT ELK GROVE CA 95758,client,Other / Multi-sector
client_01729,AMERICAN ASSOCIATION OF CHILD & ADOLESCENT PSYCHIATRY,client,Government & Nonprofit
client_01730,VISTRA ENERGY (FKA ENERGY FUTURE HOLDINGS),client,Energy & Environment
client_01731,SAN DIEGO ZOO GLOBAL,client,Other / Multi-sector
client_01732,THE JUDGE ROTENBERG CENTER,client,Other / Multi-sector
client_01733,AMERICAN SOCIETY OF INTERVENTIONAL PAIN PHYSICIANS,client,Technology & Telecom
client_01734,"BOLDYN NETWORKS (FKA SIGNAL POINT SYSTEMS, INC.)",client,Other / Multi-sector
client_01735,CENOVUS US CORPORATION (FKA CENOVUS ENERGY),client,Energy & Environment
client_01736,DUKE ENERGY BUSINESS SERVICES LLC,client,Energy & Environment
client_01737,"INSPERITY SERVICES, L.P.",client,Other / Multi-sector
client_01738,MOTION PICTURE ASSOCIATION OF AMERICA,client,Government & Nonprofit
client_01739,NATIONWIDE INSURANCE,client,Other / Multi-sector
client_01740,PACIFIC LIFE INSURANCE COMPANY,client,Other / Multi-sector
client_01741,THE KROGER CO.,client,Other / Multi-sector
client_01742,THE REGENTS OF THE UNIVERSITY OF COLORADO,client,Education & Research
client_01743,"TIBER CREEK HEALTH STRATEGIES, INC. (ON BEHALF OF ELI LILLY AND COMPANY)",client,Healthcare & Pharma
client_01744,UNIVERSITY OF SOUTHERN MISSISSIPPI,client,Education & Research
client_01745,"XCEL ENERGY SERVICES, INC.",client,Energy & Environment
client_01747,BAVARIAN NORDIC INC.,client,Other / Multi-sector
client_01748,FOUNDATION CONSUMER HEALTHCARE LLC,client,Healthcare & Pharma
client_01749,MEDICAL PROFESSIONAL LIABILITY ASSOCIATION,client,Healthcare & Pharma
client_01750,JEFFERSON PARISH,client,Other / Multi-sector
client_01751,DIAMOND PET FOODS INC.,client,Agriculture & Food
client_01752,"EVENTBRITE, INC.",client,Other / Multi-sector
client_01753,FUJIAN JINHUA INTEGRATED CIRCUIT CO. LTD,client,Other / Multi-sector
client_01754,"LPA ENVIRONMENTAL FUND, LLC",client,Other / Multi-sector
client_01755,NATIONAL GROCERS ASSOCIATION,client,Government & Nonprofit
client_01756,NEBRASKA FARM BUREAU FEDERATION,client,Agriculture & Food
client_01757,PRECISION CASTPARTS CORPORATION,client,Other / Multi-sector
client_01758,"SKYDIO, INC.",client,Other / Multi-sector
client_01759,WHITE MOUNTAIN APACHE TRIBE,client,Technology & Telecom
client_01760,"AMAZON.COM SERVICES, INC.",client,Technology & Telecom
client_01761,AMERICA'S HEALTH INSURANCE PLANS OBO COALITION AGAINST SURPRISE MEDICAL BILLING,client,Healthcare & Pharma
client_01763,"AUCTANE, INC.",client,Other / Multi-sector
client_01764,CULTURAL CARE AU PAIR,client,Technology & Telecom
client_01765,"EXELON BUSINESS SERVICES CO., LLC",client,Other / Multi-sector
client_01766,FINCANTIERI MARINE GROUP LLC,client,Other / Multi-sector
client_01767,GOOGLE CLIENT SERVICES,client,Technology & Telecom
client_01768,HILL-ROM,client,Other / Multi-sector
client_01769,"MARVELL TECHNOLOGY, INC.",client,Technology & Telecom
client_01770,"MEDLINE INDUSTRIES, L.P. (FORMERLY MEDLINE INDUSTRIES, INC.)",client,Other / Multi-sector
client_01771,PMI US CORPORATE SERVICES INC.,client,Other / Multi-sector
client_01773,TIAA,client,Other / Multi-sector
client_01774,TOYOTA,client,Other / Multi-sector
client_01775,UNIVERSITY OF DELAWARE,client,Education & Research
client_01776,ZERO - THE END OF PROSTATE CANCER,client,Other / Multi-sector
client_01777,LOUISIANA STATE UNIVERSITY FOUNDATION,client,Education & Research
client_01778,ALLIANCE FOR REGENERATIVE MEDICINE,client,Other / Multi-sector
client_01779,"ALVOGEN, PHARMA US, INC.",client,Healthcare & Pharma
client_01780,BLINK CHARGING CO.,client,Other / Multi-sector
client_01781,EATING DISORDERS COALITION,client,Energy & Environment
client_01782,RURAL COUNTY REPRESENTATIVES OF CALIFORNIA,client,Other / Multi-sector
client_01783,UTAH DEFENSE ALLIANCE,client,Defense & Aerospace
client_01784,"SHORELIGHT, LLC (FKA SHORELIGHT EDUCATION, LLC)",client,Education & Research
client_01786,ACCENTURE FEDERAL SERVICES,client,Government & Nonprofit
client_01787,ADULT VACCINE ACCESS COALITION,client,Energy & Environment
client_01788,ALLIANCE OF DEDICATED CANCER CENTERS,client,Other / Multi-sector
client_01789,ALLIANT ENERGY,client,Energy & Environment
client_01790,AMERICAN ASSN FOR THE STUDY OF LIVER DISEASES,client,Other / Multi-sector
client_01791,AMERICAN COLLEGE OF OSTEOPATHIC FAMILY PHYSICIANS,client,Education & Research
client_01792,AMERICAN COLLEGE OF RADIOLOGY ASSOCIATION,client,Education & Research
client_01793,ARC OF THE UNITED STATES,client,Other / Multi-sector
client_01794,AT&T SERVICES INC AND ITS AFFILIATES,client,Other / Multi-sector
client_01795,AUGUSTA UNIVERSITY RESEARCH INSTITUTE,client,Education & Research
client_01796,AVANGRID,client,Other / Multi-sector
client_01797,BLUE SHIELD OF CALIFORNIA,client,Other / Multi-sector
client_01798,BLUECROSS BLUESHIELD OF SOUTH CAROLINA,client,Other / Multi-sector
client_01799,BROWN-FORMAN CORP,client,Other / Multi-sector
client_01800,CANADIAN NATIONAL RAILROAD,client,Technology & Telecom
client_01801,CENCORA FKA AMERISOURCEBERGEN CORPORATION,client,Other / Multi-sector
client_01802,"CENTRAL ADMIXTURE PHARMACY SERVICES, INC.",client,Healthcare & Pharma
client_01804,COMITE INTERPROFESSIONNEL DU VIN DE CHAMPAGNE,client,Other / Multi-sector
client_01805,COUNTY OF ALAMEDA CALIFORNIA,client,Other / Multi-sector
client_01806,ECOLAB INC. ON BEHALF OF NALCO COMPANY,client,Other / Multi-sector
client_01807,"ELDRIDGE BUSINESS SERVICES, LLC",client,Other / Multi-sector
client_01808,ELI LILLY & COMPANY,client,Healthcare & Pharma
client_01809,ERNST & YOUNG LLP,client,Legal & Lobbying
client_01810,FEDERAL EXPRESS CORPORATION,client,Government & Nonprofit
client_01811,FEEDING AMERICA,client,Other / Multi-sector
client_01812,"FLUOR ENTERPRISES, INC.",client,Other / Multi-sector
client_01813,FOX REHABILITATION,client,Other / Multi-sector
client_01814,FRIANT WATER AUTHORITY (FORMERLY FRIANT WATER USERS AUTHORITY),client,Other / Multi-sector
client_01815,HEALTHPARTNERS,client,Healthcare & Pharma
client_01817,INSTITUTE OF INTERNATIONAL BANKERS,client,Finance & Banking
client_01818,INTERNATIONAL BOTTLED WATER ASSOCIATION,client,Government & Nonprofit
client_01819,"IRON MOUNTAIN INFORMATION MANAGEMENT, LLC",client,Technology & Telecom
client_01820,JACKSON NATIONAL LIFE INSURANCE COMPANY,client,Other / Multi-sector
client_01821,JAZZ PHARMACEUTICALS,client,Healthcare & Pharma
client_01822,"JEFFERIES & COMPANY, INC.",client,Other / Multi-sector
client_01823,KIRBY CORPORATION,client,Other / Multi-sector
client_01824,"LUTRON ELECTRONICS CO., INC.",client,Other / Multi-sector
client_01825,MATCH-E-BE-NASH-SHE-WISH BAND OF POTTAWATOMI INDIANS (GUN LAKE TRIBE),client,Other / Multi-sector
client_01826,MAZZETTA COMPANY LLC,client,Other / Multi-sector
client_01827,MELLON FINANCIAL SERVICES CORPORATE #1 (FORMERLY BANK OF NEW YORK MELLON CORP.),client,Finance & Banking
client_01828,MIDCONTINENT INDEPENDENT TRANSMISSION SYSTEM OPERATOR (MISO) FKA MIDWEST INDEPEN,client,Other / Multi-sector
client_01829,MIDWESTERN UNIVERSITY,client,Education & Research
client_01830,MISSISSIPPI STATE UNIVERSITY,client,Education & Research
client_01831,NATIONAL ASSN OF STATE TREASURERS (NAST),client,Other / Multi-sector
client_01832,"NATIONAL ASSOCIATION OF POLICE ORGANIZATIONS, INC.",client,Government & Nonprofit
client_01833,NATIONAL EMPLOYMENT OPPORTUNITIES NETWORK,client,Transportation & Auto
client_01834,NATIONAL FUNERAL DIRECTORS ASSN,client,Other / Multi-sector
client_01835,NEW ERA FUND,client,Other / Multi-sector
client_01836,OPTIMUM COMMUNICATIONS F/K/A ALTICE USA,client,Other / Multi-sector
client_01837,ORACLE AMERICAN INC.,client,Other / Multi-sector
client_01838,OUTDOOR AMUSEMENT BUSINESS ASSOCIATION,client,Government & Nonprofit
client_01839,"OUTPATIENT OPHTHALMIC SURGERY SOCIETY, INC",client,Healthcare & Pharma
client_01840,R-CALF UNITED STOCKGROWERS OF AMERICA,client,Other / Multi-sector
client_01841,SAC & FOX TRIBE OF THE MISSISSIPPI IN IOWA,client,Other / Multi-sector
client_01842,SAFETY NET HOSPITAL ALLIANCE OF FLORIDA,client,Healthcare & Pharma
client_01843,STELLANTIS N.V.,client,Other / Multi-sector
client_01844,TE CONNECTIVITY,client,Other / Multi-sector
client_01845,TRAVELERS COMPANIES INC AND SUBSIDIARIES (WAS THE TRAVELERS COMPANIES INC,client,Other / Multi-sector
client_01846,TRIMBLE NAVIGATION LTD,client,Other / Multi-sector
client_01847,TTX COMPANY,client,Other / Multi-sector
client_01848,UNION PACIFIC,client,Other / Multi-sector
client_01849,UNIVERSITY OF OKLAHOMA,client,Education & Research
client_01850,"UNIVERSITY OF PHOENIX, INC.",client,Education & Research
client_01851,"UNIVERSITY OF PITTSBURGH, SCHOOL OF HEALTH AND REHABILITATION SCIENCES",client,Healthcare & Pharma
client_01852,"VIGOR INDUSTRIAL, LLC",client,Other / Multi-sector
client_01853,VISTRA CORPORATE SERVICES COMPANY F/K/A VISTRA ENERGY,client,Energy & Environment
client_01854,YUM! BRANDS,client,Other / Multi-sector
client_01855,ADVION (FORMERLY NATIONAL ASSOCIATION FOR THE SUPPORT OF LONG TERM CARE),client,Transportation & Auto
client_01856,CALIBER FINANCIAL SERVICES,client,Finance & Banking
client_01857,JOHN NAU III,client,Other / Multi-sector
client_01858,STRATEGIC EDUCATION INC (FKA CAPELLA EDUCATION COMPANY),client,Education & Research
client_01859,AMERICAN EXPRESS COMPANY,client,Other / Multi-sector
client_01860,ASSOCIATION FOR ACCESSIBLE MEDICINES (FORMERLY GENERIC PHARMACEUTICAL ASSOC.),client,Healthcare & Pharma
client_01861,"CIVITAS CAPITAL MANAGEMENT, LLC",client,Finance & Banking
client_01862,FUTURE OF PHARMACY COALITION LLC,client,Healthcare & Pharma
client_01863,"LUMEN TECHNOLOGIES, INC. (FORMERLY CENTURYLINK, INC.)",client,Other / Multi-sector
client_01864,"OWENS & MINOR, INC.",client,Other / Multi-sector
client_01865,PORT OF PORTLAND,client,Transportation & Auto
client_01866,"RED ROCK RESORTS, INC.",client,Other / Multi-sector
client_01867,SAN FRANCISCO INTERNATIONAL AIRPORT,client,Technology & Telecom
client_01868,ST. GEORGES UNIVERSITY,client,Education & Research
client_01869,VIRGIN HYPERLOOP,client,Other / Multi-sector
client_01870,WING AVIATION LLC,client,Transportation & Auto
client_01871,TAXRESOURCES INC,client,Other / Multi-sector
client_01872,"COUNTY OF SAN BERNARDINO, CA",client,Other / Multi-sector
client_01873,ALLIANT ENERGY CORPORATION,client,Energy & Environment
client_01874,AMERICAN HONDA MOTOR CO INC (FORMERLY HONDA NORTH AMERICA),client,Other / Multi-sector
client_01876,"DOMINION RESOURCES SERVICE, INC.",client,Other / Multi-sector
client_01877,FRATERNAL GOVERNMENT RELATIONS COALITION,client,Energy & Environment
client_01878,FWD.US,client,Other / Multi-sector
client_01879,GE HEALTHCARE,client,Healthcare & Pharma
client_01880,INVESCO LTD,client,Other / Multi-sector
client_01881,MICROSOFT CORP,client,Technology & Telecom
client_01882,NCTA - THE INTERNET & TELEVISION ASSOCIATION (FKA NAT'L CABLE & TELECOM ASSOC.),client,Technology & Telecom
client_01883,NV ENERGY,client,Energy & Environment
client_01884,PHILLY SHIPYARD,client,Other / Multi-sector
client_01885,PROCTER & GAMBLE,client,Other / Multi-sector
client_01886,"SANOFI U.S. SERVICES, INC.",client,Other / Multi-sector
client_01887,SUPERNUS PHARMACEUTICALS FKA SAGE THERAPEUTICS,client,Healthcare & Pharma
client_01888,"TIVITY HEALTH, INC.",client,Healthcare & Pharma
client_01889,VERIZON SERVICES CORPORATION,client,Other / Multi-sector
client_01890,VIRTUA,client,Other / Multi-sector
client_01891,CENTER FOR BIOLOGICAL DIVERSITY,client,Other / Multi-sector
client_01892,ARCELORMITTAL NORTH AMERICA HOLDINGS LLC AND ITS US SUBSIDIARIES,client,Other / Multi-sector
client_01893,"ARDENT MILLS, LLC",client,Other / Multi-sector
client_01894,"ATI, INC. (F/K/A ALLEGHENY TECHNOLOGIES INCORPORATED)",client,Other / Multi-sector
client_01895,CHRONIC CARE POLICY ALLIANCE,client,Other / Multi-sector
client_01896,COMPRESSED GAS ASSOCIATION,client,Energy & Environment
client_01897,LOAN SYNDICATIONS AND TRADING ASSOCIATION,client,Government & Nonprofit
client_01900,MINN-DAK FARMERS COOPERATIVE,client,Agriculture & Food
client_01901,NATIONAL ASSOCIATION OF CONVENIENCE STORES,client,Government & Nonprofit
client_01902,THORN RUN PARTNERS (ON BEHALF OF THE PARTNERSHIP TO IMPROVE PATIENT CARE),client,Healthcare & Pharma
client_01903,"TPI COMPOSITES, INC.",client,Other / Multi-sector
client_01904,"TYSON SHARED SERVICES, INC.",client,Other / Multi-sector
client_01905,WEST VIRGINIA UNIVERSITY,client,Education & Research
client_01906,TRUST FOR AMERICA'S HEALTH,client,Healthcare & Pharma
client_01907,IOWA HOSPITAL ASSOCIATION,client,Healthcare & Pharma
client_01908,INTERNATIONAL HEALTH RACQUET & SPORTSCLUB ASSOCIATION,client,Healthcare & Pharma
client_01909,SOO LINE CORPORATION DBA CPKC (F/K/A CANADIAN PACIFIC KANSAS CITY),client,Other / Multi-sector
client_01910,AMEREN SERVICES,client,Other / Multi-sector
client_01911,"AMERICAN MULTI-CINEMA, INC",client,Other / Multi-sector
client_01913,CA STATE ASSEMBLY,client,Other / Multi-sector
client_01914,"CHSPSC, LLC",client,Other / Multi-sector
client_01915,COUNCIL OF INSURANCE AGENTS AND BROKERS,client,Other / Multi-sector
client_01916,EXELIXIS,client,Other / Multi-sector
client_01917,"LAW OFFICES OF MICHAEL JASON LEE, APLC (ON BEHALF OF TETHER OPERATIONS LIMITED)",client,Other / Multi-sector
client_01918,NATIONAL WILD TURKEY FEDERATION,client,Other / Multi-sector
client_01919,NIKOLA CORPORATION,client,Other / Multi-sector
client_01920,PUERTO RICO PUBLIC PRIVATE PARTNERSHIPS AUTHORITY,client,Other / Multi-sector
client_01921,ROCHESTER INSTITUTE OF TECHNOLOGY,client,Technology & Telecom
client_01923,"SHELL USA, INC.",client,Other / Multi-sector
client_01924,"UMICORE USA, INC.",client,Other / Multi-sector
client_01925,UNIVERSITY OF CHICAGO,client,Education & Research
client_01926,"YAHOO INC, AND VAR. SUBS/AFFILIATES (FKA COLLEGE PARENT, L.P. DBA ""YAHOO"")",client,Education & Research
client_01928,MOTORCYCLE INDUSTRY COUNCIL,client,Other / Multi-sector
client_01929,JUUL LABS,client,Other / Multi-sector
client_01930,NORWEGIAN CRUISE LINE HOLDINGS LTD.,client,Other / Multi-sector
client_01931,NATIONAL AUDUBON SOCIETY INC,client,Other / Multi-sector
client_01932,AMERICAN KIDNEY FUND,client,Other / Multi-sector
client_01933,"CIENA CORPORATION (FORMERLY CIENA CORPORATION, BROADBAND GROUP)",client,Other / Multi-sector
client_01934,"COMPRESSED GAS ASSOCIATION, INC.",client,Energy & Environment
client_01935,CORN REFINERS ASSOCIATION,client,Agriculture & Food
client_01936,"KANEKA PHARMA AMERICA, LLC",client,Healthcare & Pharma
client_01937,LIVERAMP HOLDINGS INC.,client,Other / Multi-sector
client_01938,MODERNA US INC.,client,Other / Multi-sector
client_01940,PHARMACEUTICAL PRINTED LITERATURE ASSOCIATION,client,Healthcare & Pharma
client_01941,SPACE EXPLORATION TECHNOLOGIES CORPORATION,client,Other / Multi-sector
client_01943,PRAGER DREIFUSS AG (ON BEHALF OF MARE FINANCE INVESTMENT HOLDINGS),client,Finance & Banking
client_01945,NORTH AMERICAN MILLERS' ASSOCIATION,client,Government & Nonprofit
client_01946,BLUE OWL CAPITAL INC.,client,Finance & Banking
client_01947,CARRIER CORPORATION,client,Other / Multi-sector
client_01948,CITADEL ENTERPRISE AMERICAS SERVICES LLC,client,Other / Multi-sector
client_01949,DIAGNOSTIC TEST WORK GROUP (DTWG),client,Other / Multi-sector
client_01950,FINSECA (PREVIOUSLY REPORTED AS ASSOCIATION FOR ADVANCED LIFE UNDERWRITING),client,Transportation & Auto
client_01951,GORDIAN GROUP,client,Other / Multi-sector
client_01952,"HEXION, INC.",client,Other / Multi-sector
client_01953,INTERNATIONAL TRADEMARK ASSOCIATION,client,Government & Nonprofit
client_01954,LOS ANGELES COUNTY EMPLOYEES' RETIREMENT SYSTEM,client,Other / Multi-sector
client_01955,MALLINCKRODT PHARMACEUTICALS,client,Healthcare & Pharma
client_01956,"MILBANK, TWEED, HADLEY & MCCLOY AS LEGAL COUNSEL TO AMBAC ASSURANCE CORPORATION",client,Finance & Banking
client_01957,PHILIPS NORTH AMERICA LLC (FORMERLY REPORTING AS PHILIPS HEALTHCARE/HOLDING),client,Healthcare & Pharma
client_01958,PHYSICIAN-LED HEALTHCARE FOR AMERICA (FORMERLY PHYSICIAN HOSPITALS OF AMERICA),client,Healthcare & Pharma
client_01959,THALES USA,client,Other / Multi-sector
client_01960,UNITED STATES STEEL CORPORATION,client,Other / Multi-sector
client_01961,EVERGY FORMERLY KANSAS CITY POWER AND LIGHT COMPANY,client,Energy & Environment
client_01962,B. BRAUN MEDICAL,client,Healthcare & Pharma
client_01963,TOURETTE ASSOCIATION OF AMERICA,client,Government & Nonprofit
client_01964,ALLIANCE FOR A STRONGER FDA,client,Other / Multi-sector
client_01965,"AVANOS MEDICAL, INC. (FKA HALYARD HEALTH, INC.)",client,Healthcare & Pharma
client_01966,CALIFORNIA ASSOCIATION OF WINEGRAPE GROWERS,client,Government & Nonprofit
client_01967,KIDNEY TRANSPLANT COLLABORATIVE,client,Other / Multi-sector
client_01968,LIBERTY MEDIA CORPORATION,client,Other / Multi-sector
client_01969,NATIONAL HOME INFUSION ASSOCIATION,client,Government & Nonprofit
client_01970,"OLD DOMINION FREIGHT LINE, INC.",client,Other / Multi-sector
client_01971,"OPTIMUM COMMUNICATIONS (FORMERLY REPORTING AS ALTICE USA, INC.)",client,Transportation & Auto
client_01972,PANDORA MEDIA LLC,client,Other / Multi-sector
client_01973,SWITCH,client,Other / Multi-sector
client_01974,"TRINET USA, INC.",client,Other / Multi-sector
client_01975,WERNER ENTERPRISES,client,Other / Multi-sector
client_01976,WIGGINS CHILDS PANTAZIS FISHER GOLDFARB,client,Other / Multi-sector
client_01977,"HOGAN SRK, INC.; R&C MOTOR CORPORATION; HFP, LTD.",client,Other / Multi-sector
client_01978,"DELOS LIVING, LLC",client,Other / Multi-sector
client_01979,"ASTROSCALE U.S., INC.",client,Other / Multi-sector
client_01980,ELECTRICITY CANADA (FORMERLY KNOWN AS CANADIAN ELECTRICITY ASSOCIATION),client,Energy & Environment
client_01981,INTERNATIONAL MOTORS FKA NAVISTAR,client,Other / Multi-sector
client_01982,INTERNET & TELEVISION ASSOCIATION,client,Government & Nonprofit
client_01983,LAS VEGAS SANDS CORP.,client,Energy & Environment
client_01984,MARUBENI OIL & GAS (USA) INC.,client,Energy & Environment
client_01985,NATIONAL INDEPENDENT VENUE ASSOCIATION,client,Government & Nonprofit
client_01986,ORACLE,client,Other / Multi-sector
client_01987,"PERMOBIL, INC.",client,Other / Multi-sector
client_01988,RWJ BARNABAS HEALTH - FKA BARNABAS HEALTH,client,Healthcare & Pharma
client_01989,"SIGA TECHNOLOGIES, INC.",client,Other / Multi-sector
client_01990,SOUTHWEST COUNCIL OF AGRIBUSINESS,client,Other / Multi-sector
client_01991,STEADMAN PHILIPPON RESEARCH INSTITUTE,client,Education & Research
client_01992,TAYLOR FARMS,client,Agriculture & Food
client_01994,SOCIETY OF NUCLEAR MEDICINE AND MOLECULAR IMAGING,client,Other / Multi-sector
client_01995,ADP LLC,client,Other / Multi-sector
client_01996,"AMERICAN ROLL-ON ROLL-OFF CARRIER GROUP, INC.",client,Other / Multi-sector
client_01997,BAIN CAPITAL LLC,client,Finance & Banking
client_01998,"CLARK COUNTY DEPARTMENT OF AVIATION, HARRY REID INTERNATIONAL AIRPORT",client,Technology & Telecom
client_01999,FLH COMPANY,client,Other / Multi-sector
client_02000,KNOXVILLE AREA HOSPITAL ALLIANCE (INFORMAL COALITION),client,Healthcare & Pharma
client_02001,NEW YORK LIFE INSURANCE COMPANY,client,Other / Multi-sector
client_02002,"THE GEO GROUP, INC. (FORMERLY CAPITOL COUNSEL OF BEHALF OF THE GEO GROUP, INC.)",client,Other / Multi-sector
client_02003,"THE HARTFORD FINANCIAL SERVICES GROUP, INC.",client,Finance & Banking
client_02004,CANNABIS TRADE FEDERATION ACTION,client,Other / Multi-sector
client_02005,AMERICAN COMPOSITES MANUFACTURERS ASSOCIATION,client,Government & Nonprofit
client_02006,AFRICELL HOLDING,client,Other / Multi-sector
client_02007,AMAZON.COM (FRA PILLPACK AN AMAZON COMPANY),client,Technology & Telecom
client_02009,AMERICAN PUBLIC TRANSPORTATION ASSOCIATION (APTA),client,Transportation & Auto
client_02010,BAE SYSTEMS LAND & ARMAMENTS LP,client,Other / Multi-sector
client_02011,"CAREQUEST INSTITUTE FOR ORAL HEALTH, INC.",client,Healthcare & Pharma
client_02012,"CLACKAMAS COUNTY, OR",client,Other / Multi-sector
client_02014,DISH NETWORK,client,Other / Multi-sector
client_02015,"FENNEMORE CRAIG, P.C.",client,Technology & Telecom
client_02016,"GALACTIC VENTURES, LLC",client,Other / Multi-sector
client_02017,HARRIS COUNTY,client,Other / Multi-sector
client_02018,METALS AFFORDABILITY INITIATIVE ASSOCIATION,client,Technology & Telecom
client_02019,NATIONAL MARINE MANUFACTURERS ASSOCIATION,client,Government & Nonprofit
client_02020,SCP-HEALTH,client,Healthcare & Pharma
client_02021,STARBUCKS COFFEE CORP,client,Other / Multi-sector
client_02022,STRIDE,client,Other / Multi-sector
client_02023,THE UNIVERSITY OF UTAH,client,Education & Research
client_02024,UNITED PARKS & RESORTS,client,Other / Multi-sector
client_02025,WESTERN GOVERNORS UNIVERSITY,client,Education & Research
client_02026,"NEW BALANCE ATHLETIC SHOE, INC.",client,Other / Multi-sector
client_02027,ASSOCIATION FOR MOLECULAR PATHOLOGY,client,Government & Nonprofit
client_02028,ALNYLAM PHARMACEUTICALS,client,Healthcare & Pharma
client_02029,"CHARGEPOINT, INC.",client,Other / Multi-sector
client_02030,HUDBAY MINERALS,client,Other / Multi-sector
client_02031,"HUNT COMPANIES, INC.",client,Other / Multi-sector
client_02032,"KELLEY DRYE & WARREN LLP ON BEHALF OF TETRA TECH, INC.",client,Legal & Lobbying
client_02033,KENTUCKY COMMUNITY AND TECHNICAL COLLEGE SYSTEM,client,Education & Research
client_02034,NATIONAL ASSOCIATION OF WATER COMPANIES,client,Government & Nonprofit
client_02035,PEDIATRIX MEDICAL GROUP (MEDNAX NATIONAL MEDICAL GROUP),client,Healthcare & Pharma
client_02036,PRVO PLINARSKO DRUTVO D.O.O.,client,Other / Multi-sector
client_02038,PUBLIC BROADCASTING SERVICE,client,Other / Multi-sector
client_02039,"RECURRENT ENERGY, LLC",client,Energy & Environment
client_02040,TEXAS TECH UNIVERSITY SYSTEM,client,Education & Research
client_02041,THE WONDERFUL COMPANY,client,Other / Multi-sector
client_02042,"DARDEN RESTAURANTS, INC.",client,Other / Multi-sector
client_02043,LAM RESEARCH CORPORATION,client,Education & Research
client_02044,"THE STATE UNIVERSITY OF NEW YORK, SYSTEM ADMINISTRATION",client,Education & Research
client_02045,ABSOLUTE SOFTWARE CORPORATION,client,Technology & Telecom
client_02046,AIRBUS GROUP INC.,client,Technology & Telecom
client_02047,"AMGEN, INC. FKA HORIZON THERAPEUTICS USA, INC.",client,Healthcare & Pharma
client_02048,ASSOCIATION OF INDEPENDENT RESEARCH INSTITUTES,client,Education & Research
client_02049,BROTHERHOOD OF RAILROAD SIGNALMEN,client,Technology & Telecom
client_02050,EDGE DAIRY FARMER COOPERATIVE,client,Technology & Telecom
client_02051,ILLINOIS CORN GROWERS ASSOCIATION,client,Agriculture & Food
client_02052,INDEPENDENT PHARMACY COOPERATIVE,client,Healthcare & Pharma
client_02053,"KINDER MORGAN, INC.",client,Other / Multi-sector
client_02054,LIFEBRIDGE HEALTH SYSTEM,client,Healthcare & Pharma
client_02055,LIVE NATION ENTERTAINMENT,client,Technology & Telecom
client_02057,MEDICAL COUNTERMEASURES COALITION,client,Healthcare & Pharma
client_02058,NATIONAL ASSOCIATION OF PROTON THERAPY,client,Government & Nonprofit
client_02059,OCEAN SPRAY CRANBERRIES,client,Other / Multi-sector
client_02060,PERDOCEO EDUCATION CORPORATION,client,Education & Research
client_02061,RSL INVESTMENT CORPORATION,client,Finance & Banking
client_02062,SANTA CLARA COUNTY,client,Other / Multi-sector
client_02063,SPACE DYNAMICS LABORATORY (SDL),client,Other / Multi-sector
client_02064,DOUGLAS DEVELOPMENT CORPORATION,client,Other / Multi-sector
client_02065,TRANSPORTATION CORRIDOR AGENCIES,client,Transportation & Auto
client_02066,MEDECINS SANS FRONTIERES D/B/A DOCTORS WITHOUT BORDERS,client,Other / Multi-sector
client_02067,"ADVANCED EMISSIONS SOLUTIONS, INC.",client,Other / Multi-sector
client_02068,AMAZON.COM SERVICES LLC,client,Technology & Telecom
client_02069,APARTMENT INVESTMENT MANAGEMENT COMPANY,client,Finance & Banking
client_02070,BAYER CORPORATION,client,Other / Multi-sector
client_02071,"FORIS DAX, INC. D/B/A CRYPTO.COM",client,Other / Multi-sector
client_02072,HITACHI ENERGY USA INC,client,Energy & Environment
client_02073,IMPRIVATA INC,client,Other / Multi-sector
client_02074,"INDEPENDENT ELECTRICAL CONTRACTORS, INC",client,Energy & Environment
client_02075,"INDIGO AGRICULTURE, INC.",client,Agriculture & Food
client_02076,INTELSAT GENERAL COMMUNICATIONS LLC,client,Other / Multi-sector
client_02077,NATIONAL LIMOUSINE ASSOCIATION,client,Government & Nonprofit
client_02078,NOVOLEX (FORMERLY HILEX POLY COMPANY),client,Other / Multi-sector
client_02079,SCULPTOR CAPITAL MANAGEMENT,client,Finance & Banking
client_02080,STEM EDUCATION COALITION,client,Energy & Environment
client_02081,SUN AFRICA,client,Other / Multi-sector
client_02082,T-MOBILE US INC.,client,Other / Multi-sector
client_02083,"UNITED SEATING AND MOBILITY, LLC DBA NUMOTION",client,Other / Multi-sector
client_02086,AUTISM SPEAKS INC.,client,Other / Multi-sector
client_02087,"BROADRIDGE FINANCIAL SOLUTIONS, INC.",client,Finance & Banking
client_02088,CATERPILLAR INC,client,Other / Multi-sector
client_02089,EDGE DAIRY FARMER COOPERATIVE (FORMERLY EDGE),client,Technology & Telecom
client_02090,FAIR ISAAC CORPORATION (DBA FICO),client,Technology & Telecom
client_02091,KPMG LLP,client,Legal & Lobbying
client_02093,NATIONAL PUBLIC RADIO,client,Other / Multi-sector
client_02094,PEOPLE FOR THE AMERICAN WAY,client,Other / Multi-sector
client_02095,SANMINA CORPORATION,client,Other / Multi-sector
client_02096,SOCIETY OF AMERICAN FLORISTS,client,Other / Multi-sector
client_02097,SUN RIVER HEALTH,client,Healthcare & Pharma
client_02098,THE BUSINESS ROUNDTABLE,client,Other / Multi-sector
client_02099,UTE INDIAN TRIBE,client,Other / Multi-sector
client_02100,"PORTER AND KORVICK, P.A.",client,Transportation & Auto
client_02102,THE BATTERY ADVOCACY FOR TECHNOLOGY TRANSFORMATION (BATT) COALITION,client,Energy & Environment
client_02103,"AGILON HEALTH, INC.",client,Healthcare & Pharma
client_02105,CITY OF NORFOLK VIRGINIA,client,Other / Multi-sector
client_02106,COMMONSPIRIT HEALTH,client,Healthcare & Pharma
client_02107,INTERNATIONAL SWAPS AND DERIVATIVES ASSOCIATION,client,Government & Nonprofit
client_02108,JMA WIRELESS,client,Other / Multi-sector
client_02109,NATIONAL SOCIETY OF GENETIC COUNSELORS NSGC,client,Other / Multi-sector
client_02110,NEXTERA ENERGY CAPITAL HOLDINGS INC. (FORMERLY NEXTERA ENERGY INC.),client,Finance & Banking
client_02111,"NRG ENERGY, INC.",client,Energy & Environment
client_02112,PHOEBE PUTNEY HEALTH SYSTEM,client,Healthcare & Pharma
client_02113,"QUANTUM COMPUTING, INC.",client,Other / Multi-sector
client_02114,"RAPID7, INC.",client,Other / Multi-sector
client_02115,"STRIVETOGETHER, INC.",client,Other / Multi-sector
client_02116,"SUNOVION PHARMACEUTICALS, INC. (FORMERLY KNOWN AS SEPRACOR INC.)",client,Healthcare & Pharma
client_02117,THE GAVI ALLIANCE,client,Other / Multi-sector
client_02118,THE INSTITUTE FOR LEGAL REFORM - U.S. CHAMBER OF COMMERCE,client,Education & Research
client_02119,VANGUARD CHARITABLE,client,Other / Multi-sector
client_02121,AMERICAN CHEMICAL SOCIETY (ACS),client,Other / Multi-sector
client_02122,ALIBABA GROUP HOLDING LIMITED,client,Other / Multi-sector
client_02123,AMERICAN SECURITIES ASSOCIATION,client,Finance & Banking
client_02124,BARRICK GOLD CORPORATION OF NORTH AMERICA INC,client,Other / Multi-sector
client_02125,BLUE ORIGIN,client,Other / Multi-sector
client_02126,CANOPY GROWTH USA LLC,client,Other / Multi-sector
client_02127,CITY OF LAS VEGAS,client,Energy & Environment
client_02128,COMPASSION AND CHOICES,client,Other / Multi-sector
client_02129,CROWE LLP,client,Legal & Lobbying
client_02130,CTIA,client,Other / Multi-sector
client_02131,"DAY & ZIMMERMANN GROUP, INC.",client,Other / Multi-sector
client_02132,ELEVATE CREDIT,client,Other / Multi-sector
client_02133,"FERMIFORWARD DISCOVERY GROUP, LLC",client,Other / Multi-sector
client_02134,INGRAM BARGE COMPANY,client,Other / Multi-sector
client_02135,INTERMOUNTAIN HEALTH,client,Healthcare & Pharma
client_02136,MISSISSIPPI BAND OF CHOCTAW INDIANS,client,Other / Multi-sector
client_02137,NUTRIEN US LLC (FORMERLY KNOWN AS AGRIUM U.S. INC.) (A NUTRIEN LTD SUBSIDIARY),client,Other / Multi-sector
client_02138,OLD DOMINION UNIVERSITY,client,Education & Research
client_02139,SEQIRUS,client,Other / Multi-sector
client_02140,SWEETENER USERS ASSOCIATION,client,Government & Nonprofit
client_02141,"THE FRIEDKIN GROUP, INC.",client,Other / Multi-sector
client_02142,TUFTS UNIVERSITY,client,Education & Research
client_02143,"VISA, U.S.A., INC.",client,Other / Multi-sector
client_02144,ZOOM VIDEO COMMUNICATION INC.,client,Other / Multi-sector
client_02145,LEADINGAGE (FKA AMER ASSOC OF HOMES AND SERVICES FOR THE AGING),client,Other / Multi-sector
client_02146,"JSW STEEL, USA",client,Other / Multi-sector
client_02147,"COMMUNITY CATALYST, INC",client,Other / Multi-sector
client_02148,MASSACHUSETTS INSTITUTE OF TECHNOLOGY,client,Technology & Telecom
client_02149,"FRAMATOME, INC. (FORMELY KNOWN AS AREVA, INC.)",client,Other / Multi-sector
client_02150,ADVANCED DRAINAGE SYSTEMS,client,Technology & Telecom
client_02151,AMERICAN BENEFITS COUNCIL OBO ALLIANCE TO FIGHT FOR HEALTH CARE,client,Healthcare & Pharma
client_02152,AMERICA'S POISON CENTERS (APC),client,Other / Multi-sector
client_02153,DOMTAR CORPORATION FKA PAPER EXCELLENCE HOLDINGS CORPORATION FKA DOMTAR,client,Other / Multi-sector
client_02154,"FUTUREWEI TECHNOLOGIES, INC.",client,Other / Multi-sector
client_02155,GS1 US,client,Other / Multi-sector
client_02156,HII,client,Other / Multi-sector
client_02157,HORIZON THERAPEUTICS (F/K/A) HORIZON PHARMA USA INC,client,Healthcare & Pharma
client_02158,LA 2028 -LOS ANGELES ORGANIZING COMMITTEE FOR OLYMPIC AND PARALYMPIC GAMES 2028,client,Other / Multi-sector
client_02159,MISSOURI FARM BUREAU FEDERATION,client,Agriculture & Food
client_02160,"MUSIC.INNOVATION.CONSUMERS COALITION ""MIC""",client,Energy & Environment
client_02161,"NOTARIZE, INC. DBA PROOF.COM",client,Other / Multi-sector
client_02162,PHILANTHROPY ROUNDTABLE,client,Other / Multi-sector
client_02163,"PURPOSE FINANCIAL, INC.",client,Finance & Banking
client_02164,TRULIEVE,client,Other / Multi-sector
client_02165,"UNITEDHEALTH GROUP, INC.",client,Healthcare & Pharma
client_02166,ZIONIST ORGANIZATION OF AMERICA,client,Other / Multi-sector
client_02167,ALLIANCE FOR SAFE ONLINE PHARMACIES (ASOP GLOBAL),client,Healthcare & Pharma
client_02168,AMAZON CORPORATE,client,Technology & Telecom
client_02169,BROADCOM INC.,client,Other / Multi-sector
client_02170,CLARK STREET ASSOCIATES LLC ON BEHALF OF QORVO,client,Other / Multi-sector
client_02171,"DLA PIPER LLP (US) (FOR ADP, LLC)",client,Legal & Lobbying
client_02172,HOLLAND & KNIGHT LLP (ON BEHALF OF ADVANCED BIOFUELS ASSOCIATION),client,Legal & Lobbying
client_02173,INNOVATIVE DEFENSE TECHNOLOGIES,client,Defense & Aerospace
client_02174,MATCH GROUP,client,Other / Multi-sector
client_02175,"MERCHANTS PAYMENTS COALITION, INC.",client,Energy & Environment
client_02177,OWENS-ILLINOIS INC,client,Other / Multi-sector
client_02178,PACIFIC INVESTMENT MANAGEMENT COMPANY LLC,client,Finance & Banking
client_02179,PICERNE MILITARY HOUSING A/K/A CORVIAS GROUP,client,Defense & Aerospace
client_02180,RAKUTEN SYMPHONY USA LLC,client,Other / Multi-sector
client_02181,SOCIETY FOR IMMUNOTHERAPY OF CANCER,client,Other / Multi-sector
client_02182,SOTHEBY'S,client,Other / Multi-sector
client_02183,TELEDYNE FLIR (FORMERLY FLIR SYSTEMS INC AND SUBSIDIARIES),client,Other / Multi-sector
client_02184,"THE SEQUOIA PROJECT (FORMERLY HEALTHEWAY, INC.)",client,Healthcare & Pharma
client_02185,TP-LINK SYSTEMS INC. (FKA TP-LINK GLOBAL INC.),client,Other / Multi-sector
client_02186,TRINITY HEALTH,client,Healthcare & Pharma
client_02187,"VILLAGE PRACTICE MANAGEMENT COMPANY HOLDINGS, LLC",client,Other / Multi-sector
client_02188,CITY OF TUCSON,client,Other / Multi-sector
client_02189,RAIN AND HAIL LLC,client,Technology & Telecom
client_02191,"PORTS AMERICA GROUP, INC.",client,Transportation & Auto
client_02193,AMERICAN PROPERTY CASUALTY INSURERS ASSOCIATION,client,Real Estate & Construction
client_02194,BLUESCOPE STEEL NORTH AMERICA CORPORATION,client,Other / Multi-sector
client_02195,"CARGILL, INCORPORATED",client,Other / Multi-sector
client_02196,"CHANEL, INC.",client,Other / Multi-sector
client_02197,CITY OF MESA,client,Other / Multi-sector
client_02198,COALITION FOR ENERGY ASSISTANCE MODERNIZATION,client,Energy & Environment
client_02199,DAY & ZIMMERMANN,client,Other / Multi-sector
client_02200,DISTILLED SPIRITS COUNCIL,client,Other / Multi-sector
client_02201,GOODWILL INDUSTRIES INTERNATIONAL INC,client,Other / Multi-sector
client_02202,"JAZZ PHARMACEUTICALS, INC. AND ITS SUBSIDIARIES, INCLUDING GREENWICH BIOSCIENCES",client,Healthcare & Pharma
client_02203,KEEP US POSTED,client,Other / Multi-sector
client_02204,KIRIL DOMUSCHIEV AND GEORGI DOMUSCHIEV,client,Other / Multi-sector
client_02205,PACIFIC GAS AND ELECTRIC,client,Energy & Environment
client_02206,PHI AIR MEDICAL,client,Healthcare & Pharma
client_02207,REINSURANCE GROUP OF AMERICA,client,Other / Multi-sector
client_02208,ROPER ST. FRANCIS HEALTHCARE,client,Healthcare & Pharma
client_02209,"RYAN, INC.",client,Other / Multi-sector
client_02210,TRANSITAMERICA SERVICES,client,Other / Multi-sector
client_02211,TURLOCK IRRIGATION DISTRICT,client,Other / Multi-sector
client_02212,NUVANCE HEALTH / HEALTH QUEST,client,Healthcare & Pharma
client_02213,DRAGOS,client,Other / Multi-sector
client_02214,NATIONAL FAIR HOUSING ALLIANCE,client,Technology & Telecom
client_02215,FIBER OPTIC SENSING ASSOCIATION,client,Government & Nonprofit
client_02216,ARAMARK DESTINATIONS,client,Other / Multi-sector
client_02218,AVENTIV TECHNOLOGIES LLC AND VARIOUS SUBSIDIARIES,client,Other / Multi-sector
client_02219,"BRAEBURN PHARMACEUTICALS, INC.",client,Healthcare & Pharma
client_02220,"CALIFORNIA STEEL INDUSTRIES, INC.",client,Other / Multi-sector
client_02221,CHATHAM AREA TRANSIT (CAT),client,Other / Multi-sector
client_02222,CITY OF PORTLAND,client,Transportation & Auto
client_02223,CMS ENERGY CORP,client,Energy & Environment
client_02224,COLLEGE AVENUE STUDENT LOANS LLC,client,Education & Research
client_02225,"CREDIT UNION NATIONAL ASSOCIATION, INC. DBA AMERICA'S CREDIT UNIONS",client,Government & Nonprofit
client_02226,"FOOD FIX CAMPAIGN ACTION, INC.",client,Technology & Telecom
client_02227,"FRANKLIN SQUARE HOLDINGS, L.P.",client,Other / Multi-sector
client_02228,GREATER NEW YORK HOSPITAL ASSOCIATION,client,Healthcare & Pharma
client_02229,HOUSTON AIRPORT SYSTEM,client,Technology & Telecom
client_02230,"LUMEN TECHNOLOGIES SERVICE GROUP, LLC",client,Other / Multi-sector
client_02231,MEDICAL PLACE,client,Healthcare & Pharma
client_02232,METROPOLITAN WATER RECLAMATION DISTRICT OF GREATER CHICAGO,client,Other / Multi-sector
client_02233,POPULUS FINANCIAL GROUP,client,Finance & Banking
client_02234,PROFESSIONAL NON-PROFIT THEATER COALITION,client,Energy & Environment
client_02235,SAN CARLOS APACHE TRIBE,client,Other / Multi-sector
client_02237,TEXAS INSTRUMENTS INCORPORATED,client,Other / Multi-sector
client_02238,THE DUAL ELIGIBLE COALITION,client,Energy & Environment
client_02239,THE R&D COALITION,client,Energy & Environment
client_02240,TRIMBLE INC.,client,Other / Multi-sector
client_02241,U.S. RENAL CARE,client,Other / Multi-sector
client_02242,"VIR BIOTECHNOLOGY, INC.",client,Healthcare & Pharma
client_02243,"VIRGIN ORBIT, LLC AND SUBSIDIARIES",client,Other / Multi-sector
client_02244,WORLD FUEL (FKA WORLD FUEL SERVICES),client,Other / Multi-sector
client_02245,MASSACHUSETTS PORT AUTHORITY,client,Transportation & Auto
client_02246,PANTHEON DATA (FKA THE KENIFIC GROUP),client,Technology & Telecom
client_02247,NATIONAL COUNCIL OF RESISTANCE OF IRAN,client,Other / Multi-sector
client_02248,CALIFORNIA STATE ASSOCIATION OF COUNTIES,client,Government & Nonprofit
client_02249,CITGO,client,Other / Multi-sector
client_02250,CTC GLOBAL CORPORATION,client,Other / Multi-sector
client_02251,DOE RUN COMPANY,client,Other / Multi-sector
client_02252,"EISAI, INC.",client,Technology & Telecom
client_02253,FAIRBANKS MORSE ENGINE,client,Finance & Banking
client_02254,"HYUNDAI MOTOR COMPANY, LTD.",client,Technology & Telecom
client_02255,"LIV GOLF, INC",client,Other / Multi-sector
client_02256,MAINSPRING ENERGY INC,client,Energy & Environment
client_02257,MODESTO IRRIGATION DISTRICT,client,Other / Multi-sector
client_02258,NASSCOM (NATIONAL ASSOCIATION OF SOFTWARE AND SERVICE COMPANIES),client,Technology & Telecom
client_02259,ORSTED NORTH AMERICA INC.,client,Other / Multi-sector
client_02260,"PLUG POWER, INC.",client,Energy & Environment
client_02261,"REDWIRE SPACE, INC.",client,Other / Multi-sector
client_02262,RUSH UNIVERSITY MEDICAL CENTER,client,Healthcare & Pharma
client_02265,T-MOBILE ASSOCIATION,client,Government & Nonprofit
client_02266,TRINITY INDUSTRIES INC,client,Other / Multi-sector
client_02267,TYSON FOODS INC,client,Agriculture & Food
client_02268,UNITED MOTORCOACH ASSOCIATION,client,Government & Nonprofit
client_02269,DALLAS/FORT WORTH INTERNATIONAL AIRPORT,client,Technology & Telecom
client_02270,ARMENIAN ASSEMBLY OF AMERICA INC,client,Other / Multi-sector
client_02272,PHLOW CORPORATION,client,Other / Multi-sector
client_02273,ADVANCED MICRO DEVICES (AMD),client,Other / Multi-sector
client_02274,ANHEUSER-BUSCH COMPANIES INC,client,Other / Multi-sector
client_02275,APPALACHIAN NATURAL GAS OPERATORS COALITION,client,Energy & Environment
client_02276,"BROWARD COUNTY, FL",client,Other / Multi-sector
client_02277,CHENEGA CORPORATION,client,Other / Multi-sector
client_02278,CITY OF NEW ORLEANS,client,Other / Multi-sector
client_02279,CITY OF SAN FRANCISCO (WATER AND POWER DIVISION),client,Energy & Environment
client_02280,COMMERCIAL METALS COMPANY,client,Technology & Telecom
client_02281,DIAGEO NORTH AMERICA,client,Other / Multi-sector
client_02282,"ELEVANCE HEALTH, INC. (FORMERLY REPORTED AS ANTHEM, INC.)",client,Healthcare & Pharma
client_02283,ELLIS HOSPITAL,client,Healthcare & Pharma
client_02284,ESQUEL ENTERPRISES LIMITED,client,Other / Multi-sector
client_02286,NATIONAL ASSOCIATION OF BROADCASTERS (NAB),client,Government & Nonprofit
client_02287,"OFFICE OF THE GOVERNOR, STATE OF COLORADO",client,Government & Nonprofit
client_02288,ONEIDA TRIBE OF INDIANS OF WISCONSIN,client,Other / Multi-sector
client_02289,ONTARIO INTERNATIONAL AIRPORT AUTHORITY,client,Technology & Telecom
client_02290,RESOURCE MANAGEMENT SERVICE LLC,client,Other / Multi-sector
client_02291,"STRATASYS, INC.",client,Other / Multi-sector
client_02292,"COMMUNITY HEALTH NETWORK, INC. INDIANAPOLIS",client,Healthcare & Pharma
client_02293,INSTITUTE OF MAKERS OF EXPLOSIVES,client,Education & Research
client_02294,AMERICAN PUBLIC WORKS ASSOCIATION,client,Government & Nonprofit
client_02295,"AMERICAN AIRLINES, INC.",client,Technology & Telecom
client_02296,SPINA BIFIDA ASSOCIATION OF AMERICA,client,Government & Nonprofit
client_02297,"ALTRIA CLIENT SERVICES, LLC",client,Other / Multi-sector
client_02298,AMERICAN PROPERTY CASUALTY INSURANCE ASSOCIATION FKA PROPERTY CASUALTY INSURERS,client,Real Estate & Construction
client_02299,"ANT GROUP CO., LTD.",client,Other / Multi-sector
client_02300,BIOMERIEUX,client,Other / Multi-sector
client_02301,BOWLING PROPRIETORS' ASSOCIATION OF AMERICA,client,Government & Nonprofit
client_02302,CITY OF HOPE MEDICAL CENTER,client,Healthcare & Pharma
client_02303,NANA REGIONAL CORPORATION,client,Other / Multi-sector
client_02304,NASCAR,client,Other / Multi-sector
client_02305,NATIONAL ASSOCIATION OF EMS PHYSICIANS,client,Government & Nonprofit
client_02306,ONLINE LENDERS ALLIANCE,client,Other / Multi-sector
client_02307,PERRIGO COMPANY PLC,client,Other / Multi-sector
client_02308,PLUMBING-HEATING-COOLING CONTRACTORS--NATIONAL ASSOCIATION,client,Government & Nonprofit
client_02309,"PORT LINK GP, LTD (ON BEHALF OF THE PORT FUND L.P.)",client,Transportation & Auto
client_02310,SOCIETY OF INDEPENDENT GASOLINE MARKETERS OF AMERICA,client,Energy & Environment
client_02311,"STIDD SYSTEMS, INC",client,Other / Multi-sector
client_02313,WASHINGTON GAS,client,Energy & Environment
client_02314,FEDERATION OF AMERICAN SOCIETIES FOR EXPERIMENTAL BIOLOGY,client,Other / Multi-sector
client_02315,LOUISIANA COASTAL PROTECTION AND RESTORATION AUTHORITY,client,Other / Multi-sector
client_02316,"ROBOTIC RESEARCH OPCO, LLC (DBA FORTERRA)",client,Education & Research
client_02317,LAMBERT-ST LOUIS INTERNATIONAL AIRPORT,client,Technology & Telecom
client_02318,LIQUID ENERGY PIPELINE ASSOCIATION,client,Energy & Environment
client_02319,4DD SOFTWARE,client,Technology & Telecom
client_02320,ALLIANCE OF SPECIALTY MEDICINE,client,Other / Multi-sector
client_02321,AMERICAN MARITIME OFFICERS SERVICE (AMOS),client,Other / Multi-sector
client_02322,AMERICAN SAFETY COUNCIL,client,Other / Multi-sector
client_02323,A.O. SMITH CORPORATION,client,Other / Multi-sector
client_02324,BAVARIAN NORDIC,client,Other / Multi-sector
client_02325,BAYER CORPORATION (FORMERLY KNOWN AS MONSANTO COMPANY),client,Other / Multi-sector
client_02326,BRAIN INJURY ASSOCIATION OF AMERICA (FKA BRAIN INJURY ASSOCIATION),client,Technology & Telecom
client_02327,CHESAPEAKE ENERGY CORPORATION,client,Energy & Environment
client_02328,CHILDREN'S HOSPITAL OF THE KING'S DAUGHTERS,client,Healthcare & Pharma
client_02329,CIT GROUP INC.,client,Other / Multi-sector
client_02330,CLEAN FUELS ALLIANCE AMERICA,client,Other / Multi-sector
client_02331,"CORECIVIC, INC.",client,Other / Multi-sector
client_02332,COUNCIL ON SOCIAL WORK EDUCATION,client,Education & Research
client_02333,"H-E-B GROCERY COMPANY, LP",client,Agriculture & Food
client_02334,"HCBS ADVOCACY, LLC",client,Other / Multi-sector
client_02335,HORIZON THERAPEUTICS (FORMALLY KNOWN AS HORIZON PHARMA),client,Healthcare & Pharma
client_02336,INSURED RETIREMENT INSTITUTE,client,Education & Research
client_02338,LAKE ERIE COLLEGE OF OSTEOPATHIC MEDICINE,client,Education & Research
client_02339,MARSH MCLENNAN,client,Other / Multi-sector
client_02340,MINNESOTA CORN GROWERS,client,Agriculture & Food
client_02341,NATIONAL ASSOCIATION OF BENEFITS AND INSURANCE PROFESSIONALS (FKA NAHU),client,Government & Nonprofit
client_02342,NATIONAL ASSOCIATION OF REALTORS,client,Government & Nonprofit
client_02344,NATIONAL LUMBER AND BUILDING MATERIAL DEALERS ASSOCIATION,client,Government & Nonprofit
client_02345,NATIONAL SORGHUM PRODUCERS,client,Other / Multi-sector
client_02346,PARTNERSHIP FOR PART D ACCESS,client,Other / Multi-sector
client_02347,"PEGASYSTEMS, INC.",client,Energy & Environment
client_02348,PRAIRIE ISLAND INDIAN COMMUNITY,client,Technology & Telecom
client_02350,SMALL REFINERY OWNERS AD HOC COALITION,client,Energy & Environment
client_02351,SNAP INC.,client,Other / Multi-sector
client_02352,SOUTHWIRE COMPANY,client,Other / Multi-sector
client_02353,STATE STREET BANK AND TRUST COMPANY,client,Finance & Banking
client_02354,"TIBER CREEK HEALTH STRATEGIES, INC. (ON BEHALF OF GENENTECH, INC.)",client,Healthcare & Pharma
client_02355,UNIVERSITY OF ALABAMA SYSTEM,client,Education & Research
client_02356,UTAH TRANSIT AUTHORITY (UTA),client,Other / Multi-sector
client_02357,"YCI METHANOL ONE, LLC (F/K/A YUHUANG CHEMICAL INC.)",client,Other / Multi-sector
client_02358,CEPI-U.S.,client,Other / Multi-sector
client_02359,ADVANCED ENVIRONMENTAL MONITORING HOLDINGS (AEMH),client,Other / Multi-sector
client_02360,PROMEDICA HEALTH SYSTEM,client,Healthcare & Pharma
client_02361,GOOGLE CLIENT SERVICES LLC (FORMERLY REPORTING AS GOOGLE),client,Technology & Telecom
client_02362,BBVA USA,client,Other / Multi-sector
client_02365,AMERICAN ASSOCIATION OF INTERNATIONAL HEALTHCARE RECRUITMENT,client,Healthcare & Pharma
client_02366,AMERICAN COLLEGE OF EMERGENCY PHYSICIANS,client,Education & Research
client_02367,AMERICAN COUNCIL OF LIFE INSURERS (ACLI),client,Other / Multi-sector
client_02368,BLOOM ENERGY,client,Energy & Environment
client_02370,CLIMATE POWER,client,Energy & Environment
client_02371,COHNREZNICK LLP,client,Legal & Lobbying
client_02372,ELECTRIC POWER BOARD,client,Energy & Environment
client_02373,HENRY FORD HEALTH SYSTEM,client,Healthcare & Pharma
client_02374,METROPOLITAN LIFE INSURANCE COMPANY,client,Other / Multi-sector
client_02375,PALO ALTO NETWORKS,client,Other / Multi-sector
client_02376,"REVVITY, INC.",client,Other / Multi-sector
client_02379,"WITH HONOR ACTION, INC.",client,Other / Multi-sector
client_02380,ZIMMER BIOMET,client,Other / Multi-sector
client_02381,ALLIANCE FOR AGING RESEARCH,client,Education & Research
client_02382,NOURYON,client,Other / Multi-sector
client_02383,ADOBE SYSTEMS INC.,client,Other / Multi-sector
client_02384,"ANALOG DEVICES, INC.",client,Other / Multi-sector
client_02385,ARCH CAPITAL GROUP LIMITED,client,Finance & Banking
client_02386,CGCN GROUP ON BEHALF OF BRADFORD WHITE CORPORATION,client,Transportation & Auto
client_02387,COBHAM ADVANCED ELECTRONIC SOLUTIONS (PREVIOUSLY: COBHAM MANAGEMENT SERVICES INC,client,Other / Multi-sector
client_02388,COPYRIGHT ALLIANCE,client,Other / Multi-sector
client_02389,CROWDSTRIKE,client,Other / Multi-sector
client_02390,EOS ENERGY ENTERPRISES LLC (FKA EOS ENERGY STORAGE LLC),client,Energy & Environment
client_02391,GREAT LAKES DREDGE & DOCK CORPORATION,client,Other / Multi-sector
client_02392,ICANN (INTERNET CORPORATION FOR ASSIGNED NAMES AND NUMBERS),client,Other / Multi-sector
client_02393,LINDE (FKA PRAXAIR INC ),client,Technology & Telecom
client_02394,"MICRON TECHNOLOGY, INC.",client,Technology & Telecom
client_02395,"NETJETS, INC.",client,Other / Multi-sector
client_02396,NORTH CAROLINA STATE UNIVERSITY,client,Education & Research
client_02398,PORT OF SEATTLE,client,Transportation & Auto
client_02399,TEVA PHARMACEUTICALS USA,client,Healthcare & Pharma
client_02400,"VMWARE LLC (FORMERLY KNOWN AS VMWARE, INC.)",client,Other / Multi-sector
client_02401,PEOPLEFORBIKES COALITION,client,Energy & Environment
client_02402,C3.AI,client,Technology & Telecom
client_02403,AMERICAN SOCIETY FOR CLINICAL PATHOLOGY,client,Other / Multi-sector
client_02404,ADVANCED TECHNOLOGY INTERNATIONAL ON BEHALF OF NATIONAL ARMAMENTS CONSORTIUM,client,Technology & Telecom
client_02405,AMERICAN CLINICAL LABORATORY ASSOCIATION (ACLA),client,Government & Nonprofit
client_02406,CENTER FOR ORGAN RECOVERY & EDUCATION (LOBBYING ON BEHALF OF DONOR ALLIANCE),client,Education & Research
client_02407,"CHURCHILL COUNTY, NEVADA",client,Other / Multi-sector
client_02408,COLUMBIA RIVER TREATY POWER GROUP,client,Energy & Environment
client_02409,DAIMLER TRUCKS NORTH AMERICA,client,Technology & Telecom
client_02410,DAR AL HANDASAH CONSULTANTS SHAIR & PARTNERS HOLDINGS LTD,client,Technology & Telecom
client_02411,EASTERN MUNICIPAL WATER DISTRICT,client,Other / Multi-sector
client_02412,"ENBRIDGE ENERGY COMPANY, INC.",client,Energy & Environment
client_02413,"FLEXTRONICS INTERNATIONAL USA, INC.",client,Other / Multi-sector
client_02414,FRESENIUS MEDICAL CARE NORTH AMERICA (FKA FRESENIUS MEDICAL CARE),client,Healthcare & Pharma
client_02415,"HORIZON THERAPEUTICS USA, INC. (FORMERLY KNOWN AS HORIZON PHARMA USA, INC.)",client,Healthcare & Pharma
client_02416,INTEALTH,client,Other / Multi-sector
client_02417,LUFTHANSA GERMAN AIRLINES,client,Technology & Telecom
client_02418,MALLINCKRODT,client,Other / Multi-sector
client_02419,OAK STREET HEALTH D/B/A CVS HEALTH,client,Healthcare & Pharma
client_02420,OTIS ELEVATOR COMPANY,client,Other / Multi-sector
client_02421,PEPSICO,client,Other / Multi-sector
client_02422,"RAILWAY SUPPLY INSTITUTE, INC.",client,Technology & Telecom
client_02423,RESCARE INC (DBA BRIGHTSPRING HEALTH SERVICES),client,Healthcare & Pharma
client_02424,SIGA TECHNOLOGIES,client,Other / Multi-sector
client_02425,THE CITY OF FORT WORTH,client,Other / Multi-sector
client_02426,VARIAN MEDICAL SYSTEMS,client,Healthcare & Pharma
client_02427,ACCURAY INCORPORATED,client,Other / Multi-sector
client_02428,AMERICAN ACADEMY OF DERMATOLOGY,client,Other / Multi-sector
client_02429,AMERICAN ACADEMY OF HOSPICE AND PALLIATIVE CARE,client,Other / Multi-sector
client_02430,"AMERICAN EXPRESS TRAVEL RELATED SERVICES, FORMERLY REPORTED AS AMERICAN EXPRESS",client,Transportation & Auto
client_02431,AMERICAN SPEECH-LANGUAGE-HEARING ASSOCIATION,client,Government & Nonprofit
client_02432,AMPERE COMPUTING EMPLOYER LLC,client,Other / Multi-sector
client_02433,ASTELLAS PHARMA US,client,Healthcare & Pharma
client_02434,BARRICK MINING CORPORATION,client,Other / Multi-sector
client_02435,BLUE CROSS BLUE SHIELD OF ARIZONA,client,Other / Multi-sector
client_02436,CARIS SCIENCE INC,client,Other / Multi-sector
client_02437,CHAMBERS COUNTY IMPROVEMENT DISTRICT NO. 1,client,Other / Multi-sector
client_02438,CLOUDFLARE,client,Other / Multi-sector
client_02439,COLORADO STATE UNIVERSITY,client,Education & Research
client_02440,COMMISIMPEX,client,Other / Multi-sector
client_02441,CONFEDERATED TRIBES OF THE CHEHALIS RESERVATION,client,Other / Multi-sector
client_02442,"DOMINION VOTING SYSTEMS, INC.",client,Other / Multi-sector
client_02443,DR. KOCHO ANGJUSHEV,client,Other / Multi-sector
client_02445,GENERAL CIGAR CO INC,client,Other / Multi-sector
client_02446,GEORGIA INSTITUTE OF TECHNOLOGY,client,Technology & Telecom
client_02447,GEOSYNTHETIC MATERIALS ASSOCIATION - ATA (FORMERLY KNOWN AS GMA - IFAI),client,Technology & Telecom
client_02448,GUARDIAN LIFE INSURANCE COMPANY,client,Other / Multi-sector
client_02449,HALLMARK CARDS,client,Other / Multi-sector
client_02450,"ICEYE US, INC.",client,Other / Multi-sector
client_02451,ITG BRANDS,client,Other / Multi-sector
client_02452,K-LOVE,client,Other / Multi-sector
client_02453,"LEONARDO DRS, INC.",client,Other / Multi-sector
client_02454,LOS ANGELES COUNTY DEVELOPMENT AUTHORITY,client,Other / Multi-sector
client_02455,MARSHALL UNIVERSITY RESEARCH CORP.,client,Education & Research
client_02456,MCKESSON SPECIALTY HEALTH,client,Healthcare & Pharma
client_02457,MESCALERO APACHE,client,Other / Multi-sector
client_02458,NUSTAR ENERGY CORPORATION,client,Energy & Environment
client_02459,PHARMAVITE LLC,client,Healthcare & Pharma
client_02460,RESPONSIBLE INDUSTRY FOR A SOUND ENVIRONMENT,client,Other / Multi-sector
client_02461,"SELECT MILK PRODUCERS, INC./CONTINENTAL DAIRY PRODUCTS, INC.",client,Technology & Telecom
client_02462,"SHARE OUR STRENGTH, INC.",client,Other / Multi-sector
client_02463,SOUTH DAKOTA SCIENCE & TECHNOLOGY AUTHORITY,client,Technology & Telecom
client_02464,SOUTH DAKOTA STATE UNIVERSITY,client,Education & Research
client_02465,SOUTHERN CALIFORNIA TRIBAL CHAIRMEN'S ASSOCIATION,client,Technology & Telecom
client_02466,TEIJIN HOLDINGS USA INC.,client,Other / Multi-sector
client_02467,TESLA,client,Transportation & Auto
client_02468,TEXAS CATTLE FEEDERS ASSOCIATION,client,Agriculture & Food
client_02469,THE JOHNS HOPKINS UNIVERSITY APPLIED PHYSICS LABORATORY LLC,client,Education & Research
client_02470,TUFTS MEDICINE,client,Other / Multi-sector
client_02471,SNOHOMISH COUNTY PUBLIC UTILITY DISTRICT,client,Other / Multi-sector
client_02472,FEDERATED INVESTORS,client,Other / Multi-sector
client_02473,HEALTH CARE SUPPLY CHAIN ASSOCIATION,client,Healthcare & Pharma
client_02474,PFS INVESTMENTS INC.,client,Finance & Banking
client_02475,"DNV USA, INC.",client,Other / Multi-sector
client_02476,ANDURIL INDUSTRIES,client,Other / Multi-sector
client_02477,ARM LIMITED,client,Other / Multi-sector
client_02478,"ATLANTIC SHORES OFFSHORE WIND, LLC",client,Other / Multi-sector
client_02479,"AVANCI F/K/A MARCONI, LLC",client,Other / Multi-sector
client_02480,COALITION FOR ENERGY EFFICIENT JOBS & INVESTMENT,client,Finance & Banking
client_02481,ENTERPRISE HOLDINGS,client,Other / Multi-sector
client_02482,EQT CORPORATION,client,Other / Multi-sector
client_02483,ESSENTIAL MINERALS ASSOCIATION (FORMERLY REPORTING AS IMA-NA),client,Transportation & Auto
client_02484,"HONOLULU AUTH. FOR RAPID TRNS. (PREVIOUSLY KNOWN AS INFRACONSULT, LLC.)",client,Other / Multi-sector
client_02485,JARDEN ZINC PRODUCTS,client,Other / Multi-sector
client_02486,JOINT COMMISSION ON ACCREDITATION OF HEALTHCARE ORGANIZATIONS,client,Healthcare & Pharma
client_02487,KOCH GOVERNMENT AFFAIRS (FKA KOCH COMPANIES PUBLIC SECTOR),client,Technology & Telecom
client_02488,"QUECTEL WIRELESS SOLUTIONS CO., LTD.",client,Other / Multi-sector
client_02489,REINVESTMENT FUND,client,Finance & Banking
client_02490,RETAIL INDUSTRY LEADERS ASSOCIATION (RILA),client,Technology & Telecom
client_02491,RURAL STATES FED TRANSP POLICY DEVELOPMENT GROUP,client,Other / Multi-sector
client_02492,SAFEWAY,client,Other / Multi-sector
client_02493,THE DEPOSITORY TRUST & CLEARING CORPORATION,client,Other / Multi-sector
client_02494,"VAST, INC. (FKA VAST SPACE LLC)",client,Other / Multi-sector
client_02495,EMBLEMHEALTH,client,Healthcare & Pharma
client_02496,ELECTRICITY CUSTOMER ALLIANCE,client,Energy & Environment
client_02497,ALLIANCE FOR VEHICLE EFFICIENCY,client,Other / Multi-sector
client_02498,ASSN. OF SMALL BUSINESS DEV. CENTERS,client,Other / Multi-sector
client_02499,ASSOCIATION FOR COMMUNITY AFFILIATED PLANS,client,Government & Nonprofit
client_02500,AXNES AVIATION,client,Transportation & Auto
client_02501,BRIGGS & STRATTON LLC,client,Other / Multi-sector
client_02502,CLEAN FUELS ALLIANCE AMERICA (FORMERLY REPORTED AS NATIONAL BIODIESEL BOARD),client,Transportation & Auto
client_02503,COALITION FOR GSP,client,Energy & Environment
client_02504,EXHIBITIONS & CONFERENCES ALLIANCE,client,Other / Multi-sector
client_02505,FLORIDA ATLANTIC UNIVERSITY,client,Education & Research
client_02506,HUMANA,client,Other / Multi-sector
client_02507,"IRIDIUM COMMUNICATIONS INC (FORMERLY SATELLES, INC.)",client,Other / Multi-sector
client_02508,OPAL FUELS INC.,client,Other / Multi-sector
client_02509,"PURFOODS, LLC",client,Agriculture & Food
client_02510,RIPPLE,client,Other / Multi-sector
client_02511,"SAMSUNG ELECTRONICS AMERICA, INC.",client,Other / Multi-sector
client_02512,SEMICONDUCTORS INDUSTRY ASSOCIATION,client,Government & Nonprofit
client_02513,"THALES DEFENSE & SECURITY, INC.",client,Defense & Aerospace
client_02514,TIBER CREEK GROUP (OBO JAZZ PHARMACEUTICALS),client,Healthcare & Pharma
client_02515,CAPELLA SPACE CORP. AND SUBSIDIARIES,client,Other / Multi-sector
client_02516,COLORADO RIVER INDIAN TRIBES,client,Other / Multi-sector
client_02517,PRIDE MOBILITY PRODUCTS CORP,client,Other / Multi-sector
client_02518,"VIRTU FINANCIAL, LLC",client,Finance & Banking
client_02519,"RWE CLEAN ENERGY SERVICES, LLC",client,Energy & Environment
client_02520,SOUTHCOAST HEALTH SYSTEM,client,Healthcare & Pharma
client_02521,CDR MAGUIRE INC.,client,Other / Multi-sector
client_02522,CHARTER BROKERAGE SERVICES,client,Other / Multi-sector
client_02523,ENERGY INFRASTRUCTURE COUNCIL (FKA MASTER LIMITED PARTNERSHIP ASSOC),client,Energy & Environment
client_02524,EOG RESOURCES,client,Other / Multi-sector
client_02525,EVONIK CORPORATION,client,Other / Multi-sector
client_02526,GIFFORDS (FORMERLY REPORTING AS AMERICANS FOR RESPONSIBLE SOLUTIONS),client,Transportation & Auto
client_02527,"HADASSAH, THE WOMEN'S ZIONIST ORGANIZATION OF AMERICA, INC.",client,Other / Multi-sector
client_02528,"INFIN, A FINANCIAL SERVICES ALLIANCE (F/K/A FINANCIAL SERVICE CENTERS AMERICA)",client,Finance & Banking
client_02529,METROPOLITAN DISTRICT COMMISSION OF CONNECTICUT,client,Government & Nonprofit
client_02530,PET RESIN ASSOCIATION,client,Government & Nonprofit
client_02531,RTX CORPORATION AND AFFILIATES (FKA RAYTHEON TECHNOLOGIES CORP. AND AFFILIATES),client,Defense & Aerospace
client_02532,SEMI (FORMERLY FLEXTECH ALLIANCE),client,Other / Multi-sector
client_02533,SMX (FKA SMARTRONIX),client,Other / Multi-sector
client_02534,VOYA SERVICES COMPANY,client,Other / Multi-sector
client_02535,WOODBERRY ASSOCIATES LLC ON BEHALF OF COLORADO STATE UNIVERSITY FOUNDATION,client,Education & Research
client_02536,CENTRAL PUGET SOUND REGIONAL TRANSIT AUTHORITY (SOUND TRANSIT),client,Other / Multi-sector
client_02537,METROPOLITAN WATER DISTRICT OF SOUTHERN CALIFORNIA,client,Other / Multi-sector
client_02538,AMERICAN ASSOCIATION OF NEUROLOGICAL SURGEONS,client,Government & Nonprofit
client_02539,CONGRESS OF NEUROLOGICAL SURGEONS,client,Other / Multi-sector
client_02540,AMERICAN ACADEMY OF FAMILY PHYSICIANS,client,Other / Multi-sector
client_02541,AMERICAN SOCIETY OF PLANT BIOLOGISTS,client,Other / Multi-sector
client_02542,AMERICAN SUGAR ALLIANCE,client,Other / Multi-sector
client_02543,"APA SERVICES, INC.",client,Other / Multi-sector
client_02544,ARCBEST,client,Other / Multi-sector
client_02546,"BEEP, INC.",client,Other / Multi-sector
client_02547,BEER INSTITUTE,client,Education & Research
client_02548,"BLUETRITON BRANDS, INC. (NESTLE WATERS NORTH AMERICA)",client,Other / Multi-sector
client_02549,BOMBARDIER AEROSPACE HOLDINGS (USA) INC FORMERLY BOMBARDIER TRANSIT CORPORATION,client,Defense & Aerospace
client_02550,"CENTERPOINT ENERGY, INC.",client,Energy & Environment
client_02551,CITY OF DALLAS,client,Other / Multi-sector
client_02552,CITY OF SAN MARCOS,client,Other / Multi-sector
client_02553,"CONSOLIDATED EDISON COMPANY OF NEW YORK, INC.",client,Other / Multi-sector
client_02554,COOK INLET REGION INCORPORATED (CIRI),client,Other / Multi-sector
client_02555,COUNCIL FOR AFFORDABLE AND RURAL HOUSING,client,Transportation & Auto
client_02556,COUNTY OF PLACER,client,Other / Multi-sector
client_02557,DENVER HEALTH AND HOSPITAL AUTHORITY,client,Healthcare & Pharma
client_02558,DISH NETWORK CORPORATION,client,Other / Multi-sector
client_02559,FEDERAL HOME LOAN BANK OF ATLANTA,client,Finance & Banking
client_02560,FEDEX,client,Other / Multi-sector
client_02561,FITCH RATINGS,client,Other / Multi-sector
client_02562,FLAGSHIP PIONEERING,client,Other / Multi-sector
client_02563,FLAGSTAR BANK,client,Finance & Banking
client_02564,"FRED HUTCHINSON CANCER CENTER FORMER ""FRED HUTCHISON CANCER RESEARCH CENTER""",client,Education & Research
client_02565,HYOSUNG CORPORATION,client,Other / Multi-sector
client_02566,IAC,client,Other / Multi-sector
client_02567,INDEPENDENT FILM & TELEVISION ALLIANCE,client,Other / Multi-sector
client_02568,"INTUIT, INC. AND AFFILIATES (F.K.A. INTUIT, INC.)",client,Other / Multi-sector
client_02569,JACOBS ENGINEERING GROUP INC.,client,Other / Multi-sector
client_02570,JEFFREY MODELL FOUNDATION,client,Education & Research
client_02571,LATHROP & GAGE ON BEHALF OF BRIDGETON LANDFILL LLC AND ROCK ROAD INDUSTRIES I,client,Other / Multi-sector
client_02572,MIAMI-DADE COUNTY FLORIDA,client,Other / Multi-sector
client_02573,MUCKLESHOOT INDIAN TRIBE,client,Other / Multi-sector
client_02574,NATIONAL BUSINESS AVIATION ASSOCIATION INC,client,Transportation & Auto
client_02575,NATIONAL TRUCK EQUIPMENT ASSOCIATION,client,Government & Nonprofit
client_02576,OPTIONS CLEARING CORPORATION,client,Other / Multi-sector
client_02577,PACIFIC GAS & ELECTRIC,client,Energy & Environment
client_02578,PAYPAL,client,Other / Multi-sector
client_02579,RECORDING INDUSTRY ASSOCIATION OF AMERICA INC,client,Government & Nonprofit
client_02580,RIVERSIDE CO. FLOOD CONTROL & WATER CONSERVATION DISTRICT,client,Other / Multi-sector
client_02581,SAN ANTONIO RIVER AUTHORITY,client,Other / Multi-sector
client_02582,"SOUTHEASTERN UNIVERSITIES RESEARCH ASSOCIATION, INC.",client,Education & Research
client_02583,SSA MARINE,client,Other / Multi-sector
client_02584,STANDARD INDUSTRIES,client,Other / Multi-sector
client_02585,SUSTAINABLE FOOD POLICY ALLIANCE,client,Technology & Telecom
client_02586,TENCATE PROTECTIVE FABRICS NORTH AMERICA,client,Other / Multi-sector
client_02587,THE BOSTON BEER COMPANY,client,Other / Multi-sector
client_02588,THE BROADWAY LEAGUE,client,Other / Multi-sector
client_02589,THE CAMPBELL'S COMPANY (FKA CAMPBELL SOUP COMPANY),client,Other / Multi-sector
client_02590,THE EVANGELICAL LUTHERAN GOOD SAMARITAN SOCIETY,client,Other / Multi-sector
client_02591,TRUCKERS INTEGRAL TO OUR ECONOMY INC (TIE),client,Other / Multi-sector
client_02592,TRUCKLOAD CARRIERS ASSOCIATION,client,Government & Nonprofit
client_02593,"VIASAT, INC.",client,Other / Multi-sector
client_02594,ZERO EMISSION TRANSPORTATION ASSOCIATION,client,Transportation & Auto
client_02595,"DIGITAL THERAPEUTICS ALLIANCE, INC",client,Technology & Telecom
client_02597,ZIONS BANCORP,client,Other / Multi-sector
client_02598,"AMARIN PHARMA, INC.",client,Healthcare & Pharma
client_02599,"AMERICAN RHEINMETALL MUNITIONS, INC.",client,Technology & Telecom
client_02600,AMSTED INDUSTRIES,client,Other / Multi-sector
client_02601,ANMED HEALTH SYSTEM,client,Healthcare & Pharma
client_02602,CANADA PENSION PLAN INVESTMENT BOARD,client,Finance & Banking
client_02603,"CBOE GLOBAL MARKETS, INC.",client,Other / Multi-sector
client_02604,CENTRAL STATES FUNDS,client,Other / Multi-sector
client_02605,CENTURY ALUMINUM COMPANY,client,Other / Multi-sector
client_02606,DELL INC.,client,Other / Multi-sector
client_02607,GEORGIA SOUTHERN UNIVERSITY,client,Education & Research
client_02608,GRAIL LLC,client,Technology & Telecom
client_02609,GRIDLIANCE,client,Other / Multi-sector
client_02610,HANGER INC (FORMERLY HANGER ORTHOPEDIC),client,Other / Multi-sector
client_02611,HILL EAST GROUP ON BEHALF OF AIRPORTS COUNCIL INTERNATIONAL - NORTH AMERICA,client,Technology & Telecom
client_02612,IAERO AIRWAYS (F.K.A. BLUE SKIES AEROSPACE GROUP),client,Defense & Aerospace
client_02613,INSULET CORPORATION,client,Other / Multi-sector
client_02614,K&L GATES LLP ON BEHALF OF THE PACKAGE COALITION LLC,client,Energy & Environment
client_02615,NATIONAL COUNCIL ON CIVIL ADVOCACY,client,Other / Multi-sector
client_02616,"NORDIC AMMUNITION COMPANY (D/B/A NAMMO, INC.)",client,Other / Multi-sector
client_02617,"REGAL BELOIT AMERICA, INC.",client,Other / Multi-sector
client_02618,RELATED FUND MANAGEMENT,client,Other / Multi-sector
client_02619,SIERRA NEVADA COMPANY,client,Other / Multi-sector
client_02620,TENNESSEE VALLEY PUBLIC POWER ASSOCIATION,client,Energy & Environment
client_02621,UNITED KEETOOWAH BAND OF CHEROKEE INDIANS IN OKLAHOMA,client,Other / Multi-sector
client_02622,UNITED STATES OLYMPIC AND PARALYMPIC COMMITTEE,client,Other / Multi-sector
client_02623,"U.S. ACUTE CARE SOLUTIONS, LLC",client,Other / Multi-sector
client_02624,WORLD RESOURCES INSTITUTE,client,Education & Research
client_02625,WWF,client,Other / Multi-sector
client_02626,ILLINOIS AGRICULTURAL ASSOCIATION,client,Government & Nonprofit
client_02627,"SUMITOMO PHARMA CO., LTD. (FORMERLY SUNOVION PHARMACEUTICALS, INC.)",client,Healthcare & Pharma
client_02628,AMERICAN CATALOG MAILERS ASSOCIATION,client,Technology & Telecom
client_02629,MAZDA MOTOR OF AMERICA DBA MAZDA NORTH AMERICAN OPERATIONS,client,Other / Multi-sector
client_02631,AMERICAN BIRD CONSERVANCY,client,Other / Multi-sector
client_02632,"ASML US, LLC",client,Other / Multi-sector
client_02633,ASSURED GUARANTY LTD,client,Other / Multi-sector
client_02634,CELANESE CORPORATION,client,Other / Multi-sector
client_02635,CLECO POWER LLC,client,Energy & Environment
client_02636,COHERUS BIOSCIENCES,client,Other / Multi-sector
client_02637,CONSUMER BRANDS ASSOCIATION,client,Government & Nonprofit
client_02638,CUBIC CORPORATION,client,Other / Multi-sector
client_02639,EDP ENTERPRISES INC,client,Other / Multi-sector
client_02640,EXACT SCIENCES CORPORATION,client,Other / Multi-sector
client_02641,HCR MANORCARE,client,Other / Multi-sector
client_02642,ONE MEDICAL,client,Healthcare & Pharma
client_02643,"PATHWARD, NATIONAL ASSOCIATION (FKA PATHWARD (FORMERLY METABANK, N.A.))",client,Finance & Banking
client_02644,RETIREMENT CLEARINGHOUSE,client,Other / Multi-sector
client_02645,ROCKET LAB USA INC.,client,Other / Multi-sector
client_02646,SEIA,client,Other / Multi-sector
client_02647,"STRATEGIC EDUCATION, INC.",client,Education & Research
client_02648,"SYNOPSYS, INC.",client,Other / Multi-sector
client_02649,THE ORTHOFORUM,client,Other / Multi-sector
client_02650,VISTRA ENERGY CORP (FORMERLY ENERGY FUTURE HOLDINGS),client,Energy & Environment
client_02651,WEST BASIN MUNICIPAL WATER DISTRICT,client,Other / Multi-sector
client_02652,WEST VALLEY WATER DISTRICT,client,Other / Multi-sector
client_02653,TRULIEVE CANNABIS CORP.,client,Other / Multi-sector
client_02654,WESTERN STATES REGIONAL COUNCIL OF CARPENTERS,client,Other / Multi-sector
client_02655,AERONAUTICAL REPAIR STATION ASSOCIATION,client,Technology & Telecom
client_02656,AVISTA CORPORATION,client,Other / Multi-sector
client_02657,CVS HEALTH,client,Healthcare & Pharma
client_02658,6K INC.,client,Other / Multi-sector
client_02659,AMERICAN SHEEP INDUSTRY ASSOCIATION,client,Government & Nonprofit
client_02660,"APTARGROUP, INC.",client,Other / Multi-sector
client_02661,BLUE DIAMOND GROWERS,client,Other / Multi-sector
client_02662,BMO FINANCIAL CORP. F/K/A BMO HARRIS BANK,client,Finance & Banking
client_02663,CARD POLICY COUNCIL,client,Other / Multi-sector
client_02664,"CARLYLE INVESTMENT MANAGEMENT, INC.",client,Finance & Banking
client_02665,"CHARLES SCHWAB & CO., INC.",client,Other / Multi-sector
client_02666,CLEAN FUELS ALLIANCE AMERICA (FKA NATIONAL BIODIESEL BOARD),client,Other / Multi-sector
client_02667,COMPUTER & COMMUNICATIONS INDUSTRY ASSOCIATION,client,Government & Nonprofit
client_02668,"DAYBROOK HOLDINGS, INC.",client,Other / Multi-sector
client_02670,HEWLETT PACKARD ENTERPRISE COMPANY,client,Other / Multi-sector
client_02671,"HURON CONSULTING SERVICES, LLC.",client,Legal & Lobbying
client_02672,OFFICE OF RONALD LAUDER,client,Government & Nonprofit
client_02673,OMNI BRIDGEWAY (USA) LLC (F.K.A. BENTHAM IMF),client,Other / Multi-sector
client_02674,PDV WIRELESS (NOW DBA ANTERIX),client,Other / Multi-sector
client_02675,PORT AUTHORITY OF SAN ANTONIO,client,Transportation & Auto
client_02676,"PRICESMART, INC",client,Other / Multi-sector
client_02677,PROFESSIONAL PHOTOGRAPHERS OF AMERICA,client,Other / Multi-sector
client_02678,"PROJECT FOR PRIVACY AND SURVEILLANCE ACCOUNTABILITY, INC.",client,Other / Multi-sector
client_02679,PTC THERAPEUTICS,client,Other / Multi-sector
client_02680,RENEWABLE FUELS ASSOCIATION,client,Energy & Environment
client_02681,"RESOURCES ENVIRONMENTAL SOLUTIONS (""RES"")",client,Other / Multi-sector
client_02682,"SAGENT M&C, LLC",client,Other / Multi-sector
client_02683,SHAZAM INC.,client,Other / Multi-sector
client_02684,"THE FIRST CHURCH OF CHRIST, SCIENTIST",client,Other / Multi-sector
client_02685,THE NORTHWEST SEAPORT ALLIANCE,client,Transportation & Auto
client_02686,THE SHERWIN-WILLIAMS COMPANY,client,Other / Multi-sector
client_02687,TRIDENT USA HEALTH SERVICES,client,Healthcare & Pharma
client_02688,"VENNTEL, INC.",client,Other / Multi-sector
client_02689,BRISTOL BAY NATIVE CORPORATION,client,Other / Multi-sector
client_02690,KANSAS FARM BUREAU,client,Agriculture & Food
client_02691,NXP USA INC,client,Other / Multi-sector
client_02692,OCCIDENTAL PETROLEUM,client,Energy & Environment
client_02693,PRIVATE ESSENTIAL ACCESS COMMUNITY HOSPITALS,client,Healthcare & Pharma
client_02694,"SPIE, THE INTERNATIONAL SOCIETY FOR OPTICS AND PHOTONICS",client,Other / Multi-sector
client_02695,FLORIDA STATE UNIVERSITY,client,Education & Research
client_02696,1-800 CONTACTS,client,Other / Multi-sector
client_02697,"AGC AMERICA, INC.",client,Other / Multi-sector
client_02698,AMERICAN BANKERS ASSOCIATION HSA COUNCIL,client,Finance & Banking
client_02699,"AMERICAN POSTAL WORKERS UNION, AFL-CIO",client,Other / Multi-sector
client_02700,"BECTON, DICKINSON AND COMPANY",client,Other / Multi-sector
client_02701,"C. H. ROBINSON WORLDWIDE, INC.",client,Other / Multi-sector
client_02702,CARE.COM,client,Other / Multi-sector
client_02703,"C&S WHOLESALE GROCERS, INC.",client,Other / Multi-sector
client_02704,ENTERGY SERVICES LLC,client,Other / Multi-sector
client_02705,"FERRERO USA, INC.",client,Other / Multi-sector
client_02706,"FORESCOUT TECHNOLOGIES, INC.",client,Other / Multi-sector
client_02707,GEMCORP CAPITAL MANAGEMENT LIMITED,client,Finance & Banking
client_02708,"KBR, INC. F/K/A SGT, INC.",client,Other / Multi-sector
client_02709,KOCH GOVERNMENT AFFAIRS,client,Technology & Telecom
client_02710,LIVEONNY,client,Other / Multi-sector
client_02711,LOS ANGELES COMMUNITY COLLEGE DISTRICT,client,Education & Research
client_02712,NATIONAL READY MIXED CONCRETE ASSOCIATION,client,Government & Nonprofit
client_02713,NORTH CAROLINA STATE PORTS AUTHORITY,client,Transportation & Auto
client_02714,SEALASKA CORPORATION,client,Other / Multi-sector
client_02715,UNIVERSITY OF NEW MEXICO,client,Education & Research
client_02716,UNIVERSITY OF SOUTH FLORIDA,client,Education & Research
client_02717,VOLUNTEERS OF AMERICA,client,Other / Multi-sector
client_02718,"NATIONAL ACADEMY OF ELDER LAW ATTORNEYS, INC.",client,Other / Multi-sector
client_02719,FRESH PRODUCE ASSOCIATION OF THE AMERICAS,client,Government & Nonprofit
client_02720,SAN JOAQUIN COUNTY FLOOD CONTROL AND WATER CONSERVATION DISTRICT,client,Other / Multi-sector
client_02721,SYMBION POWER SERVICES,client,Energy & Environment
client_02722,RURAL COMMUNITY ASSISTANCE PARTNERSHIP INC,client,Other / Multi-sector
client_02723,US OIL & GAS ASSOCIATION,client,Energy & Environment
client_02724,ARNOLD & ITKIN,client,Other / Multi-sector
client_02725,"BARRICK GOLD OF NORTH AMERICA, FKA BARRICK GOLD AND NEVADA GOLD MINES",client,Other / Multi-sector
client_02726,BETTER WORLD FUND,client,Other / Multi-sector
client_02727,"CENGAGE LEARNING, INC.",client,Other / Multi-sector
client_02728,CIBO TECHNOLOGIES,client,Other / Multi-sector
client_02729,COLONIAL PIPELINE COMPANY,client,Other / Multi-sector
client_02730,HUMANE WORLD ACTION FUND (FKA HUMANE SOCIETY LEGISLATIVE FUND),client,Other / Multi-sector
client_02731,KEYSTONE INC,client,Other / Multi-sector
client_02732,"NOVEON MAGNETICS, INC",client,Other / Multi-sector
client_02733,O'GRADY PEYTON INTERNATIONAL (USA),client,Other / Multi-sector
client_02734,PERSONAL CARE PRODUCTS COUNCIL,client,Other / Multi-sector
client_02735,SMALL BUSINESS & ENTREPRENEURSHIP COUNCIL (SBE COUNCIL),client,Other / Multi-sector
client_02736,SOUTHEAST PENNSYLVANIA TRANSPORTATION AUTHORITY (SEPTA),client,Transportation & Auto
client_02737,THE ANSCHUTZ CORPORATION,client,Other / Multi-sector
client_02738,THE LUBRIZOL CORPORATION,client,Other / Multi-sector
client_02739,VILLAGEMD,client,Other / Multi-sector
client_02740,AMERICAN ARBITRATION ASSOCIATION,client,Government & Nonprofit
client_02741,CITADEL INVESTMENT GROUP,client,Finance & Banking
client_02742,PASKENTA BAND OF NOMLAKI INDIANS,client,Other / Multi-sector
client_02743,BSA THE SOFTWARE ALLIANCE (FORMERLY BSA BUSINESS SOFTWARE ALLIANCE INC),client,Technology & Telecom
client_02744,A-TO-BE USA LLC,client,Other / Multi-sector
client_02745,ADVANCED ENERGY MANAGEMENT ALLIANCE,client,Energy & Environment
client_02746,BRISTOL MYERS SQUIBB,client,Other / Multi-sector
client_02747,"CISCO SYSTEMS, INC.",client,Other / Multi-sector
client_02748,"EMVCO, LLC",client,Other / Multi-sector
client_02749,"ENTERPRISE COMMUNITY PARTNERS, INC.",client,Other / Multi-sector
client_02750,FINSECA,client,Other / Multi-sector
client_02751,HCA HEALTHCARE,client,Healthcare & Pharma
client_02752,HRB TAX GROUP INC (FORMERLY KNOWN AS H&R BLOCK INC ),client,Other / Multi-sector
client_02753,IGT GLOBAL SOLUTIONS (FORMERLY GTECH),client,Other / Multi-sector
client_02754,INSTITUTE OF INTERNATIONAL CONTAINER LESSORS,client,Technology & Telecom
client_02755,ITC MODERNIZATION ALLIANCE,client,Other / Multi-sector
client_02756,LABORATORY CORPORATION OF AMERICA HOLDINGS,client,Other / Multi-sector
client_02757,LUMEN TECHNOLOGIES,client,Other / Multi-sector
client_02758,"MACQUARIE INFRASTRUCTURE AND REAL ASSETS, INC.",client,Real Estate & Construction
client_02759,MICHIGAN RESEARCH INSTITUTE,client,Education & Research
client_02760,STRYKER CORPORATION,client,Other / Multi-sector
client_02761,TRINET GROUP,client,Other / Multi-sector
client_02762,UNITED NETWORK FOR ORGAN SHARING (UNOS),client,Other / Multi-sector
client_02763,USANA HEALTH SCIENCES INC.,client,Healthcare & Pharma
client_02764,WISCONSIN HOSPITAL ASSOCIATION,client,Healthcare & Pharma
client_02765,WORKIVA,client,Other / Multi-sector
client_02766,YAKIMA BASIN JOINT BOARD,client,Other / Multi-sector
client_02767,CHUGACH ALASKA CORPORATION,client,Other / Multi-sector
client_02768,ACADEMY OF MANAGED CARE PHARMACY,client,Healthcare & Pharma
client_02769,"BEIJING XIAOMI MOBILE SOFTWARE CO., LTD.",client,Technology & Telecom
client_02770,BLACK & VEATCH,client,Other / Multi-sector
client_02771,DEVON ENERGY,client,Energy & Environment
client_02772,HALLIBURTON ENERGY SERVICES,client,Energy & Environment
client_02773,HOLISTIC INDUSTRIES INC.,client,Other / Multi-sector
client_02774,INTERNATIONAL MARINE CONTRACTORS ASSOCIATION,client,Government & Nonprofit
client_02775,"KROPP HOLDINGS, INC.",client,Other / Multi-sector
client_02776,"MCCAIN FOODS USA, INC.",client,Technology & Telecom
client_02777,"NUTANIX, INC. AND ITS AFFILIATES",client,Other / Multi-sector
client_02778,PATRIOT RAIL COMPANY (FKA PIONEER LINES (FKA PIONEER RAILCORP)),client,Technology & Telecom
client_02779,QUANTINUUM,client,Other / Multi-sector
client_02780,SMALL PUBLIC COMPANY COALITION,client,Energy & Environment
client_02781,TEEKAY SHIPPING (UK) LTD,client,Transportation & Auto
client_02782,TRANS-ATLANTIC BUSINESS COUNCIL,client,Other / Multi-sector
client_02783,UNIVERSITY OF IDAHO,client,Education & Research
client_02784,VETERANS OF FOREIGN WARS OF THE UNITED STATES,client,Other / Multi-sector
client_02785,"VOLTA INDUSTRIES, INC.",client,Other / Multi-sector
client_02786,WILMERHALE ON BEHALF OF APPLE INC.,client,Technology & Telecom
client_02787,GLOBAL ALLIANCE FOR CANNABIS COMMERCE,client,Other / Multi-sector
client_02788,NATIONAL COALITION FOR ASSISTIVE AND REHAB TECHNOLOGY,client,Energy & Environment
client_02789,"GREYHOUND LINES, INC.",client,Other / Multi-sector
client_02790,NEW SHIPPER BOND PETITIONERS COALITION,client,Energy & Environment
client_02791,SAN GABRIEL BASIN WATER QUALITY AUTHORITY,client,Other / Multi-sector
client_02792,"SCHWEITZER ENGINEERING LABORATORIES, INC.",client,Other / Multi-sector
client_02793,AMERICAN ACADEMY OF ORTHOPAEDIC SURGEONS,client,Other / Multi-sector
client_02794,PARTNERSHIP FOR OPEN & FAIR SKIES,client,Technology & Telecom
client_02795,9/11 MEMORIAL,client,Other / Multi-sector
client_02796,"ABF FREIGHT SYSTEMS, INC.",client,Other / Multi-sector
client_02797,ACADEMY OF DOCTORS OF AUDIOLOGY,client,Other / Multi-sector
client_02798,ADTRAN,client,Other / Multi-sector
client_02799,"AIRBUS HELICOPTERS, INC.",client,Technology & Telecom
client_02800,AMEREN SERVICES COMPANY,client,Other / Multi-sector
client_02801,AMERICAN MARITIME OFFICERS,client,Other / Multi-sector
client_02802,APIJECT SYSTEMS CORP.,client,Other / Multi-sector
client_02803,"BIOGEN, INC.",client,Other / Multi-sector
client_02804,"BLUCORA, INC.",client,Other / Multi-sector
client_02805,"CALIFORNIA DAIRIES, INC.",client,Technology & Telecom
client_02806,CALIFORNIA STATE TEACHERS' RETIREMENT SYSTEM,client,Other / Multi-sector
client_02807,CAMEL ENERGY INC.,client,Energy & Environment
client_02808,CANADIAN NATIONAL RAILWAY,client,Technology & Telecom
client_02809,"CELLPHIRE, INC.",client,Legal & Lobbying
client_02810,"CITY OF HENDERSON, NEVADA",client,Other / Multi-sector
client_02811,COLONIAL PIPELINE,client,Other / Multi-sector
client_02812,"CORASCLOUD, INC.",client,Other / Multi-sector
client_02813,COUNCIL FOR QUALITY RESPIRATORY CARE,client,Other / Multi-sector
client_02814,CREDIT KARMA AN INTUIT AFFILIATE,client,Other / Multi-sector
client_02815,EMPIRICAL FOODS (FKA BEEF PRODUCTS INC.),client,Agriculture & Food
client_02816,FRONTERA RESOURCES CORPORATION,client,Other / Multi-sector
client_02817,FUTURES INDUSTRY ASSOCIATION,client,Government & Nonprofit
client_02818,"HEALTHCARE ASSOCIATION OF NEW YORK STATE, INC.",client,Healthcare & Pharma
client_02819,HOUSTON FIREFIGHTERS RELIEF AND RETIREMENT FUND,client,Other / Multi-sector
client_02820,IDEMIA CIVIL IDENTITY NA LLC,client,Other / Multi-sector
client_02821,INTERNATIONAL INFORMATION SYSTEM SECURITY CERTIFICATION CONSORTIUM,client,Defense & Aerospace
client_02822,INTRAFI NETWORK,client,Other / Multi-sector
client_02823,JOINT COUNCIL OF ALLERGY ASTHMA & IMMUNOLOGY D/B/A ADVOCACY COUNCIL OF ACAAI,client,Technology & Telecom
client_02825,"KOHL'S DEPARTMENT STORES, INC.",client,Other / Multi-sector
client_02826,"KOREA ZINC COMPANY, LTD.",client,Other / Multi-sector
client_02827,LANZAJET INC,client,Other / Multi-sector
client_02828,LOGICAL STRATEGIES LLC,client,Legal & Lobbying
client_02829,MANAGEYOURID,client,Other / Multi-sector
client_02830,MONDELEZ GLOBAL LLC (SUCCESSOR BY MERGER TO CLIF BAR & COMPANY),client,Other / Multi-sector
client_02831,NATIONAL ASSOCIATION FOR SURFACE FINISHING,client,Government & Nonprofit
client_02833,NATIONAL RETAIL FEDERATION,client,Technology & Telecom
client_02834,NEW JERSEY HOSPITAL ASSOCIATION,client,Healthcare & Pharma
client_02835,PADRON CIGARS,client,Other / Multi-sector
client_02836,"REYES HOLDING, L.L.C",client,Other / Multi-sector
client_02837,SANDY HOOK PROMISE ACTION FUND (FKA SANDY HOOK PROMISE (SHP),client,Other / Multi-sector
client_02838,SELLERS DORSEY,client,Other / Multi-sector
client_02839,SEMPRA ENERGY,client,Energy & Environment
client_02840,SIERRA NEVADA CORPORATION,client,Other / Multi-sector
client_02841,"SONOSITE, A SUBSIDIARY OF FUJIFILM (FORMERLY SONOSITE, INC.)",client,Other / Multi-sector
client_02842,TENET HEALTHCARE CORPORATION,client,Healthcare & Pharma
client_02843,"TIBER CREEK GROUP (ON BEHALF OF EMD SERONO, INC.)",client,Other / Multi-sector
client_02844,"TNC (US) HOLDINGS, INC. (FORMERLY NIELSEN)",client,Other / Multi-sector
client_02845,UI LABS D/B/A MXD,client,Other / Multi-sector
client_02846,WAU HOLLAND STIFTUNG,client,Other / Multi-sector
client_02848,"ALTERA DIGITAL HEALTH (FKA ALLSCRIPTS HEALTHCARE SOLUTIONS, INC)",client,Healthcare & Pharma
client_02849,SPECIALTY CROP FARM BILL ALLIANCE,client,Agriculture & Food
client_02850,KYOCERA INTERNATIONAL (FKA KYOCERA AVX),client,Other / Multi-sector
client_02851,SERVICENOW,client,Other / Multi-sector
client_02852,WESTERN ENERGY ALLIANCE,client,Energy & Environment
client_02853,HOUSING AUTHORITY OF THE COUNTY OF SAN BERNARDINO (HACSB),client,Real Estate & Construction
client_02854,"ACT EDUCATION CORP (FKA ACT, INC.)",client,Education & Research
client_02855,AIRBOSS DEFENSE GROUP (FKA CRITICAL SOLUTIONS INTERNATIONAL),client,Defense & Aerospace
client_02856,AMALGAMATED BANK,client,Finance & Banking
client_02857,AMERICAN BURN ASSOCIATION,client,Government & Nonprofit
client_02858,APOTEX CORPORATION,client,Other / Multi-sector
client_02859,BIOMEDICAL RESEARCH FOUNDATION OF NORTHWEST LOUISIANA,client,Healthcare & Pharma
client_02860,COALITION FOR STUDENT OPPORTUNITY AND SUCCESS,client,Energy & Environment
client_02861,ENCORE CAPITAL GROUP,client,Finance & Banking
client_02862,FIRST FOR INSPIRATION AND RECOGNITION OF SCIENCE AND TECHNOLOGY,client,Technology & Telecom
client_02863,"GARMIN INTERNATIONAL, INC. (FORMERLY REPORTED AS GARMIN LTD.)",client,Transportation & Auto
client_02864,INVEST IN UNITED STATES OF AMERICA (IIUSA),client,Other / Multi-sector
client_02865,METRC LLC,client,Other / Multi-sector
client_02866,"MITSUBISHI HEAVY INDUSTRIES AMERICA, INC.",client,Other / Multi-sector
client_02867,"NEXTERA ENERGY, INC./FLORIDA POWER AND LIGHT COMPANY",client,Energy & Environment
client_02868,"NMI HOLDINGS, INC.",client,Other / Multi-sector
client_02869,ROTECH HEALTHCARE INC.,client,Healthcare & Pharma
client_02870,SMITHS GROUP PLC,client,Other / Multi-sector
client_02872,THE CRANEWARE GROUP (F.K.A. SENTRY DATA SYSTEMS),client,Technology & Telecom
client_02873,THE SOLAR ENERGY INDUSTRIES ASSOCIATION,client,Energy & Environment
client_02874,UNITED STATES ANTI-DOPING AGENCY,client,Government & Nonprofit
client_02875,"PLAINS COTTON GROWERS, INC.",client,Technology & Telecom
client_02876,LOEWS CORPORATION,client,Other / Multi-sector
client_02877,OFFSHORE MARINE SERVICE ASSOCIATION,client,Government & Nonprofit
client_02878,COULSON AIRCRANE USA,client,Technology & Telecom
client_02879,DXC TECHNOLOGY CO AND AFFILIATES,client,Technology & Telecom
client_02880,"AIRBUS AMERICAS, INC.",client,Technology & Telecom
client_02881,AMERICAN FOREST AND PAPER ASSOCIATION,client,Government & Nonprofit
client_02882,"CANCER TREATMENT CENTERS OF AMERICA GLOBAL, INC.",client,Other / Multi-sector
client_02883,CHARM INDUSTRIAL,client,Other / Multi-sector
client_02884,CITY OF GLENDALE,client,Other / Multi-sector
client_02885,CITY OF ST. PAUL,client,Other / Multi-sector
client_02886,COMMUNITY NEWS MEDIA LLC,client,Other / Multi-sector
client_02887,FERMAT CAPITAL MANAGEMENT,client,Finance & Banking
client_02888,"FRANKLIN RESOURCES, INC.",client,Other / Multi-sector
client_02889,"KEARNEY & COMPANY, P.C.",client,Other / Multi-sector
client_02890,MEDGENE LABS,client,Other / Multi-sector
client_02891,NATIONAL CREDITORS BAR ASSOCIATION,client,Government & Nonprofit
client_02892,"NATIONAL GRID USA SERVICE COMPANY, INC. D/B/A NATIONAL GRID",client,Other / Multi-sector
client_02893,"NORTH AMERICAN INTERPIPE, INC.",client,Other / Multi-sector
client_02894,PACIFIC GAS AND ELECTRIC COMPANY,client,Energy & Environment
client_02895,PROTECT AMERICA'S SMALL SELLERS COALITION (INFORMAL COALITION),client,Energy & Environment
client_02896,REGIONAL TRANSPORTATION AUTHORITY (RTA),client,Transportation & Auto
client_02897,RPM INTERNATIONAL INC,client,Other / Multi-sector
client_02900,UNITED STATES CANNABIS COUNCIL FRA CANNABIS TRADE FEDERATION,client,Other / Multi-sector
client_02901,AMERICAN PHARMACISTS ASSOCIATION,client,Healthcare & Pharma
client_02902,NATIONAL PSORIASIS FOUNDATION,client,Education & Research
client_02903,CHELAN COUNTY PUBLIC UTILITY DISTRICT,client,Other / Multi-sector
client_02904,"IOWA INTERSTATE RAILROAD, LTD",client,Technology & Telecom
client_02905,AMPUTEE COALITION,client,Energy & Environment
client_02906,AICPA ASSOCIATION OF INTERNATIONAL CERTIFIED PROFESSIONAL ACCOUNTANTS,client,Technology & Telecom
client_02907,AMERICAN ASSOCIATION OF VETERINARY MEDICAL COLLEGES (FKA ASSOCIATION OF AMERICAN,client,Healthcare & Pharma
client_02908,ATNI,client,Other / Multi-sector
client_02909,BANK POLICY INSTITUTE (FKA THE FINANCIAL SERVICES ROUNDTABLE),client,Finance & Banking
client_02910,BIOMADE,client,Other / Multi-sector
client_02911,BLINK CHARGING COMPANY,client,Other / Multi-sector
client_02912,BNSF RAILWAY CO,client,Technology & Telecom
client_02913,"BOARDWALK PIPELINE, LP",client,Other / Multi-sector
client_02914,"BYHEART, INC.",client,Other / Multi-sector
client_02915,CANADIAN INTERNATIONAL PHARMACY ASSOCIATION,client,Healthcare & Pharma
client_02916,CARROLLTON REGIONAL MEDICAL CENTER,client,Healthcare & Pharma
client_02917,"CENCORA, INC. (FORMERLY AMERISOURCEBERGEN CORPORATION)",client,Other / Multi-sector
client_02918,"EXECUTIVE AFFILIATES, INC.",client,Other / Multi-sector
client_02919,EXPAND ENERGY CORPORATION (FKA CHESAPEAKE ENERGY),client,Energy & Environment
client_02921,GALLAUDET UNIVERSITY,client,Education & Research
client_02922,HENRY SCHEIN,client,Other / Multi-sector
client_02923,HILCORP ENERGY COMPANY,client,Energy & Environment
client_02924,HORIZON THERAPEUTICS USA INC,client,Other / Multi-sector
client_02925,INTERNATIONAL FRANCHISE ASSOCIATION (IFA),client,Government & Nonprofit
client_02927,NEVADA SYSTEM OF HIGHER EDUCATION,client,Education & Research
client_02928,NEW MEXICO STATE UNIVERSITY,client,Education & Research
client_02929,PWC US GROUP LLP,client,Legal & Lobbying
client_02930,"RACETRAC, INC.",client,Other / Multi-sector
client_02931,SKYDIO,client,Other / Multi-sector
client_02932,SPORTS BETTING ALLIANCE,client,Transportation & Auto
client_02933,THE MUNGER COMPANIES,client,Other / Multi-sector
client_02934,U. S. CENTER FOR SAFESPORT,client,Transportation & Auto
client_02935,"U.S. VENTURE, INC. (FORMERLY U.S. OIL)",client,Energy & Environment
client_02936,WATERWAYS COUNCIL INC.,client,Other / Multi-sector
client_02937,CONSCIOUS DISCIPLINE,client,Other / Multi-sector
client_02938,GREATER CLEVELAND PARTNERSHIP,client,Other / Multi-sector
client_02939,CEDARS-SINAI MEDICAL CENTER,client,Healthcare & Pharma
client_02940,"KPC GLOBAL MANAGEMENT, LLC",client,Other / Multi-sector
client_02941,NATIONAL PARK FOUNDATION,client,Education & Research
client_02942,10X GENOMICS,client,Other / Multi-sector
client_02943,"AEROSTAR INTERNATIONAL, LLC",client,Other / Multi-sector
client_02944,"AMERICAN CHIROPRACTIC ASSOCIATION, INC.",client,Government & Nonprofit
client_02945,APEX CLEAN ENERGY,client,Energy & Environment
client_02946,"AURORA INNOVATION, INC.",client,Other / Multi-sector
client_02947,BOISE STATE UNIVERSITY,client,Education & Research
client_02948,BROKER ACTION COALITION,client,Energy & Environment
client_02949,DIRECTORS GUILD OF AMERICA,client,Other / Multi-sector
client_02950,ECOLAB,client,Other / Multi-sector
client_02951,ENERGIA NATURALIS AND PPD GROUP,client,Other / Multi-sector
client_02952,ENERGY MARKETERS OF AMERICA,client,Energy & Environment
client_02953,"FRESENIUS MEDICAL CARE HOLDINGS, INC.",client,Healthcare & Pharma
client_02954,"ICON TECHNOLOGY, INC.",client,Technology & Telecom
client_02955,JOHN DEERE,client,Other / Multi-sector
client_02956,"LEIDOS HOLDINGS, INC.",client,Other / Multi-sector
client_02957,LOS ANGELES COUNTY,client,Other / Multi-sector
client_02958,NATIONAL AIR TRAFFIC CONTROLLERS ASSOCIATION,client,Technology & Telecom
client_02959,NATIONAL BLEEDING DISORDER FOUNDATION (FKA NATIONAL HEMOPHILIA FOUNDATION),client,Education & Research
client_02960,NATIONAL CREDIT ALLIANCE,client,Other / Multi-sector
client_02962,NLIGHT CORPORATION,client,Other / Multi-sector
client_02963,ROCHESTER REGIONAL HEALTH,client,Healthcare & Pharma
client_02964,SANTA CLARA VALLEY TRANSPORTATION AUTHORITY,client,Transportation & Auto
client_02965,THE AMPUTEE COALITION,client,Energy & Environment
client_02966,UNIVERSITY OF CONNECTICUT,client,Education & Research
client_02967,UNIVERSITY OF MASSACHUSETTS AMHERST,client,Education & Research
client_02968,US OCEAN LLC,client,Other / Multi-sector
client_02969,"VAISALA, INC.",client,Technology & Telecom
client_02970,W DIAMOND GROUP CORPORATION,client,Other / Multi-sector
client_02971,"REMITLY GLOBAL, INC.",client,Other / Multi-sector
client_02972,"GREIF, INC.",client,Other / Multi-sector
client_02973,RISK & INSURANCE MANAGEMENT SOCIETY INC,client,Other / Multi-sector
client_02974,"PELOTON INTERACTIVE, INC.",client,Other / Multi-sector
client_02975,ASSOCIATION OF SCHOOLS AND PROGRAMS OF PUBLIC HEALTH (OLD: ASSOCIATION OF SCHOOL,client,Healthcare & Pharma
client_02976,"BELLWETHER DISTRICT HOLDINGS, LLC",client,Other / Multi-sector
client_02977,BINANCE HOLDINGS LTD.,client,Other / Multi-sector
client_02978,CLOVER HEALTH,client,Healthcare & Pharma
client_02979,CONSERVATION TRUST OF PUERTO RICO,client,Other / Multi-sector
client_02980,FINANCIAL ACCOUNTING FOUNDATION,client,Finance & Banking
client_02981,FREEPORT LNG EXPANSION,client,Transportation & Auto
client_02982,INSTITUTE FOR GENE THERAPIES,client,Education & Research
client_02983,INTREPID POTASH INC.,client,Other / Multi-sector
client_02984,"JOSHCO GROUP, LLC",client,Other / Multi-sector
client_02985,KEURIG DR PEPPER INC. AND AFFILIATES,client,Other / Multi-sector
client_02986,LINKEDIN,client,Other / Multi-sector
client_02987,"MONOLITH MATERIALS, INC.",client,Other / Multi-sector
client_02988,PEACE OFFICERS RESEARCH ASSOCIATION OF CALIFORNIA,client,Education & Research
client_02989,POLARIS CONSULTING,client,Legal & Lobbying
client_02990,SOUTHERN AIRWAYS EXPRESS,client,Technology & Telecom
client_02991,S&P GLOBAL MOBILITY (FORMERLY KNOWN AS IHS MARKIT D/B/A R.L. POLK & CO.),client,Other / Multi-sector
client_02992,TAMPA GENERAL HOSPITAL,client,Healthcare & Pharma
client_02993,OMAHA PUBLIC POWER DISTRICT,client,Energy & Environment
client_02994,LOS ANGELES COUNTY METROPOLITAN TRANSPORTATION AUTHORITY,client,Transportation & Auto
client_02995,REGULATORY RELIEF COALITION,client,Energy & Environment
client_02996,"HF MANAGEMENT SERVICES, LLC FKA HEALTHFIRST",client,Healthcare & Pharma
client_02997,US - CHINA BUSINESS COUNCIL,client,Other / Multi-sector
client_02998,ACCENTURE LLP,client,Legal & Lobbying
client_02999,AMERICAN CHEMISTRY COUNCIL,client,Other / Multi-sector
client_03000,AMERICAN SOCIETY OF TRANSPLANTATION,client,Other / Multi-sector
client_03001,AMPLIFON USA,client,Other / Multi-sector
client_03002,ATLANTA REGIONAL COMMISSION,client,Government & Nonprofit
client_03003,BAYLOR COLLEGE OF MEDICINE,client,Education & Research
client_03004,CENTRAL UTAH WATER CONSERVANCY DISTRICT,client,Other / Multi-sector
client_03005,CITY OF NORTH LAS VEGAS,client,Energy & Environment
client_03006,CLEANING COALITION OF AMERICA,client,Energy & Environment
client_03007,EL PASO WATER UTILITIES -- PUBLIC SERVICE BOARD DBA EL PASO WATER,client,Other / Multi-sector
client_03008,EPS INDUSTRY ALLIANCE,client,Other / Multi-sector
client_03009,FAIR CREDIT COALITION,client,Energy & Environment
client_03010,FAMILY FARM ALLIANCE,client,Agriculture & Food
client_03011,FREEPOINT COMMODITIES LLC,client,Other / Multi-sector
client_03012,GALT AEROSPACE AND AFFILIATES,client,Defense & Aerospace
client_03013,GENERAL FUSION INC.,client,Other / Multi-sector
client_03014,GINKGO BIOWORKS,client,Other / Multi-sector
client_03015,H&R BLOCK,client,Other / Multi-sector
client_03016,"IEX GROUP, INC.",client,Other / Multi-sector
client_03017,INDIAN GAMING ASSOCIATION,client,Government & Nonprofit
client_03018,INSTITUTE OF INTERNATIONAL EDUCATION,client,Education & Research
client_03019,MARTIN'S POINT HEALTHCARE INC.,client,Healthcare & Pharma
client_03020,NEMOURS CHILDREN'S HEALTH,client,Healthcare & Pharma
client_03021,OLD HARBOR NATIVE CORPORATION,client,Other / Multi-sector
client_03022,POLICYLINK,client,Other / Multi-sector
client_03023,"PRIMERICA, INC.",client,Other / Multi-sector
client_03024,PRIVATE INVESTOR COALITION,client,Energy & Environment
client_03025,PUBLIC SERVICE ENTERPRISE GROUP,client,Other / Multi-sector
client_03026,ROBERT BOSCH LLC,client,Other / Multi-sector
client_03027,"SOUND PHYSICIANS (FKA SOUND INPATIENT PHYSICIANS, INC.)",client,Healthcare & Pharma
client_03028,"SPIDER STRATEGIES, INC.",client,Legal & Lobbying
client_03029,"SPIRIT AEROSYSTEMS, INC.",client,Other / Multi-sector
client_03030,THE AMALGAMATED SUGAR COMPANY LLC,client,Other / Multi-sector
client_03031,VANGUARD,client,Other / Multi-sector
client_03032,VICTIMS OF TERRORISM - SUDAN AND EAST AFRICA,client,Other / Multi-sector
client_03033,WEBBANK,client,Finance & Banking
client_03034,"WSP USA (FKA AS PARSONS BRINCKERHOFF, INC.)",client,Other / Multi-sector
client_03035,QUINAULT INDIAN NATION,client,Other / Multi-sector
client_03036,NATIONAL HUMANITIES ALLIANCE,client,Other / Multi-sector
client_03037,ABBVIE INC.,client,Healthcare & Pharma
client_03038,ACT FOR NIH: ADVANCING CURES TODAY,client,Other / Multi-sector
client_03039,ADEIA,client,Other / Multi-sector
client_03040,ADOBE INC.,client,Other / Multi-sector
client_03041,"ANTHEM, INC.",client,Other / Multi-sector
client_03042,BOMBARDIER RECREATIONAL PRODUCTS,client,Other / Multi-sector
client_03043,CITY OF JACKSONVILLE,client,Other / Multi-sector
client_03044,ETSY,client,Other / Multi-sector
client_03045,FLUOR,client,Other / Multi-sector
client_03046,MEDICAL UNIVERSITY HOSPITAL AUTHORITY,client,Healthcare & Pharma
client_03047,METROPOLITAN ATLANTA RAPID TRANSIT AUTHORITY,client,Other / Multi-sector
client_03048,"MODIVCARE SOLUTIONS, LLC",client,Other / Multi-sector
client_03049,NATIONAL ASSOCIATION OF CHRONIC DISEASE DIRECTORS,client,Government & Nonprofit
client_03050,NATIONAL ASSOCIATION OF TRAILER MANUFACTURERS,client,Technology & Telecom
client_03051,NOKIA OF AMERICA CORPORATION (FORMERLY KNOWN AS ALCATEL-LUCENT USA INC.),client,Other / Multi-sector
client_03052,OWENS CORNING CORPORATION,client,Agriculture & Food
client_03053,PODIMETRICS,client,Other / Multi-sector
client_03054,REPRODUCTIVE FREEDOM FOR ALL,client,Other / Multi-sector
client_03055,"SAM ACTION, INC.",client,Other / Multi-sector
client_03056,SANTA CLARA COUNTY HOUSING AUTHORITY,client,Real Estate & Construction
client_03057,SHIRLEY RYAN ABILITYLAB,client,Other / Multi-sector
client_03058,SMALL UAV COALITION,client,Energy & Environment
client_03059,SOCIETY OF HOSPITAL MEDICINE,client,Healthcare & Pharma
client_03060,"STEELCASE, INC.",client,Other / Multi-sector
client_03061,THE POKEMON COMPANY INTERNATIONAL,client,Other / Multi-sector
client_03062,"TRC COMPANIES, INC.",client,Other / Multi-sector
client_03063,UNIVERSITY OF NORTH DAKOTA,client,Education & Research
client_03064,"ZAYO GROUP, LLC",client,Other / Multi-sector
client_03065,UNIVERSITY OF HOUSTON SYSTEM,client,Education & Research
client_03066,GENERAL DYNAMICS CORPORATION,client,Other / Multi-sector
client_03067,"NEWSMAX, INC. F/K/A NEWSMAX MEDIA, INC.",client,Other / Multi-sector
client_03068,IRIDIUM COMMUNICATIONS,client,Other / Multi-sector
client_03069,OPTICA (FKA THE OPTICAL SOCIETY),client,Other / Multi-sector
client_03070,POKAGON BAND OF POTAWATOMI,client,Other / Multi-sector
client_03071,SAN DIEGO ASSOCIATION OF GOVERNMENTS (SANDAG),client,Government & Nonprofit
client_03072,THE COLLEGE ENTRANCE EXAMINATION BOARD,client,Education & Research
client_03073,AMERICAN GREAT LAKES PORTS ASSOCIATION,client,Transportation & Auto
client_03074,AUSTAL USA,client,Other / Multi-sector
client_03075,"AXON ENTERPRISE, INC.",client,Other / Multi-sector
client_03076,"BUCKEYE PARTNERS, L.P.",client,Other / Multi-sector
client_03077,CALIFORNIA LIFE SCIENCES,client,Other / Multi-sector
client_03078,CERUS CORPORATION,client,Other / Multi-sector
client_03079,COALITION FOR THE NORTHEAST CORRIDOR,client,Energy & Environment
client_03080,CONFEDERATED TRIBES OF GRAND RONDE,client,Other / Multi-sector
client_03081,"COUNTY OF LOS ANGELES, CALIFORNIA",client,Other / Multi-sector
client_03082,CRESCENT PEAK RENEWABLES,client,Energy & Environment
client_03083,DAIICHI SANKYO INC,client,Technology & Telecom
client_03084,GENERAL ATOMICS AERONAUTICAL SYSTEMS,client,Other / Multi-sector
client_03085,HIGHLAND ELECTRIC TRANSPORTATION,client,Energy & Environment
client_03086,ILLINOIS SOYBEAN ASSOCIATION,client,Agriculture & Food
client_03087,"KABBAGE, INC.",client,Other / Multi-sector
client_03088,"KERN OIL & REFINING CO., DBA KERN ENERGY (FKA KERN OIL & REFINING COMPANY)",client,Energy & Environment
client_03089,MESSER,client,Other / Multi-sector
client_03090,"MODERNA, INC.",client,Other / Multi-sector
client_03092,NETJETS ASSOCIATION OF SHARED AIRCRAFT PILOTS,client,Technology & Telecom
client_03093,NIRON MAGNETICS,client,Other / Multi-sector
client_03094,OCEANEERING INTERNATIONAL INC,client,Other / Multi-sector
client_03095,ONEONCOLOGY INC.,client,Other / Multi-sector
client_03096,PASHA GROUP,client,Other / Multi-sector
client_03097,PROFESSIONAL ENGINEERS IN CALIFORNIA GOVERNMENT,client,Other / Multi-sector
client_03098,"SAGE THERAPEUTICS, INC.",client,Other / Multi-sector
client_03099,"SAP AMERICA, INC.",client,Other / Multi-sector
client_03100,"SAVING AMERICAS FAMILY ENTERPRISES, INC.",client,Other / Multi-sector
client_03101,SEA GRANT ASSOCIATION,client,Government & Nonprofit
client_03102,SHEE ATIKA INC.,client,Other / Multi-sector
client_03103,SILA NANOTECHNOLOGIES INC.,client,Other / Multi-sector
client_03104,SMARTBIZ LOANS,client,Other / Multi-sector
client_03105,Y,client,Other / Multi-sector
client_03106,AMERICAN SUNTANNING ASSOCIATION,client,Government & Nonprofit
client_03107,MASTERCARD,client,Other / Multi-sector
client_03108,ENCOURA (FORMERLY NAT'L RESEARCH CTR FOR COLLEGE AND UNIVERSITY ADMISSIONS),client,Education & Research
client_03109,COMMAND STRATEGIES ON BEHALF OF NORTHERN ARIZONA UNIVERSITY,client,Education & Research
client_03110,ANSCHUTZ CORPORATION,client,Other / Multi-sector
client_03111,BROWN-FORMAN,client,Other / Multi-sector
client_03112,CALIFORNIA STATE COASTAL CONSERVANCY,client,Other / Multi-sector
client_03113,COLUSA INDIAN COMMUNITY,client,Other / Multi-sector
client_03114,"CRUISE LINES INTERNATIONAL ASSOCIATION, INC.",client,Government & Nonprofit
client_03115,"HERITAGE HEALTH SOLUTIONS, INC.",client,Healthcare & Pharma
client_03116,KANSAS CITY AREA TRANSPORTATION SYSTEM (FKA KC AREA TRANSPORTATION AUTHORITY),client,Transportation & Auto
client_03117,KANSAS DEPARTMENT OF COMMERCE,client,Government & Nonprofit
client_03118,MATTRESS FIRM,client,Other / Multi-sector
client_03119,MILITARY SUPPORT COALITION,client,Defense & Aerospace
client_03120,MP MATERIALS,client,Other / Multi-sector
client_03121,NATIONAL ASSOCIATION OF LOCAL HOUSING FINANCE AGENCIES,client,Real Estate & Construction
client_03123,NISQUALLY INDIAN TRIBE,client,Other / Multi-sector
client_03124,POSIT SCIENCE,client,Other / Multi-sector
client_03125,"REPUBLIC SERVICES, FORMERLY REPORTED AS U.S. ECOLOGY",client,Transportation & Auto
client_03126,SANDVINE,client,Other / Multi-sector
client_03127,"SOCIAL FINANCE, INC.",client,Other / Multi-sector
client_03128,START EARLY (FOR FIRST FIVE YEARS FUND) FKA OUNCE OF PREVENTION (FOR FFYF),client,Other / Multi-sector
client_03129,THE LINCOLN ELECTRIC COMPANY,client,Energy & Environment
client_03130,VAPOR TECHNOLOGY ASSOCIATION,client,Technology & Telecom
client_03131,WALKER & DUNLOP INC.,client,Other / Multi-sector
client_03132,"LAKEMOOR VENTURES, LLC",client,Other / Multi-sector
client_03133,3M HEALTH INFORMATION SYSTEMS,client,Healthcare & Pharma
client_03134,ADVANCED MEDICAL TECHNOLOGY ASSOCIATION,client,Healthcare & Pharma
client_03135,"AIR LINE PILOTS ASSOCIATION, INTERNATIONAL",client,Technology & Telecom
client_03136,ALLEGIANT TRAVEL COMPANY,client,Other / Multi-sector
client_03137,"ANDURIL INDUSTRIES, INC",client,Other / Multi-sector
client_03138,CACI INTERNATIONAL INC.,client,Other / Multi-sector
client_03139,CENTENE CORPORATION,client,Other / Multi-sector
client_03140,"DELL TECHNOLOGIES, INC.",client,Other / Multi-sector
client_03141,GENENTECH,client,Other / Multi-sector
client_03142,IDEMIA IDENTITY & SECURITY USA LLC,client,Defense & Aerospace
client_03143,INNOCENCE PROJECT,client,Other / Multi-sector
client_03145,IVANHOE MINES LTD.,client,Other / Multi-sector
client_03147,LONGI SOLAR TECHNOLOGY (US) INC.,client,Technology & Telecom
client_03148,LUGERT-ALTUS IRRIGATION DISTRICT,client,Other / Multi-sector
client_03149,MEDIATEK USA INC.,client,Other / Multi-sector
client_03150,NEBIUS GROUP N.V. (FKA YANDEX N.V.),client,Other / Multi-sector
client_03151,"NUCLEAR ENERGY SYSTEMS OF UKRAINE, LLC",client,Energy & Environment
client_03152,OCHSNER HEALTH SYSTEM,client,Healthcare & Pharma
client_03153,PERMA-FIX ENVIRONMENTAL SERVICES,client,Other / Multi-sector
client_03154,PONCE HEALTH SCIENCES UNIVERSITY,client,Healthcare & Pharma
client_03155,RARE DISEASE COMPANY COALITION,client,Energy & Environment
client_03156,RED RIVER,client,Other / Multi-sector
client_03158,SIXAXIS LLC,client,Other / Multi-sector
client_03159,SOCIETY OF GENERAL INTERNAL MEDICINE,client,Other / Multi-sector
client_03160,SPR THERAPEUTICS,client,Other / Multi-sector
client_03161,"STRIDE INC. (F/K/A K12, INC.)",client,Other / Multi-sector
client_03162,TALON NICKEL (USA) LLC,client,Other / Multi-sector
client_03163,"TEMPLE UNIVERSITY HEALTH SYSTEM, INC.",client,Healthcare & Pharma
client_03164,THE UNIVERSITY OF TULSA,client,Education & Research
client_03165,TRAVEL MANAGEMENT COALITION,client,Energy & Environment
client_03166,"TWO SIGMA INVESTMENTS, LP",client,Finance & Banking
client_03167,"UCB, INC.",client,Other / Multi-sector
client_03168,VALLEY METRO,client,Other / Multi-sector
client_03169,"NATIONAL ORGANIZATION OF VETERANS' ADVOCATES, INC.",client,Other / Multi-sector
client_03170,FIVE POINT OPERATING COMPANY,client,Other / Multi-sector
client_03171,INSTITUTIONAL SHAREHOLDER SERVICES,client,Other / Multi-sector
client_03172,WUXI APPTEC SALES LLC,client,Other / Multi-sector
client_03173,"LANNETT COMPANY, INC",client,Other / Multi-sector
client_03174,ENEL NORTH AMERICA INC AND ITS AFFILIATES,client,Other / Multi-sector
client_03175,HILLSBOROUGH COUNTY AVIATION AUTHORITY,client,Transportation & Auto
client_03176,AMEREN,client,Other / Multi-sector
client_03177,AMERICA'S ESSENTIAL HOSPITALS,client,Healthcare & Pharma
client_03178,ARM HOLDINGS PLC,client,Other / Multi-sector
client_03179,ASSOCIATION OF AMERICAN PUBLISHERS,client,Government & Nonprofit
client_03180,BROWN-FORMAN CORPORATION,client,Other / Multi-sector
client_03181,CANAVERAL PORT AUTHORITY,client,Transportation & Auto
client_03182,CHILDREN'S HOSPITAL ASSOCIATION,client,Healthcare & Pharma
client_03183,COINSTAR,client,Other / Multi-sector
client_03184,COMMUNITY MEDICAL CENTERS,client,Healthcare & Pharma
client_03185,"COSENTINO, S.A.U.",client,Other / Multi-sector
client_03186,"COUPANG, INC.",client,Other / Multi-sector
client_03187,CRRC MA CORPORATION,client,Other / Multi-sector
client_03188,CYSTIC FIBROSIS FOUNDATION,client,Education & Research
client_03189,DOUGHERTY COUNTY COMMISSION,client,Government & Nonprofit
client_03190,"GEOST, INC.",client,Other / Multi-sector
client_03191,GRUP IMMOBILIARI CIERCO,client,Other / Multi-sector
client_03192,LIGHTHOUSE RESOURCES INC. AND ITS SUBSIDIARIES,client,Other / Multi-sector
client_03193,MAIN STREET SPORTS GROUP DBA FANDUEL SPORTS NETWORK,client,Technology & Telecom
client_03195,OMIDYAR NETWORK SERVICES LLC,client,Other / Multi-sector
client_03196,PACIFIC GAS AND ELECTRIC COMPANY (FORMERLY PG&E CORPORATION),client,Energy & Environment
client_03197,SASOL CHEMICALS USA LLC (THROUGH HARRIS DEVILLE AND ASSOCIATES),client,Other / Multi-sector
client_03198,"SIGNIFY (F.K.A. REMEDY BPCI PARTNERS, LLC)",client,Other / Multi-sector
client_03199,UNIVERSITY OF ARIZONA,client,Education & Research
client_03200,USTC,client,Other / Multi-sector
client_03201,YAHOO MEDIA (FORMERLY REPORTING AS OATH INC AND VARIOUS SUBSIDIARIES),client,Transportation & Auto
client_03202,UTILITY WORKERS UNION OF AMERICA,client,Other / Multi-sector
client_03203,COMMUNITY DEVELOPMENT CORPORATIONS,client,Other / Multi-sector
client_03204,BROOKFIELD ASSET MANAGEMENT,client,Other / Multi-sector
client_03205,CARBON UTILIZATION RESEARCH COUNCIL (FORMERLY COAL UTILIZATION RESEARCH COUNCIL),client,Energy & Environment
client_03206,HDNET LLC,client,Other / Multi-sector
client_03208,AIS HEALTHCARE,client,Healthcare & Pharma
client_03209,AMERICAN WATER WORKS ASSOCIATION,client,Government & Nonprofit
client_03210,AMERICA'S VETDOGS,client,Other / Multi-sector
client_03211,ANTHEIA,client,Other / Multi-sector
client_03212,BAXTER HEALTHCARE CORPORATION,client,Healthcare & Pharma
client_03213,CHUGACH ALASKA CORP,client,Other / Multi-sector
client_03214,CIENA CORPORATION,client,Other / Multi-sector
client_03215,CONSUMER BANKERS ASSOCIATION,client,Finance & Banking
client_03216,"COUNCIL FOR INVESTOR RIGHTS AND CORPORATE ACCOUNTABILITY, INC.",client,Other / Multi-sector
client_03217,"DIRECT SUPPLY, INC.",client,Other / Multi-sector
client_03218,DISCOVERY COMMUNICATIONS LLC (FKA DISCOVERY COMMUNICATIONS),client,Other / Multi-sector
client_03219,ELECTRICITY CONSUMERS RESOURCE COUNCIL (ELCON),client,Energy & Environment
client_03220,FEDERATED INDIANS OF THE GRATON RANCHERIA,client,Other / Multi-sector
client_03221,FIA / PTG,client,Other / Multi-sector
client_03223,IFM INVESTORS PTY LTD.,client,Other / Multi-sector
client_03224,INTERNATIONAL FACILITY MANAGEMENT ASSN,client,Other / Multi-sector
client_03225,JOHNSON MATTHEY INC.,client,Other / Multi-sector
client_03226,KGL LOGISTICS,client,Other / Multi-sector
client_03228,"MITSUBISHI POWER AMERICAS, INC.",client,Energy & Environment
client_03229,MOLEKULE GROUP,client,Other / Multi-sector
client_03230,NAREIT,client,Other / Multi-sector
client_03231,NATIONAL TOOLING AND MACHINING ASSOCIATION,client,Government & Nonprofit
client_03232,NEAR AIRPORT PARKING INDUSTRY TRADE ASSOCIATION (NAPITA),client,Technology & Telecom
client_03233,PARA LA NATURALEZA INC,client,Other / Multi-sector
client_03234,PERIMETER SOLUTIONS,client,Other / Multi-sector
client_03235,PRECISION METALFORMING ASSOCIATION,client,Technology & Telecom
client_03236,SHOSHONE-BANNOCK TRIBES,client,Other / Multi-sector
client_03237,SIG SAUER INC,client,Other / Multi-sector
client_03238,SOCIETY FOR INDUSTRIAL AND APPLIED MATHEMATICS,client,Other / Multi-sector
client_03239,SVB FINANCIAL GROUP,client,Finance & Banking
client_03240,TAXBIT INC.,client,Other / Multi-sector
client_03241,TECHNET,client,Other / Multi-sector
client_03242,TENNESSEE RURAL HEALTH IMPROVEMENT ASSOCIATION,client,Healthcare & Pharma
client_03243,TIDAL BASIN,client,Other / Multi-sector
client_03244,UMASS CHAN MEDICAL SCHOOL (FKA UNIVERSITY OF MASSACHUSETTS MEDICAL SCHOOL),client,Healthcare & Pharma
client_03245,UNITED FOR MEDICAL RESEARCH,client,Healthcare & Pharma
client_03246,VIRGINIA POLYTECHNIC INSTITUTE AND STATE UNIVERSITY (VIRGINIA TECH),client,Education & Research
client_03247,VOITH HYDRO,client,Other / Multi-sector
client_03248,YESHIVA UNIVERSITY,client,Education & Research
client_03249,ZEKELMAN INDUSTRIES (FORMERLY KNOWN AS JMC STEEL GROUP),client,Other / Multi-sector
client_03250,ANIMAL WELFARE INSTITUTE FKA SOCIETY FOR ANIMAL PROTECTIVE LEGISLATION,client,Education & Research
client_03251,NORTH FUND,client,Other / Multi-sector
client_03252,ADP TOTALSOURCE,client,Other / Multi-sector
client_03253,AK CHIN INDIAN COMMUNITY,client,Other / Multi-sector
client_03254,AMERICAN CEMENT ASSOCIATION (FORMERLY PORTLAND CEMENT ASSOCIATION),client,Transportation & Auto
client_03255,ASSOCIATION OF BANKS IN LEBANON,client,Finance & Banking
client_03256,CLARK COUNTY NV (OFFICE OF THE COUNTY MANAGER),client,Government & Nonprofit
client_03257,"CURALEAF, INC.",client,Other / Multi-sector
client_03258,FINANCIAL SERVICES INSTITUTE,client,Finance & Banking
client_03259,FMC CORPORATION,client,Other / Multi-sector
client_03260,FULBRIGHT UNIVERSITY VIETNAM USA,client,Education & Research
client_03261,HORIZON PHARMA,client,Healthcare & Pharma
client_03262,INTELLECTUAL PROPERTY OWNERS ASSOCIATION,client,Real Estate & Construction
client_03263,LEARNING CARE GROUP,client,Other / Multi-sector
client_03264,"MASTER BOAT BUILDERS, INC.",client,Real Estate & Construction
client_03265,NATIONAL ANIMAL INTEREST ALLIANCE,client,Other / Multi-sector
client_03266,NATIONAL AUTOMOBILE DEALERS ASSOCIATION,client,Transportation & Auto
client_03267,NEW FLYER OF AMERICA INC.,client,Other / Multi-sector
client_03268,NOMI HEALTH,client,Healthcare & Pharma
client_03269,ONTARIO TEACHERS' PENSION PLAN,client,Other / Multi-sector
client_03270,SACRAMENTO COUNTY,client,Other / Multi-sector
client_03271,STARMAN HOTEL HOLDINGS LLC,client,Other / Multi-sector
client_03272,STRIPE,client,Other / Multi-sector
client_03273,THE EUROPEAN JEWISH CONGRESS,client,Other / Multi-sector
client_03274,TIFFANY & CO,client,Other / Multi-sector
client_03275,TRINE UNIVERSITY,client,Education & Research
client_03276,MICCOSUKEE TRIBE OF INDIANS OF FLORIDA,client,Other / Multi-sector
client_03277,"COUNTER BRANDS, LLC",client,Other / Multi-sector
client_03278,ACG ADVOCACY ON BEHALF OF MOTION PICTURE ASSOCIATION OF AMERICA,client,Government & Nonprofit
client_03279,AMERICAN ASSOCIATION FOR HOMECARE (AAHOMECARE),client,Government & Nonprofit
client_03280,ANTA SPORTS PRODUCTS LIMITED,client,Transportation & Auto
client_03281,ASSOCIATION OF O & C COUNTIES,client,Government & Nonprofit
client_03282,"AVATHON, INC.",client,Other / Multi-sector
client_03283,BERING STRAITS NATIVE CORPORATION,client,Technology & Telecom
client_03285,"ELEVANCE HEALTH, INC.",client,Healthcare & Pharma
client_03286,"FERMACA DE MEXICO, S.A.R.L.",client,Other / Multi-sector
client_03287,"GODADDY, INC.",client,Other / Multi-sector
client_03288,GTS,client,Other / Multi-sector
client_03289,INFINEON TECHNOLOGIES AMERICA CORP.,client,Other / Multi-sector
client_03290,NATIONAL MOBILITY EQUIPMENT DEALERS ASSOCIATION,client,Government & Nonprofit
client_03291,PEARL MOBILE DTV COMPANY LLC,client,Other / Multi-sector
client_03292,PHOENIX TAILINGS,client,Technology & Telecom
client_03293,PINTEREST INC.,client,Other / Multi-sector
client_03294,POINT OF CARE TESTING ASSOCIATION,client,Government & Nonprofit
client_03295,"RENRE NORTH AMERICA HOLDINGS, INC.",client,Other / Multi-sector
client_03296,SECURING AMERICA'S FUTURE ENERGY FOUNDATION (SAFE),client,Energy & Environment
client_03297,TD AMERITRADE HOLDING CORPORATION,client,Other / Multi-sector
client_03298,THE GEO GROUP,client,Other / Multi-sector
client_03299,THE REHABILITATION INNOVATION CENTERS COALITION,client,Energy & Environment
client_03300,TIBER CREEK GROUP (ON BEHALF OF MERCK & CO INC),client,Healthcare & Pharma
client_03301,TRIBAL COUNCIL POARCH CREEK INDIANS,client,Other / Multi-sector
client_03302,W. L. GORE & ASSOCIATES,client,Other / Multi-sector
client_03303,"WIPRO, LLC",client,Other / Multi-sector
client_03304,UTAH DEPARTMENT OF TRANSPORTATION,client,Transportation & Auto
client_03305,LEHIGH UNIVERSITY,client,Education & Research
client_03306,POWER TO DECIDE,client,Energy & Environment
client_03307,"ARCH RESOURCES, INC. (FORMERLY ARCH COAL, INC.)",client,Energy & Environment
client_03308,"TRAVELERS COMPANIES, INC. AND SUBSIDIARIES",client,Other / Multi-sector
client_03309,SUBURBAN HEALTH ORGANIZATION,client,Healthcare & Pharma
client_03310,"ACP TECHNOLOGIES, LLC",client,Other / Multi-sector
client_03311,ALLIANTGROUP,client,Other / Multi-sector
client_03312,AMAG PHARMACEUTICAL,client,Healthcare & Pharma
client_03313,AMERICAN ACADEMY OF PEDIATRIC DENTISTRY,client,Other / Multi-sector
client_03314,ANALYTICAL GRAPHICS INC,client,Other / Multi-sector
client_03315,"APPLIED MATERIALS, INC.",client,Other / Multi-sector
client_03316,"ARTHUR J. GALLAGHER FINANCIAL SERVICES, INC.",client,Finance & Banking
client_03317,ASSOCIATION OF CRITICAL CARE TRANSPORT,client,Transportation & Auto
client_03318,"BAE SYSTEMS, INC.",client,Other / Multi-sector
client_03319,BANYAN COMMUNITY HEALTH CENTER,client,Healthcare & Pharma
client_03320,BEAM SUNTORY,client,Other / Multi-sector
client_03321,BIPARTISAN POLICY CENTER ADVOCACY NETWORK,client,Other / Multi-sector
client_03322,"CAE USA, INC",client,Other / Multi-sector
client_03323,CALIFORNIA HOSPITAL ASSOCIATION,client,Healthcare & Pharma
client_03324,"COALITION FOR CANNABIS POLICY, EDUCATION, AND REGULATION",client,Energy & Environment
client_03325,COINFLIP,client,Other / Multi-sector
client_03326,EASTMAN KODAK COMPANY,client,Other / Multi-sector
client_03327,FLORIDA HOSPITAL ASSOCIATION,client,Healthcare & Pharma
client_03328,"GHARDA CHEMICALS INTERNATIONAL, INC.",client,Other / Multi-sector
client_03329,"GUARDIAN CENTERS OF GEORGIA, LLC",client,Other / Multi-sector
client_03330,"GUNDERSEN LUTHERAN ADMINISTRATIVE SERVICES, INC.",client,Other / Multi-sector
client_03331,HEALTH-E COMMERCE INCLUDING SUBSIDIARIES,client,Healthcare & Pharma
client_03332,HEMATOLOGY ONCOLOGY PHARMACY ASSOCIATION,client,Healthcare & Pharma
client_03333,INTERNATIONAL FLAVORS & FRAGRANCES INC.,client,Other / Multi-sector
client_03334,"IQVIA HOLDINGS, INC.",client,Other / Multi-sector
client_03335,IRIDIUM SATELLITE LLC,client,Other / Multi-sector
client_03336,"MULTI SERVICE TECHNOLOGY SOLUTIONS, INC. (D/B/A TREVIPAY)",client,Technology & Telecom
client_03337,NATIONAL JOB CORPS ASSOCIATON,client,Other / Multi-sector
client_03338,PARALLEL BRANDS INC (IN REPLACEMENT OF SURTERRA HOLDINGS INC ),client,Other / Multi-sector
client_03339,PARAMOUNT GLOBAL (FORMERLY VIACOMCBS INC.),client,Other / Multi-sector
client_03340,"PATINO & ASSOCIATES, P.A.",client,Other / Multi-sector
client_03341,PERPETUA RESOURCES,client,Other / Multi-sector
client_03342,PRUDENTIAL INSURANCE COMPANY OF AMERICA,client,Other / Multi-sector
client_03343,"SB ENERGY DEVCO (US), INC.",client,Energy & Environment
client_03344,SECURITIES INDUSTRY & FINANCIAL MARKETS ASSN.,client,Finance & Banking
client_03345,SOUTH FLORIDA REGIONAL TRANSPORTATION AUTHORITY,client,Transportation & Auto
client_03346,THE DOW CHEMICAL COMPANY,client,Other / Multi-sector
client_03347,TOTAL MILITARY MANAGEMENT,client,Defense & Aerospace
client_03348,TRUCKEE RIVER FLOOD PROJECT,client,Other / Multi-sector
client_03349,TURNING POINT BRANDS,client,Other / Multi-sector
client_03350,URANIUM ENERGY CORPORATION,client,Energy & Environment
client_03351,WEB 3.0 TECHNOLOGIES FOUNDATION,client,Education & Research
client_03352,WORLD ENERGY,client,Energy & Environment
client_03353,DECOMMISSIONING PLANT COALITION,client,Energy & Environment
client_03354,ADVANCE PUBLICATIONS,client,Other / Multi-sector
client_03355,AFFORDABLE HEALTHCARE FOR AMERICANS,client,Healthcare & Pharma
client_03356,AMERICAN ASSOCIATION OF ORTHODONTISTS,client,Government & Nonprofit
client_03357,ASSOCIATION FOR THE IMPROVEMENT OF AMERICAN INFRASTRUCTURE,client,Real Estate & Construction
client_03358,ASSOCIATION OF PUBLIC AND LAND-GRANT UNIVERSITIES,client,Government & Nonprofit
client_03359,"CITY OF GLENWOOD SPRINGS, CO",client,Other / Multi-sector
client_03360,CITY OF LAKEWOOD,client,Other / Multi-sector
client_03361,COALITION FOR AMERICAN ELECTRONICS RECYCLING,client,Energy & Environment
client_03362,COALITION TO HEAL INVISIBLE WOUNDS,client,Energy & Environment
client_03363,CONOCOPHILLIPS,client,Other / Multi-sector
client_03364,ENHABIT HOME HEALTH & HOSPICE,client,Healthcare & Pharma
client_03366,FRESENIUS MEDICAL CARE NORTH AMERICA,client,Healthcare & Pharma
client_03367,GOOGLE CLIENT SERVICES LLC,client,Technology & Telecom
client_03368,INMARSAT PLC D/B/A INMARSAT AVIATION,client,Transportation & Auto
client_03369,INTERNATIONAL ASSOCIATION OF AMUSEMENT PARKS AND ATTRACTIONS,client,Government & Nonprofit
client_03371,LAFAYETTE AIRPORT COMMISSION,client,Technology & Telecom
client_03372,"MAVENIR SYSTEMS, INC.",client,Other / Multi-sector
client_03373,MIDLAND BUSINESS ALLIANCE,client,Other / Multi-sector
client_03374,MILLERCOORS LLC,client,Other / Multi-sector
client_03375,"MODERN TECHNOLOGY SOLUTIONS, INC.",client,Technology & Telecom
client_03376,MUELLER WATER PRODUCTS,client,Other / Multi-sector
client_03377,NUCOR CORPORATION,client,Other / Multi-sector
client_03378,"PERLES LAW FIRM, PC",client,Legal & Lobbying
client_03379,PFIZER,client,Healthcare & Pharma
client_03380,PHARMACEUTICAL INDUSTRY LABOR MANAGEMENT ASSOCIATION (PILMA),client,Healthcare & Pharma
client_03381,PUBLIC HEALTH TRUST OF MIAMI-DADE COUNTY (ON BEHALF OF JACKSON HEALTH SYSTEMS),client,Healthcare & Pharma
client_03382,PUGET SOUND ENERGY,client,Energy & Environment
client_03383,RAI SERVICES COMPANY (FORMERLY KNOWN AS REYNOLDS AMERICAN),client,Technology & Telecom
client_03384,RTX CORPORATION AND AFFILIATES,client,Other / Multi-sector
client_03385,SOUNDTHINKING INC. ( FORMERLY KNOWN AS SHOTSPOTTER INC. ),client,Other / Multi-sector
client_03386,SOUTHEAST LOUISIANA FLOOD PROTECTION AUTHORITY EAST,client,Other / Multi-sector
client_03387,"STANLEY BLACK & DECKER, INC.",client,Other / Multi-sector
client_03388,SUQUAMISH TRIBE,client,Other / Multi-sector
client_03389,"TENASKA, INC.",client,Other / Multi-sector
client_03390,THE WALT DISNEY CORPORATION,client,Other / Multi-sector
client_03391,"URAC, INC.",client,Other / Multi-sector
client_03392,VERUS RESEARCH,client,Education & Research
client_03393,"AT&T SERVICES, INC (FORMERLY SBC COMMUNICATIONS, INC.)",client,Other / Multi-sector
client_03394,KLAMATH WATER USERS ASSOCIATION,client,Government & Nonprofit
client_03395,"ARCIMOTO, INC",client,Other / Multi-sector
client_03396,CITY OF BUENA PARK,client,Other / Multi-sector
client_03397,NORTH SAN DIEGO WATER REUSE COALITION,client,Energy & Environment
client_03398,GRAPHIC PACKAGING INTERNATIONAL,client,Other / Multi-sector
client_03399,"AIRBUS AMERICAS, INC. (FORMERLY KNOWN AS AIRBUS GROUP, INC.)",client,Technology & Telecom
client_03400,ALLIANCE OF U.S. STARTUPS AND INVENTORS FOR JOBS,client,Other / Multi-sector
client_03401,ALLSUP,client,Other / Multi-sector
client_03402,CERION LLC,client,Other / Multi-sector
client_03403,CITY OF BATON ROUGE AND PARISH OF EAST BATON ROUGE,client,Other / Multi-sector
client_03404,COUNCIL OF FEDERAL HOME LOAN BANKS,client,Finance & Banking
client_03405,CUMBERLAND COMMUNITY IMPROVEMENT DISTRICT,client,Other / Multi-sector
client_03406,"EMD SERONO, INC.",client,Other / Multi-sector
client_03407,FIDELIS NEW ENERGY,client,Energy & Environment
client_03408,HARBINGER MEDICAL GROUP LLC DBA TIDES MEDICAL,client,Healthcare & Pharma
client_03409,HIGHMARK HEALTH,client,Healthcare & Pharma
client_03410,IMAGINE LEARNING,client,Other / Multi-sector
client_03411,JOBY AVIATION,client,Transportation & Auto
client_03412,"LUPUS FOUNDATION OF AMERICA (ON BEHALF OF MAPRX COALITION, AN LFA INITIATIVE).",client,Energy & Environment
client_03413,"MCKINSEY AND COMPANY, INC.",client,Other / Multi-sector
client_03414,NATIONAL ASSOCIATION FOR HOME CARE & HOSPICE,client,Government & Nonprofit
client_03415,NIC FEDERAL LLC,client,Government & Nonprofit
client_03416,"NUCLEAR ENERGY INSTITUTE, INC.",client,Energy & Environment
client_03417,OMNICELL,client,Other / Multi-sector
client_03418,OTC MARKETS,client,Other / Multi-sector
client_03419,PERFORMANCE DRONE WORKS,client,Other / Multi-sector
client_03420,REGIONAL TRANSPORTATION COMMISSION OF SOUTHERN NEVADA,client,Transportation & Auto
client_03421,ROBINHOOD,client,Other / Multi-sector
client_03422,"SENTINELONE, INC.",client,Other / Multi-sector
client_03423,"SKYNRG AMERICAS, INC.",client,Other / Multi-sector
client_03424,TDX CORP,client,Other / Multi-sector
client_03426,THE INSTITUTE FOR OPERATIONS RESEARCH AND THE MANAGEMENT SCIENCES (INFORMS),client,Education & Research
client_03427,UNIVERSITY OF PENNSYLVANIA PERELMAN SCHOOL OF MEDICINE,client,Education & Research
client_03428,WK KELLOGG CO (FKA KELLOGG COMPANY),client,Other / Multi-sector
client_03429,BIOREFERENCE LABORATORIES AN OPKO HEALTH COMPANY,client,Healthcare & Pharma
client_03430,NEPHRON PHARMACEUTICALS CORPORATION,client,Healthcare & Pharma
client_03431,TWIST BIOSCIENCE CORPORATION,client,Other / Multi-sector
client_03432,BAPTIST HEALTHCARE SYSTEM,client,Healthcare & Pharma
client_03433,A PLACE FOR ROVER,client,Other / Multi-sector
client_03434,"AEROJET ROCKETDYNE, AN L3HARRIS TECHNOLOGIES CO (FKA AEROJET ROCKETDYNE INC.)",client,Other / Multi-sector
client_03435,AIR METHODS CORPORATION,client,Technology & Telecom
client_03436,ALLISON TRANSMISSION INCORPORATED,client,Other / Multi-sector
client_03437,AMERICAN FOUNDRY SOCIETY,client,Other / Multi-sector
client_03438,AN ACHIEVABLE DREAM ACADEMIES,client,Other / Multi-sector
client_03439,"ANNALY CAPITAL MANAGEMENT, INC.",client,Finance & Banking
client_03440,APPRAISAL INSTITUTE,client,Technology & Telecom
client_03441,"ARENA OFFSHORE, LP",client,Other / Multi-sector
client_03442,ARMIS,client,Other / Multi-sector
client_03443,BEAST CODE,client,Other / Multi-sector
client_03444,"BEONE MEDICINES ( FORMERLY KNOWN AS BEIGENE USA, INC.)",client,Other / Multi-sector
client_03445,BIG 12 CONFERENCE,client,Other / Multi-sector
client_03446,"BIODESIX, INC.",client,Other / Multi-sector
client_03447,CARE IN ACTION,client,Other / Multi-sector
client_03448,"CASA SYSTEMS, INC.",client,Other / Multi-sector
client_03449,CENTER FOR POLICING EQUITY,client,Other / Multi-sector
client_03450,CHILDREN'S HOSPITAL COLORADO,client,Healthcare & Pharma
client_03451,CITY AND BOROUGH OF SITKA,client,Other / Multi-sector
client_03452,CITY OF WEST SACRAMENTO,client,Other / Multi-sector
client_03453,COASTAL VILLAGES REGION FUND,client,Other / Multi-sector
client_03454,COLORADO SPRINGS UTILITIES,client,Other / Multi-sector
client_03455,COMMON CAUSE,client,Other / Multi-sector
client_03456,"COUNTY OF ORANGE, CALIFORNIA",client,Other / Multi-sector
client_03457,"DONNELLEY FINANCIAL SOLUTIONS, INC.",client,Finance & Banking
client_03458,"ENDO USA, INC., A MALLINCKRODT-ENDO COMPANY",client,Other / Multi-sector
client_03459,F.E.B. CORP.,client,Other / Multi-sector
client_03460,"FLORA FOOD US, INC. (FKA UPFIELD US INC.)",client,Agriculture & Food
client_03461,FORD MOTOR COMPANY,client,Transportation & Auto
client_03462,GOVERNOR'S MILITARY COUNCIL,client,Defense & Aerospace
client_03463,HEARING INDUSTRIES ASSOCIATION,client,Government & Nonprofit
client_03464,"HERBALIFE INTERNATIONAL OF AMERICA, INC.",client,Other / Multi-sector
client_03465,"HIGHMARK WHOLECARE (FORMERLY GATEWAY HEALTH PLAN, LP.)",client,Healthcare & Pharma
client_03466,INDIAN PHARMACEUTICAL ALLIANCE(FORMERLY INDIAN PHARMACEUTICAL ASSOCIATION),client,Healthcare & Pharma
client_03467,INSTITUTE FOR LEGAL REFORM,client,Education & Research
client_03468,"INVESCO HOLDING COMPANY (US), INC.",client,Other / Multi-sector
client_03469,JP MORGAN CHASE HOLDINGS,client,Other / Multi-sector
client_03470,"KRATOS DEFENSE & SECURITY SOLUTION, INC.",client,Defense & Aerospace
client_03471,LAKE CUMBERLAND MARINA LLC,client,Other / Multi-sector
client_03472,MCCAIN INSTITUTE FOUNDATION,client,Technology & Telecom
client_03473,MIDDLEGROUND CAPITAL,client,Finance & Banking
client_03474,MILLENNIUM CORPORATION,client,Other / Multi-sector
client_03475,MORGAN CITY HARBOR AND TERMINAL DISTRICT,client,Other / Multi-sector
client_03476,NATIONAL HOMEBUYERS FUND,client,Other / Multi-sector
client_03477,NATIONAL JEWISH HOSPITAL,client,Healthcare & Pharma
client_03478,OHIO CHRISTIAN UNIVERSITY,client,Education & Research
client_03479,"ONEMAIN HOLDINGS, INC.",client,Technology & Telecom
client_03480,OURO MINING INC.,client,Other / Multi-sector
client_03481,"POINTCLICKCARE TECHNOLOGIES, INC.",client,Other / Multi-sector
client_03482,RIVEER,client,Other / Multi-sector
client_03483,"SEMINOLE HARD ROCK DIGITAL, LLC",client,Technology & Telecom
client_03484,SIERRA PACIFIC INDUSTRIES,client,Other / Multi-sector
client_03485,STRAVA INC.,client,Other / Multi-sector
client_03487,SWIFT SOLAR,client,Other / Multi-sector
client_03488,TRANSBAY JOINT POWERS AUTHORITY,client,Energy & Environment
client_03489,U.S. WOMEN'S HEALTH ALLIANCE,client,Healthcare & Pharma
client_03490,VERAX BIOMEDICAL,client,Healthcare & Pharma
client_03491,WALGREEN CO.,client,Other / Multi-sector
client_03492,RETIRESAFE,client,Other / Multi-sector
client_03493,BROOKFIELD POWER US ASSET MANAGEMENT LLC,client,Energy & Environment
client_03494,OREGON DEPARTMENT OF TRANSPORTATION,client,Transportation & Auto
client_03495,INTEGRA LIFESCIENCES CORPORATION,client,Other / Multi-sector
client_03496,RECKITT BENCKISER LLC,client,Other / Multi-sector
client_03497,NATIONAL ASSOCIATION OF RESIDENTIAL PROPERTY MANAGERS,client,Real Estate & Construction
client_03498,FOOD ALLERGY RESEARCH AND EDUCATION (FARE),client,Agriculture & Food
client_03499,ACG ADVOCACY ON BEHALF OF SOUNDEXCHANGE,client,Other / Multi-sector
client_03500,ADAPTIVE BIOTECHNOLOGIES,client,Healthcare & Pharma
client_03501,BROWARD COLLEGE FOUNDATION,client,Education & Research
client_03502,"CITY OF SAN JOSE, CA",client,Other / Multi-sector
client_03503,COALITION FOR DEEP SPACE EXPLORATION,client,Energy & Environment
client_03504,COLORADO SCHOOL OF MINES FOUNDATION,client,Education & Research
client_03505,COMMUNITY HOME LENDERS ASSOCIATION,client,Government & Nonprofit
client_03506,"CONSUMER REPORTS, INC. (F.K.A. CONSUMERS UNION OF UNITED STATES, INC.)",client,Transportation & Auto
client_03507,ESRI,client,Other / Multi-sector
client_03508,"FISHER & PHILLIPS LLP, ON BEHALF OF FORTREX, INC. LTD.",client,Legal & Lobbying
client_03510,HARRIS COUNTY SHERIFF'S OFFICE,client,Other / Multi-sector
client_03511,ILLUMINATE USA LLC,client,Other / Multi-sector
client_03512,JACKSONVILLE PORT AUTHORITY (PREVIOUSLY THROUGH ALCALDE & FAY),client,Transportation & Auto
client_03513,LSU HEALTH SCIENCES FOUNDATION,client,Healthcare & Pharma
client_03514,NATIONAL PACE ASSOCIATION,client,Government & Nonprofit
client_03515,PORT OF VANCOUVER,client,Transportation & Auto
client_03516,"QUANTUM TECHNOLOGY SCIENCES, INC.",client,Technology & Telecom
client_03517,QUAPAW TRIBAL BUSINESS COMMITTEE,client,Other / Multi-sector
client_03518,REGIONAL AIRLINE ASSOCIATION,client,Technology & Telecom
client_03519,ROBERTSON MONAGLE & EASTAUGH (FORMERLY HOFFMAN SILVER GILMAN & BLASCO),client,Other / Multi-sector
client_03520,SKF USA INC.,client,Other / Multi-sector
client_03521,SOUTHWESTERN POWER GROUP,client,Energy & Environment
client_03522,VALLEY CHILDREN'S HEALTHCARE,client,Healthcare & Pharma
client_03523,WASHINGTON STATE POTATO COMMISSION,client,Government & Nonprofit
client_03524,"WATERWAYS COUNCIL, INCORPORATED",client,Other / Multi-sector
client_03525,"WORKMONEY, INC (DBA WORKMONEY)",client,Other / Multi-sector
client_03526,GLEN RAVEN INC 1831 NORTH PARK AVENUE GLEN RAVEN NC 27217,client,Other / Multi-sector
client_03527,NATIONAL PARTNERSHIP FOR WOMEN & FAMILIES,client,Other / Multi-sector
client_03528,ENERGY NORTHWEST,client,Energy & Environment
client_03529,COUNTY OF RIVERSIDE,client,Other / Multi-sector
client_03530,ADVANCED NAVIGATION AND POSITIONING CORPORATION,client,Other / Multi-sector
client_03531,AGA SERVICE COMPANY,client,Other / Multi-sector
client_03532,"ALEXION PHARMACEUTICALS, INC.",client,Healthcare & Pharma
client_03533,AMPAC FINE CHEMICALS,client,Other / Multi-sector
client_03534,ASSOCIATION FOR CONSUMER DEBT RELIEF (FORMERLY AMERICAN ASS'N FOR DEBT RELIEF),client,Government & Nonprofit
client_03535,ASSOCIATION OF INTERNATIONAL CERTIFIED PROFESSIONAL ACCOUNTANTS (AICPA),client,Technology & Telecom
client_03536,"ASURION, LLC",client,Other / Multi-sector
client_03537,"BIOCARE DONOR TISSUE NETWORK, LLC",client,Other / Multi-sector
client_03538,CITADEL ENTERPRISE AMERICAS LLC,client,Other / Multi-sector
client_03539,"CONTURA ENERGY, INC.",client,Energy & Environment
client_03540,"CROSSFIT, INC.",client,Other / Multi-sector
client_03541,EARTH NETWORKS,client,Other / Multi-sector
client_03542,EDWARDS LIFESCIENCES LLC,client,Other / Multi-sector
client_03543,"ENOVA INTERNATIONAL, INC",client,Other / Multi-sector
client_03544,"EYEPOINT PHARMACEUTICALS, INC.",client,Healthcare & Pharma
client_03545,"FISERV, INC.",client,Other / Multi-sector
client_03546,FLEXTECH,client,Other / Multi-sector
client_03547,FRED DAIBES,client,Technology & Telecom
client_03548,"HUAWEI TECHNOLOGIES USA, INC.",client,Other / Multi-sector
client_03549,IMPOSSIBLE FOODS INC.,client,Agriculture & Food
client_03550,INSTITUTIONAL SHAREHOLDER SERVICES INC. (ISS),client,Other / Multi-sector
client_03551,"JOHNSON & JOHNSON SERVICES, INC.",client,Other / Multi-sector
client_03552,LOCKHEED MARTIN,client,Defense & Aerospace
client_03553,"LYTX, INC.",client,Other / Multi-sector
client_03554,MARQUETTE UNIVERSITY,client,Education & Research
client_03555,MONTANA STATE UNIVERSITY,client,Education & Research
client_03556,NORTHPORT HEALTH SERVICES,client,Healthcare & Pharma
client_03557,"ORGANON, LLC",client,Other / Multi-sector
client_03558,"PHI, INC.",client,Other / Multi-sector
client_03559,PORT OF LOS ANGELES,client,Transportation & Auto
client_03560,"POST ACUTE MEDICAL, LLC",client,Healthcare & Pharma
client_03561,PREPASS SAFETY ALLIANCE FORMERLY REPORTED AS HELP INC,client,Transportation & Auto
client_03562,PRODUCE MARKETING ASSOCIATION,client,Government & Nonprofit
client_03563,SCIONHEALTH FKA KINDRED HEALTH CARE OPERATING INC.,client,Healthcare & Pharma
client_03564,SCOTT SHEFFIELD,client,Other / Multi-sector
client_03565,SEASONAL EMPLOYMENT ALLIANCE,client,Other / Multi-sector
client_03566,SECURIAN FINANCIAL GROUP,client,Finance & Banking
client_03567,"TELEVISAUNIVISION, INC.",client,Other / Multi-sector
client_03568,THE COALITION FOR 21ST CENTURY MEDICINE,client,Energy & Environment
client_03569,"THE GORDIAN GROUP, LLC",client,Other / Multi-sector
client_03570,THE JACKSON LABORATORY,client,Other / Multi-sector
client_03571,THE PROCTER & GAMBLE COMPANY,client,Other / Multi-sector
client_03572,VIZIENT INC (FORMERLY NOVATION LLC),client,Other / Multi-sector
client_03573,"W. L. GORE & ASSOCIATES, INC.",client,Other / Multi-sector
client_03574,WEST COAST UNIVERSITY,client,Education & Research
client_03575,WORCESTER POLYTECHNIC INSTITUTE,client,Education & Research
client_03576,"YUM RESTAURANT SERVICES GROUP, LLC",client,Other / Multi-sector
client_03577,EQUITY GROUP HOLDINGS,client,Other / Multi-sector
client_03578,QUANTUM SPATIAL,client,Other / Multi-sector
client_03579,SES SPACE & DEFENSE,client,Defense & Aerospace
client_03580,SOUTH DAKOTA ELLSWORTH DEVELOPMENT AUTHORITY,client,Other / Multi-sector
client_03581,AMVETS/AMERICAN VETERANS,client,Other / Multi-sector
client_03582,BCBSM INC,client,Other / Multi-sector
client_03583,"TRIMEDX, LLC",client,Other / Multi-sector
client_03584,AFFF LITIGATION CORPORATION,client,Other / Multi-sector
client_03585,AIR DISTRIBUTION USA,client,Technology & Telecom
client_03586,ALEUTIAN PRIBILOF ISLAND COMMUNITY DEVELOPMENT ASSOCIATION,client,Government & Nonprofit
client_03587,"ALLIANCE ONE INTERNATIONAL, INC.",client,Other / Multi-sector
client_03588,AMERICAN ACADEMY OF OPHTHALMOLOGY,client,Other / Multi-sector
client_03589,AMERICAN ASSOCIATION OF STATE HIGHWAY AND TRANSPORTATION OFFICIALS,client,Transportation & Auto
client_03590,AMERICAN BUREAU OF SHIPPING,client,Transportation & Auto
client_03591,AMERICAN FEDERATION FOR AGING RESEARCH,client,Education & Research
client_03592,AMERICAN INDIAN HIGHER EDUCATION CONSORTIUM,client,Education & Research
client_03593,AMYLYX PHARMACEUTICALS,client,Healthcare & Pharma
client_03594,ANDURIL,client,Other / Multi-sector
client_03595,ASSOCIATION FOR QUALITY IMAGING,client,Government & Nonprofit
client_03596,ASSOCIATION OF CLAIMS PROFESSIONALS (FORMERLY AAICP),client,Technology & Telecom
client_03597,"ATLANTA BELTLINE, INC.",client,Other / Multi-sector
client_03598,"CITY OF MCALLEN, TEXAS",client,Other / Multi-sector
client_03599,"CITY OF PHILADELPHIA, PA",client,Other / Multi-sector
client_03600,CITY OF TAMPA,client,Other / Multi-sector
client_03601,CITY OF WEST PALM BEACH,client,Other / Multi-sector
client_03602,CONDUENT INCORPORATED AND ITS AFFILIATES,client,Other / Multi-sector
client_03603,COZEN O'CONNOR,client,Other / Multi-sector
client_03604,ELI LILLY AND COMPANY,client,Healthcare & Pharma
client_03605,ENTERTAINMENT STUDIOS NETWORKS INC,client,Technology & Telecom
client_03606,EUTELSAT S.A.,client,Other / Multi-sector
client_03607,"FORETREX, INC. LTD (FORMERLY PACKERS SANITATION SERVICES, INC., LTD.)",client,Other / Multi-sector
client_03608,"FUELCELL ENERGY, INC.",client,Energy & Environment
client_03609,GREATER COLUMBIA CHAMBER OF COMMERCE,client,Other / Multi-sector
client_03610,GREETING CARD ASSOCIATION,client,Government & Nonprofit
client_03611,HERBERT J. THOMAS MEMORIAL HOSPITAL ASSOCIATION (FKA THOMAS HEALTH),client,Healthcare & Pharma
client_03612,HMS HOLDING LIMITED PARTNERSHIP,client,Other / Multi-sector
client_03613,HUMAN FACTORS AND ERGONOMICS SOCIETY,client,Other / Multi-sector
client_03614,INTERNATIONAL ASSOCIATION OF MOVERS - (FORMERLY -H H G F A A),client,Government & Nonprofit
client_03615,"MARSH & MCLENNAN COMPANIES, INC.",client,Other / Multi-sector
client_03616,"MILITARY PRODUCE GROUP, LLC",client,Defense & Aerospace
client_03617,NATIONAL ASSOCIATION FOR FIXED ANNUITIES,client,Government & Nonprofit
client_03619,NATIONAL FIRE PROTECTION ASSOCIATION,client,Government & Nonprofit
client_03620,NOKIA OF AMERICA CORPORATION,client,Other / Multi-sector
client_03621,NORTH AMERICAN COAL ROYALTY COMPANY,client,Energy & Environment
client_03622,"OTO ANALYTICS, INC",client,Other / Multi-sector
client_03623,PARTNERSHIP FOR JOB CREATION,client,Other / Multi-sector
client_03624,PATTERN ENERGY GROUP LP,client,Energy & Environment
client_03625,"PRAIRIE STATE GENERATING COMPANY, LLC",client,Technology & Telecom
client_03626,PRINCIPAL FINANCIAL GROUP,client,Finance & Banking
client_03627,"QUALCOMM, INC.",client,Other / Multi-sector
client_03628,"QUINN, EMANUEL, URQUHART & SULLIVAN (OBO LAWFUL CONSTITUTIONAL DEBT COALITION)",client,Energy & Environment
client_03629,RISEPOINT,client,Other / Multi-sector
client_03630,SAN DIEGO UNIFIED PORT DISTRICT,client,Transportation & Auto
client_03631,SENTRILLION,client,Other / Multi-sector
client_03632,SHAW INDUSTRIES GROUP,client,Other / Multi-sector
client_03633,SOCIETY FOR INDUSTRIAL AND ORGANIZATIONAL PSYCHOLOGY,client,Other / Multi-sector
client_03634,SOLANO COUNTY,client,Other / Multi-sector
client_03635,SOUTHERN CALIFORNIA PUBLIC POWER AUTHORITY (SCPPA),client,Energy & Environment
client_03636,SOUTHERN NEVADA WATER AUTHORITY,client,Other / Multi-sector
client_03637,STOCKBRIDGE MUNSEE MOHICAN COMMUNITY,client,Other / Multi-sector
client_03638,SUNNOVA ENERGY INTERNATIONAL,client,Energy & Environment
client_03639,THE BARONA BAND OF MISSION INDIANS,client,Other / Multi-sector
client_03640,THE COALITION TO END DOUBLE TAXATION OF CONSUMER CLAIMS,client,Energy & Environment
client_03641,TRUIST (FORMERLY SUNTRUST BANK),client,Finance & Banking
client_03642,UNITED LAUNCH ALLIANCE,client,Other / Multi-sector
client_03643,UNIVERSITY OF ARKANSAS AT LITTLE ROCK,client,Education & Research
client_03644,UNUM GROUP,client,Other / Multi-sector
client_03645,VESPER ENERGY DEVELOPMENT LLC,client,Energy & Environment
client_03646,WATER RESEARCH FOUNDATION,client,Education & Research
client_03647,NATIONAL ASSOCIATION OF EMERGENCY MEDICAL TECHNICIANS (NAEMT),client,Healthcare & Pharma
client_03648,LAWYERS FOR CIVIL JUSTICE,client,Other / Multi-sector
client_03649,"DPWN HOLDINGS (USA) INC. (FORMERLY KNOWN AS DEUTSCHE POST WORLD NET-USA, INC.)",client,Other / Multi-sector
client_03650,SEATTLE CITY LIGHT,client,Other / Multi-sector
client_03651,TRUST FOR PUBLIC LAND,client,Other / Multi-sector
client_03652,GLOBAL TECHNICAL SYSTEMS,client,Other / Multi-sector
client_03653,"ESSENT US HOLDINGS, INC.",client,Other / Multi-sector
client_03654,PIERCE COUNTY,client,Other / Multi-sector
client_03655,NATIONAL ASSOCIATION OF COLLEGE AND UNIVERSITY BUSINESS OFFICERS (NACUBO),client,Education & Research
client_03656,AFFORDABLE EQUITY PARTNERS INC.,client,Transportation & Auto
client_03657,AMERICAN ALLIANCE FOR ECONOMIC DEVELOPMENT,client,Other / Multi-sector
client_03658,AMERICAN ASSOCIATION OF NURSE PRACTITIONERS,client,Government & Nonprofit
client_03659,AMERICAN COUNSELING ASSOCIATION,client,Government & Nonprofit
client_03660,ARCONIC,client,Other / Multi-sector
client_03661,ARM INC,client,Other / Multi-sector
client_03662,ASSOCIATION FOR ACCESSIBLE MEDICINES,client,Government & Nonprofit
client_03663,ASSOCIATION OF PRIVATE COLLEGES,client,Education & Research
client_03664,BALLAD HEALTH,client,Healthcare & Pharma
client_03665,BLUE CROSS BLUE SHIELD OF SOUTH CAROLINA,client,Other / Multi-sector
client_03666,"BOSTON DYNAMICS, INC.",client,Other / Multi-sector
client_03667,CALIFORNIA LEAFY GREEN PRODUCTS HANDLER MARKETING AGREEMENT,client,Other / Multi-sector
client_03668,"CAPITOL SOLUTIONS ON BEHALF OF BIPARTISAN POLICY CENTER ADVOCACY NETWORK, INC.",client,Other / Multi-sector
client_03669,CATAWBA INDIAN NATION OF SOUTH CAROLINA,client,Other / Multi-sector
client_03670,CORNING INCORPORATED,client,Agriculture & Food
client_03671,"DHL EXPRESS (USA), INC.",client,Other / Multi-sector
client_03672,DRAFTKINGS,client,Other / Multi-sector
client_03673,EXIGER,client,Other / Multi-sector
client_03674,FARM CREDIT BANK OF TEXAS,client,Finance & Banking
client_03675,FINDHELP,client,Other / Multi-sector
client_03676,GEN DIGITAL INC (FORMERLY REPORTED AS MONEYLION TECHNOLOGIES INC. (MONEYLION),client,Technology & Telecom
client_03677,GENERAL MOTORS LLC,client,Other / Multi-sector
client_03678,"GLENMARK PHARMACEUTICALS, INC., USA",client,Healthcare & Pharma
client_03679,HOUCHENS INDUSTRIES,client,Other / Multi-sector
client_03680,HOUSTON METHODIST HOSPITAL,client,Healthcare & Pharma
client_03681,"INSEPARABLE ACTION, INC.",client,Other / Multi-sector
client_03682,INTERDIGITAL,client,Technology & Telecom
client_03683,"JM FAMILY ENTERPRISES, INC",client,Other / Multi-sector
client_03684,KESSLER FOUNDATION,client,Education & Research
client_03685,"LA PAZ COUNTY, ARIZONA",client,Other / Multi-sector
client_03686,LASALLE GENERAL HOSPITAL,client,Healthcare & Pharma
client_03687,"MIDWEST HOUSING EQUITY GROUP, INC.",client,Real Estate & Construction
client_03688,NAPA COUNTY FLOOD CONTROL AND WATER CONSERVATION DISTRICT,client,Other / Multi-sector
client_03689,NATIONAL COALITION OF STD DIRECTORS,client,Energy & Environment
client_03690,NCR VOYIX CORPORATION,client,Other / Multi-sector
client_03691,NORTHWESTERN MEMORIAL HOSPITAL,client,Healthcare & Pharma
client_03692,"PERKINS COIE ON BEHALF OF MOUNTAIN VALLEY PIPELINE, LLC",client,Technology & Telecom
client_03694,"PINDROP SECURITY, INC.",client,Defense & Aerospace
client_03696,"QUANTUM RESEARCH INTERNATIONAL, INC.",client,Education & Research
client_03697,RESIDENTIAL EATING DISORDERS CONSORTIUM,client,Other / Multi-sector
client_03698,SAN MANUEL BAND OF MISSION INDIANS,client,Other / Multi-sector
client_03699,SHATTERPROOF,client,Other / Multi-sector
client_03700,SOUTHWEST KEY PROGRAMS,client,Other / Multi-sector
client_03701,STILLAGUAMISH TRIBE OF INDIANS,client,Other / Multi-sector
client_03702,TENNESSEE RURAL HEALTH IMPROVEMENT ASSOCIATION (FKN TENNESSEE FARM BR. ASSN.),client,Healthcare & Pharma
client_03703,THE GLOBAL ATLANTIC FINANCIAL GROUP LLC,client,Finance & Banking
client_03704,THOMAS JEFFERSON UNIVERSITY,client,Education & Research
client_03705,UNIVERSITY OF MASSACHUSETTS LOWELL,client,Education & Research
client_03706,UNIVERSITY OF NOTRE DAME,client,Education & Research
client_03707,"VMWARE, INC. OBO BROADCOM INC.",client,Other / Multi-sector
client_03708,XTX MARKETS LLC (AMERICAS),client,Other / Multi-sector
client_03709,"DH DIAGNOSTICS, LLC",client,Other / Multi-sector
client_03710,MICHIGAN TECHNOLOGICAL UNIVERSITY,client,Education & Research
client_03711,BOSSIER PARISH POLICE JURY,client,Other / Multi-sector
client_03712,SPIE,client,Other / Multi-sector
client_03713,STATE OF UTAH SCHOOL & INSTITUTIONAL TRUST-LANDS ADMINISTRATION (SITLA),client,Education & Research
client_03714,CROSS RIVER BANK,client,Finance & Banking
client_03715,THE INSTITUTE OF ELECTRICAL AND ELECTRONICS ENGINEERS,client,Energy & Environment
client_03716,"AMERICAN KENNEL CLUB, INC",client,Other / Multi-sector
client_03717,AMERICAN PHYSICAL THERAPY ASSOCIATION,client,Government & Nonprofit
client_03718,AMERICAN SOCIETY FOR RADIATION ONCOLOGY,client,Other / Multi-sector
client_03719,ARCBEST CORPORATION,client,Other / Multi-sector
client_03720,ASSOCIATION OF UNIVERSITY PROGRAMS IN OCCUPATIONAL HEALTH AND SAFETY,client,Healthcare & Pharma
client_03721,BILLINGS CLINIC,client,Other / Multi-sector
client_03722,BLH CAPITAL & MANAGEMENT SERVICES LLC,client,Finance & Banking
client_03723,BLUE CROSS AND BLUE SHIELD ASSOCIATION,client,Government & Nonprofit
client_03724,"BMW OF NORTH AMERICA, LLC",client,Other / Multi-sector
client_03725,BOEHRINGER INGELHEIM USA CORPORATION,client,Other / Multi-sector
client_03726,BRENTWOOD SCHOOL,client,Education & Research
client_03727,BRIGHTMARK,client,Other / Multi-sector
client_03728,CISCO SYSTEMS,client,Other / Multi-sector
client_03729,"CITY OF MIAMI BEACH, FLORIDA",client,Other / Multi-sector
client_03730,COUNCIL ON RADIONUCLIDES AND RADIOPHARMACEUTICALS,client,Healthcare & Pharma
client_03731,DEVOTED HEALTH,client,Healthcare & Pharma
client_03732,"DOYON UTILITIES, LLC",client,Other / Multi-sector
client_03733,ENTOMOLOGICAL SOCIETY OF AMERICA,client,Other / Multi-sector
client_03734,ESSILORLUXOTTICA USA INC.,client,Other / Multi-sector
client_03735,FEDERAL BAR ASSOCIATION,client,Government & Nonprofit
client_03736,FINANCIAL TECHNOLOGY ASSOCIATION (FTA),client,Finance & Banking
client_03737,HARRIS COUNTY PRECINCT 2,client,Other / Multi-sector
client_03738,"HERTZ GLOBAL HOLDINGS, INC.",client,Other / Multi-sector
client_03739,INTOXALOCK,client,Other / Multi-sector
client_03740,KENNEWICK IRRIGATION DISTRICT,client,Other / Multi-sector
client_03741,LEXINGTON FAYETTE COUNTY UNIFIED GOVERNMENT,client,Other / Multi-sector
client_03742,MIAMI-DADE COUNTY PUBLIC SCHOOLS,client,Education & Research
client_03743,PARTNERSHIP FOR PART D ACCESS (INFORMAL COALITION),client,Energy & Environment
client_03744,PITNEY BOWES,client,Other / Multi-sector
client_03745,RECKITT BENCKISER,client,Other / Multi-sector
client_03747,"RIOT PLATFORMS, INC. (F/K/A RIOT BLOCKCHAIN, INC.)",client,Technology & Telecom
client_03748,SAFRAN USA,client,Other / Multi-sector
client_03749,SOUTHERN MARYLAND NAVY ALLIANCE,client,Other / Multi-sector
client_03750,STERIS CORPORATION,client,Other / Multi-sector
client_03751,STURGEON INDUSTRY ALLIANCE OF AMERICA,client,Other / Multi-sector
client_03752,THE CSL GROUP INC.,client,Other / Multi-sector
client_03754,TRIDENTCARE,client,Other / Multi-sector
client_03755,VALVE CORPORATION,client,Other / Multi-sector
client_03756,"ZOGENIX, INC.",client,Other / Multi-sector
client_03757,UNIVERSITY OF RHODE ISLAND,client,Education & Research
client_03758,ASSOCIATION OF COMMUNITY COLLEGE TRUSTEES,client,Education & Research
client_03759,BEAM INC. (PREVIOUSLY REPORTED AS FORTUNE BRANDS INC.),client,Transportation & Auto
client_03760,PORT OF HOUSTON AUTHORITY,client,Transportation & Auto
client_03761,"PREMIER BANKCARD, LLC",client,Finance & Banking
client_03762,BRAMBLES (PREVIOUSLY REPORTED AS BRAMBLES LIMITED),client,Transportation & Auto
client_03763,CORINTHIA HOLDINGS PTE. LTD.,client,Other / Multi-sector
client_03764,FAMILIES USA FOUNDATION INC,client,Education & Research
client_03765,JAPAN AUTO MFRS ASS'N INC,client,Transportation & Auto
client_03766,"ORIGIN MATERIALS OPERATING, INC.",client,Other / Multi-sector
client_03767,TEMPUS LABS INC,client,Other / Multi-sector
client_03768,BIZ2CREDIT INC.,client,Other / Multi-sector
client_03769,AFFORD GROUP (FORMERLY CLIMATE POLICY GROUP),client,Energy & Environment
client_03770,"AFLAC, INC.",client,Other / Multi-sector
client_03771,AFRICELL UK LIMITED,client,Other / Multi-sector
client_03772,"AMENTUM SERVICES, INC. (FORMERLY KNOWN AS AECOM)",client,Other / Multi-sector
client_03773,AMERICAN AMBULANCE ASSOCIATION,client,Government & Nonprofit
client_03774,AMERICAN ASSOCIATION FOR HOMECARE,client,Government & Nonprofit
client_03775,AMERICAN ASSOCIATION OF COMMUNITY COLLEGES,client,Education & Research
client_03776,AMERICAN ASSOCIATION OF HIP AND KNEE SURGEONS (AAHKS),client,Government & Nonprofit
client_03777,AMERICAN FOREST RESOURCE COUNCIL,client,Other / Multi-sector
client_03778,"AMERICAN SOC. OF AGRONOMY, CROP SCI. SOC. OF AMERICA & SOIL SCI. SOC. OF AMERICA",client,Energy & Environment
client_03779,"AMERICAN TRANSMISSION COMPANY, LLC",client,Other / Multi-sector
client_03780,ARMATEC SURVIVABILITY CORP.,client,Other / Multi-sector
client_03781,ARMENIAN NATIONAL COMMITTEE OF AMERICA,client,Other / Multi-sector
client_03782,ASSOCIATION OF KENTUCKY FRIED CHICKEN FRANCHISEES,client,Government & Nonprofit
client_03783,"BAM TRADING SERVICES, INC./BINANCE.US",client,Other / Multi-sector
client_03784,BARBARA BANKE,client,Finance & Banking
client_03786,"BDV SOLUTIONS, LLC",client,Other / Multi-sector
client_03787,BEACON CAPITAL PARTNERS LLC,client,Finance & Banking
client_03788,BINATIONAL SOFTWOOD LUMBER COUNCIL,client,Other / Multi-sector
client_03789,"(""BIO"") BIOTECHNOLOGY INDUSTRY ORGANIZATION",client,Healthcare & Pharma
client_03790,BIOTECHNOLOGY INNOVATION ORGANIZATION (BIO),client,Healthcare & Pharma
client_03791,"BLACKROCK FUNDS SERVICES GROUP LLC (FKA BLACKROCK, INC.)",client,Finance & Banking
client_03792,BLACKSKY HOLDINGS,client,Other / Multi-sector
client_03793,BP AMERICA INC.,client,Other / Multi-sector
client_03794,BRADLEY UNIVERSITY,client,Education & Research
client_03795,BREAD FINANCIAL,client,Finance & Banking
client_03796,BRISTOL-MYERS SQUIBB COMPANY,client,Other / Multi-sector
client_03797,BROWNSVILLE PUBLIC UTILITIES BOARD,client,Other / Multi-sector
client_03798,C SPIRE,client,Other / Multi-sector
client_03799,CALIFORNIA STATE SENATE,client,Other / Multi-sector
client_03800,CAPE COD HEALTHCARE,client,Healthcare & Pharma
client_03801,CASCADE AEROSPACE INC.,client,Defense & Aerospace
client_03802,CATHOLIC CHARITIES USA,client,Other / Multi-sector
client_03803,CENTRACARE HEALTH,client,Healthcare & Pharma
client_03804,CHILDHELP,client,Other / Multi-sector
client_03805,"CHROMALLOY GAS TURBINE, LLC",client,Energy & Environment
client_03806,CITIZENS ENERGY GROUP,client,Energy & Environment
client_03807,"CITY OF AURORA, CO",client,Other / Multi-sector
client_03808,CITY OF ENID,client,Other / Multi-sector
client_03809,"CITY OF MOBILE, ALABAMA",client,Other / Multi-sector
client_03810,"CITY OF PASADENA, CA",client,Other / Multi-sector
client_03811,CITY PUBLIC SERVICE,client,Other / Multi-sector
client_03812,COALITION FOR ENTERPRISE OPEN SOURCE SOFTWARE IN GOVERNMENT,client,Energy & Environment
client_03813,COALITION ORGANIZED FOR THE FUTURE OF INSURANCE REGULATION (COFIR),client,Energy & Environment
client_03814,"COLLIER COUNTY, FLORIDA",client,Other / Multi-sector
client_03815,COORDINTAED CARE NETWORK,client,Other / Multi-sector
client_03816,"CORE NATURAL RESOURCES, INC.",client,Other / Multi-sector
client_03817,DAIRY FARMERS OF CANADA,client,Technology & Telecom
client_03818,DELTA AIR LINES,client,Technology & Telecom
client_03819,DESERT RESEARCH INSTITUTE,client,Education & Research
client_03820,DISH NETWORK LLC,client,Other / Multi-sector
client_03821,DSG TECHNOLOGY,client,Technology & Telecom
client_03822,ELECTRICITIES OF NC,client,Energy & Environment
client_03823,"ENERSYS ENERGY PRODUCTS, INC.",client,Energy & Environment
client_03824,ENTRAVISION COMMUNICATIONS CORPORATION,client,Other / Multi-sector
client_03825,"ERC MODULAR INC., A DELAWARE CORP.",client,Other / Multi-sector
client_03826,FIRSTBANK HOLDING CO.,client,Finance & Banking
client_03827,FISERV,client,Other / Multi-sector
client_03828,FNH USA,client,Other / Multi-sector
client_03829,GIRL SCOUTS OF THE UNITED STATES OF AMERICA - GSUSA,client,Other / Multi-sector
client_03830,GOJO INDUSTRIES,client,Other / Multi-sector
client_03831,GOLD STAR FOODS,client,Agriculture & Food
client_03832,HAPAG-LLOYD (AMERICA) LLC,client,Other / Multi-sector
client_03833,HARD ROCK JAPAN K.K.,client,Other / Multi-sector
client_03834,IHEARTMEDIA,client,Other / Multi-sector
client_03835,ISO NEW ENGLAND,client,Other / Multi-sector
client_03836,KIDNEY CARE COUNCIL,client,Other / Multi-sector
client_03837,KYIVSTAR,client,Other / Multi-sector
client_03838,"LEONARDO DRS, INC (FORMER DRS TECHNOLOGIES, INC.)",client,Other / Multi-sector
client_03839,LOCAL INITIATIVES SUPPORT CORPORATION,client,Transportation & Auto
client_03840,"LUMEN TECHNOLOGIES (FORMERLY KNOWN AS CENTURYLINK, INC.)",client,Other / Multi-sector
client_03841,MADISON COUNTY BOARD OF SUPERVISORS,client,Other / Multi-sector
client_03842,MAERSK INC,client,Other / Multi-sector
client_03843,MANAGEMENT ASSOCIATION FOR PRIVATE PHOTOGRAMMETRIC SURVEYORS,client,Government & Nonprofit
client_03844,MULLEN,client,Other / Multi-sector
client_03845,NATIONAL ASSOCIATION OF FARM SERVICE AGENCY COUNTY OFFICE EMPLOYEES (NASCOE),client,Agriculture & Food
client_03846,NATIONAL BEER WHOLESALERS ASSOCIATION,client,Government & Nonprofit
client_03847,NATIONAL CENTER FOR MANUFACTURING SCIENCES,client,Other / Multi-sector
client_03848,NATIONAL TAXPAYERS UNION,client,Other / Multi-sector
client_03849,NEW HANOVER COUNTY,client,Other / Multi-sector
client_03850,NORTHERN INDIANA COMMUTER TRANSPORTATION DISTRICT,client,Transportation & Auto
client_03851,"OAK RIDGE ASSOCIATED UNIVERSITIES, INC.",client,Other / Multi-sector
client_03852,OMEGA AIR,client,Technology & Telecom
client_03853,OPERATIONAL TECHNOLOGY CYBERSECURITY COALITION,client,Defense & Aerospace
client_03854,"ORANGE COUNTY, FLORIDA",client,Other / Multi-sector
client_03855,"OSCEOLA COUNTY, FL",client,Other / Multi-sector
client_03856,PARRY LABS,client,Other / Multi-sector
client_03857,"PATHWARD, N.A.",client,Other / Multi-sector
client_03858,PESTICIDE REGISTRATION IMPROVEMENT ACT COALITION,client,Energy & Environment
client_03859,"PGP INVESTORS, LLC",client,Other / Multi-sector
client_03860,PHILADELPHIA COLLEGE OF OSTEOPATHIC MEDICINE,client,Education & Research
client_03861,"POINT DIGITAL FINANCE, INC.",client,Technology & Telecom
client_03862,POINTCLICKCARE TECHNOLOGIES USA CORP.,client,Other / Multi-sector
client_03863,"POPULUS FINANCIAL GROUP, INC. (FORMERLY ACE CASH EXPRESS, INC.)",client,Finance & Banking
client_03864,POSCO AMERICA CORP,client,Other / Multi-sector
client_03865,"POTOMAC CENTER NORTH, INC.",client,Other / Multi-sector
client_03866,PRESERVATION STATIONS PRESERVE,client,Other / Multi-sector
client_03867,PROFESSIONAL GOLFERS' ASSOCIATION OF AMERICA,client,Government & Nonprofit
client_03868,R3 EDUCATION FKA/EQUINOX CAPITAL INC,client,Finance & Banking
client_03869,REAL ESTATE ROUNDTABLE,client,Real Estate & Construction
client_03870,"RIDDELL SPORTS, INC.",client,Transportation & Auto
client_03871,SASOL CHEMICALS (USA) LLC,client,Other / Multi-sector
client_03872,SESAC RIGHTS MANAGEMENT INC,client,Other / Multi-sector
client_03873,SOLANO TRANSPORTATION AUTHORITY,client,Transportation & Auto
client_03874,SOUTH EAST DAIRY FARMERS ASSOCIATION,client,Technology & Telecom
client_03875,SUSTAINABLE PFAS ACTION NETWORK,client,Technology & Telecom
client_03876,TAPS,client,Other / Multi-sector
client_03877,TECO ENERGY,client,Energy & Environment
client_03878,TELEVISION OPERATORS CAUCUS (TOC),client,Other / Multi-sector
client_03879,THE COLLEGE BOARD,client,Education & Research
client_03880,THE TASK FORCE ON AMERICAN INNOVATION,client,Other / Multi-sector
client_03881,"THYSSENKRUPP NORTH AMERICA, INC",client,Other / Multi-sector
client_03882,TRACFONE WIRELESS,client,Other / Multi-sector
client_03883,TRI-CITY DEVELOPMENT COUNCIL,client,Other / Multi-sector
client_03884,TRINITY INDUSTRIES,client,Other / Multi-sector
client_03885,TUBEROUS SCLEROSIS ALLIANCE,client,Other / Multi-sector
client_03886,UNITED SERVICES AUTOMOBILE ASSOCIATION (USAA),client,Transportation & Auto
client_03887,"UNIVERSAL HEALTH SERVICES, INC.: UHS",client,Healthcare & Pharma
client_03888,UNIVERSITY OF MIAMI,client,Education & Research
client_03889,"WEATHER GROUP TELEVISION, LLC D/B/A THE WEATHER CHANNEL",client,Other / Multi-sector
client_03890,WESTERN MUNICIPAL WATER DISTRICT,client,Other / Multi-sector
client_03891,"WHEMCO, INC. (FORMERLY LEHIGH HEAVY FORGE CORP.)",client,Other / Multi-sector
client_03892,WIREGRASS ECONOMIC DEVELOPMENT CORPORATION,client,Other / Multi-sector
client_03893,"X CORP. (FORMERLY TWITTER, INC.)",client,Other / Multi-sector
client_03894,ZURICH AMERICAN INSURANCE COMPANY,client,Other / Multi-sector
client_03895,"X, INC. F/K/A TWITTER, INC.",client,Other / Multi-sector
client_03896,VALLEY WATER,client,Other / Multi-sector
client_03897,DJI TECHNOLOGY,client,Technology & Telecom
client_03898,LOS ANGELES WORLD AIRPORTS,client,Technology & Telecom
client_03899,SECURITYSCORECARD,client,Defense & Aerospace
client_03900,AFRICA FINANCE CORPORATION,client,Other / Multi-sector
client_03901,CHESAPEAKE BAY FOUNDATION INC,client,Education & Research
client_03902,"NATIONAL TANK TRUCK CARRIER, INC.",client,Other / Multi-sector
client_03903,"CONSTELLATION ENERGY GENERATION, LLC (FKA CONSTELLATION ENERGY CONSERVATION)",client,Energy & Environment
client_03904,UNITED WAY OF AMERICA,client,Other / Multi-sector
client_03905,ALLIANTGROUP L.P.,client,Other / Multi-sector
client_03906,AMERICAN FINANCIAL SERVICES ASSOCIATION (AFSA),client,Finance & Banking
client_03909,AMITY FOUNDATION,client,Education & Research
client_03910,BDT CAPITAL PARTNERS LLC,client,Finance & Banking
client_03912,BROKEN HILL PROPRIETARY (USA) INC.,client,Other / Multi-sector
client_03913,"CITIGROUP WASHINGTON, INC",client,Finance & Banking
client_03914,"CLEAN HARBORS, INC.",client,Other / Multi-sector
client_03915,DEVON ENERGY CORPORATION,client,Energy & Environment
client_03916,DIGITAL HEALTH FOR EQUITABLE HEALTH ALLIANCE,client,Healthcare & Pharma
client_03917,FLORIDA INLAND NAVIGATION DISTRICT,client,Other / Multi-sector
client_03918,FOOD FIX CAMPAIGN ACTION INC (F/K/A FOOD FIX CAMPAIGN),client,Technology & Telecom
client_03919,"GRANITE TELECOMMUNICATIONS, LLC",client,Technology & Telecom
client_03920,HALSTEAD NEW ENGLAND CORPORATION,client,Other / Multi-sector
client_03921,HARVARD UNIVERSITY,client,Education & Research
client_03922,HOPI TRIBE,client,Other / Multi-sector
client_03923,HORIZON THERAPEUTICS,client,Other / Multi-sector
client_03925,MICROCHIP TECHNOLOGY INC. (FKA MICROSEMI),client,Technology & Telecom
client_03926,"MORTGAGE RESEARCH CENTER, LLC",client,Education & Research
client_03927,MUFG AMERICAS HOLDINGS CORPORATION,client,Other / Multi-sector
client_03928,NATIONAL ASSOCIATION OF ENROLLED AGENTS,client,Government & Nonprofit
client_03929,NATIONAL ASSOCIATION OF LETTER CARRIERS,client,Government & Nonprofit
client_03930,NATIONAL SAFETY COUNCIL,client,Other / Multi-sector
client_03931,NORTHERN TRUST,client,Other / Multi-sector
client_03932,OPPORTUNITY FINANCIAL,client,Finance & Banking
client_03933,PARTICIPATE (FORMERLY VIF INTERNATIONAL EDUCATION),client,Education & Research
client_03934,QUEST DIAGNOSTICS INCORPORATED,client,Other / Multi-sector
client_03935,SECURITY TRADERS ASSOCIATION,client,Defense & Aerospace
client_03936,SOUTH COM,client,Other / Multi-sector
client_03938,TENNESSEE TECHNOLOGICAL UNIVERSITY,client,Education & Research
client_03939,TRIPADVISOR LLC,client,Other / Multi-sector
client_03940,UNIVERSITY OF KANSAS HOSPITAL AUTHORITY,client,Healthcare & Pharma
client_03941,WINCHESTER AMMUNITION,client,Other / Multi-sector
client_03942,COALITION OF LONG TERM ACUTE CARE HOSPITALS,client,Healthcare & Pharma
client_03943,LIBERTY HEALTHSHARE,client,Healthcare & Pharma
client_03944,AMERICAN WILD HORSE CAMPAIGN,client,Technology & Telecom
client_03945,GLASS PACKAGING INSTITUTE (GPI),client,Education & Research
client_03946,NATIONAL MENTORING PARTNERSHIP INC,client,Other / Multi-sector
client_03947,S&P GLOBAL INC.,client,Other / Multi-sector
client_03948,AMERICAN SOCIETY OF TRAVEL ADVISORS INC,client,Legal & Lobbying
client_03949,COMMUNITIES IN SCHOOLS,client,Education & Research
client_03950,LOCKHEED MARTIN AERONAUTIC SECTOR,client,Defense & Aerospace
client_03951,ABIR,client,Other / Multi-sector
client_03952,AMERICAN ASSOCIATION FOR HOMEOPATHIC PRODUCTS,client,Government & Nonprofit
client_03953,AMERICAN SOCIETY OF NEPHROLOGY,client,Other / Multi-sector
client_03954,ATA ACTION,client,Other / Multi-sector
client_03955,"ATMOSPHERE I, LLC, FORMERLY IGNEIO, LLC",client,Other / Multi-sector
client_03956,AUTOS DRIVE AMERICA,client,Transportation & Auto
client_03957,"AVANGRID, INC.",client,Other / Multi-sector
client_03958,AVX AIRCRAFT COMPANY,client,Technology & Telecom
client_03959,"BA SECURITIES, LLC",client,Finance & Banking
client_03960,BEALE MILITARY LIAISON COUNCIL,client,Defense & Aerospace
client_03961,CHEMONICS INTERNATIONAL,client,Other / Multi-sector
client_03962,COLUMBIA BASIN PROJECT (FKA) WASHINGTON STATE WATER RESOURCES ASSOCIATION,client,Government & Nonprofit
client_03963,COMMERCIAL BANKRUPTCY ALLIANCE,client,Finance & Banking
client_03964,COMMERCIAL SPACEFLIGHT FEDERATION,client,Other / Multi-sector
client_03965,COMROD INC.,client,Other / Multi-sector
client_03966,CURTISS-WRIGHT CORPORATION,client,Other / Multi-sector
client_03967,EMD MILLIPORE CORPORATION,client,Other / Multi-sector
client_03968,HEALTHEQUITY FKA AS WAGE WORKS,client,Healthcare & Pharma
client_03969,"HENNINGSON, DURHAM & RICHARDSON ARCHITECTURE AND ENGINEERING, P.C.",client,Other / Multi-sector
client_03970,"IMPACT JOURNALS, LLC",client,Other / Multi-sector
client_03972,"JOSHCO GROUP, LLC D/B/A VETERAN BENEFITS GUIDE",client,Other / Multi-sector
client_03973,KOPIN CORPORATION,client,Other / Multi-sector
client_03974,"LANDRY'S, INC.",client,Other / Multi-sector
client_03975,LILT,client,Other / Multi-sector
client_03976,OPIANT PHARMACEUTICALS,client,Healthcare & Pharma
client_03977,PACIFIC DENTAL SERVICES LLC,client,Other / Multi-sector
client_03978,PAYCHEX,client,Other / Multi-sector
client_03979,"PENNYMAC LOAN SERVICES, LLC",client,Other / Multi-sector
client_03980,"PHOTOCURE, INC.",client,Other / Multi-sector
client_03981,PORT FREEPORT,client,Transportation & Auto
client_03982,"POSIGEN SOLAR, LLC",client,Other / Multi-sector
client_03983,"Q LINK WIRELESS, LLC",client,Other / Multi-sector
client_03984,RESOLVE TO SAVE LIVES,client,Other / Multi-sector
client_03985,SACRAMENTO REGIONAL TRANSIT DISTRICT,client,Other / Multi-sector
client_03986,SCOTT'S MIRACLE-GRO,client,Other / Multi-sector
client_03987,STEEL FOUNDERS' SOCIETY OF AMERICA,client,Other / Multi-sector
client_03988,"TERRAPOWER, LLC",client,Energy & Environment
client_03989,THE AMERICAN COALITION FOR TAXPAYER RIGHTS,client,Energy & Environment
client_03990,"THE BUSINESS ROUNDTABLE, INC.",client,Other / Multi-sector
client_03991,THE HEMOPHILIA ALLIANCE,client,Other / Multi-sector
client_03992,THE PUERTO RICO EQUALITY FORUM,client,Other / Multi-sector
client_03993,"ULTRA ELECTRONICS DEFENSE, INC. (FORMERLY ULTRA FLIGHTLINE SYSTEMS)",client,Defense & Aerospace
client_03994,URSA MAJOR,client,Other / Multi-sector
client_03995,WESTINGHOUSE AIR BRAKE TECHNOLOGIES CORPORATION,client,Technology & Telecom
client_03996,ZEBRA TECHNOLOGIES CORP.,client,Other / Multi-sector
client_03997,"CITY OF BIRMINGHAM, ALABAMA",client,Other / Multi-sector
client_03998,MOFFITT CANCER CENTER,client,Other / Multi-sector
client_03999,VEGAS CHAMBER,client,Energy & Environment
client_04000,PORT OF TEXAS CITY,client,Transportation & Auto
client_04001,SUSAN G. KOMEN,client,Other / Multi-sector
client_04002,"ACTIVEHOURS INC., D/B/A EARNIN",client,Other / Multi-sector
client_04003,ADVANCED THERMOPLASTIC COMPOSITES,client,Other / Multi-sector
client_04004,AMERICAN FARMLAND TRUST,client,Agriculture & Food
client_04005,AMERICAN FOUNDATION FOR SUICIDE PREVENTION,client,Education & Research
client_04006,"ASCENSUS, INC.",client,Other / Multi-sector
client_04007,ASSOCIATION DES INDUSTRIES D'HAITI,client,Technology & Telecom
client_04008,BAYSTATE HEALTH,client,Healthcare & Pharma
client_04009,BIOFIRE DEFENSE LLC,client,Defense & Aerospace
client_04010,BLUE BIRD BODY COMPANY,client,Other / Multi-sector
client_04011,CALIFORNIA RESOURCES CORPORATION,client,Other / Multi-sector
client_04012,CITY OF FREMONT CA,client,Other / Multi-sector
client_04013,CLEMSON UNIVERSITY,client,Education & Research
client_04014,CONTROLLED THERMAL RESOURCES,client,Other / Multi-sector
client_04015,CTC GLOBAL,client,Other / Multi-sector
client_04016,ENTERPRISE CLOUD COALITION,client,Energy & Environment
client_04017,FIRSTDAY FOUNDATION,client,Education & Research
client_04018,GLOBAL TUNGSTEN & POWDERS,client,Other / Multi-sector
client_04019,LANZATECH INC.,client,Other / Multi-sector
client_04020,"LEGGETT & PLATT, INC.",client,Other / Multi-sector
client_04021,LENOVO GROUP (PREV REPORTED AS FGS GLOBAL (ASIA) LIMITED (O/B/O LENOVO GROUP),client,Transportation & Auto
client_04022,"MEDLINE INDUSTRIES, LP",client,Other / Multi-sector
client_04023,MULTICARE HEALTH SYSTEM,client,Healthcare & Pharma
client_04024,"OU MEDICINE, INC.",client,Other / Multi-sector
client_04025,PUBLIC SERVICE COMPANY OF NEW MEXICO,client,Other / Multi-sector
client_04026,RENAISSANCE RE NORTH AMERICA,client,Technology & Telecom
client_04027,"RENT-A-CENTER, INC.",client,Other / Multi-sector
client_04028,"RESOLVE MARINE GROUP, INC.",client,Other / Multi-sector
client_04029,"SARONIC, INC.",client,Other / Multi-sector
client_04030,SIDECAR HEALTH,client,Healthcare & Pharma
client_04031,"STRATEGIC MARKETING INNOVATIONS (OBO U. OF MASSACHUSETTS, PRESIDENT'S OFFICE)",client,Other / Multi-sector
client_04032,SUGAR CANE GROWERS COOPERATIVE OF FLORIDA,client,Other / Multi-sector
client_04033,SUSHMA RAMAN,client,Other / Multi-sector
client_04034,THE INTERNET INFRASTRUCTURE COALITION (I2COALITION),client,Energy & Environment
client_04035,TRUCKEE MEADOWS WATER AUTHORITY,client,Other / Multi-sector
client_04036,WINTERSHALL DEA GMBH (FORMERLY WINTERSHALL HOLDING GMBH),client,Transportation & Auto
client_04037,UTE MOUNTAIN UTE TRIBE,client,Technology & Telecom
client_04038,SUMMA HEALTH,client,Healthcare & Pharma
client_04039,NYU LANGONE HOSPITALS (FORMERLY NYU HOSPITALS CENTER),client,Healthcare & Pharma
client_04040,CENTRUS ENERGY,client,Energy & Environment
client_04041,INTERNATIONAL SOCIETY FOR STEM CELL RESEARCH,client,Education & Research
client_04042,"ACELRX PHARMACEUTICALS, INC.",client,Healthcare & Pharma
client_04043,"NST GLOBAL, LLC",client,Other / Multi-sector
client_04044,AMERICAN MEDICAL ASSOCIATION,client,Healthcare & Pharma
client_04045,DISTRIBUTION CONTRACTORS ASSOCIATION,client,Government & Nonprofit
client_04046,REFRACTION ASSET MANAGEMENT LTD.,client,Other / Multi-sector
client_04047,UNIVERSITY OF WASHINGTON,client,Education & Research
client_04048,AEVEX AEROSPACE,client,Defense & Aerospace
client_04049,AIRBUS AMERICAS (FORMERLY AIRBUS GROUP),client,Technology & Telecom
client_04050,AMERICAN ACADEMY OF SLEEP MEDICINE,client,Other / Multi-sector
client_04051,AMERICAN ASSOCIATION OF SETTLEMENT CONSULTANTS,client,Government & Nonprofit
client_04052,AMERICAN CONCRETE PUMPING ASSOCIATION,client,Government & Nonprofit
client_04053,AMGEN,client,Healthcare & Pharma
client_04054,ARXADA LLC (PREVIOUSLY REPORTED AS LONZA LLC),client,Transportation & Auto
client_04055,"BAUDAX BIO, INC. (FORMERLY KNOWN AS RECRO PHARMA, INC.)",client,Healthcare & Pharma
client_04056,BAYER CROPSCIENCE LP,client,Other / Multi-sector
client_04057,BUMBLE TRADING LLC,client,Other / Multi-sector
client_04058,CUMMINS INC,client,Other / Multi-sector
client_04059,EATON,client,Other / Multi-sector
client_04061,GE HEALTHCARE PHARMACEUTICAL DIAGNOSTICS,client,Healthcare & Pharma
client_04062,GEORGETOWN UNIVERSITY,client,Education & Research
client_04063,"GESOINVEST 2002, S.L.U.",client,Other / Multi-sector
client_04064,GLOBAL MEDICAL RESPONSE (FORMERLY AMERICAN MEDICAL RESPONSE),client,Healthcare & Pharma
client_04065,"GRAMERCY FUNDS MANAGEMENT, LLC",client,Other / Multi-sector
client_04066,"HILLWOOD DEVELOPMENT COMPANY, LLC",client,Other / Multi-sector
client_04067,HOWMET,client,Other / Multi-sector
client_04068,"HYPERION TECHNOLOGY GROUP, INC.",client,Technology & Telecom
client_04069,INFORMATION TECHNOLOGY INDUSTRY COUNCIL,client,Technology & Telecom
client_04070,INTEGRITY MARKETING GROUP,client,Other / Multi-sector
client_04071,IPC,client,Other / Multi-sector
client_04072,LIBERTY GLOBAL LOGISTICS,client,Other / Multi-sector
client_04073,MADISON TITLE AGENCY,client,Government & Nonprofit
client_04074,"MONSTER WORLDWIDE, INC.",client,Other / Multi-sector
client_04075,MUTUAL OF OMAHA INSURANCE COMPANY,client,Other / Multi-sector
client_04076,"NIXON PEABODY LLP (ON BEHALF OF PAX TECHNOLOGY INC. - ""PAX US"")",client,Technology & Telecom
client_04077,NORTH AMERICAN OLIVE OIL ASSOCIATION (FKA ALLIANCE FOR OLIVE OIL QLTY STNDRDS),client,Energy & Environment
client_04078,QUAD GRAPHICS,client,Other / Multi-sector
client_04079,REVELYST (F/K/A VISTA OUTDOOR INC.),client,Other / Multi-sector
client_04080,SOFTBANK,client,Finance & Banking
client_04081,SOUTHWEST AIRLINES CO.,client,Technology & Telecom
client_04082,TAX GUARD,client,Other / Multi-sector
client_04083,THE NATIONAL FOOTBALL LEAGUE PLAYERS ASSOCIATION,client,Government & Nonprofit
client_04084,THE ROMAN CATHOLIC ARCHBISHOP OF LOS ANGELES,client,Other / Multi-sector
client_04085,UNIVERSAL TECHNICAL INSTITUTE,client,Education & Research
client_04086,UNIVERSITY OF TEXAS HEALTH SCIENCE CENTER,client,Healthcare & Pharma
client_04087,VECTRUS,client,Other / Multi-sector
client_04088,RIVERSIDE COUNTY TRANSPORTATION COMMISSION,client,Transportation & Auto
client_04089,NATIONAL COUNCIL OF SOCIAL SECURITY MANAGEMENT ASSOCIATIONS,client,Defense & Aerospace
client_04090,UNIBAIL RODAMCO WESTFIELD (FORMERLY WESTFIELD CORPORATION),client,Technology & Telecom
client_04091,ASSURED INFORMATION SECURITY,client,Defense & Aerospace
client_04092,SPACE EXPLORATION TECHNOLOGIES CORP,client,Other / Multi-sector
client_04093,ELANCO ANIMAL HEALTH,client,Healthcare & Pharma
client_04094,COACH USA,client,Other / Multi-sector
client_04095,FORT BEND COUNTY ECONOMIC DEVELOPMENT COUNCIL,client,Other / Multi-sector
client_04096,INTERNATIONAL ASSOCIATION OF EMERGENCY MANAGERS,client,Government & Nonprofit
client_04097,AMERICAN SOCIETY OF AGRONOMY,client,Other / Multi-sector
client_04098,SOUTHWESTERN POWER GROUP (FKA SUNZIA TRANSMISSION) LLCOSOL TRANSMISSION PROJECT,client,Energy & Environment
client_04099,ACCU REFERENCE MEDICAL LAB,client,Healthcare & Pharma
client_04101,"BGI SHENZHEN CO., LTD.",client,Other / Multi-sector
client_04102,"BLUESKY INNOVATIONS HOLDINGS, INC.",client,Other / Multi-sector
client_04103,BRIGHTLINE HOLDINGS LLC (FORMERLY VIRGIN TRAINS USA),client,Technology & Telecom
client_04104,CENTRUS (FKA USEC INC.),client,Other / Multi-sector
client_04105,COUNCIL OF STATE AND TERRITORIAL EPIDEMIOLOGISTS,client,Other / Multi-sector
client_04106,DAPPER LABS INC.,client,Other / Multi-sector
client_04107,EDGE AUTONOMY,client,Transportation & Auto
client_04108,EDWARD JONES INVESTMENTS,client,Finance & Banking
client_04109,ELECTRIC POWER BOARD OF CHATTANOOGA,client,Energy & Environment
client_04110,ENDEAVOR ENERGY HOLDINGS LLC,client,Energy & Environment
client_04111,ERGON INC,client,Other / Multi-sector
client_04112,GLOBAL GRAB TECHNOLOGIES,client,Other / Multi-sector
client_04113,GROWTH ENERGY,client,Energy & Environment
client_04114,HALKBANK INC (TURKIYE HALK BANKASI ANONIM SIRKETI ),client,Finance & Banking
client_04115,HORIZON BLUE CROSS BLUE SHIELD OF NEW JERSEY,client,Other / Multi-sector
client_04116,HUMANETICS INNOVATIVE SOLUTIONS,client,Other / Multi-sector
client_04118,INDIGO AG,client,Other / Multi-sector
client_04119,J.R. SIMPLOT COMPANY,client,Other / Multi-sector
client_04120,KNIGHT-SWIFT TRANSPORTATION (FORMERLY SWIFT TRANSPORTATION),client,Transportation & Auto
client_04121,LENOVO (UNITED STATES) INC.,client,Other / Multi-sector
client_04122,NATIONAL ASSOCIATION OF VISION CARE PLANS,client,Government & Nonprofit
client_04123,NATIONAL COURT APPOINTED SPECIAL ADVOCATE ASSOCIATION (CASA),client,Government & Nonprofit
client_04124,OHIO POLICE AND FIRE PENSION FUND,client,Other / Multi-sector
client_04125,"OREXO US, INC.",client,Other / Multi-sector
client_04126,PROFESSIONAL COMPOUNDING CENTERS OF AMERICA,client,Other / Multi-sector
client_04127,RESNET,client,Other / Multi-sector
client_04128,SIEMENS HEALTHINEERS,client,Healthcare & Pharma
client_04129,SPOKANE AIRPORT BOARD,client,Technology & Telecom
client_04130,SUNRISE FOODS INTERNATIONAL INC.,client,Agriculture & Food
client_04131,SUTTER MUTUAL WATER COMPANY AND RECLAMATION DISTRICT 1500,client,Other / Multi-sector
client_04132,SYCUAN BAND OF THE KUMEYAAY NATION,client,Other / Multi-sector
client_04133,THE CARLYLE GROUP,client,Other / Multi-sector
client_04134,THE VISION COUNCIL,client,Other / Multi-sector
client_04135,"TWSHO, INC.",client,Other / Multi-sector
client_04136,"SACRAMENTO COUNTY, CA",client,Other / Multi-sector
client_04137,AMERICANS FOR THE ARTS,client,Other / Multi-sector
client_04138,WAKE COUNTY NC,client,Other / Multi-sector
client_04139,AI HEALTHCARE COALITION,client,Healthcare & Pharma
client_04140,AITEO GLOBAL GROUP,client,Technology & Telecom
client_04141,AMERICAN FEDERATION OF GOVERNMENT EMPLOYEES,client,Other / Multi-sector
client_04142,AMERICAN TRANSACTION PROCESSORS COALITION,client,Energy & Environment
client_04143,APPLE INC.,client,Technology & Telecom
client_04144,ARMAMENTS RESEARCH COMPANY,client,Education & Research
client_04145,AVANCI,client,Other / Multi-sector
client_04146,CALIFORNIA DENTAL ASSOCIATION,client,Government & Nonprofit
client_04147,CARRIER CORP,client,Other / Multi-sector
client_04148,CATHOLIC HEALTH SERVICES OF LONG ISLAND,client,Healthcare & Pharma
client_04149,CENTER FOR SPORTFISHING POLICY (FKA CENTER FOR COASTAL CONSERVATION),client,Transportation & Auto
client_04150,CHARTER COMMUNICATIONS INC.,client,Other / Multi-sector
client_04151,"CHRIS KISE & ASSOCIATES, P.A. ON BEHALF OF ROGER VER",client,Other / Multi-sector
client_04152,DOCUSIGN,client,Other / Multi-sector
client_04153,EAST BAY MUNICIPAL UTILITY DISTRICT,client,Other / Multi-sector
client_04154,FERNANDO DIEZ BARROSO AZCARRAGA & MARIA LUCIA TOLO,client,Other / Multi-sector
client_04155,FUTURE STANDARD (FKA FS INVESTMENT CORPORATION),client,Finance & Banking
client_04156,GRADIENT TECHNOLOGY,client,Technology & Telecom
client_04157,HARBOR DEPARTMENT OF THE CITY OF LOS ANGELES,client,Government & Nonprofit
client_04158,HELEN KELLER NATIONAL CENTER FOR DEAF-BLIND YOUTHS AND ADULTS,client,Other / Multi-sector
client_04159,INGERSOLL RAND,client,Other / Multi-sector
client_04160,INSTITUTE FOR JUSTICE,client,Education & Research
client_04161,INTERPUBLIC GROUP,client,Other / Multi-sector
client_04162,"LEONARD GREEN & PARTNERS, LP",client,Other / Multi-sector
client_04163,MEDSTAR HEALTH,client,Healthcare & Pharma
client_04164,MEXICHEM FLUOR,client,Other / Multi-sector
client_04165,MONTE VALLE ENERGY LLC,client,Energy & Environment
client_04166,NATIONAL 4-H COUNCIL,client,Other / Multi-sector
client_04167,NV5 GEOSPATIAL,client,Other / Multi-sector
client_04168,ORGANIZE ACTION NETWORK,client,Other / Multi-sector
client_04169,OSF HEALTHCARE SYSTEM,client,Healthcare & Pharma
client_04170,PATAGONIA,client,Other / Multi-sector
client_04171,PJM POWER VENTURES,client,Energy & Environment
client_04172,PORT OF BROWNSVILLE,client,Transportation & Auto
client_04173,RECESS,client,Other / Multi-sector
client_04174,RITE AID CORPORATION,client,Technology & Telecom
client_04175,ROSEVILLE-CA CITY OF,client,Other / Multi-sector
client_04176,SOUTHWEST AIRLINES,client,Technology & Telecom
client_04177,STEWARD HEALTHCARE SYSTEMS,client,Healthcare & Pharma
client_04178,"THE MCENTEE GROUP, LLC",client,Other / Multi-sector
client_04179,THE TREVOR PROJECT,client,Other / Multi-sector
client_04180,THE WALTER GROUP LLC ON BEHALF OF TWEED INC.,client,Other / Multi-sector
client_04181,UNITED AUBURN INDIAN COMMUNITY,client,Other / Multi-sector
client_04182,"URENCO USA, INC",client,Other / Multi-sector
client_04183,"WEATHER GROUP TELEVISION, LLC",client,Other / Multi-sector
client_04184,"WINE AND SPIRITS WHOLESALERS OF AMERICA, INC.",client,Other / Multi-sector
client_04185,GE VERNOVA POWER CONVERSION AND STORAGE FKA GENERAL ELECTRIC COMPANY,client,Energy & Environment
client_04186,WPC TECHNOLOGIES,client,Other / Multi-sector
client_04187,COLSA CORPORATION,client,Other / Multi-sector
client_04188,INNOVATION REFUNDS LLC,client,Other / Multi-sector
client_04189,HILLSBOROUGH COUNTY AVIATION AUTHORITY (TAMPA INTERNATIONAL AIRPORT),client,Technology & Telecom
client_04190,AMERICAN CLEANING INSTITUTE,client,Education & Research
client_04191,AMERICAN HEALTH CARE ASSOCIATION,client,Healthcare & Pharma
client_04192,AMERICAN PORTABLE DIAGNOSTICS ASSOCIATION,client,Transportation & Auto
client_04193,AMERICAN SPORTFISHING ASSOCIATION,client,Transportation & Auto
client_04194,"ARMY ALLIANCE, INC.",client,Other / Multi-sector
client_04195,BALDWIN COUNTY COMMISSION,client,Government & Nonprofit
client_04196,CHIME,client,Other / Multi-sector
client_04197,COALITION FOR RENEWABLE NATURAL GAS (F/K/A PLAYMAKER O/B/OF COAL RENEW NAT GAS),client,Energy & Environment
client_04198,CURATORS OF THE UNIVERSITY OF MISSOURI,client,Education & Research
client_04199,"DIRECTV, LLC",client,Other / Multi-sector
client_04200,DXC TECHNOLOGY,client,Technology & Telecom
client_04201,FOLSOM-CA CITY OF,client,Other / Multi-sector
client_04202,"GENERAL ATOMICS, ELECTROMAGNETIC SYSTEMS",client,Other / Multi-sector
client_04203,GEORGE KAISER FAMILY FOUNDATION,client,Technology & Telecom
client_04204,GEORGIA STATE UNIVERSITY RESEARCH FOUNDATION,client,Education & Research
client_04205,GMTO CORPORATION,client,Transportation & Auto
client_04206,"GOODWIN PROCTER, LLP O/B/O OF MEDICAL PROPERTIES TRUST",client,Healthcare & Pharma
client_04207,GRID UNITED LLC,client,Other / Multi-sector
client_04208,GUJARAT FLUOROCHEMICALS GMBH,client,Transportation & Auto
client_04209,"IHEARTMEDIA, INC.",client,Other / Multi-sector
client_04210,IOWA CONFLUENCE WATER TRAILS (FORMERLY CENTRAL IOWA WATER TRAILS),client,Technology & Telecom
client_04211,IP RENEWABLE ENERGY HOLDINGS LLC,client,Energy & Environment
client_04212,KALLNER & ASSOCIATES ON BEHALF OF WORTHINGTON ENTERPRISES,client,Other / Multi-sector
client_04213,LAKESIDE BLUFFS GROUP LLC,client,Other / Multi-sector
client_04214,LEGEND BIOTECH CORPORATION,client,Healthcare & Pharma
client_04215,LUCERNO DYNAMICS,client,Other / Multi-sector
client_04217,OCI N.V. (FORMERLY KNOWN AS ORASCOM CONSTRUCTION INTERNATIONAL N.V.),client,Real Estate & Construction
client_04218,PHYSICIAN CLINICAL REGISTRY COALITION,client,Energy & Environment
client_04219,QINETIQ NORTH AMERICA,client,Other / Multi-sector
client_04220,"RAI SERVICES COMPANY (FORMERLY REYNOLDS AMERICAN, INC.)",client,Technology & Telecom
client_04221,RTX CORPORATION (FKA RAYTHEON TECHNOLOGIES CORPORATION),client,Defense & Aerospace
client_04222,SAMSUNG ELECTRONICS AMERICA,client,Other / Multi-sector
client_04223,SCAN HEALTH PLAN,client,Healthcare & Pharma
client_04224,STRIVEWORKS,client,Other / Multi-sector
client_04225,"THE MENTAL HEALTH ASSOCIATION OF NY CITY, INC., D/B/A VIBRANT EMOTIONAL HEALTH",client,Healthcare & Pharma
client_04226,TRANE TECHNOLOGIES,client,Other / Multi-sector
client_04227,TRANSLATIONAL GENOMICS RESEARCH INSTITUTE,client,Education & Research
client_04228,VALENT U.S.A. LLC,client,Other / Multi-sector
client_04229,WHITE EARTH TRIBAL NATION,client,Other / Multi-sector
client_04230,WHOLESTONE PRESTAGE LLC (FORMERLY KNOW AS WHOLESTONE FARMS),client,Agriculture & Food
client_04231,WILD SHEEP FOUNDATION,client,Education & Research
client_04232,AMERICAN AUTOMOBILE ASSOCIATION,client,Transportation & Auto
client_04233,AMERICAN PUBLIC UNIVERSITY SYSTEM,client,Education & Research
client_04234,"BREAKTHROUGH ENERGY VENTURES, LLC (PREV. REPORTED AS BREAKTHROUGH ENERGY, LLC)",client,Energy & Environment
client_04235,MARYLAND+COALITION,client,Energy & Environment
client_04236,NEXT DEFENSE SOLUTIONS,client,Defense & Aerospace
client_04237,STATE FARM,client,Agriculture & Food
client_04238,IRVINE RANCH WATER DISTRICT,client,Other / Multi-sector
client_04239,ADVAMED,client,Other / Multi-sector
client_04240,"AECOM TECHNICAL SERVICES, INC.",client,Other / Multi-sector
client_04241,"ALLEGIANCE HEALTH MANAGEMENT, INC.",client,Healthcare & Pharma
client_04242,AMERICAN INSTITUTE OF CPAS,client,Education & Research
client_04243,"AMERICAN PATRIOT HOLDINGS, LLC ON BEHALF OF WHITE STALLION COAL, LLC",client,Energy & Environment
client_04244,CALIFORNIA LIFE SCIENCES ASSOCIATION,client,Government & Nonprofit
client_04245,CMB REGIONAL CENTER,client,Other / Multi-sector
client_04246,COCA-COLA,client,Other / Multi-sector
client_04247,COUNTERTERRORISM EDUCATION LEARNING LAB (CELL),client,Education & Research
client_04248,DFS GUAM L.P.,client,Other / Multi-sector
client_04249,ELEC825 (ENGINEERS LABOR-EMPLOYER COOPERATIVE),client,Other / Multi-sector
client_04250,"ETSY, INC.",client,Other / Multi-sector
client_04251,FIRSTFLOOR,client,Other / Multi-sector
client_04252,FULCRUM BIOENERGY,client,Energy & Environment
client_04253,GENASYS (FORMERLY LRAD CORPORATION),client,Other / Multi-sector
client_04254,"GLOBE MANUFACTURING COMPANY, LLC, A SUBSIDIARY OF MSA SAFETY INC.",client,Other / Multi-sector
client_04255,GREATER CHEYENNE CHAMBER OF COMMERCE,client,Other / Multi-sector
client_04256,GRODAN INC.,client,Other / Multi-sector
client_04257,HANGAR ALPHA LLC,client,Other / Multi-sector
client_04258,INDUSTRIAL DEVELOPMENT AUTHORITY OF THE CITY OF NEWPORT NEWS,client,Transportation & Auto
client_04259,INDUSTRIAL FASTENERS INSTITUTE,client,Education & Research
client_04260,INTERNATIONAL EDUCATION CORPORATION,client,Education & Research
client_04261,IQVIA,client,Other / Multi-sector
client_04262,LIBERTY UTILITIES (CANADA) CORP.,client,Other / Multi-sector
client_04263,LOGITECH,client,Other / Multi-sector
client_04264,"LYFT, INC.",client,Other / Multi-sector
client_04265,"MDIF MEDIA PARTNERS I, LP",client,Other / Multi-sector
client_04266,MED CLAIMS COMPLIANCE CORPORATION,client,Technology & Telecom
client_04267,MEYER BURGER (AMERICAS) LTD.,client,Other / Multi-sector
client_04268,MISSISSIPPI DEVELOPMENT AUTHORITY,client,Other / Multi-sector
client_04269,"ML STRATEGIES, LLC (ON BEHALF OF DAIKIN U.S. CORPORATION)",client,Technology & Telecom
client_04270,"MOLINA HEALTHCARE, INC.",client,Healthcare & Pharma
client_04271,NATIONAL ASSOCIATION FOR COLLEGE ADMISSION COUNSELING,client,Education & Research
client_04272,NATIONAL ASSOCIATION OF ACOS,client,Government & Nonprofit
client_04274,NATIONAL SCHOOL BOARDS ASSOCIATION,client,Education & Research
client_04275,NUMBERSUSA ACTION,client,Other / Multi-sector
client_04276,RECOLOGY INC.,client,Other / Multi-sector
client_04277,SHARKNINJA OPERATING LLC,client,Other / Multi-sector
client_04278,SKYWATER TECHNOLOGY FOUNDRY,client,Technology & Telecom
client_04280,STATE STREET STRATEGIES (DBA ONE+ STRATEGIES) OBO VIVEK SHARMA,client,Legal & Lobbying
client_04281,THRIVENT FINANCIAL FOR LUTHERANS,client,Finance & Banking
client_04282,"TRIAD LIFE SCIENCES, INC.",client,Other / Multi-sector
client_04283,WINDSTREAM SERVICES LLC,client,Other / Multi-sector
client_04284,"ZSCALER INC. AND AFFILIATES (FKA ZSCALER, INC.)",client,Other / Multi-sector
client_04285,MAUI HEALTH SYSTEM,client,Healthcare & Pharma
client_04286,AVAYA GOVERNMENT SOLUTIONS,client,Other / Multi-sector
client_04287,INSP,client,Other / Multi-sector
client_04288,SCENIC HUDSON,client,Other / Multi-sector
client_04289,SIME DARBY PLANTATION BERHAD,client,Other / Multi-sector
client_04290,SOUTHCENTRAL FOUNDATION,client,Education & Research
client_04291,SOUTHERN SHRIMP ALLIANCE,client,Other / Multi-sector
client_04292,TRITON SYSTEMS INC,client,Other / Multi-sector
client_04293,"B.S.D. CAPITAL, INC. DBA LENDISTRY",client,Finance & Banking
client_04294,CIRCULOR,client,Other / Multi-sector
client_04295,"CITY OF GAINESVILLE, FL",client,Technology & Telecom
client_04296,COLORADO SPRINGS,client,Other / Multi-sector
client_04297,CONSUMER TECHNOLOGY ASSOCIATION (PREVIOUSLY THE CONSUMER ELECTRONICS ASSOCIATION,client,Technology & Telecom
client_04298,CORECIVIC (FORMERLY CCA OF TENNESSEE),client,Other / Multi-sector
client_04299,COVENANT AVIATION SECURITY,client,Defense & Aerospace
client_04300,EMORY UNIVERSITY,client,Education & Research
client_04301,FLOW THERAPY,client,Other / Multi-sector
client_04302,FMC CORP,client,Other / Multi-sector
client_04303,"FORTINET, INC.",client,Other / Multi-sector
client_04304,GLASS PACKAGING INSTITUTE,client,Education & Research
client_04305,GOOGLE CLIENT SERVICES (PREVIOUSLY REPORTED AS GOOGLE),client,Technology & Telecom
client_04306,"GUARDANT HEALTH, INC.",client,Healthcare & Pharma
client_04307,HUNTINGTON'S DISEASE SOCIETY OF AMERICA,client,Other / Multi-sector
client_04308,INTEROS INC.,client,Other / Multi-sector
client_04309,"INTUIT, INC. AND AFFILIATES (FORMERLY INTUIT, INC.)",client,Other / Multi-sector
client_04310,JOINT OFFICIAL LIQUIDATOR OF SILICON VALLEY BANK CAYMAN BRANCH,client,Finance & Banking
client_04311,"KORE POWER, INC.",client,Energy & Environment
client_04312,MARINER FINANCE LLC,client,Other / Multi-sector
client_04313,MARKEL CORPORATION,client,Other / Multi-sector
client_04314,MEDICATION ASSISTED TREATMENT LEADERSHIP COUNCIL,client,Other / Multi-sector
client_04315,MEHARRY MEDICAL COLLEGE,client,Healthcare & Pharma
client_04316,"MERLIN INTERNATIONAL, INC.",client,Other / Multi-sector
client_04317,MOZILLA CORPORATION,client,Other / Multi-sector
client_04318,MURRAY ENERGY CORPORATION (PRIOR Q4 REFERENCED AMER CONSOL NAT RES IN ERROR),client,Energy & Environment
client_04319,NATIONAL ASSOCIATION OF FREE & CHARITABLE CLINICS,client,Government & Nonprofit
client_04320,"NATIONAL MENTOR HOLDINGS, INC.",client,Other / Multi-sector
client_04321,"NATIONAL RESILIENCE, INC.",client,Other / Multi-sector
client_04322,"OPEN SAN CONSULTING, LLC D/B/A OSC EDGE",client,Legal & Lobbying
client_04323,OVERTON LLC,client,Other / Multi-sector
client_04324,PLANET LABS PBC (FORMERLY PLANET LABS FEDERAL INC.),client,Government & Nonprofit
client_04325,SAN BERNARDINO VALLEY WATER CONSERVATION DISTRICT,client,Other / Multi-sector
client_04326,SIEMENS ENERGY,client,Energy & Environment
client_04327,SUSTAINABLE OZARKS PARTNERSHIP,client,Technology & Telecom
client_04328,THE HUNTSVILLE-MADISON COUNTY AIRPORT AUTHORITY,client,Technology & Telecom
client_04329,THE JONES FIRM FOR NUCLEAR DEVELOPMENT LLC,client,Other / Multi-sector
client_04330,THE UNIVERSITY OF MIAMI,client,Education & Research
client_04331,"UNIVERSAL MUSIC GROUP RECORDINGS, INC.",client,Other / Multi-sector
client_04332,VIATRIS INC.,client,Other / Multi-sector
client_04333,WORLD SHIPPING COUNCIL,client,Transportation & Auto
client_04334,ZUFFA AND AFFILIATES FKA WME GROUP,client,Other / Multi-sector
client_04335,CALIFORNIA INSTITUTE OF TECHNOLOGY,client,Technology & Telecom
client_04336,MARINER FINANCE,client,Other / Multi-sector
client_04338,SOUTHEASTERN COLORADO WATER CONSERVANCY DISTRICT,client,Other / Multi-sector
client_04340,CALIFORNIA CREDIT UNION LEAGUE,client,Other / Multi-sector
client_04341,GATX CORPORATION,client,Other / Multi-sector
client_04342,PARTNERSHIP TO FIGHT CHRONIC DISEASE,client,Other / Multi-sector
client_04343,AEGIS SCIENCES CORPORATION,client,Other / Multi-sector
client_04344,"ASTELLAS GENE THERAPIES, INC. A DELAWARE CORPORATION",client,Other / Multi-sector
client_04345,BLACKROCK FUNDS SERVICES GROUP LLC,client,Finance & Banking
client_04346,C5 CAPITAL,client,Finance & Banking
client_04347,CORPORATE HEALTH CARE COALITION,client,Healthcare & Pharma
client_04348,ENERGY HARBOR CORP,client,Energy & Environment
client_04349,ESSENTIA HEALTH,client,Healthcare & Pharma
client_04350,FIRSTDAY FOUNDATION (FORMERLY KNOWN AS BCFS),client,Education & Research
client_04351,"FLEXPORT, INC.",client,Transportation & Auto
client_04352,HEALTH CENTER PARTNERS OF SOUTHERN CALIFORNIA,client,Healthcare & Pharma
client_04353,HIGINI CIERCO,client,Other / Multi-sector
client_04354,IDEMIA,client,Other / Multi-sector
client_04355,JPMORGAN CHASE HOLDINGS LLC,client,Finance & Banking
client_04356,MAGPUL INDUSTRIES CORP,client,Other / Multi-sector
client_04357,MAJOR COUNTY SHERIFFS OF AMERICA (FORMERLY MAJOR COUNTY SHERIFFS' ASSOCIATION),client,Government & Nonprofit
client_04358,MAJOR LEAGUE BASEBALL,client,Other / Multi-sector
client_04359,MORGAN STANLEY & CO. LLC,client,Other / Multi-sector
client_04360,NATIONAL APARTMENT ASSOCIATION,client,Government & Nonprofit
client_04361,"NCHA, INC.",client,Other / Multi-sector
client_04362,NORTHWESTERN MEMORIAL HEALTHCARE,client,Healthcare & Pharma
client_04363,"PERPETUA RESOURCES, CORP.",client,Other / Multi-sector
client_04364,"PRA GROUP, INC.",client,Other / Multi-sector
client_04365,RIO GRANDE VALLEY SUGAR GROWERS,client,Other / Multi-sector
client_04366,ROCKY VISTA UNIVERSITY,client,Education & Research
client_04367,"SABRA DIPPING COMPANY, LLC",client,Other / Multi-sector
client_04368,SAN DIEGO UNIFIED SCHOOL DISTRICT,client,Education & Research
client_04369,SCALE,client,Other / Multi-sector
client_04370,STUBHUB,client,Other / Multi-sector
client_04371,SWK STADTWERKE KAISERSLAUTERN GMBH,client,Technology & Telecom
client_04372,TIGER BIOSCIENCES,client,Other / Multi-sector
client_04373,"UNAKA COMPANY, INC.",client,Other / Multi-sector
client_04374,UNIVERSITY OF NEW HAMPSHIRE,client,Education & Research
client_04375,CENTER FOR TRANSPORTATION AND THE ENVIRONMENT,client,Transportation & Auto
client_04376,CASCADES CONTAINERBOARD PACKAGING (FKA) NORAMPAC A DIVISION OF CASCADES CANADA,client,Technology & Telecom
client_04377,CRONOS USA CLIENT SERVICES LLC,client,Other / Multi-sector
client_04378,ITSERVE ALLIANCE,client,Other / Multi-sector
client_04379,NOVOZYMES,client,Other / Multi-sector
client_04380,"THE TRANSPORTATION ALLIANCE (FORMERLY TAXICAB, LIMOUSINE & PARATRANSIT ASSN.)",client,Transportation & Auto
client_04381,LAS VEGAS SANDS CORPORATION,client,Energy & Environment
client_04382,"MSI-DEFENSE SYSTEMS US, INC",client,Defense & Aerospace
client_04383,21ST CENTURY PRIVACY COALITION,client,Energy & Environment
client_04384,"ACTION NOW INITIATIVE, LLC (ANI)",client,Other / Multi-sector
client_04385,AGRIBANK FCB,client,Finance & Banking
client_04386,ALABAMA SHIPYARD LLC,client,Other / Multi-sector
client_04387,ALCOA CORPORATION,client,Other / Multi-sector
client_04388,AMYLYX,client,Other / Multi-sector
client_04389,"ATARA BIOTHERAPEUTICS, INC.",client,Other / Multi-sector
client_04390,BOUNCE IMAGING,client,Other / Multi-sector
client_04391,BURNHAM DEVELOPER LLC (ON BEHALF OF AKRIDGE),client,Real Estate & Construction
client_04392,CITY OF CINCINNATI,client,Other / Multi-sector
client_04393,"CITY OF EAST PALO ALTO, CA",client,Other / Multi-sector
client_04394,CLARITEV (FORMERLY MULTIPLAN CORPORATION),client,Other / Multi-sector
client_04395,COREWEAVE,client,Other / Multi-sector
client_04396,"DRISCOLL'S, INC.",client,Other / Multi-sector
client_04397,EDUCATION REFORM NOW ADVOCACY,client,Education & Research
client_04398,EUTELSAT AMERICA CORP.,client,Other / Multi-sector
client_04399,"FORGE GLOBAL, INC.",client,Other / Multi-sector
client_04400,FRESENIUS MEDICAL CARE,client,Healthcare & Pharma
client_04401,GARRISON DIVERSION CONSERVANCY DISTRICT,client,Other / Multi-sector
client_04402,GLOBAL ADVANCED METALS,client,Technology & Telecom
client_04403,GLOBAL ELECTRONICS ASSOCIATION,client,Government & Nonprofit
client_04404,GRID MARKET RESEARCH,client,Education & Research
client_04405,GUNVOR GROUP,client,Other / Multi-sector
client_04406,HARDWOOD FEDERATION,client,Other / Multi-sector
client_04407,"HARMAN INTERNATIONAL INDUSTRIES, INC.",client,Other / Multi-sector
client_04408,HEARTLAND ENERGY (FORMERLY KNOWN AS HEARTLAND CONSUMERS POWER DISTRICT),client,Energy & Environment
client_04409,IPROOV INC.,client,Other / Multi-sector
client_04410,JOBSOHIO,client,Other / Multi-sector
client_04411,KOEHLER OBERKIRCH GMBH F/K/A/ PAPIERFABRIK AUGUST KOEHLER SE,client,Transportation & Auto
client_04412,"LEONARDO DRS, INC. (FKA RADA TECHNOLOGIES LLC)",client,Other / Multi-sector
client_04413,MEDICARE ACCESS TO SKIN SUBSTITUTES COALITION (MASS COALITION) (INFORMAL),client,Energy & Environment
client_04414,"MERCK & COMPANY, INC.",client,Healthcare & Pharma
client_04415,MOTION PICTURE ASSOCIATION (FKA MOTION PICTURE ASSOCIATION OF AMERICA [MPAA]),client,Government & Nonprofit
client_04416,MOTORCYCLE RIDERS FOUNDATION,client,Education & Research
client_04417,MZA ASSOCIATES CORPORATION,client,Other / Multi-sector
client_04418,"NEUROCRINE BIOSCIENCES, INC.",client,Other / Multi-sector
client_04419,"NEXSTAR BROADCASTING GROUP, INC.",client,Other / Multi-sector
client_04420,NUCLEAR CARE PARTNERS,client,Other / Multi-sector
client_04421,OMV AKTIENGESELLSCHAFT,client,Other / Multi-sector
client_04422,PHILADELPHIA REGIONAL PORT AUTHORITY,client,Transportation & Auto
client_04423,POSCO AMERICA,client,Other / Multi-sector
client_04424,"SIEMENS ENERGY, INC.",client,Energy & Environment
client_04425,"SIRIUS XM RADIO, INC",client,Other / Multi-sector
client_04426,SONOMA WATER,client,Other / Multi-sector
client_04427,TRADE ALLIANCE FOR HEALTH,client,Healthcare & Pharma
client_04428,"UNITED AIRLINES, INC.",client,Technology & Telecom
client_04429,"UNITED HEALTHCARE SERVICES, INC.",client,Healthcare & Pharma
client_04430,UNIVERSITY OF VIRGINIA,client,Education & Research
client_04431,VIEW,client,Other / Multi-sector
client_04432,VIKING RIVER CRUISES,client,Other / Multi-sector
client_04433,WAYNE COUNTY AIRPORT AUTHORITY,client,Technology & Telecom
client_04434,WK KELLOGG CO,client,Other / Multi-sector
client_04435,PLANNED PARENTHOOD ACTION FUND INC,client,Other / Multi-sector
client_04436,DOUGLAS COUNTY,client,Other / Multi-sector
client_04437,ARTHROSCOPY ASSOCIATION OF NORTH AMERICA,client,Government & Nonprofit
client_04438,SEPTA,client,Other / Multi-sector
client_04439,VALLEY INTERNATIONAL AIRPORT,client,Technology & Telecom
client_04440,CARBONFUTURE GMBH,client,Energy & Environment
client_04441,THOMAS JEFFERSON UNIVERSITY HOSPITAL,client,Healthcare & Pharma
client_04442,AGILE THERAPEUTICS,client,Other / Multi-sector
client_04443,"SYENSQO FINANCE (AMERICA), LLC (FKA SYENSQO)",client,Other / Multi-sector
client_04444,AMERICAN PUBLIC HEALTH ASSOCIATION,client,Healthcare & Pharma
client_04445,"ALASKA AIRLINES, INC.",client,Technology & Telecom
client_04446,"ELECTRIFY AMERICA, LLC",client,Other / Multi-sector
client_04447,3 PROTON LITHIUM INC.,client,Other / Multi-sector
client_04448,ACADIA HEALTHCARE,client,Healthcare & Pharma
client_04449,ACG ADVOCACY ON BEHALF OF AMERICAN ASSOCIATION OF PUBLISHERS,client,Government & Nonprofit
client_04450,"AIRBNB, INC.",client,Technology & Telecom
client_04451,AIRMAP,client,Technology & Telecom
client_04452,ALLEGHENY COUNTY AIRPORT AUTHORITY,client,Technology & Telecom
client_04453,AMERICAN ASSOCIATION OF COLLEGES OF NURSING,client,Education & Research
client_04454,ANIMAL HEALTH INSTITUTE,client,Healthcare & Pharma
client_04455,ASTRANIS SPACE TECHNOLOGIES CORP.,client,Other / Multi-sector
client_04456,"AVIDITY BIOSCIENCES, INC.",client,Other / Multi-sector
client_04457,CALIFORNIA ASSOCIATION OF SANITATION AGENCIES,client,Government & Nonprofit
client_04458,CARVANA,client,Other / Multi-sector
client_04459,CENTRAL OHIO TRANSIT AUTHORITY,client,Other / Multi-sector
client_04460,CITY UTILITIES OF SPRINGFIELD,client,Other / Multi-sector
client_04461,"CLEAN FUEL ALLIANCE ""FKA NATIONAL BIODIESEL BOARD""",client,Other / Multi-sector
client_04463,CREATIVE SOLUTIONS IN HEALTH CARE,client,Healthcare & Pharma
client_04464,CVS HEALTH (AND SUBSIDIARIES),client,Healthcare & Pharma
client_04465,ECPI UNIVERSITY OF VIRGINIA BEACH VIRGINIA,client,Education & Research
client_04466,EMPOWER RETIREMENT LLC (FKA GREAT-WEST LIFE & ANNUITY INSURANCE COMPANY),client,Energy & Environment
client_04467,"EOS DEFENSE SYSTEMS USA, INC.",client,Defense & Aerospace
client_04468,EUTELSAT NETWORK SOLUTIONS (F/K/A EACOWT),client,Other / Multi-sector
client_04469,FIDELITY NATIONAL INFORMATION SYSTEMS INC AND SUBSIDIARIES,client,Other / Multi-sector
client_04470,FIREKEEPERS DEVELOPMENT AUTHORITY,client,Other / Multi-sector
client_04471,FOUNDATION FOR ADVANCING ALCOHOL RESPONSIBILITY (RESPONSIBILITY.ORG),client,Education & Research
client_04472,"GENESIS HEALTHCARE, LLC",client,Healthcare & Pharma
client_04473,"HA SUSTAINABLE INFRASTRUCTURE CAPITAL, INC. (HASI)",client,Finance & Banking
client_04474,HACKENSACK UNIVERSITY MEDICAL CENTER FOUNDATION,client,Healthcare & Pharma
client_04475,HILLSBOROUGH COUNTY,client,Other / Multi-sector
client_04476,HOSPICE ACTION NETWORK,client,Other / Multi-sector
client_04477,HOSPITAL ASSOCIATION OF PUERTO RICO,client,Healthcare & Pharma
client_04478,INDIVIOR,client,Other / Multi-sector
client_04479,IVANHOE ATLANTIC (FORMERLY HIGH POWER EXPLORATION INC.),client,Energy & Environment
client_04480,"K.P. KAUFFMAN COMPANY, INC.",client,Other / Multi-sector
client_04481,KRUGER INC. AND ITS SUBSIDIARIES,client,Other / Multi-sector
client_04482,LATTICE SEMICONDUCTOR,client,Other / Multi-sector
client_04483,LYCOMING COUNTY,client,Other / Multi-sector
client_04484,MIDWEST CITY MEMORIAL HOSPITAL AUTHORITY,client,Healthcare & Pharma
client_04485,NATIONAL ASSOCIATION OF DISABILITY REPRESENTATIVES,client,Government & Nonprofit
client_04486,NATIONAL ASSOCIATION OF ORDNANCE CONTRACTORS,client,Government & Nonprofit
client_04487,NATIONAL ASSOCIATION OF PROFESSIONAL EMPLOYER ORGANIZATIONS,client,Government & Nonprofit
client_04488,NATIONAL HEAD START ASSOCIATION,client,Government & Nonprofit
client_04489,NATIONAL MINING ASSOCIATION,client,Government & Nonprofit
client_04490,NATIONAL SPACE GRANT ALLIANCE,client,Other / Multi-sector
client_04491,NORTHWEST PUBLIC POWER ASSOCIATION,client,Energy & Environment
client_04492,"NOVO NORDISK, INC.",client,Other / Multi-sector
client_04493,"OCEANS ACQUISITION, INC.",client,Other / Multi-sector
client_04494,PACTIV EVERGREEN INC.,client,Other / Multi-sector
client_04495,PIEDMONT HEALTHCARE,client,Healthcare & Pharma
client_04496,PUERTO RICO HOUSE OF REPRESENTATIVES,client,Other / Multi-sector
client_04497,REPO ALLIANCE INC. (FKA AMERICAN RECOVERY ASSOCIATION),client,Government & Nonprofit
client_04498,SACRAMENTO AREA FLOOD CONTROL AGENCY (SAFCA),client,Government & Nonprofit
client_04499,SACRAMENTO AREA FLOOD CONTROL AGENCY,client,Government & Nonprofit
client_04500,SEMICONDUCTOR TECHNOLOGY LEADERSHIP COUNCIL,client,Technology & Telecom
client_04501,"SL 2T, LLC (""SMARTLABS"")",client,Other / Multi-sector
client_04502,SNCF AMERICA INC,client,Other / Multi-sector
client_04503,ST. JUDE CHILDREN'S RESEARCH HOSPITAL,client,Healthcare & Pharma
client_04504,STATE UNIVERSITY SYSTEM OF FLORIDA,client,Education & Research
client_04505,TEXAS CHILDREN'S HOSPITAL,client,Healthcare & Pharma
client_04506,THE ROGOSIN INSTITUTE,client,Education & Research
client_04507,THE VILLAGE OF OSWEGO,client,Other / Multi-sector
client_04508,"TOWING & RECOVERY ASSOCIATION OF AMERICA, INC.",client,Government & Nonprofit
client_04509,"VIEW, INC.",client,Other / Multi-sector
client_04510,"WAYNE FARMS, LLC",client,Agriculture & Food
client_04511,"WHOOP, INC.",client,Other / Multi-sector
client_04512,WILLIAMSPORT MUNICIPAL WATER AUTHORITY-WILLIAMSPORT SANITARY AUTHORITY,client,Transportation & Auto
client_04514,MERIDIAN MEDICAL TECHNOLOGIES,client,Healthcare & Pharma
client_04515,BIFMA,client,Other / Multi-sector
client_04516,PUBLIC KNOWLEDGE,client,Other / Multi-sector
client_04517,GRANT COUNTY PUBLIC UTILITY DISTRICT,client,Other / Multi-sector
client_04518,DIRECT PRIMARY CARE COALITION,client,Energy & Environment
client_04520,"ASTRANIS SPACE TECHNOLOGIES, INC.",client,Other / Multi-sector
client_04521,DOYON LTD,client,Other / Multi-sector
client_04522,JUST TRANSITION FUND,client,Other / Multi-sector
client_04523,"SMITH & WESSON BRANDS, INC.",client,Other / Multi-sector
client_04524,MISSOURI RIVER ENERGY SERVICES,client,Energy & Environment
client_04525,TULE RIVER TRIBE,client,Other / Multi-sector
client_04526,KOHLER CO.,client,Other / Multi-sector
client_04527,PORT OF PORT ARTHUR,client,Transportation & Auto
client_04528,STATE FARM INSURANCE COMPANY,client,Agriculture & Food
client_04529,1890 UNIVERSITIES FOUNDATION,client,Education & Research
client_04530,340B WORKING TABLE,client,Other / Multi-sector
client_04531,3D SYSTEMS CORPORATION,client,Other / Multi-sector
client_04533,ALASKA FEDERATION OF NATIVES,client,Other / Multi-sector
client_04535,AMERICAN ORGANIZATION FOR NURSING LEADERSHIP FORMERLY AMERICAN ORGANIZATION FOR,client,Other / Multi-sector
client_04536,AMERICAN SAMOA,client,Other / Multi-sector
client_04537,AMERISOURCE BERGEN,client,Other / Multi-sector
client_04538,ASSOCIATION OF FLIGHT ATTENDANTS-CWA,client,Government & Nonprofit
client_04539,BLACKSTONE,client,Other / Multi-sector
client_04540,BUSINESS COUNCIL FOR SUSTAINABLE ENERGY,client,Energy & Environment
client_04541,CAPITAL METROPOLITAN TRANSPORTATION AUTHORITY,client,Finance & Banking
client_04542,CARESOURCE MANAGEMENT SERVICES CO.,client,Other / Multi-sector
client_04543,"CARESTREAM HEALTH, INC.",client,Healthcare & Pharma
client_04544,CENTRUS ENERGY CORP. (FORMERLY KNOWN AS USEC INC.),client,Energy & Environment
client_04545,CITIGROUP MANAGEMENT CORP.,client,Finance & Banking
client_04546,CITY OF GRESHAM,client,Other / Multi-sector
client_04547,"CITY OF KANSAS CITY, MISSOURI",client,Other / Multi-sector
client_04548,COSTAR GROUP,client,Other / Multi-sector
client_04549,"DOOSAN BOBCAT NORTH AMERICA, INC.",client,Other / Multi-sector
client_04550,DOUBLEVERIFY INC.,client,Other / Multi-sector
client_04551,EDP RENEWABLES NORTH AMERICA LLC,client,Energy & Environment
client_04552,EDWARD JONES,client,Other / Multi-sector
client_04553,ERNST & YOUNG U.S. LLP (EY),client,Legal & Lobbying
client_04554,FLIGHTSAFETY INTERNATIONAL INC.,client,Other / Multi-sector
client_04555,GENERAL ELECTRIC COMPANY (PREVIOUSLY REPORTED AS GE AVIATION),client,Energy & Environment
client_04556,GREYSCAN AUSTRALIA PTY LTD.,client,Other / Multi-sector
client_04557,HAMILTON COUNTY,client,Other / Multi-sector
client_04558,HEALTH CARE SERVICE CORPORATION,client,Healthcare & Pharma
client_04559,HIV MEDICINE ASSOCIATION,client,Government & Nonprofit
client_04560,INTELSAT GENERAL,client,Other / Multi-sector
client_04561,INTERNATIONAL PAPER,client,Other / Multi-sector
client_04562,JAPAN SECURITIES CLEARING CORPORATION,client,Finance & Banking
client_04563,MORTGAGE BANKERS ASSOCIATION,client,Finance & Banking
client_04564,NMAC (ON BEHALF OF THE HIV/STD PARTNERSHIP),client,Other / Multi-sector
client_04565,OPTION CARE HEALTH,client,Healthcare & Pharma
client_04566,OSAGE CASINOS,client,Other / Multi-sector
client_04567,OVINTIV INC.,client,Other / Multi-sector
client_04568,"PRESERVATION TECHNOLOGIES, L.P.",client,Other / Multi-sector
client_04569,PRYSMIAN GROUP,client,Other / Multi-sector
client_04570,"SAFE BOATS INTERNATIONAL, LLC",client,Other / Multi-sector
client_04571,SEABOARD CORPORATION,client,Other / Multi-sector
client_04572,SENTURE LLC,client,Other / Multi-sector
client_04573,TANANA CHIEFS CONFERENCE,client,Other / Multi-sector
client_04574,"THE REALREAL, INC.",client,Other / Multi-sector
client_04575,TSMC ARIZONA,client,Other / Multi-sector
client_04576,UNIVERSITY OF SOUTHERN CALIFORNIA,client,Education & Research
client_04577,"VANNEVAR LABS, INC.",client,Other / Multi-sector
client_04578,VERTEX PHARMACEUTICALS INCORPORATED,client,Healthcare & Pharma
client_04579,"VOLKSWAGEN GROUP OF AMERICA, INC.",client,Other / Multi-sector
client_04580,WESTERN DIGITAL CORPORATION,client,Technology & Telecom
client_04582,X-BOW LAUNCH SYSTEMS,client,Other / Multi-sector
client_04583,SMARTER HEALTH CARE COALITION,client,Healthcare & Pharma
client_04584,PRIME THERAPEUTICS,client,Other / Multi-sector
client_04585,SOCIETY FOR CARDIOVASCULAR ANGIOGRAPHY AND INTERVENTIONS,client,Other / Multi-sector
client_04587,MODIVCARE SOLUTIONS (FORMERLY LOGISTICARE SOLUTIONS),client,Other / Multi-sector
client_04588,CITY OF EMERYVILLE,client,Other / Multi-sector
client_04589,EQUITABLE (FORMERLY AXA FINANCIAL),client,Finance & Banking
client_04590,MORTGAGE RESEARCH CENTER LLC AKA VETERANS UNITED (THROUGH ROBERT ZIMMER),client,Education & Research
client_04591,SANTA ANA PUBLIC WORKS,client,Other / Multi-sector
client_04592,STEPTOE LLP (FKA STEPTOE & JOHNSON LLP),client,Legal & Lobbying
client_04593,TEIJIN ARAMID USA INC,client,Other / Multi-sector
client_04594,THE HEALTHCARE LEADERSHIP COUNCIL,client,Healthcare & Pharma
client_04595,UTAH TRANSIT AUTHORITY,client,Other / Multi-sector
client_04596,ENERGETICS TECHNOLOGY CENTER,client,Technology & Telecom
client_04597,NATIONAL COMMITTEE TO PRESERVE SOCIAL SECURITY AND MEDICARE,client,Defense & Aerospace
client_04598,PARTNERSHIP FOR PART D,client,Other / Multi-sector
client_04599,ALLEN INSTITUTE,client,Education & Research
client_04600,ALLIANCE FOR SHARED VALUES,client,Other / Multi-sector
client_04601,AMERICAN NETWORK OF COMMUNITY OPTIONS AND RESOURCES (ANCOR),client,Other / Multi-sector
client_04602,ARKEMA INC.,client,Other / Multi-sector
client_04603,ASSOCIATION OF ACCESSIBLE MEDICINES,client,Government & Nonprofit
client_04604,"ATLAS POWER HOLDINGS, LLC",client,Energy & Environment
client_04605,BEEF ALLIANCE,client,Other / Multi-sector
client_04606,BOARD OF REGENTS OF THE UNIVERSITY OF OKLAHOMA,client,Education & Research
client_04607,"CHIME FINANCIAL, INC.",client,Finance & Banking
client_04608,COCONINO COUNTY,client,Other / Multi-sector
client_04609,COLUMBUS STATE UNIVERSITY,client,Education & Research
client_04610,COMMERCIAL DRONE ALLIANCE,client,Other / Multi-sector
client_04611,COMMONWEALTH FUSION SYSTEMS LLC,client,Other / Multi-sector
client_04612,CURIO WELLNESS,client,Other / Multi-sector
client_04613,EMPLOYERS COUNCIL ON FLEXIBLE COMPENSATION,client,Other / Multi-sector
client_04614,"EXPEDIA, INC.",client,Other / Multi-sector
client_04615,FISTA DEVELOPMENT TRUST AUTHORITY,client,Other / Multi-sector
client_04616,"FLETCHER GROUP, INC.",client,Other / Multi-sector
client_04617,FOX VALLEY TECHNICAL COLLEGE,client,Education & Research
client_04618,GKN AEROSPACE,client,Defense & Aerospace
client_04619,GLAXOSMITHKLINE LLC,client,Other / Multi-sector
client_04620,"GLOBE SPECIALTY METALS, INC.",client,Technology & Telecom
client_04621,INTERNATIONAL COUNCIL OF SHOPPING CENTERS,client,Other / Multi-sector
client_04622,JAB HOLDING COMPANY,client,Other / Multi-sector
client_04623,KIRKLAND & ELLIS LLP,client,Legal & Lobbying
client_04624,"KREINDLER & KREINDLER (FOR CERTAIN PLAINTIFFS IN ""9/11"" LITIGATION)",client,Technology & Telecom
client_04626,LAKE CHARLES HARBOR & TERMINAL DISTRICT,client,Other / Multi-sector
client_04627,LOEWS HOTELS HOLDING CORPORATION,client,Other / Multi-sector
client_04628,LUPUS RESEARCH ALLIANCE,client,Education & Research
client_04629,"MAERSK LINE, LIMITED",client,Other / Multi-sector
client_04630,MALLINCKRODT LLC,client,Other / Multi-sector
client_04631,NATIONAL AMERICAN INDIAN HOUSING COUNCIL,client,Real Estate & Construction
client_04632,NATIONAL FUNERAL DIRECTORS ASSOCIATION,client,Government & Nonprofit
client_04633,"NATIONAL ORGANIC COALITION, INC FKA ""RURAL ADVANCEMENT FOUNDATION INTERN...""",client,Energy & Environment
client_04634,"NOBLE SUPPLY & LOGISTICS, LLC",client,Other / Multi-sector
client_04635,OCHSNER CLINIC FOUNDATION DBA OCHSNER HEALTH,client,Healthcare & Pharma
client_04636,PEOPLE-TEC,client,Other / Multi-sector
client_04637,PHEASANTS FOREVER INC,client,Other / Multi-sector
client_04638,PUTNAM INVESTMENTS,client,Finance & Banking
client_04639,QUINTILLION,client,Other / Multi-sector
client_04640,REGIONAL ONE HEALTH,client,Healthcare & Pharma
client_04641,"SKYWORKS SOLUTIONS, INC.",client,Other / Multi-sector
client_04642,SOLIS MAMMOGRAPHY,client,Other / Multi-sector
client_04643,TRANSAMERICA COMPANIES,client,Other / Multi-sector
client_04644,UNIVERSITY OF TOLEDO,client,Education & Research
client_04645,U.S. JUSTICE ACTION NETWORK AND FIX FORFEITURE,client,Other / Multi-sector
client_04646,"WASTE MANAGEMENT, INC.",client,Other / Multi-sector
client_04648,ZERO EMISSION TRANSPORTATION ASSOCIATION (ZETA),client,Transportation & Auto
client_04649,"ZEROEYES, INC.",client,Other / Multi-sector
client_04650,"ZEROFOX, INC.",client,Other / Multi-sector
client_04651,BENETECH INITIATIVE,client,Other / Multi-sector
client_04652,THE ALS ASSOCIATION,client,Government & Nonprofit
client_04653,"HEALTHPEAK PROPERTIES, INC. FKA PHYSICIANS REALTY TRUST",client,Healthcare & Pharma
client_04654,NCTA - THE INTERNET AND TELEVISION ASSOCIATION,client,Government & Nonprofit
client_04655,PIEDMONT MUNICIPAL POWER AGENCY,client,Energy & Environment
client_04656,DISTRICT HOSPITAL LEADERSHIP FORUM,client,Healthcare & Pharma
client_04657,CREDIT.COM (FORMERLY KNOWN AS PROGREXION ASG),client,Other / Multi-sector
client_04658,ENCHANT ENERGY CORPORATION,client,Energy & Environment
client_04659,AMERICAN SOCIETY FOR GASTROINTESTINAL ENDOSCOPY,client,Energy & Environment
client_04660,BAYLOR SCOTT AND WHITE HEALTH -- FORMERLY BAYLOR HEALTH CARE SYSTEM,client,Healthcare & Pharma
client_04661,NATIONAL TRUST COMMUNITY INVESTMENT CORPORATION,client,Finance & Banking
client_04662,PORT OF BEAUMONT,client,Transportation & Auto
client_04663,AAPAN,client,Other / Multi-sector
client_04664,"AEVEX AEROSPACE, LLC",client,Defense & Aerospace
client_04665,ALABAMA STATE PORT AUTHORITY,client,Transportation & Auto
client_04666,AMERICAN ASSOCIATION OF COLLEGES OF OSTEOPATHIC MEDICINE,client,Education & Research
client_04667,AMERICAN AUTOMOTIVE LEASING ASSOCIATION,client,Transportation & Auto
client_04668,AMERICAN BRAIN COALITION,client,Energy & Environment
client_04669,AMERICAN FEED INDUSTRY ASSOCIATION (AFIA),client,Government & Nonprofit
client_04670,BUHLER QUALITY YARNS CORPORATION,client,Other / Multi-sector
client_04671,CAREQUEST INSTITUTE FOR ORAL HEALTH (F/K/A CATALYST INSTITUTE),client,Healthcare & Pharma
client_04672,CBC MORTGAGE AGENCY,client,Government & Nonprofit
client_04673,CEMEX INC,client,Other / Multi-sector
client_04674,CHAMBER OF PROGRESS,client,Other / Multi-sector
client_04675,"CHURCHILL DOWNS, INCORPORATED",client,Other / Multi-sector
client_04676,CITY OF ST GEORGE,client,Other / Multi-sector
client_04677,CONVENIENCE DISTRIBUTION ASSOCIATION,client,Government & Nonprofit
client_04678,"COX ENTERPRISES, INC.",client,Other / Multi-sector
client_04679,CRRC SIFANG AMERICA INCORPORATED,client,Other / Multi-sector
client_04680,DELTA OFFSHORE ENERGY AMERICA'S LLC,client,Energy & Environment
client_04681,DESERT WATER AGENCY,client,Government & Nonprofit
client_04682,EYECARE PARTNERS LLC,client,Other / Multi-sector
client_04683,GCI HOLDINGS LLC,client,Other / Multi-sector
client_04684,GEORGE MASON UNIVERSITY,client,Education & Research
client_04685,GRUBHUB HOLDINGS INC.,client,Other / Multi-sector
client_04686,H-E-B,client,Other / Multi-sector
client_04687,HEALTHCARE BUSINESS & MANAGEMENT ASSOC (FKA HEALTHCARE BILLING & MGMT),client,Healthcare & Pharma
client_04688,HERO HOMES,client,Other / Multi-sector
client_04689,INNOVATIVE VACCINE TECHNOLOGIES,client,Other / Multi-sector
client_04690,"INTEGRA CONNECT, LLC",client,Other / Multi-sector
client_04691,IRISH DISTILLERS,client,Other / Multi-sector
client_04692,JACKSONVILLE AVIATION AUTHORITY,client,Transportation & Auto
client_04693,KOLMAR AMERICAS INC.,client,Other / Multi-sector
client_04694,LAS VEGAS SANDS,client,Energy & Environment
client_04695,LIGGETT VECTOR BRANDS LLC,client,Other / Multi-sector
client_04696,LOS ANGELES WORLD AIRPORTS (LAWA),client,Technology & Telecom
client_04697,NATIONAL IMMIGRATION FORUM ACTION (FKA AMERICA IS BETTER),client,Other / Multi-sector
client_04698,PARK CITY UTAH,client,Other / Multi-sector
client_04699,PARTNER THERAPEUTICS,client,Other / Multi-sector
client_04700,PUERTO RICO DEPARTMENT OF HEALTH,client,Healthcare & Pharma
client_04701,PUTALA STRATEGIES LLC (ON BEHALF OF PARTNER THERAPEUTICS),client,Legal & Lobbying
client_04702,"REMITLY, INC.",client,Other / Multi-sector
client_04703,RESEARCH SOCIETY ON ALCOHOL (FORMERLY KNOWNS AS RESEARCH SOCIETY ON ALCOHOLISM),client,Education & Research
client_04704,ROCHE DIAGNOSTICS,client,Other / Multi-sector
client_04705,STANFORD UNIVERSITY,client,Transportation & Auto
client_04706,TOWNES 5G LLC,client,Other / Multi-sector
client_04707,UNITED FOR PATENT REFORM,client,Other / Multi-sector
client_04708,VANTEO (FORMERLY KNOWN AS BDV SOLUTIONS),client,Other / Multi-sector
client_04709,VIRGINIA HOSPITAL & HEALTHCARE ASSOCIATION,client,Healthcare & Pharma
client_04711,W R GRACE,client,Other / Multi-sector
client_04712,"WASTE CONTROL SPECIALISTS, LLC",client,Other / Multi-sector
client_04713,WATER REPLENISHMENT DISTRICT OF SOUTHERN CALIFORNIA,client,Other / Multi-sector
client_04714,WEDGEWOOD PHARMACY LLC,client,Healthcare & Pharma
client_04715,"YOUNG ADULT INSTITUTE, INC.",client,Education & Research
client_04716,ARKANSAS FARM BUREAU FEDERATION,client,Agriculture & Food
client_04717,CONSUMER TECHNOLOGY ASSOCIATION (FKA CONSUMER ELECTRONICS ASSOCIATION (CEA)),client,Technology & Telecom
client_04718,ACTORS' EQUITY,client,Other / Multi-sector
client_04719,LEXINGTON LAW,client,Other / Multi-sector
client_04720,PETROLEUM MARKETERS ASSOCIATION OF AMERICA,client,Energy & Environment
client_04721,STATE FEDERAL STRATEGIES ON BEHALF OF TC ENERGY,client,Energy & Environment
client_04722,CITY OF LAGUNA BEACH,client,Other / Multi-sector
client_04723,A16Z CAPITAL MANAGEMENT LLC,client,Finance & Banking
client_04724,ADVANCED FUNCTIONAL FABRICS OF AMERICA,client,Other / Multi-sector
client_04725,"AMERICAN BUS ASSOCIATION, INC.",client,Government & Nonprofit
client_04726,AMERICAN NURSES ASSOCIATION,client,Government & Nonprofit
client_04727,APPLIED DIGITAL,client,Technology & Telecom
client_04728,ARGENTUM,client,Other / Multi-sector
client_04729,ASSOCIATION FOR MATERIALS PROTECTION AND PERFORMANCE (FORMERLY NACE INT.),client,Government & Nonprofit
client_04730,ASSOCIATION OF SCHOOLS AND PROGRAMS OF PUBLIC HEALTH,client,Healthcare & Pharma
client_04731,AVEDA INSTITUTE COALITION (INFORMAL COALITION),client,Energy & Environment
client_04732,BIOSTAR MEDICAL LLC,client,Healthcare & Pharma
client_04733,BOWERY FARMING INC.,client,Agriculture & Food
client_04734,CARPET & RUG INSTITUTE,client,Education & Research
client_04735,"CASTLE HARLAN, INC.",client,Other / Multi-sector
client_04736,CATALYST PHARMACEUTICALS,client,Healthcare & Pharma
client_04737,CENTER FOR HUMANE TECHNOLOGY,client,Technology & Telecom
client_04738,CHEVRON CORP.,client,Other / Multi-sector
client_04739,"CIGAR ASSOCIATION OF AMERICA, INC.",client,Government & Nonprofit
client_04740,CITY OF DETROIT,client,Other / Multi-sector
client_04741,"CITY OF EVERETT, WA",client,Other / Multi-sector
client_04742,"CITY OF KNOXVILLE, TENNESSEE",client,Other / Multi-sector
client_04743,"CONSOLIDATED METCO, INC.",client,Other / Multi-sector
client_04744,COORSTEK INC,client,Other / Multi-sector
client_04745,CUSTOMIZED LOGISTICS & DELIVERY ASSN. (FORMERLY MESSENGER COURIER ASSOCIATION),client,Government & Nonprofit
client_04746,DE BEERS UK LIMITED (DBUK),client,Other / Multi-sector
client_04747,DIRECTV,client,Other / Multi-sector
client_04748,DYNCORP INTERNATIONAL LLC,client,Other / Multi-sector
client_04749,"FASKEN OIL AND RANCH, LTD.",client,Energy & Environment
client_04750,FEDERAL HOME LOAN BANK OF DES MOINES (FORMERLY KNOWN AS SEATTLE/DES MOINES),client,Finance & Banking
client_04751,GECKO ROBOTICS,client,Other / Multi-sector
client_04752,GOLDEN PASS LNG TERMINAL LLC (FORMERLY KNOWN AS GOLDEN PASS PRODUCTS LLC),client,Other / Multi-sector
client_04753,GRAND CANYON UNIVERSITY,client,Education & Research
client_04754,HOSPITALS FOR ACCOUNTABILITY THROUGH JUDICIAL REVIEW,client,Healthcare & Pharma
client_04755,"HOWELL LABORATORIES, INC.",client,Other / Multi-sector
client_04756,INFINERA CORPORATION,client,Other / Multi-sector
client_04758,INTERSYSTEMS,client,Other / Multi-sector
client_04759,KAREN BACARDI,client,Other / Multi-sector
client_04760,LIFESHARE TRANSPLANT DONOR SERVICES OF OKLAHOMA,client,Other / Multi-sector
client_04761,LOUISIANA MID-CONTINENT OIL AND GAS ASSOCIATION (LMOGA),client,Energy & Environment
client_04762,"MEDICAL FACULTY ASSOCIATES, INC.",client,Healthcare & Pharma
client_04763,MIRABELLA SG SPA,client,Other / Multi-sector
client_04764,"MOTOROLA SOLUTIONS, INC.",client,Other / Multi-sector
client_04765,MSGN HOLDINGS L.P.,client,Other / Multi-sector
client_04766,"MT PHARMA AMERICA, INC.",client,Healthcare & Pharma
client_04767,NATIONAL ASSOCIATION FOR STOCK CAR AUTO RACING,client,Transportation & Auto
client_04768,NATIONAL CENTER FOR DEFENSE MANUFACTURING & MACHINING,client,Defense & Aerospace
client_04769,"NAVIGATE AFFORDABLE HOUSING PARTNERS, INC.",client,Transportation & Auto
client_04770,NORTH AMERICAN DIE CASTING ASSOCIATION,client,Government & Nonprofit
client_04771,NORTHROP GRUMMAN SYSTEMS CORPORATION,client,Defense & Aerospace
client_04772,NORTHWEST RIVERPARTNERS,client,Other / Multi-sector
client_04773,NUCLEAR DEVELOPMENT LLC,client,Other / Multi-sector
client_04774,PENINSULA CORRIDOR JOINT POWERS BOARD,client,Energy & Environment
client_04775,"POLARIS INDUSTRIES, INC.",client,Other / Multi-sector
client_04776,PRINTED CIRCUIT BOARD ASSOCIATION OF AMERICA,client,Government & Nonprofit
client_04777,PSGC (PRAIRIE STATE GENERATING COMPANY),client,Technology & Telecom
client_04778,"REVELLE AESTHETICS, INC.",client,Other / Multi-sector
client_04779,RIVERBRIDGE SPECIALTY HOSPITAL,client,Healthcare & Pharma
client_04780,"SAMUMED, LLC",client,Other / Multi-sector
client_04781,SAREPTA THERAPEUTICS,client,Other / Multi-sector
client_04782,SEATTLE ARENA COMPANY,client,Other / Multi-sector
client_04783,SEQIRUS USA INC,client,Other / Multi-sector
client_04784,SIMPLOT CO. J.R.,client,Other / Multi-sector
client_04785,"TAPESTRY, INC.",client,Other / Multi-sector
client_04786,THE ASHCROFT LAW FIRM (ON BEHALF OF BASSEM AWADALLAH),client,Legal & Lobbying
client_04787,THE NATIONAL WILDLIFE FEDERATION ACTION FUND,client,Other / Multi-sector
client_04788,ULSE INC. D/B/A UL STANDARDS & ENGAGEMENT,client,Other / Multi-sector
client_04789,UNIPER GLOBAL COMMODITIES NORTH AMERICA LLC,client,Other / Multi-sector
client_04790,"VALNEVA USA, INC.",client,Other / Multi-sector
client_04791,"VERIZON COMMUNICATIONS, INC.",client,Other / Multi-sector
client_04792,VERIZON,client,Other / Multi-sector
client_04793,"VIA TRANSPORTATION, INC.",client,Transportation & Auto
client_04794,"VILLAGE OF PLAINFIELD, IL",client,Technology & Telecom
client_04795,VILLANOVA UNIVERSITY,client,Education & Research
client_04796,VIRTU FINANCIAL,client,Finance & Banking
client_04797,WALMART INC.,client,Other / Multi-sector
client_04798,WESTCOR LAND TITLE INSURANCE COMPANY,client,Other / Multi-sector
client_04799,"WILD LANDSCAPES, INC.",client,Other / Multi-sector
client_04800,ZAI LAB (US) LLC,client,Technology & Telecom
client_04801,CENTRAL ROMANA CORPORATION,client,Other / Multi-sector
client_04802,NAVY LEAGUE OF THE UNITED STATES,client,Other / Multi-sector
client_04803,TDS TELECOMMUNICATIONS CORPORATION,client,Technology & Telecom
client_04804,ECOSYSTEM INVESTMENT PARTNERS,client,Finance & Banking
client_04805,FIRST COMMAND FINANCIAL SERVICES,client,Finance & Banking
client_04806,"GEOOPTICS, INC.",client,Other / Multi-sector
client_04807,HUSCH BLACKWELL LLP ON BEHALF OF MONARCH-CHESTERFIELD LEVEE DISTRICT,client,Legal & Lobbying
client_04808,ALZHEIMER'S FOUNDATION OF AMERICA,client,Education & Research
client_04809,COUNTY OF SANTA BARBARA,client,Other / Multi-sector
client_04810,HACKENSACK UNIVERSITY HEALTH NETWORK,client,Healthcare & Pharma
client_04811,LAS VIRGENES-TRIUNFO JOINT POWERS AUTHORITY,client,Energy & Environment
client_04812,GILBERT HYATT,client,Other / Multi-sector
client_04813,THE SENTENCING PROJECT,client,Other / Multi-sector
client_04814,202 GROUP BLUEVOYANT FEDERAL,client,Government & Nonprofit
client_04815,ABILENE CHRISTIAN UNIVERSITY,client,Education & Research
client_04816,AERION CORPORATION,client,Other / Multi-sector
client_04817,ALARM.COM,client,Other / Multi-sector
client_04818,AMERESCO,client,Other / Multi-sector
client_04819,AMERICAN ASSOCIATION OF TEACHING HEALTH CENTERS,client,Healthcare & Pharma
client_04820,ATLANTIC DIVING SUPPLY INC. (ADS INC.),client,Other / Multi-sector
client_04821,BARCLAYS US GPF INC.,client,Other / Multi-sector
client_04823,CEDRUS BANK,client,Finance & Banking
client_04824,COMMITTEE OF ANNUITY INSURERS,client,Other / Multi-sector
client_04825,CROPLIFE AMERICA,client,Other / Multi-sector
client_04826,CRYSTALLEX,client,Other / Multi-sector
client_04827,DALRADIAN USA,client,Other / Multi-sector
client_04828,DE BEERS PLC,client,Other / Multi-sector
client_04829,DREW COMPANY,client,Other / Multi-sector
client_04830,ELION PARTNERS,client,Other / Multi-sector
client_04831,ENTRUST TECHNOLOGIES,client,Other / Multi-sector
client_04832,EVERGLADES UNIVERSITY,client,Education & Research
client_04833,FIRST FIVE ACTION FUND,client,Other / Multi-sector
client_04834,GAVI ALLIANCE (FORMERLY KNOWN AS THE GAVI FUND),client,Other / Multi-sector
client_04835,GOLDEN PASS LNG TERMINAL LLC - FKA - GOLDEN PASS PRODUCTS LLC,client,Other / Multi-sector
client_04836,"HILLWOOD, FKA ALLIANCE AIR SERVICES",client,Technology & Telecom
client_04837,KENNEDY KRIEGER INSTITUTE,client,Education & Research
client_04838,LIVANOVA USA,client,Other / Multi-sector
client_04839,MARION COUNTY OREGON,client,Other / Multi-sector
client_04840,MEALS ON WHEELS AMERICA,client,Other / Multi-sector
client_04841,"MERCK & CO., INC.",client,Healthcare & Pharma
client_04842,MLA ASSOCIATES ON BEHALF OF CLARK STREET ASSOCIATES LLC ON BEHALF OF QORVO,client,Other / Multi-sector
client_04843,MONTEREY BAY AQUARIUM,client,Other / Multi-sector
client_04844,NATIONAL RAILROAD CONSTRUCTION AND MAINTENANCE ASSOCIATION,client,Technology & Telecom
client_04845,ORSTED OFFSHORE NORTH AMERICA,client,Other / Multi-sector
client_04846,PAYMENTS LEADERSHIP COUNCIL,client,Other / Multi-sector
client_04847,"PORSCHE CARS NORTH AMERICA, INC.",client,Other / Multi-sector
client_04848,PRIMEX FAMILY OF COMPANIES,client,Other / Multi-sector
client_04849,"RECYCLED MATERIALS ASSOCIATION FKA INSTITUTE OF SCRAP RECYCLING INDUSTRIES, INC",client,Education & Research
client_04850,SENTRY DATA SYSTEMS,client,Technology & Telecom
client_04851,TENNECO INC,client,Other / Multi-sector
client_04852,"THE WILLIAMS COMPANIES, INC.",client,Other / Multi-sector
client_04853,TRIDEUM CORPORATION,client,Other / Multi-sector
client_04854,"UPSIDE FOODS (FKA MEMPHIS MEATS, INC.)",client,Agriculture & Food
client_04855,URAC,client,Other / Multi-sector
client_04856,"VANTAGEKNIGHT, INC. ON BEHALF OF CITGO PETROLEUM CORPORATION",client,Energy & Environment
client_04857,WASTE MANAGEMENT,client,Other / Multi-sector
client_04858,TA AHERN CONTRACTORS CORP.,client,Other / Multi-sector
client_04859,BRENNAN CENTER FOR JUSTICE AT NEW YORK UNIVERSITY SCHOOL OF LAW,client,Education & Research
client_04860,"GREAT AMERICAN OUTDOORS GROUP, LLC",client,Other / Multi-sector
client_04861,OWL ROCK CAPITAL PARTNERS,client,Finance & Banking
client_04862,RAYTHEON COMPANY,client,Defense & Aerospace
client_04863,WORCESTER POLYTECHNIC INSTITUTE (WPI),client,Education & Research
client_04864,TACOMA WASHINGTON,client,Other / Multi-sector
client_04865,RAPE ABUSE & INCEST NATIONAL NETWORK,client,Other / Multi-sector
client_04866,"CROSS SOUND FERRY SERVICES, INC.",client,Other / Multi-sector
client_04867,CORPORACION INTERNACIONAL CEMCAL,client,Other / Multi-sector
client_04868,GPS INNOVATION ALLIANCE,client,Other / Multi-sector
client_04869,AMERICAN SOCIETY OF TROPICAL MEDICINE AND HYGIENE,client,Other / Multi-sector
client_04870,ARIEL INVESTMENTS,client,Finance & Banking
client_04871,ASCENSUS,client,Other / Multi-sector
client_04872,ATRIUM,client,Other / Multi-sector
client_04873,BOONE AND CROCKETT CLUB,client,Other / Multi-sector
client_04874,CATFISH FARMERS OF AMERICA,client,Agriculture & Food
client_04875,CCIA (CONSUMER CREDIT INDUSTRY ASSOCIATION),client,Government & Nonprofit
client_04876,CEPHEID,client,Other / Multi-sector
client_04877,"CITY OF ALAMEDA, CALIFORNIA",client,Other / Multi-sector
client_04878,CLIMEWORKS CORPORATION,client,Other / Multi-sector
client_04879,COALITION FOR AMERICAN INSURANCE,client,Energy & Environment
client_04880,COALITION FOR CLIMATE SMART AGRICULTURE FKA SUSTAINABLE SUPPLY CHAIN COALITION,client,Energy & Environment
client_04881,"COAST PROFESSIONAL, INC.",client,Other / Multi-sector
client_04882,CORFIN HOLDINGS INC. DBA MICROSS,client,Other / Multi-sector
client_04883,CURRAX PHARMACEUTICALS LLC,client,Healthcare & Pharma
client_04884,DOMINICAN SUGAR INDUSTRY COALITION,client,Energy & Environment
client_04885,"ENGIE NORTH AMERICA, INC.",client,Other / Multi-sector
client_04886,EPC POWER,client,Energy & Environment
client_04887,"FINANCIAL INDUSTRY REGULATORY AUTHORITY (""FINRA"", FORMERLY NASD)",client,Finance & Banking
client_04888,FREEDOM HOLDING CORP,client,Other / Multi-sector
client_04889,GHGSAT INC.,client,Other / Multi-sector
client_04890,INTERNATIONAL CHAMBER OF COMMERCE,client,Other / Multi-sector
client_04891,"JACKSON HEWITT, INC.",client,Other / Multi-sector
client_04892,JUVARE,client,Other / Multi-sector
client_04893,LANDRY'S,client,Other / Multi-sector
client_04894,"LG CHEM, LTD.",client,Other / Multi-sector
client_04895,"LOCKE LORD LLP (ON BEHALF OF LINCOLN MILITARY HOUSING, LLC)",client,Defense & Aerospace
client_04896,MAUREL & PROM,client,Other / Multi-sector
client_04897,"MCS HEALTHCARE HOLDINGS, LLC",client,Healthcare & Pharma
client_04898,MESSER FINANCIAL GROUP,client,Finance & Banking
client_04899,METAL SHARK BOATS,client,Technology & Telecom
client_04900,NAHIGIAN STRATEGIES ON BEHALF OF CLARIOS,client,Legal & Lobbying
client_04901,NEWS CORPORATION,client,Other / Multi-sector
client_04902,"NISSAN NORTH AMERICA, INC.",client,Other / Multi-sector
client_04903,NORTH DAKOTA GRAIN GROWERS ASSOCIATION,client,Technology & Telecom
client_04904,NYDIG,client,Other / Multi-sector
client_04905,ORANO USA LLC,client,Other / Multi-sector
client_04906,PEC INC.,client,Other / Multi-sector
client_04907,PSEG,client,Other / Multi-sector
client_04908,"RACKSPACE US, INC.",client,Other / Multi-sector
client_04909,REFLEXION MEDICAL,client,Healthcare & Pharma
client_04910,"REPUBLIC AIRLINES, INC.",client,Technology & Telecom
client_04911,RI INTERNATIONAL,client,Other / Multi-sector
client_04912,ROLLS-ROYCE NORTH AMERICA,client,Other / Multi-sector
client_04913,SEACORP,client,Other / Multi-sector
client_04914,SERRALLES DISTILLERY,client,Other / Multi-sector
client_04915,"SERVICENOW, INC.",client,Other / Multi-sector
client_04916,SIGNIFY LIGHTING NORTH AMERICA CORPORATION,client,Other / Multi-sector
client_04917,THE COLLEGE AND UNIVERSITY PROFESSIONAL ASSOCIATION FOR HUMAN RESOURCES,client,Education & Research
client_04918,U.S. BEET SUGAR ASSOCIATION (USBSA),client,Government & Nonprofit
client_04919,VMWARE LLC,client,Other / Multi-sector
client_04920,WASHOE COUNTY REGIONAL TRANSPORTATION COMMISSION,client,Transportation & Auto
client_04921,WATER QUALITY ASSOCIATION,client,Government & Nonprofit
client_04922,"WEST END PROPERTY II, LLC",client,Real Estate & Construction
client_04923,WILL COUNTY,client,Other / Multi-sector
client_04924,YELLOW CORPORATION,client,Other / Multi-sector
client_04925,COALITION TO STOP FLU,client,Energy & Environment
client_04926,LPC CONSERVATION LLC,client,Other / Multi-sector
client_04927,MOORESVILLE-NC TOWN OF,client,Other / Multi-sector
client_04928,THE SEATTLE TIMES,client,Other / Multi-sector
client_04929,WATERFORD INSTITUTE,client,Transportation & Auto
client_04930,BAY AREA AIR QUALITY MANAGEMENT DISTRICT,client,Technology & Telecom
client_04931,ALLIANCE FOR PLANT BASED INCLUSION,client,Other / Multi-sector
client_04932,AMERICAN COLLEGE OF GASTROENTEROLOGY,client,Energy & Environment
client_04933,AMERICAN COLLEGE OF RADIATION ONCOLOGY,client,Education & Research
client_04934,"AMERICAN CONSOLIDATED NATURAL RESOURCES OBO FORESIGHT ENERGY RESOURCES, LLC",client,Energy & Environment
client_04935,AMERICAN COUNCIL ON THE TEACHING OF FOREIGN LANGUAGES,client,Other / Multi-sector
client_04936,AMERICANS FOR CARBON DIVIDENDS (FORMERLY LISTED AS CLIMATE LEADERSHIP COUNCIL),client,Energy & Environment
client_04937,AMNEAL PHARMACEUTICAL,client,Healthcare & Pharma
client_04938,APIXIO,client,Other / Multi-sector
client_04939,AUTOMOTIVE COALITION FOR TRAFFIC SAFETY,client,Energy & Environment
client_04940,"BERRY AVIATION, INC.",client,Transportation & Auto
client_04941,CARBON SOLUTIONS GROUP,client,Energy & Environment
client_04942,"CITY OF PORT ST. LUCIE, FL",client,Transportation & Auto
client_04943,"CLARK STREET ASSOCIATES ON BEHALF OF IONQ, INC.",client,Other / Multi-sector
client_04944,CTS CEMENT MANUFACTURING CORPORATION,client,Other / Multi-sector
client_04945,DIABETIC WOUND AWARENESS PAC,client,Other / Multi-sector
client_04946,ELBIT SYSTEMS OF AMERICA,client,Other / Multi-sector
client_04947,"FARM JOURNAL, INC.",client,Agriculture & Food
client_04948,FLORIDA FRUIT AND VEGETABLE ASSOCIATION,client,Government & Nonprofit
client_04949,HALKBANK,client,Finance & Banking
client_04950,HEXCEL CORPORATION,client,Other / Multi-sector
client_04951,HIGH POINT AEROTECHNOLOGIES LLC,client,Other / Multi-sector
client_04952,ILLINOIS TOOL WORKS,client,Other / Multi-sector
client_04953,INDEPENDENT HEALTH,client,Healthcare & Pharma
client_04954,INTERNATIONAL ASSOCIATION OF FIRE CHIEFS,client,Government & Nonprofit
client_04955,KONTOOR BRANDS,client,Other / Multi-sector
client_04956,L.A. CARE HEALTH PLAN,client,Healthcare & Pharma
client_04957,LAKE CHARLES REGIONAL AIRPORT,client,Technology & Telecom
client_04958,LIBERTY LATIN AMERICA,client,Other / Multi-sector
client_04959,MASTERCARD INTERNATIONAL INCORPORATED,client,Other / Multi-sector
client_04960,MEGVII TECHNOLOGY GROUP,client,Technology & Telecom
client_04961,"METLIFE GROUP, INC. (FKA METLIFE SERVICES AND SOLUTIONS, LLC)",client,Other / Multi-sector
client_04962,MHP FOOD TRADING LLC,client,Agriculture & Food
client_04963,NET POWER LLC,client,Energy & Environment
client_04964,NEXTDOOR,client,Other / Multi-sector
client_04965,NITRON GROUP LLC,client,Other / Multi-sector
client_04966,OREGON DEPARTMENT OF CONSUMER AND BUSINESS SERVICES,client,Government & Nonprofit
client_04967,ORGANIC PRODUCE ASSOCIATION,client,Government & Nonprofit
client_04968,PARALLEL SYSTEMS,client,Other / Multi-sector
client_04970,PREMISE,client,Other / Multi-sector
client_04971,"PUERTO RICO LEGAL AND EDUCATIONAL FOUNDATION, INC.",client,Education & Research
client_04972,REAL TIME MEDICAL SYSTEMS,client,Healthcare & Pharma
client_04973,SAS,client,Other / Multi-sector
client_04974,"SAXON, GILMORE & CARRAWAY, P.A. ON BEHALF OF MERIDIAN RIVER DEVELOPMENT CORP.",client,Other / Multi-sector
client_04975,SECURITIES INDUSTRY AND FINANCIAL MARKETS ASSOCIATION,client,Finance & Banking
client_04976,"SELLERS, DORSEY & ASSOCIATES, LLC",client,Other / Multi-sector
client_04977,SIGMA DEFENSE SYSTEMS LLC,client,Defense & Aerospace
client_04978,TASKRABBIT,client,Other / Multi-sector
client_04979,THE CATHOLIC CHURCH EXTENSION SOCIETY OF THE UNITED STATES OF AMERICA,client,Other / Multi-sector
client_04980,TOTALENERGIES EP MOZAMBIQUE AREA 1,client,Other / Multi-sector
client_04981,UBER TECHNOLOGIES. INC.,client,Other / Multi-sector
client_04982,UNITY POINT HEALTH,client,Healthcare & Pharma
client_04983,USAGAINSTALZHEIMER'S ACTION,client,Technology & Telecom
client_04984,WITH HONOR ACTION,client,Other / Multi-sector
client_04985,HUMANE SOCIETY LEGISLATIVE FUND,client,Other / Multi-sector
client_04986,COLLEGE OF HEALTHCARE INFORMATION MANAGEMENT EXECUTIVES,client,Healthcare & Pharma
client_04987,DOLLAR GENERAL,client,Other / Multi-sector
client_04988,COAST COMMUNITY COLLEGE DISTRICT,client,Education & Research
client_04989,SOCIETY OF CHEMICAL MANUFACTURERS & AFFILIATES,client,Other / Multi-sector
client_04990,PARKVIEW HEALTH SYSTEM,client,Healthcare & Pharma
client_04991,WASHOE COUNTY,client,Other / Multi-sector
client_04992,NATIONAL ASSOCIATION OF PEDIATRIC NURSE PRACTITIONERS,client,Government & Nonprofit
client_04993,CITY OF BILOXI,client,Other / Multi-sector
client_04994,D'YOUVILLE UNIVERSITY (FKA D'YOUVILLE COLLEGE),client,Education & Research
client_04995,GREENVILLE UTILITIES COMMISSION,client,Government & Nonprofit
client_04996,"HEALTH CARE NAVIGATORS, LLC",client,Healthcare & Pharma
client_04997,NAHEFFA,client,Other / Multi-sector
client_04998,NEWNAME BUILDING PERFORMANCE ASSOCIATION(FKA AS HOME PERFORMANCE COALITION),client,Energy & Environment
client_04999,OMEROS CORPORATION,client,Other / Multi-sector
gov_0000,HOUSE OF REPRESENTATIVES,gov_agency,Other / Multi-sector
gov_0001,SENATE,gov_agency,Other / Multi-sector
gov_0002,White House Office,gov_agency,Other / Multi-sector
gov_0003,"Health & Human Services, Dept of (HHS)",gov_agency,Healthcare & Pharma
gov_0004,"Treasury, Dept of",gov_agency,Other / Multi-sector
gov_0005,"Transportation, Dept of (DOT)",gov_agency,Transportation & Auto
gov_0006,"Commerce, Dept of (DOC)",gov_agency,Other / Multi-sector
gov_0007,Environmental Protection Agency (EPA),gov_agency,Government & Nonprofit
gov_0008,"Agriculture, Dept of (USDA)",gov_agency,Agriculture & Food
gov_0009,U.S. Trade Representative (USTR),gov_agency,Other / Multi-sector
gov_0010,"Energy, Dept of",gov_agency,Energy & Environment
gov_0011,"Defense, Dept of (DOD)",gov_agency,Defense & Aerospace
gov_0012,Centers For Medicare and Medicaid Services (CMS),gov_agency,Technology & Telecom
gov_0013,Executive Office of the President (EOP),gov_agency,Government & Nonprofit
gov_0014,"Homeland Security, Dept of (DHS)",gov_agency,Defense & Aerospace
gov_0015,Office of Management & Budget (OMB),gov_agency,Government & Nonprofit
gov_0016,"State, Dept of (DOS)",gov_agency,Other / Multi-sector
gov_0017,"Labor, Dept of (DOL)",gov_agency,Other / Multi-sector
gov_0018,"Interior, Dept of (DOI)",gov_agency,Other / Multi-sector
gov_0019,Food & Drug Administration (FDA),gov_agency,Healthcare & Pharma
gov_0020,"Army, Dept of (Corps of Engineers)",gov_agency,Other / Multi-sector
gov_0021,"Education, Dept of",gov_agency,Education & Research
gov_0022,"Justice, Dept of (DOJ)",gov_agency,Other / Multi-sector
gov_0023,Federal Communications Commission (FCC),gov_agency,Government & Nonprofit
gov_0024,Small Business Administration (SBA),gov_agency,Government & Nonprofit
gov_0025,"Housing & Urban Development, Dept of (HUD)",gov_agency,Real Estate & Construction
gov_0026,"Veterans Affairs, Dept of (VA)",gov_agency,Technology & Telecom
gov_0027,Natl Economic Council (NEC),gov_agency,Other / Multi-sector
gov_0028,Internal Revenue Service (IRS),gov_agency,Other / Multi-sector
gov_0029,Federal Aviation Administration (FAA),gov_agency,Transportation & Auto
gov_0030,Federal Emergency Management Agency (FEMA),gov_agency,Government & Nonprofit
gov_0031,Securities & Exchange Commission (SEC),gov_agency,Finance & Banking
gov_0032,Centers For Disease Control & Prevention (CDC),gov_agency,Other / Multi-sector
gov_0033,Federal Trade Commission (FTC),gov_agency,Government & Nonprofit
gov_0034,Federal Reserve System,gov_agency,Government & Nonprofit
gov_0035,Natl Institutes of Health (NIH),gov_agency,Healthcare & Pharma
gov_0036,Natl Security Council (NSC),gov_agency,Defense & Aerospace
gov_0037,Council on Environmental Quality (CEQ),gov_agency,Other / Multi-sector
gov_0038,U.S. Customs & Border Protection,gov_agency,Other / Multi-sector
gov_0039,Natl Oceanic & Atmospheric Administration (NOAA),gov_agency,Government & Nonprofit
gov_0040,Office of Science & Technology Policy (OSTP),gov_agency,Technology & Telecom
gov_0041,Consumer Financial Protection Bureau (CFPB),gov_agency,Finance & Banking
gov_0042,Health Resources & Services Administration (HRSA),gov_agency,Healthcare & Pharma
gov_0043,Bureau of Reclamation,gov_agency,Government & Nonprofit
gov_0044,General Services Administration (GSA),gov_agency,Government & Nonprofit
gov_0045,Natl Highway Traffic Safety Administration (NHTSA),gov_agency,Government & Nonprofit
gov_0046,Patent & Trademark Office (PTO),gov_agency,Other / Multi-sector
gov_0047,Federal Energy Regulatory Commission (FERC),gov_agency,Energy & Environment
gov_0048,Commodity Futures Trading Commission (CFTC),gov_agency,Government & Nonprofit
gov_0049,Occupational Safety & Health Administration (OSHA),gov_agency,Healthcare & Pharma
gov_0050,U.S. Fish & Wildlife Service (USFWS),gov_agency,Other / Multi-sector
gov_0051,U.S. Forest Service,gov_agency,Other / Multi-sector
gov_0052,"Navy, Dept of",gov_agency,Other / Multi-sector
gov_0053,Bureau of Land Management (BLM),gov_agency,Government & Nonprofit
gov_0054,"Army, Dept of (Other)",gov_agency,Other / Multi-sector
gov_0055,"Air Force, Dept of",gov_agency,Technology & Telecom
gov_0056,Federal Motor Carrier Safety Administration,gov_agency,Government & Nonprofit
gov_0057,Federal Highway Administration (FHA),gov_agency,Government & Nonprofit
gov_0058,Natl Aeronautics & Space Administration (NASA),gov_agency,Government & Nonprofit
gov_0059,U.S. Agency for International Development (USAID),gov_agency,Technology & Telecom
gov_0060,Federal Deposit Insurance Corporation (FDIC),gov_agency,Government & Nonprofit
gov_0061,U.S. Coast Guard (USCG),gov_agency,Other / Multi-sector
gov_0062,Office of the Vice President of the United States,gov_agency,Government & Nonprofit
gov_0063,Natl Institute of Standards & Technology (NIST),gov_agency,Technology & Telecom
gov_0064,Office of the Comptroller of the Currency (OCC),gov_agency,Government & Nonprofit
gov_0065,U.S. International Trade Commission (ITC),gov_agency,Government & Nonprofit
gov_0066,Federal Housing Finance Agency (FHFA),gov_agency,Real Estate & Construction
gov_0067,Transportation Security Administration (TSA),gov_agency,Defense & Aerospace
gov_0068,Natl Science Foundation (NSF),gov_agency,Education & Research
gov_0069,Natl Telecommunications & Information Administration (NTIA),gov_agency,Technology & Telecom
gov_0070,President of the U.S.,gov_agency,Other / Multi-sector
gov_0071,Economic Development Administration,gov_agency,Government & Nonprofit
gov_0072,Bureau of Indian Affairs (BIA),gov_agency,Technology & Telecom
gov_0073,Substance Abuse & Mental Health Services Administration (SAMHSA),gov_agency,Healthcare & Pharma
gov_0074,Federal Railroad Administration,gov_agency,Technology & Telecom
gov_0075,Intl Trade Administration (ITA),gov_agency,Government & Nonprofit
gov_0076,Vice President of the U.S.,gov_agency,Other / Multi-sector
gov_0077,Federal Transit Administration (FTA),gov_agency,Government & Nonprofit
gov_0078,Surface Transportation Board (STB),gov_agency,Transportation & Auto
gov_0079,Natl Park Service (NPS),gov_agency,Other / Multi-sector
gov_0080,Consumer Product Safety Commission (CPSC),gov_agency,Government & Nonprofit
gov_0081,Government Accountability Office (GAO),gov_agency,Other / Multi-sector
gov_0082,U.S. Copyright Office,gov_agency,Other / Multi-sector
gov_0083,Administration for Children & Families (ACF),gov_agency,Government & Nonprofit
gov_0084,Natl Labor Relations Board (NLRB),gov_agency,Other / Multi-sector
gov_0085,Pipeline & Hazardous Materials Safety Administration,gov_agency,Government & Nonprofit
gov_0086,Bureau of Citizenship & Immigration Services (BCIS),gov_agency,Government & Nonprofit
gov_0087,Maritime Administration (MARAD),gov_agency,Government & Nonprofit
gov_0088,U.S. Postal Service (USPS),gov_agency,Other / Multi-sector
gov_0089,Equal Employment Opportunity Commission (EEOC),gov_agency,Transportation & Auto
gov_0090,Federal Maritime Commission,gov_agency,Government & Nonprofit
gov_0091,Office of Personnel Management (OPM),gov_agency,Government & Nonprofit
gov_0092,Social Security Administration (SSA),gov_agency,Defense & Aerospace
gov_0093,Agency for Healthcare Research & Quality (AHRQ),gov_agency,Healthcare & Pharma
gov_0094,U.S. Immigration & Customs Enforcement (ICE),gov_agency,Other / Multi-sector
gov_0095,Pension Benefit Guaranty Corporation (PBGC),gov_agency,Other / Multi-sector
gov_0096,Federal Bureau of Investigation (FBI),gov_agency,Government & Nonprofit
gov_0097,Drug Enforcement Administration (DEA),gov_agency,Healthcare & Pharma
gov_0098,Medicare Payment Advisory Commission (MedPAC),gov_agency,Government & Nonprofit
gov_0099,Export-Import Bank of the United States (EXIM Bank),gov_agency,Finance & Banking
gov_0100,Indian Health Service,gov_agency,Healthcare & Pharma
gov_0101,AMTRAK - Natl Railroad Passenger Corporation,gov_agency,Technology & Telecom
gov_0102,Office of Natl Drug Control Policy (NDCP),gov_agency,Healthcare & Pharma
gov_0103,Bureau of Industry and Security (BIS),gov_agency,Defense & Aerospace
gov_0104,U.S. Geological Survey (USGS),gov_agency,Other / Multi-sector
gov_0105,Alcohol & Tobacco Tax & Trade Bureau (TTB),gov_agency,Other / Multi-sector
gov_0106,Administration on Aging,gov_agency,Government & Nonprofit
gov_0107,Director of National Intelligence (ODNI),gov_agency,Other / Multi-sector
gov_0108,Nuclear Regulatory Commission (NRC),gov_agency,Government & Nonprofit
gov_0109,Bureau of the Census,gov_agency,Government & Nonprofit
gov_0110,Postal Regulatory Commission,gov_agency,Government & Nonprofit
gov_0111,Natl Endowment for the Arts,gov_agency,Other / Multi-sector
gov_0112,Natl Credit Union Administration (NCUA),gov_agency,Government & Nonprofit
gov_0113,Bureau of Justice Assistance,gov_agency,Government & Nonprofit
gov_0114,Congressional Budget Office (CBO),gov_agency,Other / Multi-sector
gov_0115,Defense Logistics Agency,gov_agency,Defense & Aerospace
gov_0116,U.S. Marines,gov_agency,Other / Multi-sector
gov_0117,Defense Advanced Research Projects Agency (DARPA),gov_agency,Defense & Aerospace
gov_0118,Office of the Secretary of Defense,gov_agency,Defense & Aerospace
gov_0119,Council of Economic Advisers (CEA),gov_agency,Other / Multi-sector
gov_0120,Natl Transportation Safety Board (NTSB),gov_agency,Transportation & Auto
gov_0121,Natl Security Agency (NSA),gov_agency,Defense & Aerospace
gov_0122,Financial Crimes Enforcement Network (FinCEN),gov_agency,Finance & Banking
gov_0123,Mine Safety & Health Administration (MSHA),gov_agency,Healthcare & Pharma
gov_0124,Office of Justice Program,gov_agency,Government & Nonprofit
gov_0125,Overseas Private Investment Corp (OPIC),gov_agency,Finance & Banking
gov_0126,Office of Juvenile Justice & Delinquency Prevention,gov_agency,Government & Nonprofit
gov_0127,Veterans Employment & Training Service,gov_agency,Technology & Telecom
gov_0128,Office of Administration,gov_agency,Government & Nonprofit
gov_0129,Bureau of Labor Statistics (BLS),gov_agency,Government & Nonprofit
gov_0130,Corporation for Natl & Community Service,gov_agency,Other / Multi-sector
gov_0131,Bureau of Alcohol Tobacco Firearms & Explosives,gov_agency,Government & Nonprofit
gov_0132,Natl Guard,gov_agency,Other / Multi-sector
gov_0133,Natl Geospatial Intelligence Agency,gov_agency,Government & Nonprofit
gov_0134,Library of Congress (LOC),gov_agency,Other / Multi-sector
gov_0135,Appalachian Regional Commission,gov_agency,Government & Nonprofit
gov_0136,U.S. Trade & Development Agency (USTDA),gov_agency,Government & Nonprofit
gov_0137,Institute of Museum and Library Services (IMLS),gov_agency,Education & Research
gov_0138,Risk Management Agency,gov_agency,Government & Nonprofit
gov_0139,Natl Indian Gaming Commission,gov_agency,Government & Nonprofit
gov_0140,Defense Commissary Agency,gov_agency,Defense & Aerospace
gov_0141,Natl Endowment for the Humanities,gov_agency,Other / Multi-sector
gov_0142,Employment & Training Administration,gov_agency,Technology & Telecom
gov_0143,Defense Finance & Accounting Service (DFAS),gov_agency,Defense & Aerospace
gov_0144,Defense Contract Audit Agency (DCAA),gov_agency,Defense & Aerospace
gov_0145,Central Intelligence Agency (CIA),gov_agency,Government & Nonprofit
gov_0146,Farm Credit Administration,gov_agency,Agriculture & Food
gov_0147,Election Assistance Commission (EAC),gov_agency,Government & Nonprofit
gov_0148,Federal Accounting Standards Advisory Board (FASAB),gov_agency,Government & Nonprofit
gov_0149,Railroad Retirement Board,gov_agency,Technology & Telecom
gov_0150,Bureau of Prisons (BOP),gov_agency,Government & Nonprofit
gov_0151,Advisory Council on Historic Preservation (ACHP),gov_agency,Other / Multi-sector
gov_0152,Natl Mediation Board,gov_agency,Other / Multi-sector
gov_0153,Office of Policy Development,gov_agency,Government & Nonprofit
gov_0154,U.S. Marshals Service,gov_agency,Other / Multi-sector
gov_0155,Defense Security Cooperation Agency (DSCA),gov_agency,Defense & Aerospace
gov_0156,Ginnie Mae,gov_agency,Other / Multi-sector
gov_0157,U.S. Architectural & Transportation Barriers Compliance Board (ACCESS),gov_agency,Transportation & Auto
gov_0158,Federal Retirement Thrift Investment Board,gov_agency,Finance & Banking
gov_0159,Federal Election Commission (FEC),gov_agency,Government & Nonprofit
gov_0160,Government Printing Office (GPO),gov_agency,Other / Multi-sector
gov_0161,Bureau of Economic Analysis,gov_agency,Government & Nonprofit
gov_0162,Defense Information Systems Agency,gov_agency,Defense & Aerospace
gov_0163,Office on Violence Against Women,gov_agency,Technology & Telecom
gov_0164,Smithsonian Institution,gov_agency,Other / Multi-sector
gov_0165,Office of Faith-Based & Community Initiatives,gov_agency,Technology & Telecom
gov_0166,U.S. Chemical Safety & Hazard Investigation Board,gov_agency,Other / Multi-sector
gov_0167,Joint Chiefs of Staff,gov_agency,Other / Multi-sector
gov_0168,Agency for Toxic Substances & Disease Registry,gov_agency,Government & Nonprofit
gov_0169,U.S. Mint,gov_agency,Other / Multi-sector
gov_0170,Office of Natl AIDS Policy,gov_agency,Technology & Telecom
gov_0171,U.S. Secret Service,gov_agency,Other / Multi-sector
gov_0172,Defense Threat Reduction Agency (DTRA),gov_agency,Defense & Aerospace
gov_0173,Natl Council on Disability,gov_agency,Other / Multi-sector
gov_0174,Natl Institute on Alcohol Abuse & Alcoholism (NIAA),gov_agency,Education & Research
gov_0175,U.S. Commission on Civil Rights,gov_agency,Government & Nonprofit
gov_0176,Federal Mediation & Conciliation Service,gov_agency,Government & Nonprofit
gov_0177,Architectural & Transportation Barriers Compliance Board,gov_agency,Transportation & Auto
gov_0178,Bureau of Engraving & Printing,gov_agency,Government & Nonprofit
gov_0179,St. Lawrence Seaway Development Corporation,gov_agency,Other / Multi-sector
gov_0180,Natl Archives & Records Administration (NARA),gov_agency,Government & Nonprofit
gov_0181,Office of Surface Mining Reclamation & Enforcement,gov_agency,Government & Nonprofit
gov_0182,Defense Intelligence Agency (DIA),gov_agency,Defense & Aerospace
gov_0183,Bureau of Justice Statistics,gov_agency,Government & Nonprofit
gov_0184,Research & Special Programs Administration,gov_agency,Education & Research
gov_0185,Minerals Management Service,gov_agency,Other / Multi-sector
gov_0186,Natl Foundation on the Arts & Humanities,gov_agency,Education & Research
gov_0187,Tennessee Valley Authority (TVA),gov_agency,Other / Multi-sector
gov_0188,Office of Special Counsel,gov_agency,Government & Nonprofit
gov_0189,Voice of America,gov_agency,Other / Multi-sector
gov_0190,Natl Institute of Justice,gov_agency,Education & Research
gov_0191,Natl Institute of Mental Health (NIMH),gov_agency,Healthcare & Pharma
gov_0192,Office of Technology Policy (OTP),gov_agency,Technology & Telecom
gov_0193,Merit Systems Protection Board,gov_agency,Other / Multi-sector
gov_0194,Defense Department Field Activities,gov_agency,Defense & Aerospace
gov_0195,Job Corps,gov_agency,Other / Multi-sector
gov_0196,Office for Victims of Crime,gov_agency,Other / Multi-sector
gov_0197,Bureau of Transportation Statistics,gov_agency,Transportation & Auto
gov_0198,U.S. Commission on International Religious Freedom,gov_agency,Government & Nonprofit
gov_0199,Legal Services Corporation,gov_agency,Other / Multi-sector
gov_0200,Pension & Welfare Benefits Administration,gov_agency,Government & Nonprofit
gov_0201,Ballistic Missile Defense Organization,gov_agency,Defense & Aerospace
gov_0202,Architect of the Capitol (AOC),gov_agency,Other / Multi-sector
gov_0203,Office of Government Ethics (OGE),gov_agency,Government & Nonprofit
gov_0204,Financial Management Service (FMS),gov_agency,Finance & Banking
gov_0205,Defense Nuclear Facilities Safety Board,gov_agency,Defense & Aerospace
gov_0206,Minority Business Development Agency,gov_agency,Government & Nonprofit
gov_0207,Marine Mammal Commission,gov_agency,Government & Nonprofit
gov_0208,American Battle Monuments Commission,gov_agency,Government & Nonprofit
gov_0209,Pentagon Force Protection Agency,gov_agency,Defense & Aerospace
gov_0210,African Development Foundation,gov_agency,Education & Research
gov_0211,State Justice Institute,gov_agency,Education & Research
gov_0212,Occupational Safety & Health Review Commission,gov_agency,Healthcare & Pharma
gov_0213,On-Site Inspection Agency,gov_agency,Government & Nonprofit
gov_0214,Federal Law Enforcement Training Center,gov_agency,Technology & Telecom
gov_0215,U.S. Commission of Fine Arts,gov_agency,Government & Nonprofit
gov_0216,USA Freedom Corps,gov_agency,Other / Multi-sector
gov_0217,Natl Technical Information Service,gov_agency,Other / Multi-sector
gov_0218,Bureau of the Public Debt,gov_agency,Government & Nonprofit
gov_0219,Bureau of Arms Control,gov_agency,Government & Nonprofit
gov_0220,Inter-American Foundation,gov_agency,Education & Research
gov_0221,Defense Security Assistance Agency,gov_agency,Defense & Aerospace
gov_0222,U.S. Institute of Peace,gov_agency,Education & Research
gov_0223,Federal Labor Relations Authority (FLRA),gov_agency,Government & Nonprofit
gov_0224,Office of Thrift Supervision (OTS),gov_agency,Government & Nonprofit
gov_0225,Defense Special Weapons Agency,gov_agency,Defense & Aerospace
gov_0226,Peace Corps,gov_agency,Other / Multi-sector
gov_0227,Natl Capital Planning Commission (NCPC),gov_agency,Finance & Banking
gov_0228,Defense Legal Services Agency,gov_agency,Defense & Aerospace
gov_0229,Program Support Center,gov_agency,Transportation & Auto
gov_0230,Selective Service System,gov_agency,Other / Multi-sector
gov_0231,U.S. International Development Finance Corporation (DFC),gov_agency,Other / Multi-sector
gov_0232,U.S. Information Agency (USIA),gov_agency,Government & Nonprofit
gov_0233,U.S. Botanic Garden,gov_agency,Other / Multi-sector
gov_0234,Corrections Program Office,gov_agency,Other / Multi-sector
gov_0235,U.S. Natl Central Bureau - Intl Criminal Police Organization,gov_agency,Other / Multi-sector
gov_0236,Drug Court Program Office,gov_agency,Healthcare & Pharma
gov_0237,Mine Safety & Health Review Commission,gov_agency,Healthcare & Pharma
gov_0238,Defense Business Transformation Agency (BTA),gov_agency,Defense & Aerospace
gov_0239,U.S. International Development Cooperation Agency,gov_agency,Government & Nonprofit
lobbyist_27658,BRUCE MEHLMAN,lobbyist,Other / Multi-sector
lobbyist_7381,DAVID THOMAS,lobbyist,Other / Multi-sector
lobbyist_61179,SAGE EASTMAN,lobbyist,Other / Multi-sector
lobbyist_11329,ELISE FINLEY PICKERING,lobbyist,Other / Multi-sector
lobbyist_62279,MICHAEL ROBINSON,lobbyist,Other / Multi-sector
lobbyist_62201,LAUREN ARONSON,lobbyist,Other / Multi-sector
lobbyist_5659,DEAN ROSEN,lobbyist,Other / Multi-sector
lobbyist_69162,HELEN TOLAR,lobbyist,Other / Multi-sector
lobbyist_70218,NICHOLE DISTEFANO,lobbyist,Other / Multi-sector
lobbyist_64185,CONSTANTINE HINGSON,lobbyist,Other / Multi-sector
lobbyist_71503,PAUL THORNELL,lobbyist,Other / Multi-sector
lobbyist_101614,ROSEMARY GUTIERREZ,lobbyist,Other / Multi-sector
lobbyist_101395,ALEXANDER PERKINS,lobbyist,Other / Multi-sector
lobbyist_101897,STEPHEN COTE,lobbyist,Other / Multi-sector
lobbyist_107920,ZACHARY MALLOVE,lobbyist,Other / Multi-sector
lobbyist_57902,ELIZABETH GREER,lobbyist,Other / Multi-sector
lobbyist_107260,VICTORIA FLOOD,lobbyist,Other / Multi-sector
lobbyist_68997,CYNTHIA BROWN,lobbyist,Other / Multi-sector
lobbyist_57923,JEFFREY FORBES,lobbyist,Other / Multi-sector
lobbyist_14629,DAVID CASTAGNETTI,lobbyist,Other / Multi-sector
lobbyist_134963,STEVE HARO,lobbyist,Other / Multi-sector
lobbyist_26124,JENNIFER YOUNG,lobbyist,Other / Multi-sector
lobbyist_64513,CHARLOTTE IVANCIC,lobbyist,Other / Multi-sector
lobbyist_141085,LISA GOLDMAN,lobbyist,Finance & Banking
lobbyist_51316,STEVEN ELMENDORF,lobbyist,Other / Multi-sector
lobbyist_61537,ELIZABETH MURRAY,lobbyist,Other / Multi-sector
lobbyist_65078,PAMELA SMITH,lobbyist,Other / Multi-sector
lobbyist_7749,RAISSA DOWNS,lobbyist,Technology & Telecom
lobbyist_67897,RICK MURPHY,lobbyist,Other / Multi-sector
lobbyist_71297,EMILY MURRY,lobbyist,Other / Multi-sector
lobbyist_141084,CAITLIN VAN SANT,lobbyist,Technology & Telecom
lobbyist_57908,JERRY DRISCOLL,lobbyist,Other / Multi-sector
lobbyist_14682,SUSAN HIRSCHMANN,lobbyist,Other / Multi-sector
lobbyist_57921,WESLEY WELCH,lobbyist,Other / Multi-sector
lobbyist_63838,JOHN STIPICEVIC,lobbyist,Other / Multi-sector
lobbyist_58264,JEFFREY STRUNK,lobbyist,Other / Multi-sector
lobbyist_50936,HUNTER MOORHEAD,lobbyist,Other / Multi-sector
lobbyist_71625,SAMUEL WHITEHORN,lobbyist,Other / Multi-sector
lobbyist_72632,ROBERT CHAMBERLIN,lobbyist,Other / Multi-sector
lobbyist_54050,JAY CRANFORD,lobbyist,Transportation & Auto
lobbyist_36872,SAM GEDULDIG,lobbyist,Other / Multi-sector
lobbyist_12806,LETITIA WHITE,lobbyist,Other / Multi-sector
lobbyist_70721,MCKENZIE BRICE,lobbyist,Other / Multi-sector
lobbyist_67932,JASON GLEASON,lobbyist,Other / Multi-sector
lobbyist_61627,KYLE NEVINS,lobbyist,Other / Multi-sector
lobbyist_61629,STEVE STOMBRES,lobbyist,Other / Multi-sector
lobbyist_58316,MIKE NIELSEN,lobbyist,Other / Multi-sector
lobbyist_61630,MANNY ROSSMAN,lobbyist,Other / Multi-sector
lobbyist_39041,KAI ANDERSON,lobbyist,Technology & Telecom
lobbyist_67957,SALIM ALAMEDDIN,lobbyist,Other / Multi-sector
lobbyist_70490,JONATHAN SLEMROD,lobbyist,Other / Multi-sector
lobbyist_144733,WILLIAM GWINN,lobbyist,Other / Multi-sector
lobbyist_66072,LAURA KROEGER,lobbyist,Other / Multi-sector
lobbyist_38069,JAMES RICHARDS,lobbyist,Other / Multi-sector
lobbyist_63116,CARL KIME,lobbyist,Other / Multi-sector
lobbyist_38858,MARK LIMBAUGH,lobbyist,Other / Multi-sector
lobbyist_66796,ANTHONY LAZARSKI,lobbyist,Other / Multi-sector
lobbyist_57218,RACHEL MILLER,lobbyist,Other / Multi-sector
lobbyist_58563,TODD WEISS,lobbyist,Other / Multi-sector
lobbyist_66499,CHRIS MILLER,lobbyist,Other / Multi-sector
lobbyist_72857,SCOTT RIPLINGER,lobbyist,Other / Multi-sector
lobbyist_145248,ERICA CHABOT,lobbyist,Other / Multi-sector
lobbyist_16223,MICHAEL SMITH,lobbyist,Other / Multi-sector
lobbyist_61342,KATE HULL,lobbyist,Other / Multi-sector
lobbyist_61343,KIRSTEN CHADWICK,lobbyist,Other / Multi-sector
lobbyist_62548,WILLIAM PIPER,lobbyist,Other / Multi-sector
lobbyist_65984,DANIEL MCFAUL,lobbyist,Other / Multi-sector
lobbyist_50836,JOHN GREEN,lobbyist,Other / Multi-sector
lobbyist_62605,WILLIAM BLALOCK,lobbyist,Other / Multi-sector
lobbyist_62662,MICHAEL CHAPPELL,lobbyist,Other / Multi-sector
lobbyist_69840,CHRISTOPHER WILCOX,lobbyist,Other / Multi-sector
lobbyist_144745,ALYENE MLINAR,lobbyist,Other / Multi-sector
lobbyist_24640,RHOD SHAW,lobbyist,Other / Multi-sector
lobbyist_64381,DEVON SEIBERT-BAILEY,lobbyist,Technology & Telecom
lobbyist_72723,ALEX RENJEL,lobbyist,Other / Multi-sector
lobbyist_67291,CORNELL TEAGUE,lobbyist,Agriculture & Food
lobbyist_143712,JEFFREY MARKEY,lobbyist,Other / Multi-sector
lobbyist_65069,ANN JABLON,lobbyist,Other / Multi-sector
lobbyist_43625,MICHELLE EASTON,lobbyist,Other / Multi-sector
lobbyist_70162,KRISTINA DUNKLIN,lobbyist,Other / Multi-sector
lobbyist_27097,GORDON TAYLOR,lobbyist,Other / Multi-sector
lobbyist_62044,TYLER STEPHENS,lobbyist,Other / Multi-sector
lobbyist_66004,ERIC ZULKOSKY,lobbyist,Other / Multi-sector
lobbyist_1699,JASON SCHENDLE,lobbyist,Other / Multi-sector
lobbyist_143666,LAWRENCE SPIVEY,lobbyist,Other / Multi-sector
lobbyist_65205,WALLY BURNETT,lobbyist,Other / Multi-sector
lobbyist_53590,SUSAN SWEAT,lobbyist,Other / Multi-sector
lobbyist_107267,KIMBERLY BRANDT,lobbyist,Other / Multi-sector
lobbyist_38958,MATTHEW TANIELIAN,lobbyist,Other / Multi-sector
lobbyist_38979,JOSHUA ACKIL,lobbyist,Other / Multi-sector
lobbyist_43397,MICHAEL MEROLA,lobbyist,Other / Multi-sector
lobbyist_69064,SARAH BETH JANSEN,lobbyist,Other / Multi-sector
lobbyist_43332,CHRISTOPHER HATCHER,lobbyist,Other / Multi-sector
lobbyist_64326,DERRICK WHITE,lobbyist,Other / Multi-sector
lobbyist_66518,SHAY HANCOCK,lobbyist,Other / Multi-sector
lobbyist_69857,AARON SZABO,lobbyist,Other / Multi-sector
lobbyist_69294,JOSEPH EANNELLO,lobbyist,Other / Multi-sector
lobbyist_58384,JEFFREY SHAPIRO,lobbyist,Other / Multi-sector
lobbyist_60050,KARISSA WILLHITE,lobbyist,Other / Multi-sector
lobbyist_65518,WILLIAM SMITH,lobbyist,Other / Multi-sector
lobbyist_62753,JOHN O'NEILL,lobbyist,Other / Multi-sector
lobbyist_63568,JEFFREY SADOSKY,lobbyist,Other / Multi-sector
lobbyist_60458,MICHAEL BEER,lobbyist,Other / Multi-sector
lobbyist_62322,PAUL HOOVER,lobbyist,Other / Multi-sector
lobbyist_51015,ANDREW WOODS,lobbyist,Other / Multi-sector
lobbyist_50849,JASON MCKITRICK,lobbyist,Other / Multi-sector
lobbyist_49436,STACEY ALEXANDER,lobbyist,Other / Multi-sector
lobbyist_61346,ALEIX JARVIS,lobbyist,Other / Multi-sector
lobbyist_59669,TUCKER SHUMACK,lobbyist,Other / Multi-sector
lobbyist_65477,THOMAS DOWNS,lobbyist,Other / Multi-sector
lobbyist_46731,BARRY LASALA,lobbyist,Other / Multi-sector
lobbyist_16412,COURTNEY JOHNSON,lobbyist,Other / Multi-sector
lobbyist_61089,ZACHARY PFISTER,lobbyist,Other / Multi-sector
lobbyist_60461,JENNY DIJAMES,lobbyist,Other / Multi-sector
lobbyist_66496,JASON VAN PELT,lobbyist,Other / Multi-sector
lobbyist_56172,MARC LAMPKIN,lobbyist,Other / Multi-sector
lobbyist_15582,MOSES MERCADO,lobbyist,Other / Multi-sector
lobbyist_65035,JULIE MINERVA,lobbyist,Other / Multi-sector
lobbyist_60457,REBECCA ANDERSON,lobbyist,Other / Multi-sector
lobbyist_65300,E. ASHLEY HOY,lobbyist,Other / Multi-sector
lobbyist_24056,JOEL RUBIN,lobbyist,Other / Multi-sector
lobbyist_69369,NADEAM ELSHAMI,lobbyist,Other / Multi-sector
lobbyist_21465,THOMAS SHIPMAN,lobbyist,Other / Multi-sector
lobbyist_142331,LISA KOUNTOUPES,lobbyist,Other / Multi-sector
lobbyist_38695,DEAN AGUILLEN,lobbyist,Other / Multi-sector
lobbyist_147548,NAVEEN PARMAR,lobbyist,Other / Multi-sector
lobbyist_67822,MATT BRAVO,lobbyist,Other / Multi-sector
lobbyist_67763,ISRAEL KLEIN,lobbyist,Other / Multi-sector
lobbyist_31921,DANE CHRISTIANSEN,lobbyist,Other / Multi-sector
lobbyist_48303,JAMES RYAN,lobbyist,Other / Multi-sector
lobbyist_67764,MATTHEW JOHNSON,lobbyist,Other / Multi-sector
lobbyist_9077,ANDREW QUINN,lobbyist,Other / Multi-sector
lobbyist_45236,WILLIAM SIMMONS,lobbyist,Other / Multi-sector
lobbyist_3117,CHRIS GIBLIN,lobbyist,Other / Multi-sector
lobbyist_64574,JEFFERY MORTIER,lobbyist,Other / Multi-sector
lobbyist_57598,CONRAD LASS,lobbyist,Other / Multi-sector
lobbyist_67723,MICHAEL HAYWOOD,lobbyist,Other / Multi-sector
lobbyist_47178,JOHN GONZALEZ,lobbyist,Other / Multi-sector
lobbyist_63678,JEFF MACKINNON,lobbyist,Other / Multi-sector
lobbyist_57956,CHARLES WOOTERS,lobbyist,Other / Multi-sector
lobbyist_65014,JAMES HEIMBACH,lobbyist,Other / Multi-sector
lobbyist_63584,TIMOTHY MOLINO,lobbyist,Other / Multi-sector
lobbyist_70391,CEDRIC GRANT,lobbyist,Other / Multi-sector
lobbyist_107393,BENJAMIN GOLDEEN,lobbyist,Other / Multi-sector
lobbyist_65005,SARAH WALTER,lobbyist,Other / Multi-sector
lobbyist_48891,MARY STANTON,lobbyist,Other / Multi-sector
lobbyist_69314,PAUL EDATTEL,lobbyist,Other / Multi-sector
lobbyist_146767,ANNIE WOLF,lobbyist,Other / Multi-sector
lobbyist_148707,CHARLES VERDERY,lobbyist,Other / Multi-sector
lobbyist_76215,MAURICE KURLAND`,lobbyist,Other / Multi-sector
lobbyist_66364,EDWARD WHITFIELD,lobbyist,Other / Multi-sector
lobbyist_67702,THOMAS KOONCE,lobbyist,Other / Multi-sector
lobbyist_65879,BRIAN WORTH,lobbyist,Other / Multi-sector
lobbyist_41105,DREW CANTOR,lobbyist,Other / Multi-sector
lobbyist_63572,KATHRYN MILLS,lobbyist,Other / Multi-sector
lobbyist_61401,JENNIFER OLSON,lobbyist,Other / Multi-sector
lobbyist_45265,ROBERT ZUCKER,lobbyist,Other / Multi-sector
lobbyist_72494,BILL GHENT,lobbyist,Other / Multi-sector
lobbyist_62564,DANIEL TODD,lobbyist,Other / Multi-sector
lobbyist_63565,PHILIP GOGLAS,lobbyist,Other / Multi-sector
lobbyist_70587,NATALIE FARR HARRISON,lobbyist,Other / Multi-sector
lobbyist_65415,KEVIN KELLY,lobbyist,Other / Multi-sector
lobbyist_59326,MARY REID,lobbyist,Other / Multi-sector
lobbyist_53268,ELIZABETH FRAZEE,lobbyist,Other / Multi-sector
lobbyist_62667,THOMAS HAWKS,lobbyist,Other / Multi-sector
lobbyist_62733,WARREN TRYON,lobbyist,Other / Multi-sector
lobbyist_26450,JONATHON JONES,lobbyist,Other / Multi-sector
lobbyist_70188,MICHAEL GOODMAN,lobbyist,Other / Multi-sector
lobbyist_65235,DAVID PELUSO,lobbyist,Other / Multi-sector
lobbyist_95479,AMBER KIRCHHOEFER,lobbyist,Other / Multi-sector
lobbyist_66672,CHRISTOPHER KEARNEY,lobbyist,Other / Multi-sector
lobbyist_69972,RUSSELL SULLIVAN,lobbyist,Other / Multi-sector
lobbyist_67821,DAVID RUDD,lobbyist,Other / Multi-sector
lobbyist_66601,JOHN MULLIGAN,lobbyist,Other / Multi-sector
lobbyist_43521,EDWARD KRENIK,lobbyist,Other / Multi-sector
lobbyist_150448,GEORGE MILLER,lobbyist,Other / Multi-sector
lobbyist_141160,MARGARET JOSEPH,lobbyist,Other / Multi-sector
lobbyist_54245,JOHN SCOFIELD,lobbyist,Other / Multi-sector
lobbyist_63219,RUSSELL THOMASSON,lobbyist,Other / Multi-sector
lobbyist_71754,ED PAGANO,lobbyist,Other / Multi-sector
lobbyist_62601,ROBERT HOBART,lobbyist,Other / Multi-sector
lobbyist_60159,KEITH STUDDARD,lobbyist,Other / Multi-sector
lobbyist_65206,MARC NUMEDAHL,lobbyist,Other / Multi-sector
lobbyist_71377,TRACY TAYLOR,lobbyist,Other / Multi-sector
lobbyist_139662,JARED SAWYER,lobbyist,Other / Multi-sector
lobbyist_53650,JOHN HERZOG,lobbyist,Other / Multi-sector
lobbyist_64085,ANNE MACMILLAN,lobbyist,Other / Multi-sector
lobbyist_70015,FRANCESCA MCCRARY,lobbyist,Other / Multi-sector
lobbyist_62126,ZACHARY ISRAEL,lobbyist,Other / Multi-sector
lobbyist_59995,MARTIN DELGADO,lobbyist,Other / Multi-sector
lobbyist_57726,MICHAEL BUCHANAN,lobbyist,Other / Multi-sector
lobbyist_63196,RASHID HALLAWAY,lobbyist,Other / Multi-sector
lobbyist_45200,LORI DENHAM,lobbyist,Other / Multi-sector
lobbyist_29702,ALFRED MOTTUR,lobbyist,Other / Multi-sector
lobbyist_60077,HARRY GLENN,lobbyist,Other / Multi-sector
lobbyist_141752,PETER FISE,lobbyist,Other / Multi-sector
lobbyist_56147,JENNIFER COVINO,lobbyist,Other / Multi-sector
lobbyist_43912,STEVEN EICHENAUER,lobbyist,Other / Multi-sector
lobbyist_65543,RYAN MULVENON,lobbyist,Other / Multi-sector
lobbyist_53996,OMAR FRANCO,lobbyist,Other / Multi-sector
lobbyist_72650,OSCAR RAMIREZ,lobbyist,Other / Multi-sector
lobbyist_56689,TIMOTHY HANNEGAN,lobbyist,Other / Multi-sector
lobbyist_93714,KEENAN AUSTIN REED,lobbyist,Other / Multi-sector
lobbyist_59796,CHELSEY PENROD HICKMAN,lobbyist,Other / Multi-sector
lobbyist_68464,LAURA MORGAN-KESSLER,lobbyist,Other / Multi-sector
lobbyist_72651,DANA THOMPSON,lobbyist,Other / Multi-sector
lobbyist_67707,CHARLA PENN,lobbyist,Other / Multi-sector
lobbyist_11986,MARTIN WHITMER,lobbyist,Other / Multi-sector
lobbyist_70770,MJ KENNY,lobbyist,Other / Multi-sector
lobbyist_61426,CHERYL JAEGER,lobbyist,Other / Multi-sector
lobbyist_45714,CRAIG SAPERSTEIN,lobbyist,Technology & Telecom
lobbyist_58588,ELIZABETH MAIER,lobbyist,Technology & Telecom
lobbyist_147448,BRENT MERCHANT,lobbyist,Other / Multi-sector
lobbyist_44116,JACK DEUSER,lobbyist,Other / Multi-sector
lobbyist_67296,JOHN RAY,lobbyist,Other / Multi-sector
lobbyist_95481,TIM PATAKI,lobbyist,Other / Multi-sector
lobbyist_57938,JOHN ANDERSON,lobbyist,Other / Multi-sector
lobbyist_37173,KARINA LYNCH,lobbyist,Other / Multi-sector
lobbyist_36434,JORDAN BERNSTEIN,lobbyist,Other / Multi-sector
lobbyist_63034,DAVID OLANDER,lobbyist,Other / Multi-sector
lobbyist_67799,ANDREW LEWIN,lobbyist,Other / Multi-sector
lobbyist_63745,TODD WEBSTER,lobbyist,Other / Multi-sector
lobbyist_144804,CURTIS PHILIP,lobbyist,Other / Multi-sector
lobbyist_31020,LOUIE PERRY,lobbyist,Other / Multi-sector
lobbyist_71240,GREG BARNES,lobbyist,Other / Multi-sector
lobbyist_72734,BARRETT THORNHILL,lobbyist,Other / Multi-sector
lobbyist_70446,KEVIN CASEY,lobbyist,Other / Multi-sector
lobbyist_61631,MALLOY MCDANIEL,lobbyist,Other / Multi-sector
lobbyist_70916,DAVID GELLMAN,lobbyist,Other / Multi-sector
lobbyist_88200,RYAN KELLY,lobbyist,Other / Multi-sector
lobbyist_107241,EMILY TRANTER,lobbyist,Other / Multi-sector
lobbyist_93331,IAN RAYDER,lobbyist,Other / Multi-sector
lobbyist_107303,BRITTANY HERNANDEZ,lobbyist,Other / Multi-sector
lobbyist_65158,LANGSTON EMERSON,lobbyist,Other / Multi-sector
lobbyist_56188,KIMBERLY ELLIS,lobbyist,Other / Multi-sector
lobbyist_68975,SARAH (BEATTY) ROGERS,lobbyist,Other / Multi-sector
lobbyist_50275,BRIAN PETERS,lobbyist,Other / Multi-sector
lobbyist_56118,TONY ESSALIH,lobbyist,Other / Multi-sector
lobbyist_65209,KATHERINE DAPPER,lobbyist,Other / Multi-sector
lobbyist_65394,ADRIENNE SCHWEER,lobbyist,Other / Multi-sector
lobbyist_59694,LESLIE POLLNER,lobbyist,Other / Multi-sector
lobbyist_67979,EMILY KIRLIN,lobbyist,Other / Multi-sector
lobbyist_69536,JOHN SANDELL,lobbyist,Other / Multi-sector
lobbyist_28532,RAY COLE,lobbyist,Other / Multi-sector
lobbyist_141954,LAURA FRIEDEL,lobbyist,Other / Multi-sector
lobbyist_27053,DALE DIRKS,lobbyist,Other / Multi-sector
lobbyist_66524,KIRBY GARRETT,lobbyist,Other / Multi-sector
lobbyist_72234,CHRIS BROWN,lobbyist,Other / Multi-sector
lobbyist_10566,MARK RAYDER,lobbyist,Other / Multi-sector
lobbyist_38922,MARK KADESH,lobbyist,Other / Multi-sector
lobbyist_65218,MATT HENKEN,lobbyist,Other / Multi-sector
lobbyist_67663,JULIANE SULLIVAN,lobbyist,Other / Multi-sector
lobbyist_138827,MICHAEL WILLIAMS,lobbyist,Other / Multi-sector
lobbyist_412,BARRY BROWN,lobbyist,Other / Multi-sector
lobbyist_107322,OLIVIA KURTZ,lobbyist,Other / Multi-sector
lobbyist_141074,ALISON GRAAB,lobbyist,Other / Multi-sector
lobbyist_39053,GEOFF VERHOFF,lobbyist,Other / Multi-sector
lobbyist_41547,WILLIAM MOSCHELLA,lobbyist,Other / Multi-sector
lobbyist_58343,MICHAEL STRAZZELLA,lobbyist,Other / Multi-sector
lobbyist_62372,LAURA SIMMONS,lobbyist,Other / Multi-sector
lobbyist_66491,DAVE RAMEY,lobbyist,Other / Multi-sector
lobbyist_69921,MATTHEW LEFFINGWELL,lobbyist,Other / Multi-sector
lobbyist_67762,ANDREW PALMER,lobbyist,Other / Multi-sector
lobbyist_38913,CHRISTIAN KIERIG,lobbyist,Other / Multi-sector
lobbyist_62170,KARA CALVERT CAMPBELL,lobbyist,Other / Multi-sector
lobbyist_59427,LAUREN BAZEL,lobbyist,Other / Multi-sector
lobbyist_145343,ALEXANDER VOGEL,lobbyist,Other / Multi-sector
lobbyist_56757,LESLEE GILBERT,lobbyist,Other / Multi-sector
lobbyist_140316,ELIZABETH FOLEY,lobbyist,Other / Multi-sector
lobbyist_61633,KRISTI REMINGTON,lobbyist,Other / Multi-sector
lobbyist_136650,CORINNE TAKKINEN,lobbyist,Other / Multi-sector
lobbyist_66447,THOMAS KELLER,lobbyist,Other / Multi-sector
lobbyist_49745,DREW GOESL,lobbyist,Other / Multi-sector
lobbyist_62920,CHRIS GASTON,lobbyist,Energy & Environment
lobbyist_73382,STACY RICH,lobbyist,Other / Multi-sector
lobbyist_48922,NICCOLO DELUCA,lobbyist,Other / Multi-sector
lobbyist_7,SHANTI STANTON,lobbyist,Other / Multi-sector
lobbyist_108164,KATE LYNCH,lobbyist,Other / Multi-sector
lobbyist_63760,JERR ROSENBAUM,lobbyist,Other / Multi-sector
lobbyist_34709,EDWARD AYOOB,lobbyist,Other / Multi-sector
lobbyist_67397,GREGG HARTLEY,lobbyist,Other / Multi-sector
lobbyist_5474,JEFFERY GREEN,lobbyist,Other / Multi-sector
lobbyist_59406,SAM OLSWANGER,lobbyist,Other / Multi-sector
lobbyist_70436,RYAN BERGER,lobbyist,Other / Multi-sector
lobbyist_66060,JAMES MASSIE,lobbyist,Other / Multi-sector
lobbyist_66320,ANA SCHWAB,lobbyist,Other / Multi-sector
lobbyist_46897,BRYAN CUNNINGHAM,lobbyist,Other / Multi-sector
lobbyist_46545,DANIEL GANS,lobbyist,Other / Multi-sector
lobbyist_72282,JONATHAN JACKSON,lobbyist,Other / Multi-sector
lobbyist_23860,ROBERT WOOD,lobbyist,Other / Multi-sector
lobbyist_58032,MICHAEL BORDEN,lobbyist,Other / Multi-sector
lobbyist_54867,ROBERT SIGGINS,lobbyist,Other / Multi-sector
lobbyist_15113,DIANE BLAGMAN,lobbyist,Transportation & Auto
lobbyist_68994,COLIN HAYES,lobbyist,Other / Multi-sector
lobbyist_57185,LAURA BOZELL,lobbyist,Other / Multi-sector
lobbyist_64811,EDWARD HILD,lobbyist,Other / Multi-sector
lobbyist_68434,LANDON STROPKO,lobbyist,Other / Multi-sector
lobbyist_52662,LINDSEY LEDWIN,lobbyist,Other / Multi-sector
lobbyist_48793,STANTON BULLOCK,lobbyist,Other / Multi-sector
lobbyist_6542,SEAN RICHARDSON,lobbyist,Other / Multi-sector
lobbyist_86705,JEROME MURRAY,lobbyist,Other / Multi-sector
lobbyist_65617,KATE DICKENS,lobbyist,Other / Multi-sector
lobbyist_54275,SUSANN EDWARDS,lobbyist,Other / Multi-sector
lobbyist_57524,CHANI WIGGINS,lobbyist,Other / Multi-sector
lobbyist_2268,JENNIFER IMO,lobbyist,Other / Multi-sector
lobbyist_67337,PAUL BRATHWAITE,lobbyist,Technology & Telecom
lobbyist_56175,HASAN SARSOUR,lobbyist,Other / Multi-sector
lobbyist_65965,GRETA JOYNES,lobbyist,Other / Multi-sector
lobbyist_70149,LOWRY CROOK,lobbyist,Other / Multi-sector
lobbyist_115643,CHARLIE SCHREIBER,lobbyist,Other / Multi-sector
lobbyist_55656,CATHARINE RANSOM,lobbyist,Other / Multi-sector
lobbyist_69159,HAROLD HANCOCK,lobbyist,Other / Multi-sector
lobbyist_20965,LESLIE BELCHER,lobbyist,Other / Multi-sector
lobbyist_53035,MELISSA EDWARDS,lobbyist,Other / Multi-sector
lobbyist_65653,TARA BILLINGSLEY,lobbyist,Other / Multi-sector
lobbyist_51049,GREG LAUGHLIN,lobbyist,Other / Multi-sector
lobbyist_57907,DANIEL TATE,lobbyist,Other / Multi-sector
lobbyist_62308,JENNIFER WALSH,lobbyist,Other / Multi-sector
lobbyist_71621,JULIE HRDLICKA,lobbyist,Other / Multi-sector
lobbyist_65297,JOSH KARDON,lobbyist,Other / Multi-sector
lobbyist_47487,JENNIFER CAVE,lobbyist,Other / Multi-sector
lobbyist_93374,ELIZABETH BENNETT,lobbyist,Other / Multi-sector
lobbyist_64580,"VINCENT ROBERTI, SR.",lobbyist,Other / Multi-sector
lobbyist_72906,JAY SULZMANN,lobbyist,Other / Multi-sector
lobbyist_93554,JOSE BORJON,lobbyist,Other / Multi-sector
lobbyist_23160,DONNA MULLINS,lobbyist,Other / Multi-sector
lobbyist_70116,CRAIG KALKUT,lobbyist,Technology & Telecom
lobbyist_9573,JOHN MCMANUS,lobbyist,Other / Multi-sector
lobbyist_65427,ROBB WALTON,lobbyist,Other / Multi-sector
lobbyist_62359,ROB SEIDMAN,lobbyist,Other / Multi-sector
lobbyist_64367,WILLIAM SOUTHERLAND,lobbyist,Other / Multi-sector
lobbyist_66830,CHARLES SYDNOR,lobbyist,Other / Multi-sector
lobbyist_60621,STEPHANIE MISSERT,lobbyist,Other / Multi-sector
lobbyist_70096,CAROLYN CODA,lobbyist,Other / Multi-sector
lobbyist_23462,TRACY SPICER,lobbyist,Other / Multi-sector
lobbyist_33930,JENNIFER LATOURETTE,lobbyist,Other / Multi-sector
lobbyist_60690,AARON COHEN,lobbyist,Other / Multi-sector
lobbyist_66663,ALLISON TREXLER,lobbyist,Other / Multi-sector
lobbyist_61635,ASHLEY DAVIS,lobbyist,Other / Multi-sector
lobbyist_70045,DOYLE BARTLETT,lobbyist,Other / Multi-sector
lobbyist_48261,ERIC TOBER,lobbyist,Other / Multi-sector
lobbyist_68314,CHRISTOPHER MATTHIESEN,lobbyist,Other / Multi-sector
lobbyist_60147,LUKE HATZIS,lobbyist,Other / Multi-sector
lobbyist_43300,MICHAEL HENRY,lobbyist,Other / Multi-sector
lobbyist_70852,HAZEN MARSHALL,lobbyist,Other / Multi-sector
lobbyist_66844,CHARLES THOMAS,lobbyist,Other / Multi-sector
lobbyist_70067,MONICA POPP,lobbyist,Other / Multi-sector
lobbyist_139832,ANNA KARAKITSOS,lobbyist,Other / Multi-sector
lobbyist_143823,REMY MASON,lobbyist,Other / Multi-sector
lobbyist_70238,DAVID HODGES,lobbyist,Other / Multi-sector
lobbyist_66231,TODD NOVASCONE,lobbyist,Other / Multi-sector
lobbyist_68497,SAMIR KAPADIA,lobbyist,Other / Multi-sector
lobbyist_70727,NICOLE VENABLE,lobbyist,Other / Multi-sector
lobbyist_66912,GENEVIEVE COWAN,lobbyist,Other / Multi-sector
lobbyist_55182,JOSEPH BARTON,lobbyist,Other / Multi-sector
lobbyist_40247,SHAWNA FRANCIS WATLEY,lobbyist,Other / Multi-sector
lobbyist_49112,DWIGHT FETTIG,lobbyist,Other / Multi-sector
lobbyist_17952,KRISTI MORE,lobbyist,Other / Multi-sector
lobbyist_55168,ERSKINE WELLS,lobbyist,Other / Multi-sector
lobbyist_71785,JANE LUCAS,lobbyist,Other / Multi-sector
lobbyist_101291,LISA PETO,lobbyist,Other / Multi-sector
lobbyist_110089,JEFFREY CARROLL,lobbyist,Other / Multi-sector
lobbyist_53314,WILLIAM MUELLER,lobbyist,Other / Multi-sector
lobbyist_67961,CRISTINA ANTELO,lobbyist,Other / Multi-sector
lobbyist_93089,ROBERT DIAMOND,lobbyist,Other / Multi-sector
lobbyist_70011,BEAU SCHUYLER,lobbyist,Other / Multi-sector
lobbyist_48067,BRANT IMPERATORE,lobbyist,Other / Multi-sector
lobbyist_139305,WESLEY MCCLELLAND,lobbyist,Other / Multi-sector
lobbyist_65075,PAUL POTEET,lobbyist,Other / Multi-sector
lobbyist_71310,BEN MCMAKIN,lobbyist,Other / Multi-sector
lobbyist_19742,JOEL OSWALD,lobbyist,Other / Multi-sector
lobbyist_61699,KEITH PEMRICK,lobbyist,Other / Multi-sector
lobbyist_63570,GEORGE MCELWEE,lobbyist,Other / Multi-sector
lobbyist_61636,SHIMON STEIN,lobbyist,Other / Multi-sector
lobbyist_59987,ROBERT RUSSELL,lobbyist,Other / Multi-sector
lobbyist_70784,ERIC LAUSTEN,lobbyist,Other / Multi-sector
lobbyist_62651,AMELIA JENKINS,lobbyist,Other / Multi-sector
lobbyist_64550,BRYAN BLOM,lobbyist,Other / Multi-sector
lobbyist_63646,EUGENIA PIERSON,lobbyist,Other / Multi-sector
lobbyist_61952,ETHAN PITTLEMAN,lobbyist,Other / Multi-sector
lobbyist_109739,JEFF LUCAS,lobbyist,Other / Multi-sector
lobbyist_68141,ERIC O'DONNELL,lobbyist,Other / Multi-sector
lobbyist_59932,JASON ROSENSTOCK,lobbyist,Other / Multi-sector
lobbyist_67222,RANDALL GERARD,lobbyist,Other / Multi-sector
lobbyist_61020,DAWN SEARS,lobbyist,Other / Multi-sector
lobbyist_144289,LINDSAY AUSTIN,lobbyist,Other / Multi-sector
lobbyist_5584,CHAD SCHULKEN,lobbyist,Other / Multi-sector
lobbyist_68995,ZACHARY RUDISILL,lobbyist,Other / Multi-sector
lobbyist_10646,JULIE CARR,lobbyist,Other / Multi-sector
lobbyist_67342,ALISSA CLEES,lobbyist,Other / Multi-sector
lobbyist_60075,DENNIS CARDOZA,lobbyist,Other / Multi-sector
lobbyist_120317,MEG THOMPSON,lobbyist,Other / Multi-sector
lobbyist_725,LENDELL PORTERFIELD,lobbyist,Transportation & Auto
lobbyist_59650,DEVIN RHINERSON,lobbyist,Other / Multi-sector
lobbyist_68077,CHRISTOPHER BAXTER,lobbyist,Other / Multi-sector
lobbyist_69598,HEATHER MCHUGH,lobbyist,Other / Multi-sector
lobbyist_69767,CLIFFORD ROBERTI,lobbyist,Transportation & Auto
lobbyist_40853,ROBERT LIVINGSTON,lobbyist,Other / Multi-sector
lobbyist_42697,J MARTIN,lobbyist,Other / Multi-sector
lobbyist_146909,JENNIFER FORREST,lobbyist,Other / Multi-sector
lobbyist_65202,LAUREN LIPIN,lobbyist,Other / Multi-sector
lobbyist_93130,STEPHANIE LEGER,lobbyist,Other / Multi-sector
lobbyist_51894,LEE WEINGART,lobbyist,Other / Multi-sector
lobbyist_26331,MARY SAVARY TAYLOR,lobbyist,Other / Multi-sector
lobbyist_61615,BRIAN SUTTER,lobbyist,Other / Multi-sector
lobbyist_67737,BRIAN MCGUIRE,lobbyist,Other / Multi-sector
lobbyist_65466,CHARLES BRITTINGHAM,lobbyist,Other / Multi-sector
lobbyist_57691,JOHN WILLIAMS,lobbyist,Other / Multi-sector
lobbyist_61691,BRIAN WILD,lobbyist,Other / Multi-sector
lobbyist_65212,ANDY KEISER,lobbyist,Other / Multi-sector
lobbyist_69884,GEORGE CARAM,lobbyist,Other / Multi-sector
lobbyist_147126,ROBERT PORE,lobbyist,Other / Multi-sector
lobbyist_68758,OSWALDO PALOMO,lobbyist,Other / Multi-sector
lobbyist_3241,TJ PETRIZZO,lobbyist,Other / Multi-sector
lobbyist_59712,BRIAN DIFFELL,lobbyist,Other / Multi-sector
lobbyist_109746,NICHOLAS UEHLECKE,lobbyist,Other / Multi-sector
lobbyist_114628,SAMANTHA MACIEL,lobbyist,Other / Multi-sector
lobbyist_139042,CHRIS FISH,lobbyist,Other / Multi-sector
lobbyist_81802,BRYCE HARLOW,lobbyist,Other / Multi-sector
lobbyist_66235,CHRISTOPHER SARLEY,lobbyist,Other / Multi-sector
lobbyist_54201,LAURI HETTINGER,lobbyist,Other / Multi-sector
lobbyist_54321,TOM TILTON,lobbyist,Other / Multi-sector
lobbyist_70372,ROSS ARNETT,lobbyist,Other / Multi-sector
lobbyist_35009,ELIZABETH POWELL,lobbyist,Other / Multi-sector
lobbyist_147219,PATRICIA DELOATCHE,lobbyist,Other / Multi-sector
lobbyist_52696,MICHAEL PARK,lobbyist,Other / Multi-sector
lobbyist_70241,JOSEPH EAVES,lobbyist,Other / Multi-sector
lobbyist_94084,BLAIR HANCOCK,lobbyist,Technology & Telecom
lobbyist_51473,DARREN WILLCOX,lobbyist,Other / Multi-sector
lobbyist_67206,JASON TAI,lobbyist,Technology & Telecom
lobbyist_69202,ERIC ROSEN,lobbyist,Other / Multi-sector
lobbyist_52266,BRIAN GASTON,lobbyist,Energy & Environment
lobbyist_60564,DANA DEBEAUMONT,lobbyist,Other / Multi-sector
lobbyist_63515,BENJAMIN QUAYLE,lobbyist,Other / Multi-sector
lobbyist_50817,WILLIAM LAMOND,lobbyist,Other / Multi-sector
lobbyist_149379,JON ADAME,lobbyist,Other / Multi-sector
lobbyist_61872,DAVID SCHNITTGER,lobbyist,Other / Multi-sector
lobbyist_61759,HEATHER MOLINO,lobbyist,Other / Multi-sector
lobbyist_53436,MANUS COONEY,lobbyist,Other / Multi-sector
lobbyist_59989,KYLE SIMMONS,lobbyist,Other / Multi-sector
lobbyist_59487,ERIK OLSON,lobbyist,Other / Multi-sector
lobbyist_63832,LIANNE ENDO,lobbyist,Other / Multi-sector
lobbyist_65341,ANDREW COATS,lobbyist,Other / Multi-sector
lobbyist_139348,STEVEN SCHULTZ,lobbyist,Other / Multi-sector
lobbyist_67904,HADLEY SOSNOFF,lobbyist,Other / Multi-sector
lobbyist_70863,QUINCY ENOCH,lobbyist,Other / Multi-sector
lobbyist_148200,MICHAEL FERENCE,lobbyist,Other / Multi-sector
lobbyist_64752,BRIAN MCKEON,lobbyist,Other / Multi-sector
lobbyist_72327,KATHLEEN HATFIELD,lobbyist,Other / Multi-sector
lobbyist_41501,JEFF MCMILLEN,lobbyist,Other / Multi-sector
lobbyist_59960,ERIK FATEMI,lobbyist,Other / Multi-sector
lobbyist_45392,RICH THOMAS,lobbyist,Other / Multi-sector
lobbyist_71392,CHRISTOPHER MCCANNELL,lobbyist,Other / Multi-sector
lobbyist_59213,STEVEN PALMER,lobbyist,Other / Multi-sector
lobbyist_47192,JONATHAN MANTZ,lobbyist,Other / Multi-sector
lobbyist_51860,BENJAMIN KLEIN,lobbyist,Other / Multi-sector
lobbyist_145552,JOHN LEGANSKI,lobbyist,Other / Multi-sector
lobbyist_59214,KATHERINE CULLEN,lobbyist,Other / Multi-sector
lobbyist_54495,ANDREW FORBES,lobbyist,Other / Multi-sector
lobbyist_72966,ADAM HECHAVARRIA,lobbyist,Other / Multi-sector
lobbyist_56105,CHRISTOPHER HODGSON,lobbyist,Other / Multi-sector
lobbyist_57457,RYAN THOMPSON,lobbyist,Other / Multi-sector
lobbyist_67545,JOHN STONE,lobbyist,Other / Multi-sector
lobbyist_71275,WILLIAM TODD,lobbyist,Other / Multi-sector
lobbyist_71610,LEA SULKALA,lobbyist,Other / Multi-sector
lobbyist_73822,JOHN BREAUX,lobbyist,Other / Multi-sector
lobbyist_27186,JACK VICTORY,lobbyist,Other / Multi-sector
lobbyist_66887,CHRISTINA MCGARRY DAVID,lobbyist,Other / Multi-sector
lobbyist_101306,KEITH CASTALDO,lobbyist,Other / Multi-sector
lobbyist_21512,JONATHAN TALISMAN,lobbyist,Other / Multi-sector
lobbyist_32868,JOSEPH MIKRUT,lobbyist,Other / Multi-sector
lobbyist_38757,JOEL ROBERSON,lobbyist,Other / Multi-sector
lobbyist_138587,THOMAS NAGLE,lobbyist,Other / Multi-sector
lobbyist_142911,KELLI BRIGGS,lobbyist,Other / Multi-sector
lobbyist_73551,DANIEL FARMER,lobbyist,Agriculture & Food
lobbyist_54755,VICTOR KLATT,lobbyist,Other / Multi-sector
lobbyist_53422,ALEXANDER NOCK,lobbyist,Other / Multi-sector
lobbyist_52213,LAVERNE HUBERT,lobbyist,Other / Multi-sector
lobbyist_71787,MARK WILLIAMS,lobbyist,Other / Multi-sector
lobbyist_57020,PATRICK BOUSLIMAN,lobbyist,Other / Multi-sector
lobbyist_62729,BRENT DEL MONTE,lobbyist,Other / Multi-sector
lobbyist_40272,JAMES CRUM,lobbyist,Other / Multi-sector
lobbyist_72994,ANDREW BARBOUR,lobbyist,Other / Multi-sector
lobbyist_70078,TROY PERRY,lobbyist,Other / Multi-sector
lobbyist_65006,J WALSH,lobbyist,Other / Multi-sector
lobbyist_67791,MATTHEW HERRMANN,lobbyist,Other / Multi-sector
lobbyist_45748,OLIVER MEISSNER,lobbyist,Other / Multi-sector
lobbyist_50158,AURENE MARTIN,lobbyist,Other / Multi-sector
lobbyist_53077,CHARLES COOPER,lobbyist,Other / Multi-sector
lobbyist_43388,LISA BARKOVIC,lobbyist,Other / Multi-sector
lobbyist_66864,GEOFFREY BOWMAN,lobbyist,Other / Multi-sector
lobbyist_61622,DOUGLAS SCHWARTZ,lobbyist,Other / Multi-sector
lobbyist_102027,LANE DICKSON,lobbyist,Other / Multi-sector
lobbyist_33387,MARK MIODUSKI,lobbyist,Other / Multi-sector
lobbyist_29675,WILLIAM MCCANN,lobbyist,Other / Multi-sector
lobbyist_139259,GREG RUBIO,lobbyist,Other / Multi-sector
lobbyist_65981,REBECCA BENN,lobbyist,Other / Multi-sector
lobbyist_71999,MIYA PATEL,lobbyist,Other / Multi-sector
lobbyist_54211,JOSEPH GIBSON,lobbyist,Other / Multi-sector
lobbyist_139534,JORDAN HAGERT,lobbyist,Other / Multi-sector
lobbyist_108841,JOSE CEBALLOS,lobbyist,Other / Multi-sector
lobbyist_139224,DYLAN MOORE,lobbyist,Other / Multi-sector
lobbyist_70247,VIRGIL MILLER,lobbyist,Other / Multi-sector
lobbyist_86742,BEN MILLER,lobbyist,Other / Multi-sector
lobbyist_142122,BRET MANLEY,lobbyist,Other / Multi-sector
lobbyist_70960,MIKE IGER,lobbyist,Other / Multi-sector
lobbyist_46253,KATHERINE VANLANDINGHAM,lobbyist,Other / Multi-sector
lobbyist_43818,MICHAEL TORREY,lobbyist,Other / Multi-sector
lobbyist_59945,IAN LYLE,lobbyist,Other / Multi-sector
lobbyist_32310,CHRISTOPHER COX,lobbyist,Other / Multi-sector
lobbyist_17397,BILL VINEY,lobbyist,Other / Multi-sector
lobbyist_79730,PETER FREEMAN,lobbyist,Other / Multi-sector
lobbyist_92746,ZACHARY OSTRO,lobbyist,Other / Multi-sector
lobbyist_53494,ANDREW MCKECHNIE,lobbyist,Other / Multi-sector
lobbyist_14141,KEVIN BINGER,lobbyist,Other / Multi-sector
lobbyist_141566,TRAVIS NORTON,lobbyist,Other / Multi-sector
lobbyist_143752,MARTHA MILLER,lobbyist,Other / Multi-sector
lobbyist_45967,JAKE JOHNSTON,lobbyist,Other / Multi-sector
lobbyist_62893,MICHAEL COLLINS,lobbyist,Other / Multi-sector
lobbyist_65759,PETE LANDRUM,lobbyist,Other / Multi-sector
lobbyist_67392,JOHN ARIALE,lobbyist,Other / Multi-sector
lobbyist_57882,DONALD KENT,lobbyist,Other / Multi-sector
lobbyist_69887,GREGORY BURNS,lobbyist,Other / Multi-sector
lobbyist_67244,FRANK MCCARTHY,lobbyist,Other / Multi-sector
lobbyist_139590,GEOFFREY BURR,lobbyist,Other / Multi-sector
lobbyist_56477,STEVEN IRIZARRY,lobbyist,Other / Multi-sector
lobbyist_93673,DAO NGUYEN,lobbyist,Other / Multi-sector
lobbyist_54039,EARL POMEROY,lobbyist,Other / Multi-sector
lobbyist_69163,JULIE EDDY ROKALA,lobbyist,Other / Multi-sector
lobbyist_43539,SCOTT KLUG,lobbyist,Other / Multi-sector
lobbyist_59537,DAVID SCHIAPPA,lobbyist,Other / Multi-sector
lobbyist_65809,NOAH KOWALSKI,lobbyist,Other / Multi-sector
lobbyist_69835,MICHAELEEN CROWELL,lobbyist,Other / Multi-sector
lobbyist_63702,PAUL DININO,lobbyist,Other / Multi-sector
lobbyist_121840,JOEL BAILEY,lobbyist,Technology & Telecom
lobbyist_71300,ERIN NEAL,lobbyist,Other / Multi-sector
lobbyist_72645,JOSEPH LAI,lobbyist,Technology & Telecom
lobbyist_147173,DAVID LEITER,lobbyist,Other / Multi-sector
lobbyist_51079,JEFF CHOUDHRY,lobbyist,Other / Multi-sector
lobbyist_101682,HAMILTON BLOOM,lobbyist,Other / Multi-sector
lobbyist_56499,WILLIAM SETH,lobbyist,Other / Multi-sector
lobbyist_56628,MATTHEW WARD,lobbyist,Other / Multi-sector
lobbyist_73874,JOHN DEARBORN,lobbyist,Other / Multi-sector
lobbyist_102877,JAMES PALUSKIEWICZ,lobbyist,Other / Multi-sector
lobbyist_60800,ASHLEY BADESCH,lobbyist,Other / Multi-sector
lobbyist_107185,COREY MALMGREN,lobbyist,Other / Multi-sector
lobbyist_107381,PARKER POLING,lobbyist,Other / Multi-sector
lobbyist_63716,JOHN KINGSTON,lobbyist,Other / Multi-sector
lobbyist_60070,CARL CHIDLOW,lobbyist,Other / Multi-sector
lobbyist_5843,TYSON REDPATH,lobbyist,Other / Multi-sector
lobbyist_12266,KARL KOCH,lobbyist,Other / Multi-sector
lobbyist_70203,JEREMY STESLICKI,lobbyist,Other / Multi-sector
lobbyist_92610,DOUGLAS C. MCINTYRE,lobbyist,Other / Multi-sector
lobbyist_146593,CAMILLE BIANCHINI,lobbyist,Other / Multi-sector
lobbyist_20062,RACHEL JONES HENSLER,lobbyist,Other / Multi-sector
lobbyist_23176,ANDREW BUCZEK,lobbyist,Other / Multi-sector
lobbyist_94512,SAMANTHA CARL-YODER,lobbyist,Other / Multi-sector
lobbyist_143844,ROBERT VAN HEUVELEN,lobbyist,Other / Multi-sector
lobbyist_50816,ANDREW ROSENBERG,lobbyist,Other / Multi-sector
lobbyist_41326,GREG MEANS,lobbyist,Other / Multi-sector
lobbyist_62941,MICHAEL FRIEDBERG,lobbyist,Other / Multi-sector
lobbyist_67682,DIMITRIOS KARAKITSOS,lobbyist,Other / Multi-sector
lobbyist_141500,ARTHUR SIDNEY,lobbyist,Other / Multi-sector
lobbyist_10629,SCOTT NELSON,lobbyist,Other / Multi-sector
lobbyist_21262,MARILYN YAGER,lobbyist,Other / Multi-sector
lobbyist_43712,SHAWN SMEALLIE,lobbyist,Other / Multi-sector
lobbyist_5513,HEATHER PODESTA,lobbyist,Other / Multi-sector
lobbyist_45241,PAUL DOERRER,lobbyist,Other / Multi-sector
lobbyist_52116,GARY PALMQUIST,lobbyist,Other / Multi-sector
lobbyist_61209,MARTIN GOLD,lobbyist,Other / Multi-sector
lobbyist_65067,Y. BRIAN LEE,lobbyist,Other / Multi-sector
lobbyist_52725,CHRIS ISRAEL,lobbyist,Other / Multi-sector
lobbyist_62907,JULIE PHILP,lobbyist,Other / Multi-sector
lobbyist_68428,SEAN JOYCE,lobbyist,Other / Multi-sector
lobbyist_62356,MATTHEW MCGINLEY,lobbyist,Other / Multi-sector
lobbyist_141522,JOSHUA HURVITZ,lobbyist,Other / Multi-sector
lobbyist_63536,DAVID HEIL,lobbyist,Other / Multi-sector
lobbyist_66886,MARNE MAROTTA,lobbyist,Other / Multi-sector
lobbyist_68958,HUNTER HALL,lobbyist,Other / Multi-sector
lobbyist_51076,RONALD ERITANO,lobbyist,Other / Multi-sector
lobbyist_60605,ALBERT WYNN,lobbyist,Other / Multi-sector
lobbyist_140826,TED LEHMAN,lobbyist,Other / Multi-sector
lobbyist_64736,JON GANS,lobbyist,Other / Multi-sector
lobbyist_67394,WILLIAM FOX,lobbyist,Other / Multi-sector
lobbyist_142860,KATHERINE COTTON,lobbyist,Other / Multi-sector
lobbyist_52269,GRANT MITCHELL,lobbyist,Other / Multi-sector
lobbyist_67990,DOUGLAS NAPPI,lobbyist,Other / Multi-sector
lobbyist_80339,CHRISTIAN LEE,lobbyist,Other / Multi-sector
lobbyist_143856,IVELISSE PORROA-GARCIA,lobbyist,Other / Multi-sector
lobbyist_72218,DAVID SKILLMAN,lobbyist,Other / Multi-sector
lobbyist_34903,JOHN CRUMBLISS,lobbyist,Other / Multi-sector
lobbyist_70425,EMILY FELDER,lobbyist,Other / Multi-sector
lobbyist_69242,DAVID LESSTRANG,lobbyist,Other / Multi-sector
lobbyist_139666,JOEL RICHARD,lobbyist,Other / Multi-sector
lobbyist_141909,SCOTT SHEWCRAFT,lobbyist,Other / Multi-sector
lobbyist_61745,DAVID EDWARDS,lobbyist,Other / Multi-sector
lobbyist_51869,TIMOTHY PUNKE,lobbyist,Other / Multi-sector
lobbyist_62301,CHARLES FRENCH,lobbyist,Other / Multi-sector
lobbyist_58256,DAVID HAINES,lobbyist,Technology & Telecom
lobbyist_4835,JOEL JOHNSON,lobbyist,Other / Multi-sector
lobbyist_69256,JUSTIN RZEPKA,lobbyist,Other / Multi-sector
lobbyist_143850,CHRISTOPHER TREANOR,lobbyist,Other / Multi-sector
lobbyist_38177,GREGORY NICKERSON,lobbyist,Other / Multi-sector
lobbyist_147125,PARICK CARROLL,lobbyist,Other / Multi-sector
lobbyist_72792,KEVIN YODER,lobbyist,Other / Multi-sector
lobbyist_59585,AMANDA WOOD,lobbyist,Other / Multi-sector
lobbyist_4796,KEITH MORRISON,lobbyist,Other / Multi-sector
lobbyist_71740,JONATHAN HILER,lobbyist,Other / Multi-sector
lobbyist_23876,DENNIS POTTER,lobbyist,Other / Multi-sector
lobbyist_86091,TODD WOOTEN,lobbyist,Other / Multi-sector
lobbyist_60481,JOEL WIDDER,lobbyist,Other / Multi-sector
lobbyist_38828,ELINOR HILLER,lobbyist,Other / Multi-sector
lobbyist_43409,ROBERT BRADNER,lobbyist,Other / Multi-sector
lobbyist_43975,DANIEL MURPHY,lobbyist,Other / Multi-sector
lobbyist_79144,ERYNN HOOK,lobbyist,Other / Multi-sector
lobbyist_58455,JEFFREY LOVENG,lobbyist,Other / Multi-sector
lobbyist_58486,JENNIFER DIONNE,lobbyist,Other / Multi-sector
lobbyist_38765,CARMENCITA WHONDER,lobbyist,Other / Multi-sector
lobbyist_64753,DEBRA DIXON,lobbyist,Other / Multi-sector
lobbyist_81439,PAUL BOCK,lobbyist,Other / Multi-sector
lobbyist_15310,SUSAN BROPHY,lobbyist,Other / Multi-sector
lobbyist_177,RONALD SORINI,lobbyist,Other / Multi-sector
lobbyist_53901,JEFF BJORNSTAD,lobbyist,Other / Multi-sector
lobbyist_147224,SAMUAL LOVE,lobbyist,Other / Multi-sector
lobbyist_25252,JACK FIELDS,lobbyist,Other / Multi-sector
lobbyist_59642,BRIDGET HAGAN,lobbyist,Other / Multi-sector
lobbyist_66515,KATIE MITCHELL,lobbyist,Other / Multi-sector
lobbyist_24818,ROBERT HICKMOTT,lobbyist,Other / Multi-sector
lobbyist_65204,JASPER THOMSON,lobbyist,Other / Multi-sector
lobbyist_69706,BENJAMIN STEINBERG,lobbyist,Other / Multi-sector
lobbyist_71228,EMILY WILKINSON-HOLLAND,lobbyist,Other / Multi-sector
lobbyist_33824,DAN RENBERG,lobbyist,Other / Multi-sector
lobbyist_63029,LISA RULLI,lobbyist,Other / Multi-sector
lobbyist_109757,TAYLOR SEXTON,lobbyist,Other / Multi-sector
lobbyist_90630,ALEXIS OBERG,lobbyist,Other / Multi-sector
lobbyist_63532,AMY DAVENPORT,lobbyist,Transportation & Auto
lobbyist_20565,ANDREA LARUE,lobbyist,Other / Multi-sector
lobbyist_144898,ERIC BERGREN,lobbyist,Other / Multi-sector
lobbyist_69989,SCOTT BRENNER,lobbyist,Other / Multi-sector
lobbyist_51022,STACEY SMITH,lobbyist,Other / Multi-sector
lobbyist_58185,MICHELLE GREENE,lobbyist,Other / Multi-sector
lobbyist_64036,STUART CHAPMAN,lobbyist,Other / Multi-sector
lobbyist_69358,TRACEY LATURNER,lobbyist,Other / Multi-sector
lobbyist_139496,MARTIN REISER,lobbyist,Other / Multi-sector
lobbyist_65213,SILVANA CALDERA,lobbyist,Other / Multi-sector
lobbyist_69617,ZACHARY PRICE,lobbyist,Other / Multi-sector
lobbyist_101239,MARK WARREN,lobbyist,Other / Multi-sector
lobbyist_98808,ELLIOT HOWARD,lobbyist,Other / Multi-sector
lobbyist_62958,TIMOTHY MCGIVERN,lobbyist,Other / Multi-sector
lobbyist_52134,BRIAN POMPER,lobbyist,Other / Multi-sector
lobbyist_101393,MONIQUE FRAZIER,lobbyist,Other / Multi-sector
lobbyist_86428,RYAN MCCONAGHY,lobbyist,Other / Multi-sector
lobbyist_59571,BRADLEY MOLLET,lobbyist,Other / Multi-sector
lobbyist_106503,ELIZABETH STANLEY,lobbyist,Other / Multi-sector
lobbyist_71054,ALEX GLEASON,lobbyist,Other / Multi-sector
lobbyist_69194,KEVIN EASTMAN,lobbyist,Other / Multi-sector
lobbyist_54164,MELISSA MUELLER,lobbyist,Other / Multi-sector
lobbyist_145286,JOHN ASSINI,lobbyist,Other / Multi-sector
lobbyist_73447,RALPH HELLMANN,lobbyist,Other / Multi-sector
lobbyist_45250,SHERYL COHEN,lobbyist,Other / Multi-sector
lobbyist_67461,SHAVENOR WINTERS,lobbyist,Other / Multi-sector
lobbyist_71066,GRAHAM HALL,lobbyist,Other / Multi-sector
lobbyist_78975,MAHLET MAKONNEN,lobbyist,Other / Multi-sector
lobbyist_116014,CHRISTOPHER EDDOWES,lobbyist,Other / Multi-sector
lobbyist_69342,JESSICA SCHULKEN,lobbyist,Other / Multi-sector
lobbyist_89965,GREG D'ANGELO,lobbyist,Other / Multi-sector
lobbyist_152536,KENDRICK MASTERMAN-BURNS,lobbyist,Other / Multi-sector
lobbyist_66492,PATRICK GRANT,lobbyist,Other / Multi-sector
lobbyist_14319,PAUL CAMBON,lobbyist,Other / Multi-sector
lobbyist_54838,JON PORTER,lobbyist,Transportation & Auto
lobbyist_65487,MAYA SEIDEN,lobbyist,Other / Multi-sector
lobbyist_66821,MICHAEL TOMBERLIN,lobbyist,Other / Multi-sector
lobbyist_68539,DAVID STEWART,lobbyist,Other / Multi-sector
lobbyist_10833,THEODORE BORNSTEIN,lobbyist,Other / Multi-sector
lobbyist_48260,ELIZABETH BARNETT,lobbyist,Other / Multi-sector
lobbyist_51743,ARSHI SIDDIQUI,lobbyist,Other / Multi-sector
lobbyist_61584,AARON CUTLER,lobbyist,Other / Multi-sector
lobbyist_66636,MICHAEL FREEMAN,lobbyist,Other / Multi-sector
lobbyist_71091,ZACKARY LINICK,lobbyist,Other / Multi-sector
lobbyist_73194,KELLIE DONNELLY,lobbyist,Other / Multi-sector
lobbyist_143842,LAURA BOLLIER,lobbyist,Other / Multi-sector
lobbyist_70020,NANCY FOX,lobbyist,Other / Multi-sector
lobbyist_139482,GRAHAM HILL,lobbyist,Other / Multi-sector
lobbyist_50115,ANDREW VANDERJACK,lobbyist,Other / Multi-sector
lobbyist_53388,MIKE MCKAY,lobbyist,Other / Multi-sector
lobbyist_66011,AUSTIN HARRISON,lobbyist,Other / Multi-sector
lobbyist_61653,MARK DEDRICK,lobbyist,Other / Multi-sector
lobbyist_66662,GORDON BATES,lobbyist,Other / Multi-sector
lobbyist_147159,HENRY BRADLEY,lobbyist,Other / Multi-sector
lobbyist_18680,CHRISTOPHER PUTALA,lobbyist,Other / Multi-sector
lobbyist_8927,SCOTT ALIFERIS,lobbyist,Other / Multi-sector
lobbyist_60429,SOHINI GUPTA,lobbyist,Other / Multi-sector
lobbyist_69623,ASHLEY GUNN,lobbyist,Other / Multi-sector
lobbyist_92853,NICOLE MORTIER,lobbyist,Other / Multi-sector
lobbyist_37627,ANDREW HARKER,lobbyist,Other / Multi-sector
lobbyist_101409,MICHAEL LONG,lobbyist,Other / Multi-sector
lobbyist_60601,ROBERT MANGAS,lobbyist,Energy & Environment
lobbyist_50210,PHILIP ENGLISH,lobbyist,Other / Multi-sector
lobbyist_65530,LORI HARJU,lobbyist,Other / Multi-sector
lobbyist_64122,CHRIS JONES,lobbyist,Other / Multi-sector
lobbyist_26545,LOREN MONROE,lobbyist,Other / Multi-sector
lobbyist_47810,GREGG ROTHSCHILD,lobbyist,Other / Multi-sector
lobbyist_71629,MAX ROSEN,lobbyist,Other / Multi-sector
lobbyist_142910,KEVIN CUMMINS,lobbyist,Other / Multi-sector
lobbyist_43711,DAVID URBAN,lobbyist,Other / Multi-sector
lobbyist_69556,JESSICA TOCCO,lobbyist,Other / Multi-sector
lobbyist_43813,MARY BETH MCGOWAN,lobbyist,Other / Multi-sector
lobbyist_70429,ARI ZIMMERMAN,lobbyist,Other / Multi-sector
lobbyist_72742,CARLISLE CLARKE,lobbyist,Other / Multi-sector
lobbyist_142030,SAMANTHA MCLEAN,lobbyist,Other / Multi-sector
lobbyist_151069,JOSEPH BROWN,lobbyist,Other / Multi-sector
lobbyist_100741,JOHN CZERWINSKI,lobbyist,Other / Multi-sector
lobbyist_19132,MICHAEL HERSON,lobbyist,Other / Multi-sector
lobbyist_59711,CLARENCE WILLIAMS,lobbyist,Other / Multi-sector
lobbyist_104509,GENEVIEVE BELTRONE,lobbyist,Other / Multi-sector
lobbyist_53409,D'ARCY PHILPS,lobbyist,Other / Multi-sector
lobbyist_72609,OLIVER SPURGEON III,lobbyist,Other / Multi-sector
lobbyist_143824,JOSEPH HOGAN,lobbyist,Other / Multi-sector
lobbyist_139943,ANDREW USYK,lobbyist,Other / Multi-sector
lobbyist_63394,SARAH HELTON,lobbyist,Other / Multi-sector
lobbyist_146639,THOMAS ANDREWS,lobbyist,Other / Multi-sector
lobbyist_37311,MARY PAVEL,lobbyist,Other / Multi-sector
lobbyist_66964,JARED RIFIS,lobbyist,Other / Multi-sector
lobbyist_48804,KARISHMA PAGE,lobbyist,Other / Multi-sector
lobbyist_68867,BRENDAN DUNN,lobbyist,Other / Multi-sector
lobbyist_70688,JOSHUA GABOTON,lobbyist,Other / Multi-sector
lobbyist_116597,SARAH YOUNG GLACKIN,lobbyist,Other / Multi-sector
lobbyist_10639,MICHAEL BARBERA,lobbyist,Other / Multi-sector
lobbyist_73658,TIMOTHY MARTIN,lobbyist,Other / Multi-sector
lobbyist_67732,DARRYL NIRENBERG,lobbyist,Other / Multi-sector
lobbyist_57826,JONATHAN MCCOLLUM,lobbyist,Other / Multi-sector
lobbyist_62643,HARRIET MELVIN,lobbyist,Other / Multi-sector
lobbyist_94896,PETE GOULD,lobbyist,Other / Multi-sector
lobbyist_134306,RYAN DIFFLEY,lobbyist,Other / Multi-sector
lobbyist_72986,RICK DEARBORN,lobbyist,Other / Multi-sector
lobbyist_143778,WILLIAM DAVIS,lobbyist,Other / Multi-sector
lobbyist_57961,WILLIAM TATUM,lobbyist,Other / Multi-sector
lobbyist_71498,SARAH MARIN,lobbyist,Other / Multi-sector
lobbyist_80766,BRANDON KIRBY,lobbyist,Other / Multi-sector
lobbyist_144121,JEANNE HAGGERTY,lobbyist,Other / Multi-sector
lobbyist_57234,NORM COLEMAN,lobbyist,Other / Multi-sector
lobbyist_71119,ROBERT JONES,lobbyist,Other / Multi-sector
lobbyist_134466,CARLOS JACKSON,lobbyist,Other / Multi-sector
lobbyist_66875,WILLIAM KATT,lobbyist,Other / Multi-sector
lobbyist_138930,CHANNON HANNA,lobbyist,Other / Multi-sector
lobbyist_143888,SAATHVIK ALETY,lobbyist,Other / Multi-sector
lobbyist_59381,TARA SMITH,lobbyist,Other / Multi-sector
lobbyist_67220,ANDREW KAUDERS,lobbyist,Other / Multi-sector
lobbyist_147545,ASHLI SCOTT PALMER,lobbyist,Other / Multi-sector
lobbyist_2190,FRANK VLOSSAK,lobbyist,Other / Multi-sector
lobbyist_53472,VALERIE HENRY,lobbyist,Other / Multi-sector
lobbyist_54701,JAMES DERDERIAN,lobbyist,Other / Multi-sector
lobbyist_71326,GALEN ROEHL,lobbyist,Other / Multi-sector
lobbyist_48284,JOHN COLBERT,lobbyist,Other / Multi-sector
lobbyist_100441,DANIEL SENNOTT,lobbyist,Other / Multi-sector
lobbyist_107139,CLAYTON HAYES,lobbyist,Other / Multi-sector
lobbyist_38879,SCOTT DACEY,lobbyist,Other / Multi-sector
lobbyist_145728,BENJAMIN TURNER,lobbyist,Other / Multi-sector
lobbyist_68649,RYAN BERNSTEIN,lobbyist,Other / Multi-sector
lobbyist_113477,KATIE HAZLETT,lobbyist,Other / Multi-sector
lobbyist_59931,ALAN WHEAT,lobbyist,Agriculture & Food
lobbyist_62404,JAMES BRANDELL,lobbyist,Other / Multi-sector
lobbyist_93936,HUNTER MORGEN,lobbyist,Other / Multi-sector
lobbyist_116668,JULIE SHROYER,lobbyist,Other / Multi-sector
lobbyist_138392,REBECCA SHAW,lobbyist,Other / Multi-sector
lobbyist_93678,TOLA THOMPSON,lobbyist,Other / Multi-sector
lobbyist_85412,ANDREW JONES,lobbyist,Other / Multi-sector
lobbyist_33975,DAVID COHEN,lobbyist,Other / Multi-sector
lobbyist_79415,LILIA HORDER,lobbyist,Other / Multi-sector
lobbyist_52474,STEPHEN PERANICH,lobbyist,Other / Multi-sector
lobbyist_48120,ALEXANDER STERNHELL,lobbyist,Other / Multi-sector
lobbyist_65356,MICHAEL HIGDON,lobbyist,Other / Multi-sector
lobbyist_68905,KATHRYN WISE,lobbyist,Other / Multi-sector
lobbyist_1526,MARLA GROSSMAN,lobbyist,Other / Multi-sector
lobbyist_55359,CATHERINE FINLEY,lobbyist,Other / Multi-sector
lobbyist_72863,NEAL PATEL,lobbyist,Other / Multi-sector
lobbyist_45210,NICHOLAS PYLE,lobbyist,Other / Multi-sector
lobbyist_71388,KATHERINE KEATING,lobbyist,Other / Multi-sector
lobbyist_57833,RICHARD HARMON,lobbyist,Other / Multi-sector
lobbyist_67634,JUSTIN SAYFIE,lobbyist,Other / Multi-sector
lobbyist_79182,BENJAMIN HOWARD,lobbyist,Other / Multi-sector
lobbyist_45300,DONNA DENISON,lobbyist,Other / Multi-sector
lobbyist_46567,KATHRYN LEHMAN,lobbyist,Other / Multi-sector
lobbyist_49748,MARK LINDSAY,lobbyist,Other / Multi-sector
lobbyist_114912,NOAH MARINE,lobbyist,Other / Multi-sector
lobbyist_46386,JENNIFER LUKAWSKI,lobbyist,Other / Multi-sector
lobbyist_72342,RYAN LEAVITT,lobbyist,Other / Multi-sector
lobbyist_67864,CHRISTIAN MORGAN,lobbyist,Other / Multi-sector
lobbyist_140175,BEN HARNEY,lobbyist,Other / Multi-sector
lobbyist_67679,JEFFREY WIENER,lobbyist,Other / Multi-sector
lobbyist_7488,CESAR CONDA,lobbyist,Other / Multi-sector
lobbyist_59003,ERIC BERGER,lobbyist,Other / Multi-sector
lobbyist_63611,KRISTINE BLACKWOOD,lobbyist,Other / Multi-sector
lobbyist_72000,TRAVIS JOHNSON,lobbyist,Other / Multi-sector
lobbyist_141547,DAVID MARTEN,lobbyist,Other / Multi-sector
lobbyist_47483,LAURIE PURPURO,lobbyist,Other / Multi-sector
lobbyist_64545,TYLER NELSON,lobbyist,Other / Multi-sector
lobbyist_65579,ETHAN JORGENSEN-EARP,lobbyist,Other / Multi-sector
lobbyist_69833,RANDALL DEVALK,lobbyist,Other / Multi-sector
lobbyist_73575,ALEXANDER ANGELSON,lobbyist,Other / Multi-sector
lobbyist_72216,MEGAN MOORE,lobbyist,Other / Multi-sector
lobbyist_70135,RODNEY WHITLOCK,lobbyist,Other / Multi-sector
lobbyist_107000,MICHAEL GAFFIN,lobbyist,Other / Multi-sector
lobbyist_69258,GREGORY NOLL,lobbyist,Other / Multi-sector
lobbyist_18054,DAVID CROW,lobbyist,Other / Multi-sector
lobbyist_46175,PETE KIRKHAM,lobbyist,Other / Multi-sector
lobbyist_64027,SUDAFI HENRY,lobbyist,Other / Multi-sector
lobbyist_67371,NEELY SILBEY,lobbyist,Other / Multi-sector
lobbyist_69446,STEPHANIE WALKER,lobbyist,Other / Multi-sector
lobbyist_39924,STANLEY KOLBE,lobbyist,Other / Multi-sector
lobbyist_40740,TIMOTHY TRYSLA,lobbyist,Other / Multi-sector
lobbyist_58110,JESSE APPLETON,lobbyist,Technology & Telecom
lobbyist_33094,JAMES ERVIN,lobbyist,Other / Multi-sector
lobbyist_67003,MIKE AHERN,lobbyist,Other / Multi-sector
lobbyist_70895,RONTEL BATIE,lobbyist,Other / Multi-sector
lobbyist_66925,ED KUTLER,lobbyist,Other / Multi-sector
lobbyist_67911,TODD BERTOSON,lobbyist,Other / Multi-sector
lobbyist_70223,KRISTEN O'NEILL,lobbyist,Other / Multi-sector
lobbyist_3763,ERIKA MILLER,lobbyist,Other / Multi-sector
lobbyist_45125,VAN HIPP,lobbyist,Other / Multi-sector
lobbyist_46225,MICHAEL BELL,lobbyist,Other / Multi-sector
lobbyist_56443,RICK DESIMONE,lobbyist,Other / Multi-sector
lobbyist_60462,PATRICK PETTEY,lobbyist,Other / Multi-sector
lobbyist_111199,IVONNE HERNANDEZ LOPEZ,lobbyist,Other / Multi-sector
lobbyist_79410,ANTHONY BEDELL,lobbyist,Other / Multi-sector
lobbyist_106933,SCOTT GELBMAN,lobbyist,Other / Multi-sector
lobbyist_63173,AMY SWONGER,lobbyist,Other / Multi-sector
lobbyist_68897,JOSH FINESTONE,lobbyist,Other / Multi-sector
lobbyist_100784,BRYAN ZUMWALT,lobbyist,Other / Multi-sector
lobbyist_63527,SEAN TAYLOR,lobbyist,Other / Multi-sector
lobbyist_142223,STEVEN PFRANG,lobbyist,Other / Multi-sector
lobbyist_65954,REBECCA KANNINEN,lobbyist,Other / Multi-sector
lobbyist_66631,SARA LOVE RAWLINGS,lobbyist,Other / Multi-sector
lobbyist_52327,MAURICIO TAMARGO,lobbyist,Other / Multi-sector
lobbyist_61665,JAMES KOLB,lobbyist,Other / Multi-sector
lobbyist_141071,CHUCK BRAIN,lobbyist,Technology & Telecom
lobbyist_55557,NATHANIEL BELL,lobbyist,Other / Multi-sector
lobbyist_21934,BETH VIOLA,lobbyist,Other / Multi-sector
lobbyist_70229,NICHOLAS CHOATE,lobbyist,Other / Multi-sector
lobbyist_70742,JEN ADLER,lobbyist,Other / Multi-sector
lobbyist_44092,ROGER SZEMRAJ,lobbyist,Other / Multi-sector
lobbyist_46005,LAURA LAY,lobbyist,Other / Multi-sector
lobbyist_73396,ANTHONY HOBBS,lobbyist,Other / Multi-sector
lobbyist_95482,BENJAMIN JARRETT,lobbyist,Other / Multi-sector
lobbyist_14074,BRIAN GRIFFIN,lobbyist,Other / Multi-sector
lobbyist_61187,JEREMY RABINOVITZ,lobbyist,Other / Multi-sector
lobbyist_70883,ANDREW WINER,lobbyist,Other / Multi-sector
lobbyist_21907,GERALD HARRINGTON,lobbyist,Other / Multi-sector
lobbyist_71898,MICHAEL ROGERS,lobbyist,Other / Multi-sector
lobbyist_63331,TREVOR KOLEGO,lobbyist,Other / Multi-sector
lobbyist_69170,MATT HOFFMANN,lobbyist,Other / Multi-sector
lobbyist_102194,JANICE BASHFORD,lobbyist,Transportation & Auto
lobbyist_139645,DONALD POLESE,lobbyist,Other / Multi-sector
lobbyist_65031,ELIZABETH WHITNEY,lobbyist,Other / Multi-sector
lobbyist_66608,MICHAEL KESTI,lobbyist,Other / Multi-sector
lobbyist_52320,JASON POBLETE,lobbyist,Other / Multi-sector
lobbyist_61254,SUZANNE SULLIVAN,lobbyist,Other / Multi-sector
lobbyist_61847,LELAND COGLIANI,lobbyist,Other / Multi-sector
lobbyist_139052,JOANNE SEARS,lobbyist,Other / Multi-sector
lobbyist_73075,ALANNA TEMME,lobbyist,Other / Multi-sector
lobbyist_108971,JACK CAMPBELL,lobbyist,Other / Multi-sector
lobbyist_7527,WALKER ROBERTS,lobbyist,Other / Multi-sector
lobbyist_52936,JOHN MCMICKLE,lobbyist,Other / Multi-sector
lobbyist_142000,ROBERT BABCOCK,lobbyist,Other / Multi-sector
lobbyist_37794,DANIEL BOSTON,lobbyist,Other / Multi-sector
lobbyist_48894,CHARLES MELLODY,lobbyist,Other / Multi-sector
lobbyist_68970,DIEGO SANCHEZ,lobbyist,Other / Multi-sector
lobbyist_108446,JOHN STEITZ,lobbyist,Other / Multi-sector
lobbyist_54249,BART GORDON,lobbyist,Other / Multi-sector
lobbyist_62229,ROBERT LEHMAN,lobbyist,Other / Multi-sector
lobbyist_100727,TOM QUINN,lobbyist,Other / Multi-sector
lobbyist_71355,WARREN PAYNE,lobbyist,Other / Multi-sector
lobbyist_115306,VALERIE WEST,lobbyist,Other / Multi-sector
lobbyist_141958,SARAH VENUTO,lobbyist,Other / Multi-sector
lobbyist_51449,CARLYLE THORSEN,lobbyist,Other / Multi-sector
lobbyist_55738,STEPHEN WARD,lobbyist,Other / Multi-sector
lobbyist_22642,JOSH RUBIN,lobbyist,Other / Multi-sector
lobbyist_69611,KELLY MCGRATH,lobbyist,Other / Multi-sector
lobbyist_65028,EMILY PETERSON,lobbyist,Other / Multi-sector
lobbyist_45807,CHRISTOPHER DELACY,lobbyist,Other / Multi-sector
lobbyist_60021,TODD HARMER,lobbyist,Other / Multi-sector
lobbyist_40951,PETER EVICH,lobbyist,Other / Multi-sector
lobbyist_48786,DAVID WILKINS,lobbyist,Other / Multi-sector
lobbyist_97583,LAWRENCE ECKHOUSE,lobbyist,Other / Multi-sector
lobbyist_53473,TYRON PICARD,lobbyist,Other / Multi-sector
lobbyist_66078,RICHARD GIBBS,lobbyist,Other / Multi-sector
lobbyist_68503,MEGAN PEREZ BURKE,lobbyist,Other / Multi-sector
lobbyist_63788,BRIAN GLACKIN,lobbyist,Other / Multi-sector
lobbyist_3503,HALEY BARBOUR,lobbyist,Other / Multi-sector
lobbyist_138111,JOSHUA TEITELBAUM,lobbyist,Other / Multi-sector
lobbyist_38579,RICHARD ROBERTS,lobbyist,Other / Multi-sector
lobbyist_53886,ELIZABETH BURKS,lobbyist,Other / Multi-sector
lobbyist_56748,ALEX DELPIZZO,lobbyist,Other / Multi-sector
lobbyist_10172,JANE LOEWENSON,lobbyist,Other / Multi-sector
lobbyist_140255,CHRISTOPHER BUKI,lobbyist,Other / Multi-sector
lobbyist_65208,LESTER MUNSON,lobbyist,Other / Multi-sector
lobbyist_103387,BRETT BAKER,lobbyist,Other / Multi-sector
lobbyist_69298,GINA FOOTE,lobbyist,Other / Multi-sector
lobbyist_1101,DAVE LARSON,lobbyist,Other / Multi-sector
lobbyist_61108,DOUGLAS MAGUIRE,lobbyist,Other / Multi-sector
lobbyist_29795,AARON SUNTAG,lobbyist,Other / Multi-sector
lobbyist_62883,DARREL THOMPSON,lobbyist,Other / Multi-sector
lobbyist_143189,JANE SARGENT,lobbyist,Other / Multi-sector
lobbyist_67819,ANA MA,lobbyist,Other / Multi-sector
lobbyist_78896,JOEY SMITH,lobbyist,Other / Multi-sector
lobbyist_41569,ALLISON KASSIR,lobbyist,Other / Multi-sector
lobbyist_67597,JENNIFER ELLISON,lobbyist,Other / Multi-sector
lobbyist_26193,JAMES TUCKER,lobbyist,Other / Multi-sector
lobbyist_79448,ANDREW TERP,lobbyist,Other / Multi-sector
lobbyist_69616,DAVID WEISSMAN,lobbyist,Other / Multi-sector
lobbyist_59574,DANIEL CROWLEY,lobbyist,Other / Multi-sector
lobbyist_38035,DARYL OWEN,lobbyist,Other / Multi-sector
lobbyist_72793,CHARLES CARITHERS,lobbyist,Other / Multi-sector
lobbyist_104752,RUSS KELLEY,lobbyist,Other / Multi-sector
lobbyist_143814,CASEY HIGGINS,lobbyist,Other / Multi-sector
lobbyist_144259,PATRICK SATALIN,lobbyist,Other / Multi-sector
lobbyist_66010,ANDREW KING,lobbyist,Other / Multi-sector
lobbyist_68907,PAUL REAGAN,lobbyist,Other / Multi-sector
lobbyist_141889,STACY MCBRIDE,lobbyist,Other / Multi-sector
lobbyist_47312,ALEXANDER SILBEY,lobbyist,Other / Multi-sector
lobbyist_67072,AMY JENSEN,lobbyist,Other / Multi-sector
lobbyist_67714,SARAH EGGE,lobbyist,Other / Multi-sector
lobbyist_92875,JOSEPH BRITTON,lobbyist,Other / Multi-sector
lobbyist_138478,PAUL SHEARER,lobbyist,Other / Multi-sector
lobbyist_73496,JOHANNA GRAY,lobbyist,Other / Multi-sector
lobbyist_86510,MAIA ESTES,lobbyist,Technology & Telecom
lobbyist_107193,LARRY MEYERS,lobbyist,Other / Multi-sector
lobbyist_61961,HOWARD MARLOWE,lobbyist,Other / Multi-sector
lobbyist_68655,ALLEN SHOFE,lobbyist,Other / Multi-sector
lobbyist_73823,CHESTER LOTT,lobbyist,Other / Multi-sector
lobbyist_1266,DUANE GIBSON,lobbyist,Other / Multi-sector
lobbyist_3250,KRISTINA KENNEDY,lobbyist,Other / Multi-sector
lobbyist_32132,DAVID ANDERSON,lobbyist,Other / Multi-sector
lobbyist_115644,LAURI NG,lobbyist,Other / Multi-sector
lobbyist_16739,TIM STEWART,lobbyist,Other / Multi-sector
lobbyist_26120,VICKI HART,lobbyist,Other / Multi-sector
lobbyist_48877,ADAM INGOLS,lobbyist,Other / Multi-sector
lobbyist_68626,BRENDAN KRETZSCHMAR,lobbyist,Other / Multi-sector
lobbyist_139591,EDWARD ROYCE,lobbyist,Other / Multi-sector
lobbyist_55142,JENNIFER STEWART,lobbyist,Other / Multi-sector
lobbyist_72487,CHARLES RATHBURN,lobbyist,Other / Multi-sector
lobbyist_144864,SASHA HERNANDEZ,lobbyist,Other / Multi-sector
lobbyist_15073,MARCUS LUBIN,lobbyist,Other / Multi-sector
lobbyist_69605,ALEXANDRA CAMPAU,lobbyist,Other / Multi-sector
lobbyist_72184,NORMA KRAYEM,lobbyist,Other / Multi-sector
lobbyist_56588,JUSTIN DALY,lobbyist,Other / Multi-sector
lobbyist_58996,BLANCHE LINCOLN,lobbyist,Other / Multi-sector
lobbyist_64123,ADAM HIGGINS,lobbyist,Other / Multi-sector
lobbyist_64530,AMY BUDNER SMITH,lobbyist,Other / Multi-sector
lobbyist_93892,JENNIFER STORIPAN,lobbyist,Other / Multi-sector
lobbyist_143123,JESSIE BRAIRTON,lobbyist,Technology & Telecom
lobbyist_68345,BRYAN ALPHIN,lobbyist,Other / Multi-sector
lobbyist_72125,KEVIN BAILEY,lobbyist,Technology & Telecom
lobbyist_67183,STEVEN BOMS,lobbyist,Other / Multi-sector
lobbyist_140065,PAUL SASS,lobbyist,Other / Multi-sector
lobbyist_144729,CHRISTOPHER KEOSIAN,lobbyist,Other / Multi-sector
lobbyist_38865,LISA FOSTER,lobbyist,Other / Multi-sector
lobbyist_51440,JAMES FRENCH,lobbyist,Other / Multi-sector
lobbyist_64355,MATTHEW BORMET,lobbyist,Other / Multi-sector
lobbyist_68761,DAVID VITTER,lobbyist,Other / Multi-sector
lobbyist_58709,JEFFERY WALTER,lobbyist,Other / Multi-sector
lobbyist_70276,GABRIEL PELLATHY,lobbyist,Other / Multi-sector
lobbyist_93141,JEFFERIES MURRAY,lobbyist,Other / Multi-sector
lobbyist_65471,ROBERT WASINGER,lobbyist,Other / Multi-sector
lobbyist_72182,ALBERT KAMMLER,lobbyist,Other / Multi-sector
lobbyist_107192,TIMOTHY DAY,lobbyist,Other / Multi-sector
lobbyist_4989,ALLEN FREEMYER,lobbyist,Other / Multi-sector
lobbyist_51704,CONNIE MYERS,lobbyist,Other / Multi-sector
lobbyist_99946,KAROLINA ARIAS,lobbyist,Other / Multi-sector
lobbyist_51394,MENDA FIFE,lobbyist,Other / Multi-sector
lobbyist_71046,RYAN SEROTE,lobbyist,Other / Multi-sector
lobbyist_54740,MARY BAKER,lobbyist,Other / Multi-sector
lobbyist_61574,BRANDON ROMAN,lobbyist,Other / Multi-sector
lobbyist_72129,JEFFREY DENHAM,lobbyist,Other / Multi-sector
lobbyist_72385,DAVID REDL,lobbyist,Other / Multi-sector
lobbyist_47530,AMY CARNEVALE,lobbyist,Other / Multi-sector
lobbyist_96834,JED BHUTA,lobbyist,Other / Multi-sector
lobbyist_43785,STEVEN VALENTINE,lobbyist,Other / Multi-sector
lobbyist_69878,EDEN SHIFERAW,lobbyist,Other / Multi-sector
lobbyist_124311,CHRISTOPHER CORLEY,lobbyist,Other / Multi-sector
lobbyist_141462,MARY BEAL,lobbyist,Other / Multi-sector
lobbyist_118200,JESSICA MARTINEZ,lobbyist,Other / Multi-sector
lobbyist_56752,GLYNDA BECKER FENTER,lobbyist,Other / Multi-sector
lobbyist_66687,DREW COLE,lobbyist,Other / Multi-sector
lobbyist_102514,JONATHAN KOTT,lobbyist,Other / Multi-sector
lobbyist_51663,JAMES SARTUCCI,lobbyist,Other / Multi-sector
lobbyist_61515,BENJAMIN GROVE,lobbyist,Other / Multi-sector
lobbyist_63815,DAVID THOMPSON,lobbyist,Other / Multi-sector
lobbyist_66858,AMANDA FENTON,lobbyist,Other / Multi-sector
lobbyist_73468,ANSLEY ERDEL,lobbyist,Other / Multi-sector
lobbyist_71017,GAYLE GERDES,lobbyist,Other / Multi-sector
lobbyist_67202,BRAD GENTILE,lobbyist,Other / Multi-sector
lobbyist_67409,BRANDT HERSHMAN,lobbyist,Other / Multi-sector
lobbyist_70632,BRETT HEWITT,lobbyist,Other / Multi-sector
lobbyist_71287,DAVID PEARCE,lobbyist,Other / Multi-sector
lobbyist_55097,STEVEN BLOCH,lobbyist,Other / Multi-sector
lobbyist_122259,ADAM TARR,lobbyist,Other / Multi-sector
lobbyist_44665,ESTUARDO RODRIGUEZ,lobbyist,Other / Multi-sector
lobbyist_57250,NICOLE DI RESTA,lobbyist,Other / Multi-sector
lobbyist_65072,KYLE CORMNEY,lobbyist,Other / Multi-sector
lobbyist_100976,ANDREA MARES,lobbyist,Other / Multi-sector
lobbyist_52671,MICHELE STOCKWELL,lobbyist,Other / Multi-sector
lobbyist_68596,RICHARD SULLIVAN,lobbyist,Other / Multi-sector
lobbyist_80347,MOSHE SCHWARTZ,lobbyist,Other / Multi-sector
lobbyist_112325,SAMANTHA SWING,lobbyist,Other / Multi-sector
lobbyist_42321,PATRICK COONEY,lobbyist,Other / Multi-sector
lobbyist_139812,KRISTEN BAUTZ,lobbyist,Other / Multi-sector
lobbyist_4106,LAWRENCE WILLCOX,lobbyist,Other / Multi-sector
lobbyist_52846,KARA RINALDI,lobbyist,Other / Multi-sector
lobbyist_67163,LAUREN FLYNN,lobbyist,Other / Multi-sector
lobbyist_72039,MILAN DALAL,lobbyist,Other / Multi-sector
lobbyist_101293,JENNIFER READ,lobbyist,Other / Multi-sector
lobbyist_79254,ANN MARIE BUERKLE,lobbyist,Other / Multi-sector
lobbyist_100994,SARAH MONTEITH,lobbyist,Other / Multi-sector
lobbyist_139472,ALEXANDER HECHT,lobbyist,Other / Multi-sector
lobbyist_143186,NICHOLAS MANETTO,lobbyist,Other / Multi-sector
lobbyist_63604,GREGORY LOUER,lobbyist,Other / Multi-sector
lobbyist_68660,MICHAEL GOO,lobbyist,Other / Multi-sector
lobbyist_87379,A.J. WOJCIAK,lobbyist,Other / Multi-sector
lobbyist_139835,BRYAN WELLS,lobbyist,Other / Multi-sector
lobbyist_61765,ROBERT EPPLIN,lobbyist,Other / Multi-sector
lobbyist_1057,JOHN CAHILL,lobbyist,Other / Multi-sector
lobbyist_55171,MITCH BUTLER,lobbyist,Other / Multi-sector
lobbyist_106919,LOGAN HOLLERS,lobbyist,Other / Multi-sector
lobbyist_114771,THADDEUS INGE,lobbyist,Other / Multi-sector
lobbyist_142772,ROBERT MOSS,lobbyist,Other / Multi-sector
lobbyist_65577,JOHN BOHANAN,lobbyist,Other / Multi-sector
lobbyist_70028,TODD WOMACK,lobbyist,Other / Multi-sector
lobbyist_139217,WARD CORMIER,lobbyist,Other / Multi-sector
lobbyist_48942,LISA WALTZMAN,lobbyist,Other / Multi-sector
lobbyist_107259,JOHN TWOMEY,lobbyist,Other / Multi-sector
lobbyist_143006,TRACY TOLK,lobbyist,Other / Multi-sector
lobbyist_43042,PATRICK RAFFANIELLO,lobbyist,Other / Multi-sector
lobbyist_50796,RICH MEADE,lobbyist,Other / Multi-sector
lobbyist_67436,JUSTIN PERKINS,lobbyist,Other / Multi-sector
lobbyist_68021,LOUIS AGNELLO,lobbyist,Other / Multi-sector
lobbyist_94230,DAVID GASSON,lobbyist,Energy & Environment
lobbyist_106874,JARROD LOADHOLT,lobbyist,Other / Multi-sector
lobbyist_59606,DIANE MAJOR,lobbyist,Other / Multi-sector
lobbyist_60562,KENDALL HUSSEY,lobbyist,Other / Multi-sector
lobbyist_61445,DEBORAH BURRELL,lobbyist,Other / Multi-sector
lobbyist_64952,KATE HALLAHAN,lobbyist,Other / Multi-sector
lobbyist_71413,BRUCE EVANS,lobbyist,Other / Multi-sector
lobbyist_18762,MARC GERSON,lobbyist,Other / Multi-sector
lobbyist_15532,STACEY HUGHES,lobbyist,Other / Multi-sector
lobbyist_63519,JACOB TRIOLO,lobbyist,Other / Multi-sector
lobbyist_79043,JULIA ANGELOTTI,lobbyist,Other / Multi-sector
lobbyist_37493,EDWARD STEINER,lobbyist,Other / Multi-sector
lobbyist_59478,TYLER THOMPSON,lobbyist,Other / Multi-sector
lobbyist_66127,WILLIAM MCGRATH,lobbyist,Other / Multi-sector
lobbyist_71071,FERNANDO RUIZ,lobbyist,Other / Multi-sector
lobbyist_102589,FRED TURNER,lobbyist,Other / Multi-sector
lobbyist_138381,SCOTT TOMINOVICH,lobbyist,Other / Multi-sector
lobbyist_147260,MATTHEW BERZOK,lobbyist,Other / Multi-sector
lobbyist_58865,PETER LAWSON,lobbyist,Other / Multi-sector
lobbyist_59264,JASON ABEL,lobbyist,Other / Multi-sector
lobbyist_60242,EBONY SIMPSON,lobbyist,Other / Multi-sector
lobbyist_72759,ASHLI PALMER,lobbyist,Other / Multi-sector
lobbyist_143320,KATIE SCHOETTLER,lobbyist,Other / Multi-sector
lobbyist_24285,MICHAEL GALANO,lobbyist,Other / Multi-sector
lobbyist_44683,LEONARD SIMON,lobbyist,Other / Multi-sector
lobbyist_139949,WILLIAM LILES,lobbyist,Other / Multi-sector
lobbyist_140174,KIRA FLAHERTY,lobbyist,Other / Multi-sector
lobbyist_68891,EDUARDO ZAPIEN,lobbyist,Other / Multi-sector
lobbyist_72847,PETER ROSKAM,lobbyist,Other / Multi-sector
lobbyist_29197,SUSAN RAMTHUN,lobbyist,Other / Multi-sector
lobbyist_73518,RENE MUNOZ,lobbyist,Other / Multi-sector
lobbyist_60176,BRENDA REESE,lobbyist,Other / Multi-sector
lobbyist_71540,CHRISTOPHER MINAKOWSKI,lobbyist,Other / Multi-sector
lobbyist_137456,PENELOPE FARTHING,lobbyist,Other / Multi-sector
lobbyist_139665,DAN GREENWOOD,lobbyist,Other / Multi-sector
lobbyist_138179,AUGUSTUS MAPLES,lobbyist,Other / Multi-sector
lobbyist_140141,DREW GRIFFIN,lobbyist,Other / Multi-sector
lobbyist_143732,MATTHEW KELLOGG,lobbyist,Other / Multi-sector
lobbyist_44086,BRIGEN WINTERS,lobbyist,Other / Multi-sector
lobbyist_72029,GREG LANKLER,lobbyist,Other / Multi-sector
lobbyist_47350,SEAN MCGLYNN,lobbyist,Other / Multi-sector
lobbyist_69933,DAVID HOOVER,lobbyist,Other / Multi-sector
lobbyist_139804,KARYN RICHMAN,lobbyist,Other / Multi-sector
lobbyist_50807,STEFAN BAILEY,lobbyist,Technology & Telecom
lobbyist_71247,MARTI THOMAS,lobbyist,Other / Multi-sector
lobbyist_100815,JARED WEAVER,lobbyist,Other / Multi-sector
lobbyist_137858,MISHA LEHRER,lobbyist,Other / Multi-sector
lobbyist_63704,NICK KOLOVOS,lobbyist,Other / Multi-sector
lobbyist_143170,JOHN CHRISTIE,lobbyist,Other / Multi-sector
lobbyist_143793,CHRISTOPHER COOPER,lobbyist,Other / Multi-sector
lobbyist_71541,ANDERSON HEIMAN,lobbyist,Other / Multi-sector
lobbyist_138622,HEATHER VOORMAN,lobbyist,Other / Multi-sector
lobbyist_140648,CAITLIN CANTER,lobbyist,Technology & Telecom
lobbyist_60602,TIM HUTCHINSON,lobbyist,Other / Multi-sector
lobbyist_62208,CASIE DAUGHERTY,lobbyist,Other / Multi-sector
lobbyist_65939,JOHN EASTON,lobbyist,Other / Multi-sector
lobbyist_46918,THOMAS BRIERTON,lobbyist,Other / Multi-sector
lobbyist_48806,CRAIG METZ,lobbyist,Technology & Telecom
lobbyist_65363,KATE ROSE,lobbyist,Other / Multi-sector
lobbyist_69397,MATTHEW SPIKES,lobbyist,Other / Multi-sector
lobbyist_103206,ADAM STEINMETZ,lobbyist,Other / Multi-sector
lobbyist_58249,DE'ANA DOW,lobbyist,Other / Multi-sector
lobbyist_93522,STACEY ROLLAND,lobbyist,Other / Multi-sector
lobbyist_139011,BYRON WILLIAMS,lobbyist,Other / Multi-sector
lobbyist_57044,CHRISTOPHER CARON,lobbyist,Other / Multi-sector
lobbyist_71419,JEFFREY MUNK,lobbyist,Other / Multi-sector
lobbyist_70956,ERYKKA THOMPSON,lobbyist,Other / Multi-sector
lobbyist_2371,JON BOUKER,lobbyist,Other / Multi-sector
lobbyist_139989,KATELYN BUNNING,lobbyist,Other / Multi-sector
lobbyist_72938,MARGARET FRANKLIN,lobbyist,Other / Multi-sector
lobbyist_3688,MITCHELL FEUER,lobbyist,Other / Multi-sector
lobbyist_66261,ANDREW LITTMAN,lobbyist,Other / Multi-sector
lobbyist_71522,BENJAMIN BROWN,lobbyist,Other / Multi-sector
lobbyist_54451,RYAN SMITH,lobbyist,Other / Multi-sector
lobbyist_58419,LUKE JOHNSON,lobbyist,Other / Multi-sector
lobbyist_63612,PARI MODY,lobbyist,Other / Multi-sector
lobbyist_143718,PAUL WEISS,lobbyist,Other / Multi-sector
lobbyist_70737,KELLEY HUDAK,lobbyist,Other / Multi-sector
lobbyist_139167,GREG WALDEN,lobbyist,Other / Multi-sector
lobbyist_54797,JAMES HALL,lobbyist,Other / Multi-sector
lobbyist_69457,DONALD BRAMER,lobbyist,Other / Multi-sector
lobbyist_73516,CASEY BROUHARD,lobbyist,Other / Multi-sector
lobbyist_141279,JOSEPH BRAZAUSKAS,lobbyist,Other / Multi-sector
lobbyist_145020,REBECCA ALCORN,lobbyist,Agriculture & Food
lobbyist_67125,CRYSTAL ELLERBE,lobbyist,Other / Multi-sector
lobbyist_70608,LAMAR SMITH,lobbyist,Other / Multi-sector
lobbyist_71987,CHRISTOPHER CARNEY,lobbyist,Other / Multi-sector
lobbyist_142519,JOSEPH MELO,lobbyist,Other / Multi-sector
lobbyist_53458,MATT WISE,lobbyist,Other / Multi-sector
lobbyist_60098,HANNAH LAMBIOTTE SMITH,lobbyist,Other / Multi-sector
lobbyist_148710,KIERSTIN STRADFORD-PATTERSON,lobbyist,Transportation & Auto
lobbyist_52422,JENNIFER BELL,lobbyist,Other / Multi-sector
lobbyist_51923,MUFTIAH MCCARTIN,lobbyist,Other / Multi-sector
lobbyist_70555,LUKE STRIMER,lobbyist,Other / Multi-sector
lobbyist_146970,MADELINE VOITIER,lobbyist,Other / Multi-sector
lobbyist_70700,DAVID OXNER,lobbyist,Other / Multi-sector
lobbyist_40724,JAMES BARKER,lobbyist,Other / Multi-sector
lobbyist_58199,JAMES BARNETTE,lobbyist,Other / Multi-sector
lobbyist_61240,ANDRE MONETTE,lobbyist,Other / Multi-sector
lobbyist_67156,KYLE RUCKERT,lobbyist,Other / Multi-sector
lobbyist_69854,PATRICK MARTIN,lobbyist,Other / Multi-sector
lobbyist_115068,MICHAEL OSCAR,lobbyist,Other / Multi-sector
lobbyist_94404,BRYAN MAXWELL,lobbyist,Other / Multi-sector
lobbyist_148621,C. MAGGIE (MOORE) AARON,lobbyist,Other / Multi-sector
lobbyist_99335,NOE GARCIA,lobbyist,Other / Multi-sector
lobbyist_139925,JOSEFINA PRESCOTT,lobbyist,Other / Multi-sector
lobbyist_141629,CHRISTOPHER DAVIS,lobbyist,Other / Multi-sector
lobbyist_143287,KELSEY CARLSON,lobbyist,Other / Multi-sector
lobbyist_138330,JOHN WEBER,lobbyist,Other / Multi-sector
lobbyist_48015,JENNIFER PHARAOH,lobbyist,Other / Multi-sector
lobbyist_127340,DARIN GARDNER,lobbyist,Other / Multi-sector
lobbyist_141890,MAGGIE MCGRANE,lobbyist,Other / Multi-sector
lobbyist_6078,CHRISTINE PELLERIN,lobbyist,Other / Multi-sector
lobbyist_27500,KENNETH KIES,lobbyist,Other / Multi-sector
lobbyist_53051,CLIFF ROTHENSTEIN,lobbyist,Other / Multi-sector
lobbyist_64756,MATT WEINSTEIN,lobbyist,Other / Multi-sector
lobbyist_79412,ALFONSO LOPEZ,lobbyist,Other / Multi-sector
lobbyist_100901,KENNY ROBERTS,lobbyist,Other / Multi-sector
lobbyist_43651,JOHN RUSSELL,lobbyist,Other / Multi-sector
lobbyist_51406,ROGER MURRY,lobbyist,Other / Multi-sector
lobbyist_63167,MATTHEW HINCH,lobbyist,Other / Multi-sector
lobbyist_65058,JOHN STANFORD,lobbyist,Transportation & Auto
lobbyist_67626,SARA LINDER,lobbyist,Other / Multi-sector
lobbyist_68374,LAWRENCE GROSSMAN,lobbyist,Other / Multi-sector
lobbyist_143861,EMILY LAVERY,lobbyist,Other / Multi-sector
lobbyist_63658,JOSHUA LAROSE,lobbyist,Other / Multi-sector
lobbyist_32389,DON NICKLES,lobbyist,Other / Multi-sector
lobbyist_53513,ROBERT ELLSWORTH,lobbyist,Other / Multi-sector
lobbyist_31634,JAMIE JONES,lobbyist,Other / Multi-sector
lobbyist_93440,LUCIA ALONZO,lobbyist,Other / Multi-sector
lobbyist_100455,KATE GONZALES,lobbyist,Other / Multi-sector
lobbyist_142566,VEN NERALLA,lobbyist,Other / Multi-sector
lobbyist_64322,BRIAN MCLAUGHLIN,lobbyist,Other / Multi-sector
lobbyist_67825,KATRINA VELASQUEZ,lobbyist,Other / Multi-sector
lobbyist_70151,LINDLEY SHERER,lobbyist,Other / Multi-sector
lobbyist_99008,DANA GRESHAM,lobbyist,Other / Multi-sector
lobbyist_60516,MATTHEW TUTEN,lobbyist,Other / Multi-sector
lobbyist_62769,JEFFERY MORE,lobbyist,Other / Multi-sector
lobbyist_68397,LUDMILLA KASULKE (NEE SAVELIEFF),lobbyist,Other / Multi-sector
lobbyist_68402,HEIDEH SHAHMORADI,lobbyist,Other / Multi-sector
lobbyist_71720,MICKAYLA STOGSDILL,lobbyist,Other / Multi-sector
lobbyist_109925,DEBRA CURTIS,lobbyist,Other / Multi-sector
lobbyist_146653,THOMAS DAVIS,lobbyist,Other / Multi-sector
lobbyist_47432,TIMOTHY YEHL,lobbyist,Other / Multi-sector
lobbyist_43920,CHRISTOPHER VITALE,lobbyist,Other / Multi-sector
lobbyist_57973,JAKE PERRY,lobbyist,Other / Multi-sector
lobbyist_139456,JULIE DUNNE,lobbyist,Other / Multi-sector
lobbyist_48943,COLBY MILLER,lobbyist,Other / Multi-sector
lobbyist_47989,RON KLINK,lobbyist,Other / Multi-sector
lobbyist_55074,BART STUPAK,lobbyist,Other / Multi-sector
lobbyist_69511,MATTHEW RUSSELL,lobbyist,Other / Multi-sector
lobbyist_143188,BRANDT ANDERSON,lobbyist,Other / Multi-sector
lobbyist_146498,TRAVIS CONE,lobbyist,Other / Multi-sector
lobbyist_138317,RONALD KLEIN,lobbyist,Other / Multi-sector
lobbyist_139779,JOHN LUNDY,lobbyist,Other / Multi-sector
lobbyist_143653,MATTHEW PLASTER,lobbyist,Other / Multi-sector
lobbyist_18231,JOHN KEAST,lobbyist,Other / Multi-sector
lobbyist_47333,JIM DAVIS,lobbyist,Other / Multi-sector
lobbyist_63587,MICHAEL KREPS,lobbyist,Other / Multi-sector
lobbyist_72152,NELL REILLY,lobbyist,Other / Multi-sector
lobbyist_107248,ROBERT CRAMER,lobbyist,Other / Multi-sector
lobbyist_142755,CHERI BUSTOS,lobbyist,Other / Multi-sector
lobbyist_64321,JOEL RIETHMILLER,lobbyist,Other / Multi-sector
lobbyist_64995,JOAN BONDAREFF,lobbyist,Other / Multi-sector
lobbyist_70044,BRIAN JOHNSON,lobbyist,Other / Multi-sector
lobbyist_58251,EMILY PORTER,lobbyist,Transportation & Auto
lobbyist_60557,HEIDE BAJNRAUH,lobbyist,Other / Multi-sector
lobbyist_70066,GREG MESACK,lobbyist,Other / Multi-sector
lobbyist_60441,STEPHEN NORTHRUP,lobbyist,Other / Multi-sector
lobbyist_93175,MARK EPLEY,lobbyist,Other / Multi-sector
lobbyist_52786,BEHRENDS FOSTER,lobbyist,Other / Multi-sector
lobbyist_66034,AMANDA BUNNING KELSEY,lobbyist,Other / Multi-sector
lobbyist_107246,KWABENA NSIAH,lobbyist,Other / Multi-sector
lobbyist_21772,CLAYTON HEIL,lobbyist,Other / Multi-sector
lobbyist_58243,MCKIE CAMPBELL,lobbyist,Other / Multi-sector
lobbyist_62139,KYLE MULHALL,lobbyist,Other / Multi-sector
lobbyist_92415,ZACHARY HOWELL,lobbyist,Other / Multi-sector
lobbyist_70029,BRENT HEBERLEE,lobbyist,Other / Multi-sector
lobbyist_35167,IRENE BUENO,lobbyist,Other / Multi-sector
lobbyist_60115,ALEX TEEL,lobbyist,Other / Multi-sector
lobbyist_65583,ROBERT DALEY,lobbyist,Other / Multi-sector
lobbyist_67367,JOHN FEEHERY,lobbyist,Other / Multi-sector
lobbyist_62736,LAYTH ELHASSANI,lobbyist,Other / Multi-sector
lobbyist_86564,BRIAN HACKLER,lobbyist,Other / Multi-sector
lobbyist_142337,TYLER HARDY,lobbyist,Other / Multi-sector
lobbyist_63119,EDUARDO SOTO,lobbyist,Other / Multi-sector
lobbyist_81578,JESSICA MONAHAN,lobbyist,Other / Multi-sector
lobbyist_146514,MIKE SMULLEN,lobbyist,Other / Multi-sector
lobbyist_63823,GENEVIEVE HUBBARD (NEE' BRESNAHAN),lobbyist,Other / Multi-sector
lobbyist_68373,CHRISTOPHER BRADISH,lobbyist,Other / Multi-sector
lobbyist_69124,JON WADSWORTH,lobbyist,Other / Multi-sector
lobbyist_48796,DAVID BEAUDREAU,lobbyist,Other / Multi-sector
lobbyist_49013,MARK REY,lobbyist,Other / Multi-sector
lobbyist_68048,BARBARA PATTERSON,lobbyist,Other / Multi-sector
lobbyist_102193,BOBBY MCMILLIN,lobbyist,Other / Multi-sector
lobbyist_148520,FREDERICK VAUGHAN,lobbyist,Other / Multi-sector
lobbyist_148938,RICHARD OLIVER,lobbyist,Other / Multi-sector
lobbyist_2312,KATE FINKELSTEIN,lobbyist,Other / Multi-sector
lobbyist_12395,ELLEN KUGLER,lobbyist,Other / Multi-sector
lobbyist_58516,ISAAC BROWN,lobbyist,Other / Multi-sector
lobbyist_64490,BONNIE HOGUE DUFFY,lobbyist,Other / Multi-sector
lobbyist_41521,SUSAN LENT,lobbyist,Other / Multi-sector
lobbyist_54439,JON HROBSKY,lobbyist,Other / Multi-sector
lobbyist_65142,DANIEL MCCARTHY,lobbyist,Other / Multi-sector
lobbyist_65545,SCOTT GRAVES,lobbyist,Other / Multi-sector
lobbyist_68403,JAMES O'KEEFFE,lobbyist,Other / Multi-sector
lobbyist_69885,ALAN KATZ,lobbyist,Other / Multi-sector
lobbyist_120820,SANDRA ALCALA,lobbyist,Other / Multi-sector
lobbyist_138298,RACHEL MOTLEY,lobbyist,Other / Multi-sector
lobbyist_143833,JONATHAN YAROWSKY,lobbyist,Other / Multi-sector
lobbyist_66867,THOMAS WHARTON,lobbyist,Other / Multi-sector
lobbyist_67306,RYAN MCBRIDE,lobbyist,Other / Multi-sector
lobbyist_67311,LAURA WOOSTER,lobbyist,Other / Multi-sector
lobbyist_71614,AMANDA SLATER,lobbyist,Other / Multi-sector
lobbyist_151117,STEPHEN VOLJAVEC,lobbyist,Other / Multi-sector
lobbyist_139131,MARTHA ROBY,lobbyist,Other / Multi-sector
lobbyist_139201,CATHERINE LENZ,lobbyist,Other / Multi-sector
lobbyist_17845,JEANNE SLADE,lobbyist,Other / Multi-sector
lobbyist_67451,JOSHUA RAYMOND,lobbyist,Other / Multi-sector
lobbyist_67617,BOB BROOKS,lobbyist,Other / Multi-sector
lobbyist_72096,JASON BUCKNER,lobbyist,Other / Multi-sector
lobbyist_140981,IAN WHITSON,lobbyist,Other / Multi-sector
lobbyist_65281,ANNE PALISI,lobbyist,Other / Multi-sector
lobbyist_68022,FRANK GUINTA,lobbyist,Other / Multi-sector
lobbyist_146689,DAVID PLANNING,lobbyist,Other / Multi-sector
lobbyist_147084,ZACHARY COMMINS,lobbyist,Other / Multi-sector
lobbyist_138427,DEVIN BARRETT,lobbyist,Other / Multi-sector
lobbyist_47685,MATTHEW MORGAN,lobbyist,Other / Multi-sector
lobbyist_133352,SHAWN FERGUSON,lobbyist,Other / Multi-sector
lobbyist_44837,DENNIS MCGRANN,lobbyist,Other / Multi-sector
lobbyist_67532,SANDRA LUFF,lobbyist,Other / Multi-sector
lobbyist_73022,RODNEY FRELINGHUYSEN,lobbyist,Other / Multi-sector
lobbyist_108342,RASHAWN MITCHELL,lobbyist,Other / Multi-sector
lobbyist_49057,MONA MOHIB,lobbyist,Other / Multi-sector
lobbyist_61911,JONATHAN VAN ARSDELL,lobbyist,Other / Multi-sector
lobbyist_65690,CRAIG FELNER,lobbyist,Technology & Telecom
lobbyist_79283,MEGAN HERBER,lobbyist,Other / Multi-sector
lobbyist_107209,STEPHEN BORG,lobbyist,Other / Multi-sector
lobbyist_142545,PAUL MILOTTE,lobbyist,Other / Multi-sector
lobbyist_145384,ARTHUR SCOTT,lobbyist,Other / Multi-sector
lobbyist_35278,SARA FRANKO,lobbyist,Other / Multi-sector
lobbyist_47145,ANDREW BURMEISTER,lobbyist,Other / Multi-sector
lobbyist_76873,OLIVIA IGBOKWE,lobbyist,Other / Multi-sector
lobbyist_142222,PATRICK AMES,lobbyist,Other / Multi-sector
lobbyist_60356,BRIAN RICE,lobbyist,Other / Multi-sector
lobbyist_65600,BRANDI LOWELL,lobbyist,Other / Multi-sector
lobbyist_69245,JAMES REID,lobbyist,Other / Multi-sector
lobbyist_106298,MIKE CARR,lobbyist,Other / Multi-sector
lobbyist_61475,R. NICHOLSON,lobbyist,Other / Multi-sector
lobbyist_106242,YOGIN KOTHARI,lobbyist,Other / Multi-sector
lobbyist_142007,MARK BENEDICT,lobbyist,Other / Multi-sector
lobbyist_17987,JOEL WHITE,lobbyist,Other / Multi-sector
lobbyist_71527,TONY SAMP,lobbyist,Other / Multi-sector
lobbyist_121847,CLIFTON WILLIAMS,lobbyist,Other / Multi-sector
lobbyist_138164,ANDREW TABLER,lobbyist,Other / Multi-sector
lobbyist_58980,MATT SMITH,lobbyist,Other / Multi-sector
lobbyist_114059,JOSEF NOVOTNY,lobbyist,Other / Multi-sector
lobbyist_136087,EDWARD ROGERS,lobbyist,Other / Multi-sector
lobbyist_147901,MEAGAN BOLTON SUNN,lobbyist,Other / Multi-sector
lobbyist_64714,JENNIFER KROWCHUN,lobbyist,Other / Multi-sector
lobbyist_143245,JUSTIN SOK,lobbyist,Other / Multi-sector
lobbyist_37600,ANDREW SHORE,lobbyist,Other / Multi-sector
lobbyist_45599,CAROLINE VILCHEZ,lobbyist,Other / Multi-sector
lobbyist_58258,ROLAND LITTERST,lobbyist,Other / Multi-sector
lobbyist_140433,DANIELLE BECK,lobbyist,Other / Multi-sector
lobbyist_68521,RACHEL STAUFFER,lobbyist,Other / Multi-sector
lobbyist_68582,SARAH SAPIRSTEIN,lobbyist,Other / Multi-sector
lobbyist_139792,TY MABRY,lobbyist,Other / Multi-sector
lobbyist_143660,CARYN LESTER,lobbyist,Other / Multi-sector
lobbyist_145299,KENDRA ISAACSON,lobbyist,Other / Multi-sector
lobbyist_147951,JASON YAWORSKE,lobbyist,Other / Multi-sector
lobbyist_61198,JOHN STERNE,lobbyist,Other / Multi-sector
lobbyist_66028,TIMOTHY CASEY,lobbyist,Other / Multi-sector
lobbyist_66692,RYAN LITTLE,lobbyist,Other / Multi-sector
lobbyist_4779,MICHAEL RIITH,lobbyist,Other / Multi-sector
lobbyist_40669,JEANNE WOLAK,lobbyist,Other / Multi-sector
lobbyist_63558,DANIEL MURRAY,lobbyist,Other / Multi-sector
lobbyist_70030,BRENT WILES,lobbyist,Other / Multi-sector
lobbyist_142024,JEFFREY REGAN,lobbyist,Other / Multi-sector
lobbyist_143805,HAROLD LAWRENCE,lobbyist,Other / Multi-sector
lobbyist_8509,SARAH VILMS,lobbyist,Other / Multi-sector
lobbyist_16409,PETER THOMAS,lobbyist,Other / Multi-sector
lobbyist_68780,JONATHAN BECKER,lobbyist,Other / Multi-sector
lobbyist_133898,ETHAN MAHLER,lobbyist,Other / Multi-sector
lobbyist_147950,BRITTAN SPECHT,lobbyist,Other / Multi-sector
lobbyist_148140,ALEX BOLTON,lobbyist,Other / Multi-sector
lobbyist_39035,TERRY PAUL,lobbyist,Other / Multi-sector
lobbyist_56282,NICOLE BIVENS COLLINSON,lobbyist,Other / Multi-sector
lobbyist_68257,JOHN HUGHES,lobbyist,Other / Multi-sector
lobbyist_93548,CHRISTOPHER GILLOTT,lobbyist,Other / Multi-sector
lobbyist_143156,JOHN MARTIN,lobbyist,Other / Multi-sector
lobbyist_51350,MARK HOLMAN,lobbyist,Other / Multi-sector
lobbyist_70972,JUSTIN BROWER,lobbyist,Other / Multi-sector
lobbyist_50556,MARK DISLER,lobbyist,Other / Multi-sector
lobbyist_54736,DANIEL MAUER,lobbyist,Other / Multi-sector
lobbyist_62847,ANDREW MACPHERSON,lobbyist,Other / Multi-sector
lobbyist_100905,DANIELLE NELSON,lobbyist,Other / Multi-sector
lobbyist_101186,YVETTE CRAVINS,lobbyist,Other / Multi-sector
lobbyist_145638,SHAYNE WOODS,lobbyist,Other / Multi-sector
lobbyist_69286,PHILLIP BIANCHI,lobbyist,Other / Multi-sector
lobbyist_141323,DANIEL ZIEGLER,lobbyist,Other / Multi-sector
lobbyist_65362,KRISTIN WELSH,lobbyist,Other / Multi-sector
lobbyist_71398,SUSAN ZOOK,lobbyist,Other / Multi-sector
lobbyist_115002,RICHARD HOAR,lobbyist,Other / Multi-sector
lobbyist_103033,TRAVIS LUCAS,lobbyist,Other / Multi-sector
lobbyist_142112,KELSEY GRISWOLD-BERGER,lobbyist,Other / Multi-sector
lobbyist_5259,JEFF MARKEY,lobbyist,Other / Multi-sector
lobbyist_40510,MICHELLE MRDEZA,lobbyist,Other / Multi-sector
lobbyist_72956,KRISTIAN CHIN,lobbyist,Other / Multi-sector
lobbyist_95480,TAYLOR JORDAN,lobbyist,Other / Multi-sector
lobbyist_139766,JOHN V. DRZEWICKI,lobbyist,Other / Multi-sector
lobbyist_61606,BRETT HEIMOV,lobbyist,Other / Multi-sector
lobbyist_38873,THOMAS STAPLETON,lobbyist,Other / Multi-sector
lobbyist_55801,CHRISTOPHER HERNDON,lobbyist,Other / Multi-sector
lobbyist_56857,GREG MAURER,lobbyist,Other / Multi-sector
lobbyist_64565,JOSEPH VASAPOLI,lobbyist,Other / Multi-sector
lobbyist_69007,CHRISTOPHER RANDLE,lobbyist,Other / Multi-sector
lobbyist_145323,ROBERT MARTIN,lobbyist,Other / Multi-sector
lobbyist_147952,PRESTON HILL,lobbyist,Other / Multi-sector
lobbyist_93755,DAVID JANSEN,lobbyist,Other / Multi-sector
lobbyist_138345,MICHAEL HETTINGER,lobbyist,Other / Multi-sector
lobbyist_69867,JAMES BURCHFIELD,lobbyist,Other / Multi-sector
lobbyist_54594,MYRIAH JORDAN,lobbyist,Other / Multi-sector
lobbyist_71126,CHELSEA CAULFIELD,lobbyist,Other / Multi-sector
lobbyist_139459,STANLEY SKOCKI,lobbyist,Other / Multi-sector
lobbyist_67852,JOSH HOLLY,lobbyist,Other / Multi-sector
lobbyist_109978,JOY GREWATZ,lobbyist,Other / Multi-sector
lobbyist_5674,MICHAEL ESPOSITO,lobbyist,Other / Multi-sector
lobbyist_64116,PAUL BLEIBERG,lobbyist,Other / Multi-sector
lobbyist_72207,JUSTIN BROWN,lobbyist,Other / Multi-sector
lobbyist_46927,DAVID HORNE,lobbyist,Other / Multi-sector
lobbyist_51920,HOWARD SCHWEITZER,lobbyist,Other / Multi-sector
lobbyist_138310,KELLY DELMORE,lobbyist,Other / Multi-sector
lobbyist_142638,KELLY LUGAR,lobbyist,Other / Multi-sector
lobbyist_59982,CLARINE RIDDLE,lobbyist,Other / Multi-sector
lobbyist_142021,DAVID BRIDGES,lobbyist,Other / Multi-sector
lobbyist_42972,CHRISTOPHER JAVENS,lobbyist,Other / Multi-sector
lobbyist_65555,ROBERT HERBERT,lobbyist,Other / Multi-sector
lobbyist_71441,JAY PERRON,lobbyist,Other / Multi-sector
lobbyist_142471,AUKE MAHAR-PIERSMA,lobbyist,Other / Multi-sector
lobbyist_142555,DEANNA ARCHULETA,lobbyist,Other / Multi-sector
lobbyist_288,KEVIN JOSEPH,lobbyist,Other / Multi-sector
lobbyist_60906,ANDREW HAWKINS,lobbyist,Other / Multi-sector
lobbyist_121994,WILLIAM TRANGHESE,lobbyist,Other / Multi-sector
lobbyist_139470,LACY CLAY,lobbyist,Other / Multi-sector
lobbyist_65531,LORI PICKFORD,lobbyist,Transportation & Auto
lobbyist_72566,JERI FREIRICH,lobbyist,Other / Multi-sector
lobbyist_139430,SAMUEL BEAVER,lobbyist,Other / Multi-sector
lobbyist_40329,PATRICIA KNIGHT,lobbyist,Other / Multi-sector
lobbyist_61496,MATT GALL,lobbyist,Other / Multi-sector
lobbyist_69148,STONEY BURKE,lobbyist,Other / Multi-sector
lobbyist_150526,KELLY CHILDRESS LANGE,lobbyist,Other / Multi-sector
lobbyist_46490,JAMES WICKETT,lobbyist,Other / Multi-sector
lobbyist_140903,JORDAN EVICH,lobbyist,Other / Multi-sector
lobbyist_146110,LUCIA PANZA,lobbyist,Other / Multi-sector
lobbyist_9270,PETER REINECKE,lobbyist,Other / Multi-sector
lobbyist_64748,JACK IRVIN,lobbyist,Other / Multi-sector
lobbyist_70886,BILL SHUSTER,lobbyist,Other / Multi-sector
lobbyist_143334,DANIEL ZAWITOSKI,lobbyist,Other / Multi-sector
lobbyist_63489,AIMEE GHOSH,lobbyist,Technology & Telecom
lobbyist_71592,JOSHUA NOVOTNEY,lobbyist,Other / Multi-sector
lobbyist_100305,CHARLIE ELLSWORTH,lobbyist,Other / Multi-sector
lobbyist_118394,ANDREW SIFF,lobbyist,Other / Multi-sector
lobbyist_71001,JENNIFER LEIB,lobbyist,Other / Multi-sector
lobbyist_71154,WILL KINZEL,lobbyist,Other / Multi-sector
lobbyist_86772,BRYANT HALL,lobbyist,Other / Multi-sector
lobbyist_105638,YASMIN NELSON,lobbyist,Other / Multi-sector
lobbyist_142194,PAGE PHILLIPS STRICKLER,lobbyist,Other / Multi-sector
lobbyist_144084,CHANDA BETOURNEY,lobbyist,Other / Multi-sector
lobbyist_12263,HECTOR ALCALDE,lobbyist,Other / Multi-sector
lobbyist_64837,MICHAEL SPIRA,lobbyist,Other / Multi-sector
lobbyist_69044,CHARLES BOUSTANY,lobbyist,Other / Multi-sector
lobbyist_71770,MARGARET MCCARTHY,lobbyist,Other / Multi-sector
lobbyist_101351,ELIZABETH KELLEY,lobbyist,Other / Multi-sector
lobbyist_139741,GLADYS BARCENA,lobbyist,Other / Multi-sector
lobbyist_148414,ABBEY OVERLAND,lobbyist,Other / Multi-sector
lobbyist_107119,PHILIP KARSTING,lobbyist,Other / Multi-sector
lobbyist_64406,LAURA PERALTA-SCHULTE,lobbyist,Other / Multi-sector
lobbyist_65023,JENNIFER JOHNSON JARRELL,lobbyist,Other / Multi-sector
lobbyist_67934,ZAIDA RICKER,lobbyist,Technology & Telecom
lobbyist_121734,ASHLEE JOHNSON,lobbyist,Other / Multi-sector
lobbyist_150286,PATRICK CLIFTON,lobbyist,Other / Multi-sector
lobbyist_59588,STEPHANIE SALMON,lobbyist,Other / Multi-sector
lobbyist_70005,JOHN THOMAS,lobbyist,Other / Multi-sector
lobbyist_91009,RAUL RAMIREZ,lobbyist,Other / Multi-sector
lobbyist_99481,JAVIER GAMBOA,lobbyist,Other / Multi-sector
lobbyist_102207,AQUILA POWELL,lobbyist,Other / Multi-sector
lobbyist_141432,ZACHARY LAVEN,lobbyist,Other / Multi-sector
lobbyist_20113,MICHAEL WESSEL,lobbyist,Other / Multi-sector
lobbyist_27910,DAVID HOBBS,lobbyist,Other / Multi-sector
lobbyist_38213,INGRID DURAN,lobbyist,Other / Multi-sector
lobbyist_62315,MITCHELL VAKERICS,lobbyist,Other / Multi-sector
lobbyist_140764,MEAGAN DALY,lobbyist,Other / Multi-sector
lobbyist_62394,KENNY HULSHOF,lobbyist,Other / Multi-sector
lobbyist_72165,ALI FULLING,lobbyist,Other / Multi-sector
lobbyist_139584,JOSEPH MINGES,lobbyist,Other / Multi-sector
lobbyist_142877,GREGORY SUNSTRUM,lobbyist,Other / Multi-sector
lobbyist_57868,PAUL LOBO,lobbyist,Other / Multi-sector
lobbyist_59979,BYRON DORGAN,lobbyist,Other / Multi-sector
lobbyist_61226,JENN FOGEL-BUBLICK,lobbyist,Other / Multi-sector
lobbyist_69707,MATTHEW SCOTT,lobbyist,Other / Multi-sector
lobbyist_141667,MICHAEL HEATON,lobbyist,Other / Multi-sector
lobbyist_152223,EARL FLOOD,lobbyist,Other / Multi-sector
lobbyist_27701,DOUGLAS RITTER,lobbyist,Other / Multi-sector
lobbyist_48552,JENNIFER NAVARRO,lobbyist,Other / Multi-sector
lobbyist_56737,ADAM PAULSON,lobbyist,Other / Multi-sector
lobbyist_59698,DANIEL NEUMANN,lobbyist,Other / Multi-sector
lobbyist_63317,ELIZABETH SCHMID,lobbyist,Other / Multi-sector
lobbyist_66486,ERICA STRIEBEL,lobbyist,Other / Multi-sector
lobbyist_69208,JASON MATTHEWS,lobbyist,Other / Multi-sector
lobbyist_107295,MARK PRYOR,lobbyist,Other / Multi-sector
lobbyist_138034,JILL WARREN,lobbyist,Other / Multi-sector
lobbyist_139783,NIKHIL DHINGRA,lobbyist,Other / Multi-sector
lobbyist_139806,MATTHEW ZIEGMAN,lobbyist,Transportation & Auto
lobbyist_55579,JOSHUA NASSAR,lobbyist,Other / Multi-sector
lobbyist_59176,CHARMAYNE ANDERSON,lobbyist,Other / Multi-sector
lobbyist_64951,BRITTON CLARKE,lobbyist,Other / Multi-sector
lobbyist_66686,MELISSA BARTLETT,lobbyist,Other / Multi-sector
lobbyist_71602,WILLIAM FISCHER,lobbyist,Other / Multi-sector
lobbyist_138103,JOHN LATINI,lobbyist,Other / Multi-sector
lobbyist_139124,KATE KROS,lobbyist,Other / Multi-sector
lobbyist_41747,JOSEPH STANKO,lobbyist,Other / Multi-sector
lobbyist_63360,ERIC SILVA,lobbyist,Other / Multi-sector
lobbyist_93264,JOE KASPER,lobbyist,Other / Multi-sector
lobbyist_95047,EMILY THREADGILL,lobbyist,Other / Multi-sector
lobbyist_139788,SUSAN BUTLER,lobbyist,Other / Multi-sector
lobbyist_140808,SONJA NESBIT,lobbyist,Other / Multi-sector
lobbyist_67424,LISA LAYMAN,lobbyist,Other / Multi-sector
lobbyist_72642,REBEKAH SUNGALA,lobbyist,Other / Multi-sector
lobbyist_106943,SARAH SHIVE,lobbyist,Other / Multi-sector
lobbyist_144747,ABBIE SORRENDINO,lobbyist,Other / Multi-sector
lobbyist_149308,LAURA KEMPER,lobbyist,Other / Multi-sector
lobbyist_57613,JOHN BUSCHER,lobbyist,Other / Multi-sector
lobbyist_71059,DANIEL SJOSTEDT,lobbyist,Other / Multi-sector
lobbyist_148188,WILLIAM HANKA,lobbyist,Other / Multi-sector
lobbyist_14651,WILLIAM HOLLIER,lobbyist,Other / Multi-sector
lobbyist_52982,REBECCAH WOLFKIEL,lobbyist,Other / Multi-sector
lobbyist_67343,KATHRYN SPANGLER,lobbyist,Other / Multi-sector
lobbyist_136292,PIERRE WHATLEY,lobbyist,Other / Multi-sector
lobbyist_66556,B. KEITH HEARD,lobbyist,Other / Multi-sector
lobbyist_66699,MICHAELA SIMS,lobbyist,Other / Multi-sector
lobbyist_72960,SCOTT DZIENGELSKI,lobbyist,Other / Multi-sector
lobbyist_62722,JAMES FLOOD,lobbyist,Other / Multi-sector
lobbyist_70133,MATT SANDGREN,lobbyist,Other / Multi-sector
lobbyist_93878,ROSE SULLIVAN (LISTED IN ERROR),lobbyist,Other / Multi-sector
lobbyist_40311,ROBERT RABEN,lobbyist,Other / Multi-sector
lobbyist_69493,GARRETT DURST,lobbyist,Other / Multi-sector
lobbyist_70782,MARA SHELDON,lobbyist,Other / Multi-sector
lobbyist_139132,SRINIVAS SONTI,lobbyist,Other / Multi-sector
lobbyist_146780,KIMBERLY LINTHICUM,lobbyist,Other / Multi-sector
lobbyist_35058,JAMES JOCHUM,lobbyist,Other / Multi-sector
lobbyist_62724,CHARLES BASS,lobbyist,Other / Multi-sector
lobbyist_67340,BILLY WYNNE,lobbyist,Other / Multi-sector
lobbyist_68952,JAMES DYER,lobbyist,Other / Multi-sector
lobbyist_72006,JOHN BRENNAN,lobbyist,Other / Multi-sector
lobbyist_147246,JENNIFER RUST,lobbyist,Other / Multi-sector
lobbyist_55170,CHRISTINA HAMILTON,lobbyist,Other / Multi-sector
lobbyist_63767,WILLIAM STONE,lobbyist,Other / Multi-sector
lobbyist_64564,ANDREW EHRLICH,lobbyist,Other / Multi-sector
lobbyist_100354,KATIE KACHEL,lobbyist,Other / Multi-sector
lobbyist_143703,CHRISTOPHER SWEET,lobbyist,Other / Multi-sector
lobbyist_144771,ALEC ARAMANDA,lobbyist,Other / Multi-sector
lobbyist_144776,SYD TERRY,lobbyist,Other / Multi-sector
lobbyist_27720,JUSTIN LILLEY,lobbyist,Other / Multi-sector
lobbyist_51460,ELIZABETH LAVACH,lobbyist,Other / Multi-sector
lobbyist_66676,LAUREN O'BRIEN,lobbyist,Other / Multi-sector
lobbyist_68267,JOSHUA PITCOCK,lobbyist,Other / Multi-sector
lobbyist_140222,ANDREW LOCK,lobbyist,Other / Multi-sector
lobbyist_143264,CHRISTOPHER GRIFFIN,lobbyist,Other / Multi-sector
lobbyist_19937,MICHAEL FORSCEY,lobbyist,Other / Multi-sector
lobbyist_26794,DIANNE MILLER,lobbyist,Other / Multi-sector
lobbyist_65355,LARRY ROSENTHAL,lobbyist,Other / Multi-sector
lobbyist_107161,PAUL JACKSON,lobbyist,Other / Multi-sector
lobbyist_138281,STEVE MARCHESE,lobbyist,Other / Multi-sector
lobbyist_139608,TOULA NICOLE VASILAROS,lobbyist,Other / Multi-sector
lobbyist_138529,COLLIN PETERSON,lobbyist,Other / Multi-sector
lobbyist_30482,MELISSA WOJCIAK,lobbyist,Other / Multi-sector
lobbyist_38751,ERIC STEWART,lobbyist,Other / Multi-sector
lobbyist_38985,MARSHA SIMON,lobbyist,Other / Multi-sector
lobbyist_79570,SCOTT BINKLEY,lobbyist,Other / Multi-sector
lobbyist_145624,JAMES SAULS,lobbyist,Other / Multi-sector
lobbyist_149082,COLIN BRAINARD,lobbyist,Technology & Telecom
lobbyist_54769,BLAIR LARKINS,lobbyist,Technology & Telecom
lobbyist_70568,LYNNEL RUCKERT,lobbyist,Other / Multi-sector
lobbyist_71177,KEVIN MARTIN,lobbyist,Other / Multi-sector
lobbyist_143490,GERALD (JERRY) LEVERICH,lobbyist,Other / Multi-sector
lobbyist_67213,MADELEINE PIKE,lobbyist,Other / Multi-sector
lobbyist_141851,GREGORY BALES,lobbyist,Other / Multi-sector
lobbyist_141902,KATIE BROWN,lobbyist,Other / Multi-sector
lobbyist_100919,LEONARD WOLFSON,lobbyist,Other / Multi-sector
lobbyist_139002,JAMES COURTNEY,lobbyist,Other / Multi-sector
lobbyist_142899,WILL TODD,lobbyist,Other / Multi-sector
lobbyist_60038,PAUL MOOREHEAD,lobbyist,Other / Multi-sector
lobbyist_63030,CHRIS FETZER,lobbyist,Other / Multi-sector
lobbyist_103663,BRIAN GREER,lobbyist,Other / Multi-sector
lobbyist_123647,ROSEMARY BECCHI,lobbyist,Other / Multi-sector
lobbyist_64572,ROBERT COLLINS,lobbyist,Other / Multi-sector
lobbyist_138260,ALLISON STOCK,lobbyist,Other / Multi-sector
lobbyist_41515,KAREN GREEN,lobbyist,Other / Multi-sector
lobbyist_58838,MATTHEW PEARCE,lobbyist,Other / Multi-sector
lobbyist_45165,WILLIAM WICHTERMAN,lobbyist,Other / Multi-sector
lobbyist_54589,JENNIFER SUMMA,lobbyist,Other / Multi-sector
lobbyist_61680,REGINAL LEICHTY,lobbyist,Other / Multi-sector
lobbyist_67892,EDWARD STEWART,lobbyist,Other / Multi-sector
lobbyist_69814,DESIREE HOFFMAN,lobbyist,Other / Multi-sector
lobbyist_144694,ZAKIR BAIG,lobbyist,Technology & Telecom
lobbyist_21911,SCOTT PARSONS,lobbyist,Other / Multi-sector
lobbyist_86268,EVAN KNISELY,lobbyist,Other / Multi-sector
lobbyist_105627,JULIE LASSETER,lobbyist,Other / Multi-sector
lobbyist_62934,CLINTON ROBINSON,lobbyist,Other / Multi-sector
lobbyist_66180,JIM TURNER,lobbyist,Other / Multi-sector
lobbyist_67635,TERESA DORN,lobbyist,Other / Multi-sector
lobbyist_139993,ELIZABETH MESSER,lobbyist,Other / Multi-sector
lobbyist_65124,LUKE ALBEE,lobbyist,Other / Multi-sector
lobbyist_93491,BG WRIGHT,lobbyist,Other / Multi-sector
lobbyist_137939,RAYMOND ASHCRAFT,lobbyist,Other / Multi-sector
lobbyist_143869,LUCAS HOLLAND,lobbyist,Other / Multi-sector
lobbyist_9584,RANDALL PENCE,lobbyist,Other / Multi-sector
lobbyist_54707,KATE JENSEN,lobbyist,Other / Multi-sector
lobbyist_62975,WILLIAM DOLBOW,lobbyist,Other / Multi-sector
lobbyist_108298,DONALD CUTRELL,lobbyist,Other / Multi-sector
lobbyist_139605,DANTE MORENO,lobbyist,Other / Multi-sector
lobbyist_39415,TIMOTHY CANSLER,lobbyist,Other / Multi-sector
lobbyist_66610,HARMONY BARBERA,lobbyist,Other / Multi-sector
lobbyist_69186,CJ MAHLER,lobbyist,Other / Multi-sector
lobbyist_71637,PETER CHANDLER,lobbyist,Other / Multi-sector
lobbyist_143415,ERIC BOHL,lobbyist,Other / Multi-sector
lobbyist_35657,JEFFREY PECK,lobbyist,Other / Multi-sector
lobbyist_46815,GEOFFREY GRAY,lobbyist,Other / Multi-sector
lobbyist_47401,ADAM EMANUEL,lobbyist,Other / Multi-sector
lobbyist_75902,BRIAN RELL,lobbyist,Other / Multi-sector
lobbyist_92711,JOSHUA THARRINGTON,lobbyist,Other / Multi-sector
lobbyist_114736,CARLOS TRUJILLO,lobbyist,Other / Multi-sector
lobbyist_57116,EBEN WYMAN,lobbyist,Other / Multi-sector
lobbyist_72689,DAVID ROBERTSON,lobbyist,Other / Multi-sector
lobbyist_13252,ROMANO ROMANI,lobbyist,Other / Multi-sector
lobbyist_49343,MISSY BRANSON,lobbyist,Other / Multi-sector
lobbyist_63586,EDWARD WATERS,lobbyist,Other / Multi-sector
lobbyist_71086,CHAN PARK,lobbyist,Other / Multi-sector
lobbyist_42076,FREDERICK EAMES,lobbyist,Other / Multi-sector
lobbyist_51331,STEVEN DUFFIELD,lobbyist,Other / Multi-sector
lobbyist_58021,PATRICK HECK,lobbyist,Other / Multi-sector
lobbyist_62135,GABRIEL NEVILLE,lobbyist,Other / Multi-sector
lobbyist_90278,JOHN SOBEL,lobbyist,Other / Multi-sector
lobbyist_46579,DAVID RANSOM,lobbyist,Other / Multi-sector
lobbyist_65167,STACY ETTINGER,lobbyist,Other / Multi-sector
lobbyist_68019,ERIADE WILLIAMS,lobbyist,Other / Multi-sector
lobbyist_66344,PAUL WEINBERGER,lobbyist,Other / Multi-sector
lobbyist_121492,ALEXANDER MCDONOUGH,lobbyist,Other / Multi-sector
lobbyist_142027,LETICIA MEDEROS,lobbyist,Other / Multi-sector
lobbyist_143168,TRIPP MCKEMEY,lobbyist,Other / Multi-sector
lobbyist_143369,JOSEPH BUSHONG,lobbyist,Other / Multi-sector
lobbyist_62637,RODERICK HALL,lobbyist,Other / Multi-sector
lobbyist_69388,HOLLYN SCHUEMANN,lobbyist,Other / Multi-sector
lobbyist_70915,CONNIE LAROSSA,lobbyist,Other / Multi-sector
lobbyist_72573,BRENDEN CHAINEY,lobbyist,Technology & Telecom
lobbyist_123422,DAVID LASSETER,lobbyist,Other / Multi-sector
lobbyist_141838,VIRGILIO BARRERA,lobbyist,Other / Multi-sector
lobbyist_60428,ERICA STOCKER,lobbyist,Other / Multi-sector
lobbyist_61655,JAMES DENNIS,lobbyist,Other / Multi-sector
lobbyist_78360,ALEXA COMBELIC,lobbyist,Other / Multi-sector
lobbyist_79392,VIRGINIA HOUSTON,lobbyist,Other / Multi-sector
lobbyist_107222,KYLE LISKE,lobbyist,Other / Multi-sector
lobbyist_122279,DENA BARON SMITH,lobbyist,Other / Multi-sector
lobbyist_146520,BRETT QUICK,lobbyist,Other / Multi-sector
lobbyist_70859,KEVIN EDGAR,lobbyist,Other / Multi-sector
lobbyist_141269,NICK BOUKNIGHT,lobbyist,Other / Multi-sector
lobbyist_145578,JA'RON SMITH,lobbyist,Other / Multi-sector
lobbyist_9431,CAMPBELL KAUFMAN,lobbyist,Other / Multi-sector
lobbyist_36239,CHRISTOPHER TRACI,lobbyist,Other / Multi-sector
lobbyist_47071,STUART HALL,lobbyist,Other / Multi-sector
lobbyist_66086,DAN ELLING,lobbyist,Other / Multi-sector
lobbyist_66697,EDWARD PRETTYMAN,lobbyist,Other / Multi-sector
lobbyist_101466,NICK MIKULA,lobbyist,Other / Multi-sector
lobbyist_43455,DEBRA MARSHALL,lobbyist,Other / Multi-sector
lobbyist_53423,DANICA PETROSHIUS,lobbyist,Other / Multi-sector
lobbyist_70219,ILEANA ROS-LEHTINEN,lobbyist,Other / Multi-sector
lobbyist_77937,DAVID MORK,lobbyist,Other / Multi-sector
lobbyist_78900,KATHERINE COLLINS,lobbyist,Other / Multi-sector
lobbyist_111547,SERJ BANJAC,lobbyist,Other / Multi-sector
lobbyist_140067,HANNAH SCHMIDT,lobbyist,Other / Multi-sector
lobbyist_17860,MATTHEW BIGGS,lobbyist,Other / Multi-sector
lobbyist_70509,MICHAEL HOLLAND,lobbyist,Other / Multi-sector
lobbyist_140847,CHRISTIAN WALKER,lobbyist,Other / Multi-sector
lobbyist_140948,STEPHEN BOYD,lobbyist,Other / Multi-sector
lobbyist_144901,KELLY MERKEL,lobbyist,Other / Multi-sector
lobbyist_48964,ALEXANDER LURIE,lobbyist,Other / Multi-sector
lobbyist_58900,KIMBERLY TRINCA,lobbyist,Other / Multi-sector
lobbyist_60443,STACEY RAMPY,lobbyist,Other / Multi-sector
lobbyist_61639,THOMAS FLETCHER,lobbyist,Other / Multi-sector
lobbyist_65402,KARLA THIEMAN,lobbyist,Other / Multi-sector
lobbyist_66815,MARY LANDRIEU,lobbyist,Other / Multi-sector
lobbyist_71402,HENRY MENN,lobbyist,Other / Multi-sector
lobbyist_72611,SCOTT STYLES,lobbyist,Other / Multi-sector
lobbyist_134638,EMILY ZAMMIT JACOBS,lobbyist,Other / Multi-sector
lobbyist_141688,JEFF MILLER,lobbyist,Other / Multi-sector
lobbyist_43191,FRANK VITELLO,lobbyist,Other / Multi-sector
lobbyist_47486,MICHAEL HUTTON,lobbyist,Other / Multi-sector
lobbyist_57013,TODD DUPLER,lobbyist,Other / Multi-sector
lobbyist_67988,DAN GANS,lobbyist,Other / Multi-sector
lobbyist_139257,TIMOTHY ROBINSON,lobbyist,Other / Multi-sector
lobbyist_143194,JENNIFER DAULBY,lobbyist,Other / Multi-sector
lobbyist_46879,PHILLIP SCAGLIA,lobbyist,Other / Multi-sector
lobbyist_64461,ALLISON NYHOLM,lobbyist,Other / Multi-sector
lobbyist_101685,SARAH BOLTON,lobbyist,Other / Multi-sector
lobbyist_107328,JULIO LAINEZ,lobbyist,Technology & Telecom
lobbyist_137737,MARY BERGSTROM,lobbyist,Other / Multi-sector
lobbyist_144726,JEREMIAH VAN AUKEN,lobbyist,Other / Multi-sector
lobbyist_65377,AL SIMPSON,lobbyist,Other / Multi-sector
lobbyist_59190,HR PENA,lobbyist,Other / Multi-sector
lobbyist_59750,BETH GOLDSTEIN,lobbyist,Other / Multi-sector
lobbyist_65434,SARA TUCKER,lobbyist,Other / Multi-sector
lobbyist_65627,CAROLYN GLUCK,lobbyist,Other / Multi-sector
lobbyist_66648,MICHAEL DROBAC,lobbyist,Other / Multi-sector
lobbyist_70413,EDWARD KIM,lobbyist,Other / Multi-sector
lobbyist_5895,STEVE SYMMS,lobbyist,Other / Multi-sector
lobbyist_55181,W.J. TAUZIN,lobbyist,Other / Multi-sector
lobbyist_55607,B OKUN,lobbyist,Other / Multi-sector
lobbyist_61600,BRIAN KRISTJANSSON,lobbyist,Other / Multi-sector
lobbyist_62650,JOHN MICHAEL VILLARAMA,lobbyist,Other / Multi-sector
lobbyist_63642,JOHN BLOUNT,lobbyist,Other / Multi-sector
lobbyist_64717,MARISSA SERAFINO,lobbyist,Other / Multi-sector
lobbyist_67009,ERIN PRANGLEY,lobbyist,Other / Multi-sector
lobbyist_72904,KATELYNN BRADLEY,lobbyist,Other / Multi-sector
lobbyist_142323,MARIA TRIPPLAAR,lobbyist,Other / Multi-sector
lobbyist_144828,KYLE SANDERS,lobbyist,Other / Multi-sector
lobbyist_72141,BRADFORD CHENEY,lobbyist,Transportation & Auto
lobbyist_108842,JESSELYN MCCURDY,lobbyist,Other / Multi-sector
lobbyist_24399,DEAN FRANKS,lobbyist,Other / Multi-sector
lobbyist_38827,CAMILLE BONTA,lobbyist,Other / Multi-sector
lobbyist_58328,SETH BLOOM,lobbyist,Other / Multi-sector
lobbyist_61553,DAVID SPOONER,lobbyist,Other / Multi-sector
lobbyist_64950,JUSTIN MCCARTHY,lobbyist,Other / Multi-sector
lobbyist_70576,SYDNEY PAUL,lobbyist,Other / Multi-sector
lobbyist_70805,PHIL HARDY,lobbyist,Other / Multi-sector
lobbyist_71659,DAVID GILLIES,lobbyist,Other / Multi-sector
lobbyist_50581,ABBY BOWNAS,lobbyist,Other / Multi-sector
lobbyist_58161,SCOTT KAMINS,lobbyist,Other / Multi-sector
lobbyist_139869,CHRISTINE TURNER,lobbyist,Other / Multi-sector
lobbyist_143161,SAMANTHA SABOL,lobbyist,Other / Multi-sector
lobbyist_57088,MILAM MABRY,lobbyist,Other / Multi-sector
lobbyist_50737,TIMOTHY HANFORD,lobbyist,Transportation & Auto
lobbyist_56764,WILL LE,lobbyist,Other / Multi-sector
lobbyist_69709,MICHAEL DINGELL,lobbyist,Other / Multi-sector
lobbyist_35565,JODIE CURTIS,lobbyist,Other / Multi-sector
lobbyist_56190,MATTHEW CUTTS,lobbyist,Other / Multi-sector
lobbyist_63564,PAUL ANDERSON,lobbyist,Other / Multi-sector
lobbyist_88151,WILLIAM BALL,lobbyist,Other / Multi-sector
lobbyist_107387,BRADY KING,lobbyist,Other / Multi-sector
lobbyist_146355,CASIN SPERO,lobbyist,Other / Multi-sector
lobbyist_18296,PAUL RYBERG,lobbyist,Other / Multi-sector
lobbyist_40279,JAMES HYLAND,lobbyist,Other / Multi-sector
lobbyist_43319,AMY PLASTER,lobbyist,Other / Multi-sector
lobbyist_43602,WALTER SMITH,lobbyist,Other / Multi-sector
lobbyist_66317,JAMIE WALL,lobbyist,Other / Multi-sector
lobbyist_70362,CLAYTON CRABTREE,lobbyist,Other / Multi-sector
lobbyist_70714,BRENDAN MYSLIWIEC,lobbyist,Other / Multi-sector
lobbyist_107217,E. GARRETT,lobbyist,Other / Multi-sector
lobbyist_137967,JAKE OKEN-BERG,lobbyist,Other / Multi-sector
lobbyist_144880,LESLIE ZELENKO,lobbyist,Other / Multi-sector
lobbyist_43387,MARK ANDERSON,lobbyist,Other / Multi-sector
lobbyist_47738,MARCUS EGAN,lobbyist,Other / Multi-sector
lobbyist_64763,JOHN WEINFURTER,lobbyist,Other / Multi-sector
lobbyist_70485,ERIC BURGESON,lobbyist,Other / Multi-sector
lobbyist_139709,ELIZABETH CRADDOCK,lobbyist,Other / Multi-sector
lobbyist_151044,JOHN REISING,lobbyist,Other / Multi-sector
lobbyist_20387,RHONDA GRANT,lobbyist,Other / Multi-sector
lobbyist_41668,JUNE DEHART,lobbyist,Other / Multi-sector
lobbyist_53217,DONN SALVOSA,lobbyist,Other / Multi-sector
lobbyist_65705,LINDSAY FRYER,lobbyist,Other / Multi-sector
lobbyist_68725,KENNETH JOHNSON,lobbyist,Other / Multi-sector
lobbyist_69023,MARK TAVLARIDES,lobbyist,Other / Multi-sector
lobbyist_71961,JOSH MARTIN,lobbyist,Other / Multi-sector
lobbyist_21655,ELLEN RIDDLEBERGER,lobbyist,Other / Multi-sector
lobbyist_44240,GREGORY GILL,lobbyist,Other / Multi-sector
lobbyist_55315,MATT HILL,lobbyist,Other / Multi-sector
lobbyist_63731,THOMAS DASCHLE,lobbyist,Other / Multi-sector
lobbyist_68746,RANDOLPH HERNDON,lobbyist,Other / Multi-sector
lobbyist_79248,KYLE KUNKLER,lobbyist,Other / Multi-sector
lobbyist_140522,EVAN JENKINS,lobbyist,Other / Multi-sector
lobbyist_146070,WENDY SAMMONS-JACKSON,lobbyist,Other / Multi-sector
lobbyist_31521,PETER RICH,lobbyist,Other / Multi-sector
lobbyist_60306,MARK COTHRAN,lobbyist,Other / Multi-sector
lobbyist_71410,GEORGE ROGERS,lobbyist,Other / Multi-sector
lobbyist_147065,JOHN SHEA,lobbyist,Other / Multi-sector
lobbyist_54682,GEORGE BERNIER,lobbyist,Other / Multi-sector
lobbyist_63808,CORRY MARSHALL,lobbyist,Other / Multi-sector
lobbyist_68784,MADELINE WADE,lobbyist,Other / Multi-sector
lobbyist_140803,NATALIE ARMIJO,lobbyist,Other / Multi-sector
lobbyist_79075,JONATHAN PAWLOW,lobbyist,Other / Multi-sector
lobbyist_143791,JACOB DOWD,lobbyist,Other / Multi-sector
lobbyist_79397,MICHAEL HANSON,lobbyist,Other / Multi-sector
lobbyist_116605,MATTHEW MANNING,lobbyist,Other / Multi-sector
lobbyist_142059,ANNE GAYMAN,lobbyist,Other / Multi-sector
lobbyist_68586,STEPHEN REPLOGLE,lobbyist,Other / Multi-sector
lobbyist_70798,CHRISTOPHER ARMSTRONG,lobbyist,Other / Multi-sector
lobbyist_71756,DANIEL JOSEPH,lobbyist,Other / Multi-sector
lobbyist_73358,KEVIN O'HANLON,lobbyist,Other / Multi-sector
lobbyist_16764,PAUL MARCONE,lobbyist,Other / Multi-sector
lobbyist_61094,MELISSA HAAS,lobbyist,Other / Multi-sector
lobbyist_68471,ADNAN JALIL,lobbyist,Other / Multi-sector
lobbyist_68702,SARAH KYLE,lobbyist,Other / Multi-sector
lobbyist_78586,RITIKA ROBERTSON,lobbyist,Other / Multi-sector
lobbyist_138132,JOE O'BRIEN,lobbyist,Other / Multi-sector
lobbyist_144964,BRANDON AUDAP,lobbyist,Other / Multi-sector
lobbyist_58433,MARGARET TIGHE,lobbyist,Other / Multi-sector
lobbyist_69566,JORGE CASTRO,lobbyist,Other / Multi-sector
lobbyist_70467,PHILIP MUSSER,lobbyist,Other / Multi-sector
lobbyist_72231,DAVID GARRIEPY,lobbyist,Other / Multi-sector
lobbyist_74217,JULIE SCOTT ALLEN,lobbyist,Other / Multi-sector
lobbyist_139045,MARIA BOWIE,lobbyist,Other / Multi-sector
lobbyist_60570,CHAD GRANT,lobbyist,Other / Multi-sector
lobbyist_62535,ANDREW SHAW,lobbyist,Other / Multi-sector
lobbyist_72848,PATRICK ANDERSON,lobbyist,Other / Multi-sector
lobbyist_100809,TIM DAY,lobbyist,Other / Multi-sector
lobbyist_116235,EBONY SLAUGHTER-JOHNSON,lobbyist,Other / Multi-sector
lobbyist_147473,CHRIS MANEVAL,lobbyist,Other / Multi-sector
lobbyist_148538,PETER DUYSHART,lobbyist,Other / Multi-sector
lobbyist_150293,BRETT MEEKS,lobbyist,Other / Multi-sector
lobbyist_2126,JAMES PITTS,lobbyist,Other / Multi-sector
lobbyist_63740,JUSTIN RUBIN,lobbyist,Other / Multi-sector
lobbyist_68370,ELIZABETH MORRA,lobbyist,Other / Multi-sector
lobbyist_70662,KENNETH HERTZ,lobbyist,Other / Multi-sector
lobbyist_147953,ALANA PETERSEN,lobbyist,Other / Multi-sector
lobbyist_58574,JERRY COSTELLO,lobbyist,Other / Multi-sector
lobbyist_62822,JEFF BURTON,lobbyist,Other / Multi-sector
lobbyist_67739,PAUL NAGLE,lobbyist,Other / Multi-sector
lobbyist_73377,COURTNEY TEMPLE,lobbyist,Other / Multi-sector
lobbyist_134235,ANN CARMICHAEL HARTER,lobbyist,Other / Multi-sector
lobbyist_141608,JAMES FARRELL,lobbyist,Other / Multi-sector
lobbyist_148204,ELIZABETH GRIFFIN,lobbyist,Other / Multi-sector
lobbyist_66584,THOMAS REYNOLDS,lobbyist,Other / Multi-sector
lobbyist_70694,TROY KELLER,lobbyist,Other / Multi-sector
lobbyist_79338,JOSH ANDREWS,lobbyist,Other / Multi-sector
lobbyist_148636,ANNABELL STOKES,lobbyist,Other / Multi-sector
lobbyist_10838,AMY TEJRAL,lobbyist,Other / Multi-sector
lobbyist_42434,WILLIAM NORDWIND,lobbyist,Other / Multi-sector
lobbyist_46078,TERESA GAINES,lobbyist,Technology & Telecom
lobbyist_61586,RICHARD POMBO,lobbyist,Other / Multi-sector
lobbyist_68957,JON RAWLSON,lobbyist,Other / Multi-sector
lobbyist_144722,MICHAEL STROUD,lobbyist,Other / Multi-sector
lobbyist_147302,RILEY STAMPER,lobbyist,Other / Multi-sector
lobbyist_68131,PETER BENTON SULLIVAN,lobbyist,Other / Multi-sector
lobbyist_108931,YUL EDWARDS,lobbyist,Other / Multi-sector
lobbyist_65840,RACHAEL GALOOB,lobbyist,Other / Multi-sector
lobbyist_66624,ROBERTO HADDAD,lobbyist,Other / Multi-sector
lobbyist_66668,PAUL KAVINOKY,lobbyist,Other / Multi-sector
lobbyist_68421,JOHN GOLDBERG,lobbyist,Other / Multi-sector
lobbyist_115945,MICHAEL BLUME,lobbyist,Other / Multi-sector
lobbyist_1423,CHRISTINA WEST,lobbyist,Other / Multi-sector
lobbyist_18004,MICHAEL TONGOUR,lobbyist,Other / Multi-sector
lobbyist_66593,ANNE BRADBURY,lobbyist,Other / Multi-sector
lobbyist_68700,WALKER GALLMAN,lobbyist,Other / Multi-sector
lobbyist_69429,ZURAYA TAPIA-HADLEY,lobbyist,Other / Multi-sector
lobbyist_70512,MICHAEL PARRISH,lobbyist,Other / Multi-sector
lobbyist_66487,MICHAEL LEWAN,lobbyist,Other / Multi-sector
lobbyist_79042,ANN ADLER,lobbyist,Other / Multi-sector
lobbyist_1153,ERIN STRAWN,lobbyist,Other / Multi-sector
lobbyist_57721,THOMAS LYNCH,lobbyist,Other / Multi-sector
lobbyist_57045,JAMES THOMPSON,lobbyist,Other / Multi-sector
lobbyist_71261,JOHN MCHUGH,lobbyist,Other / Multi-sector
lobbyist_71595,JENNY BUSBY,lobbyist,Other / Multi-sector
lobbyist_98708,YARDLY POLLAS-KIMBLE,lobbyist,Other / Multi-sector
lobbyist_144627,KURT SCHRADER,lobbyist,Other / Multi-sector
lobbyist_146136,THOMAS WICKHAM,lobbyist,Other / Multi-sector
lobbyist_57837,LAURA UTTLEY,lobbyist,Other / Multi-sector
lobbyist_70854,CLAUDIA LARSON,lobbyist,Other / Multi-sector
lobbyist_72024,CHRISTY SEYFERT,lobbyist,Other / Multi-sector
lobbyist_101288,KATHLEEN NICHOLAS,lobbyist,Other / Multi-sector
lobbyist_121633,BRIAN PAPP JR.,lobbyist,Other / Multi-sector
lobbyist_140047,CARIANNE LEE,lobbyist,Other / Multi-sector
lobbyist_142698,MICHAEL HAWTHORNE,lobbyist,Other / Multi-sector
lobbyist_41084,SAMUEL OLCHYK,lobbyist,Other / Multi-sector
lobbyist_57081,DAVID CONNOLLY,lobbyist,Other / Multi-sector
lobbyist_61658,PELHAM STRAUGHN,lobbyist,Other / Multi-sector
lobbyist_141867,ERIN GAINES,lobbyist,Technology & Telecom
lobbyist_143784,TIFFANI WILLIAMS,lobbyist,Other / Multi-sector
lobbyist_148591,PAUL WATERS,lobbyist,Other / Multi-sector
lobbyist_67850,LAUREN MADDOX,lobbyist,Other / Multi-sector
lobbyist_115411,ASHLEY LAWRENCE,lobbyist,Other / Multi-sector
lobbyist_61387,MICHAEL SOLIMAN,lobbyist,Other / Multi-sector
lobbyist_62107,KEVIN BATTEH,lobbyist,Other / Multi-sector
lobbyist_109336,JAYSON BRAUDE,lobbyist,Other / Multi-sector
lobbyist_138387,STEPHEN WEYLER,lobbyist,Other / Multi-sector
lobbyist_51716,HENRY BONILLA,lobbyist,Other / Multi-sector
lobbyist_56909,DAVID MORRISS,lobbyist,Other / Multi-sector
lobbyist_108449,COURTNEY BRADWAY,lobbyist,Other / Multi-sector
lobbyist_139636,JORGE AGUILAR,lobbyist,Other / Multi-sector
lobbyist_143487,KYLE SPENCER,lobbyist,Other / Multi-sector
lobbyist_144003,RYAN CARNEY,lobbyist,Other / Multi-sector
lobbyist_144454,BRETT EWER,lobbyist,Other / Multi-sector
lobbyist_148134,JOSHUA FEIN,lobbyist,Other / Multi-sector
lobbyist_15289,BERNIE ROBINSON,lobbyist,Other / Multi-sector
lobbyist_49167,CAROLYN SMITH,lobbyist,Other / Multi-sector
lobbyist_71357,KENDRICK MEEK,lobbyist,Other / Multi-sector
lobbyist_73017,WILL SMITH,lobbyist,Other / Multi-sector
lobbyist_100486,ANA CRUZ,lobbyist,Other / Multi-sector
lobbyist_146016,JACK BRYAN,lobbyist,Other / Multi-sector
lobbyist_11000,THOMAS O'DONNELL,lobbyist,Other / Multi-sector
lobbyist_13073,CHARLES BRAIN,lobbyist,Technology & Telecom
lobbyist_69069,FARAZ KHAN,lobbyist,Other / Multi-sector
lobbyist_140937,JONATHAN MARTINEZ,lobbyist,Other / Multi-sector
lobbyist_28416,GARY HOITSMA,lobbyist,Other / Multi-sector
lobbyist_57034,SHAW SPRAGUE,lobbyist,Other / Multi-sector
lobbyist_69637,MICHAEL JOHNSON,lobbyist,Other / Multi-sector
lobbyist_101694,ALEX PINSON,lobbyist,Other / Multi-sector
lobbyist_125814,ALLISON CULLIN,lobbyist,Other / Multi-sector
lobbyist_69733,JOHN RICHTER,lobbyist,Other / Multi-sector
lobbyist_142714,EDWARD HUBBARD,lobbyist,Other / Multi-sector
lobbyist_148686,JAMES GRIMM,lobbyist,Other / Multi-sector
lobbyist_45052,REBECCA WATTS,lobbyist,Other / Multi-sector
lobbyist_58109,BRETT THOMPSON,lobbyist,Other / Multi-sector
lobbyist_59742,A CARD,lobbyist,Other / Multi-sector
lobbyist_72450,CODY HOEFER,lobbyist,Other / Multi-sector
lobbyist_75242,CARLY SINCAVITCH,lobbyist,Other / Multi-sector
lobbyist_104162,JAMES BURTON,lobbyist,Other / Multi-sector
lobbyist_1303,RICHARD GRAFMEYER,lobbyist,Other / Multi-sector
lobbyist_68186,RYAN BURNS,lobbyist,Other / Multi-sector
lobbyist_108610,JONATHAN BERGNER,lobbyist,Other / Multi-sector
lobbyist_138535,SARAH STEVENS,lobbyist,Other / Multi-sector
lobbyist_140698,PATRICK COSTELLO,lobbyist,Other / Multi-sector
lobbyist_140779,BENJAMIN ODENDAHL,lobbyist,Other / Multi-sector
lobbyist_20808,CAROLINA MEDEROS,lobbyist,Other / Multi-sector
lobbyist_49382,HEATHER MEADE,lobbyist,Other / Multi-sector
lobbyist_55900,DAWN O'DONNELL,lobbyist,Other / Multi-sector
lobbyist_56034,MICHAEL ZEHR,lobbyist,Other / Multi-sector
lobbyist_67511,PETER ECKRICH,lobbyist,Other / Multi-sector
lobbyist_68330,RANDY FORBES,lobbyist,Other / Multi-sector
lobbyist_71611,D STROUD,lobbyist,Other / Multi-sector
lobbyist_73053,JORDON SIMS,lobbyist,Other / Multi-sector
lobbyist_138357,NIGEL STEPHENS,lobbyist,Other / Multi-sector
lobbyist_145400,CHARLES DUBOIS,lobbyist,Other / Multi-sector
lobbyist_147333,KEVIN JOGERST,lobbyist,Other / Multi-sector
lobbyist_148281,PATRICK KILCUR,lobbyist,Other / Multi-sector
lobbyist_53393,MICHAEL JOYCE,lobbyist,Other / Multi-sector
lobbyist_55883,LINDA ANDREWS,lobbyist,Other / Multi-sector
lobbyist_72043,CARY LEIZEROWSKI,lobbyist,Other / Multi-sector
lobbyist_73298,KAREN KNUTSON,lobbyist,Other / Multi-sector
lobbyist_32975,JOHN GORDLEY,lobbyist,Other / Multi-sector
lobbyist_56201,JENNIFER MCCADNEY,lobbyist,Other / Multi-sector
lobbyist_79398,GREGG HARPER,lobbyist,Other / Multi-sector
lobbyist_95453,SHANE SKELTON,lobbyist,Other / Multi-sector
lobbyist_96315,KARA-MARIE URBAN,lobbyist,Other / Multi-sector
lobbyist_58998,ROBERT HOLIFIELD,lobbyist,Other / Multi-sector
lobbyist_67863,MICHAEL MILLER,lobbyist,Other / Multi-sector
lobbyist_69203,A WEBSTER,lobbyist,Other / Multi-sector
lobbyist_71896,BRIAN MCCULLOUGH,lobbyist,Other / Multi-sector
lobbyist_106083,KICHELLE WEBSTER,lobbyist,Other / Multi-sector
lobbyist_140436,DAVID NATONSKI,lobbyist,Other / Multi-sector
lobbyist_10114,KYLE MULROY,lobbyist,Other / Multi-sector
lobbyist_11583,JOHN MURPHY,lobbyist,Other / Multi-sector
lobbyist_60559,JULIE NOLAN,lobbyist,Other / Multi-sector
lobbyist_95891,DAVID CRANE,lobbyist,Other / Multi-sector
lobbyist_142229,RYAN DATTILO,lobbyist,Other / Multi-sector
lobbyist_148673,JENELL BIGGS SMOLOVA,lobbyist,Other / Multi-sector
lobbyist_25630,TERRY ALLEN,lobbyist,Other / Multi-sector
lobbyist_73464,DANNY MCNAMARA,lobbyist,Other / Multi-sector
lobbyist_140010,PAUL ARCANGELI,lobbyist,Other / Multi-sector
lobbyist_144769,HAWLEY STANTON,lobbyist,Other / Multi-sector
lobbyist_54073,SUSAN NELSON,lobbyist,Other / Multi-sector
lobbyist_58852,CHARLES JEFFERSON,lobbyist,Other / Multi-sector
lobbyist_71990,THOMAS HAWLEY,lobbyist,Other / Multi-sector
lobbyist_81820,TARYN COUTURE,lobbyist,Other / Multi-sector
lobbyist_62402,MICHELE STANLEY,lobbyist,Other / Multi-sector
lobbyist_62544,JOHN RINGLER,lobbyist,Other / Multi-sector
lobbyist_62965,GUILLERMINA MOORE,lobbyist,Other / Multi-sector
lobbyist_63684,ERIC PELLETIER,lobbyist,Other / Multi-sector
lobbyist_64618,ANNE WALL,lobbyist,Other / Multi-sector
lobbyist_119334,JEFFREY SANDS,lobbyist,Other / Multi-sector
lobbyist_8036,AMANDA KARHUSE,lobbyist,Other / Multi-sector
lobbyist_49590,ROBERT REDDING,lobbyist,Other / Multi-sector
lobbyist_70723,KEVIN GUNDERSEN,lobbyist,Other / Multi-sector
lobbyist_72295,CARLA PIERRE,lobbyist,Other / Multi-sector
lobbyist_143172,KIRSTEN PRATT,lobbyist,Other / Multi-sector
lobbyist_145797,JAN BEUKELMAN,lobbyist,Other / Multi-sector
lobbyist_51202,GRAHAM SHALGIAN,lobbyist,Other / Multi-sector
lobbyist_89009,BRIAN POTTS,lobbyist,Other / Multi-sector
lobbyist_138891,LESLIE BRADY,lobbyist,Other / Multi-sector
lobbyist_139592,CHARLES GARRISON,lobbyist,Other / Multi-sector
lobbyist_149010,REGINALD MCCRIMMON,lobbyist,Other / Multi-sector
lobbyist_7386,EDDY PAULEY,lobbyist,Other / Multi-sector
lobbyist_58371,JEFFREY WILLIAMS,lobbyist,Other / Multi-sector
lobbyist_70665,ANNE LEMAY,lobbyist,Other / Multi-sector
lobbyist_79246,"ROBERT BABCOCK, JR.",lobbyist,Other / Multi-sector
lobbyist_107118,GRIFFIN REINECKE,lobbyist,Other / Multi-sector
lobbyist_141040,NATHAN FIALA,lobbyist,Other / Multi-sector
lobbyist_65400,MOLLY MCDONNELL,lobbyist,Other / Multi-sector
lobbyist_69828,JENNY ROSENBERG,lobbyist,Other / Multi-sector
lobbyist_70553,TREON GLENN,lobbyist,Other / Multi-sector
lobbyist_71366,MARISA HARRILCHAK,lobbyist,Other / Multi-sector
lobbyist_107445,REBECCA HALKIAS,lobbyist,Other / Multi-sector
lobbyist_110456,AMY KELBICK,lobbyist,Other / Multi-sector
lobbyist_139506,CHRISTIAN FJELD,lobbyist,Other / Multi-sector
lobbyist_139756,JOSHUA ODINTZ,lobbyist,Other / Multi-sector
lobbyist_140849,SEAN BYRNE,lobbyist,Other / Multi-sector
lobbyist_141706,CAREN STREET,lobbyist,Other / Multi-sector
lobbyist_32729,ANDREA EDMISTON,lobbyist,Other / Multi-sector
lobbyist_47301,WILLIAM JOHNSON,lobbyist,Other / Multi-sector
lobbyist_60993,JUDITH GORSUCH,lobbyist,Other / Multi-sector
lobbyist_66328,LYDIA STRUNK,lobbyist,Other / Multi-sector
lobbyist_79181,EMILY KATZ,lobbyist,Other / Multi-sector
lobbyist_81706,JEFFREY ZUBRICKI,lobbyist,Other / Multi-sector
lobbyist_116682,ROBYN HIESTAND,lobbyist,Other / Multi-sector
lobbyist_137692,MARK COPELAND,lobbyist,Other / Multi-sector
lobbyist_46305,A. WOJCIAK,lobbyist,Other / Multi-sector
lobbyist_61231,PATRICIA DOERSCH,lobbyist,Other / Multi-sector
lobbyist_68087,DENISE DESIDERIO,lobbyist,Other / Multi-sector
lobbyist_86107,MICHAEL DIROMA,lobbyist,Other / Multi-sector
lobbyist_139193,TANNER JOHNSON,lobbyist,Other / Multi-sector
lobbyist_61816,SUMMER MERSINGER,lobbyist,Other / Multi-sector
lobbyist_67944,STEPHEN RADEMAKER,lobbyist,Other / Multi-sector
lobbyist_69055,JOSEPH MURRAY,lobbyist,Other / Multi-sector
lobbyist_77411,RYAN ISRAEL,lobbyist,Other / Multi-sector
lobbyist_142505,TRISTAN SOUTHARD,lobbyist,Other / Multi-sector
lobbyist_68946,CHRISTOPHER JONES,lobbyist,Other / Multi-sector
lobbyist_103337,ARIEL HILL-DAVIS,lobbyist,Other / Multi-sector
lobbyist_138278,KATE MARKS,lobbyist,Other / Multi-sector
lobbyist_140914,WILLIAM RICE,lobbyist,Other / Multi-sector
lobbyist_142292,KAMRON BRANT,lobbyist,Other / Multi-sector
lobbyist_43787,TIMOTHY LEE,lobbyist,Other / Multi-sector
lobbyist_48750,JAMES WALSH,lobbyist,Other / Multi-sector
lobbyist_59022,LARRY SCHAFER,lobbyist,Other / Multi-sector
lobbyist_139504,MAYA WILEY,lobbyist,Other / Multi-sector
lobbyist_140868,BRADLEY HOWARD,lobbyist,Other / Multi-sector
lobbyist_49166,PAUL SUPLIZIO,lobbyist,Other / Multi-sector
lobbyist_54034,JAMES CALLAN,lobbyist,Other / Multi-sector
lobbyist_59235,GEOFF DAVIS,lobbyist,Other / Multi-sector
lobbyist_59974,JUDITH HAFNER,lobbyist,Other / Multi-sector
lobbyist_63120,JASON PAVLUCHUK,lobbyist,Other / Multi-sector
lobbyist_63805,ELIZABETH O'HARE,lobbyist,Other / Multi-sector
lobbyist_64262,THEODORE SCHROEDER,lobbyist,Other / Multi-sector
lobbyist_64535,MICHAEL YUDIN,lobbyist,Other / Multi-sector
lobbyist_66264,ADAM FRIDMAN,lobbyist,Other / Multi-sector
lobbyist_72775,ROBERT GOODLATTE,lobbyist,Other / Multi-sector
lobbyist_86103,ANDREW ECK,lobbyist,Other / Multi-sector
lobbyist_141589,CHRISTOPHER ZATRATZ,lobbyist,Other / Multi-sector
lobbyist_144750,ANTHONY CAMPAU,lobbyist,Other / Multi-sector
lobbyist_148873,JENNIFER BELAIR,lobbyist,Technology & Telecom
lobbyist_33519,WILLIAM BURKE,lobbyist,Other / Multi-sector
lobbyist_53306,MICHAEL WOODY,lobbyist,Other / Multi-sector
lobbyist_67895,ARACELI GUTIERREZ,lobbyist,Other / Multi-sector
lobbyist_69555,KATHRYN RUFFALO,lobbyist,Other / Multi-sector
lobbyist_139749,YVONNE MCINTYRE,lobbyist,Other / Multi-sector
lobbyist_141075,CHYNA MELTON,lobbyist,Other / Multi-sector
lobbyist_150034,MATTHEW JENNINGS,lobbyist,Other / Multi-sector
lobbyist_53560,PAOLO MASTRANGELO,lobbyist,Other / Multi-sector
lobbyist_58812,JEFFREY FARROW,lobbyist,Other / Multi-sector
lobbyist_63531,DANA WEEKES,lobbyist,Other / Multi-sector
lobbyist_142083,KARLEE POPKEN,lobbyist,Other / Multi-sector
lobbyist_142543,ARIEL MCCORD,lobbyist,Other / Multi-sector
lobbyist_24894,JENNIFER SCHAFER-SODERMAN,lobbyist,Other / Multi-sector
lobbyist_53228,GERALD WELLER,lobbyist,Other / Multi-sector
lobbyist_53559,KERRY FEEHERY,lobbyist,Other / Multi-sector
lobbyist_66195,NICK TOBENKIN,lobbyist,Other / Multi-sector
lobbyist_68353,ARYANA KHALID,lobbyist,Other / Multi-sector
lobbyist_68856,ARI GIOVENCO,lobbyist,Other / Multi-sector
lobbyist_70265,FEDERICO DE JESUS,lobbyist,Other / Multi-sector
lobbyist_100796,ERIC SNELGROVE,lobbyist,Other / Multi-sector
lobbyist_145896,CHRISTOPHER KIM,lobbyist,Other / Multi-sector
lobbyist_26324,DAVID WHITESTONE,lobbyist,Other / Multi-sector
lobbyist_52492,JOHN FLYNN,lobbyist,Other / Multi-sector
lobbyist_67861,SCOTT LEEZER,lobbyist,Other / Multi-sector
lobbyist_68792,DEREK ROSS,lobbyist,Other / Multi-sector
lobbyist_85377,DANIEL KIDERA,lobbyist,Other / Multi-sector
lobbyist_138146,ELLIOT VICE,lobbyist,Other / Multi-sector
lobbyist_51530,JIM NEWSOME,lobbyist,Other / Multi-sector
lobbyist_60750,SCOTT MCGEE,lobbyist,Other / Multi-sector
lobbyist_61604,WILLIAM COUCH,lobbyist,Other / Multi-sector
lobbyist_68730,JEREMY SHARP,lobbyist,Other / Multi-sector
lobbyist_72873,MICHAEL GRIMES,lobbyist,Other / Multi-sector
lobbyist_73536,JEREMY DEUTSCH,lobbyist,Other / Multi-sector
lobbyist_73918,THOMAS ROBERGE,lobbyist,Other / Multi-sector
lobbyist_82556,DEBORAH MAZOL,lobbyist,Other / Multi-sector
lobbyist_143763,THOMAS LAWLER,lobbyist,Other / Multi-sector
lobbyist_28441,HOLLY FECHNER,lobbyist,Other / Multi-sector
lobbyist_66974,ERIC BUNNING,lobbyist,Other / Multi-sector
lobbyist_76388,PORTER BYERS,lobbyist,Transportation & Auto
lobbyist_101433,ADRIENNE JACKSON,lobbyist,Other / Multi-sector
lobbyist_141185,RYAN LOSAK,lobbyist,Other / Multi-sector
lobbyist_145587,JAMES OBRIEN,lobbyist,Other / Multi-sector
lobbyist_146083,RAGHAV AGGARWAL,lobbyist,Other / Multi-sector
lobbyist_49779,ROBERT CREAR,lobbyist,Other / Multi-sector
lobbyist_55923,TODD WHITE,lobbyist,Other / Multi-sector
lobbyist_70879,DANA SINGISER,lobbyist,Other / Multi-sector
lobbyist_139864,PABLO CARRILLO,lobbyist,Other / Multi-sector
lobbyist_15101,JEFFREY MAZZELLA,lobbyist,Other / Multi-sector
lobbyist_51407,SCOTT PARVEN,lobbyist,Other / Multi-sector
lobbyist_62727,ADAM BORDES,lobbyist,Other / Multi-sector
lobbyist_65921,SHANE DOUCET,lobbyist,Other / Multi-sector
lobbyist_69770,RYAN ABRAHAM,lobbyist,Other / Multi-sector
lobbyist_107138,LARA MULDOON,lobbyist,Other / Multi-sector
lobbyist_139540,TIMOTHY BERGREEN,lobbyist,Other / Multi-sector
lobbyist_140274,RACHEL SPIVEY,lobbyist,Other / Multi-sector
lobbyist_142683,AUSTIN DURRER,lobbyist,Other / Multi-sector
lobbyist_40580,C BARNHART,lobbyist,Other / Multi-sector
lobbyist_59634,JENNIFER ORTEGA,lobbyist,Other / Multi-sector
lobbyist_63292,SARAH DUMONT-MERCHAK,lobbyist,Other / Multi-sector
lobbyist_63920,CHARLES MCCRUDDEN,lobbyist,Other / Multi-sector
lobbyist_66477,JEFFRY NICHOLS,lobbyist,Other / Multi-sector
lobbyist_138341,KIRAN MALONE,lobbyist,Other / Multi-sector
lobbyist_141411,JUDD SMITH,lobbyist,Other / Multi-sector
lobbyist_63575,SARAH STRUP HERBERT,lobbyist,Other / Multi-sector
lobbyist_65706,MELISSA GIERACH,lobbyist,Other / Multi-sector
lobbyist_66603,ANDREW TYRRELL,lobbyist,Other / Multi-sector
lobbyist_68859,MARIANNA PATTERSON,lobbyist,Other / Multi-sector
lobbyist_69874,LUIS BACO,lobbyist,Other / Multi-sector
lobbyist_69876,MATTHEW DENNIS,lobbyist,Other / Multi-sector
lobbyist_138524,MICHAEL TANNER,lobbyist,Other / Multi-sector
lobbyist_143354,JONATHAN TOWERS,lobbyist,Other / Multi-sector
lobbyist_147732,BRIAN CONLAN,lobbyist,Other / Multi-sector
lobbyist_18071,WILLIAM CLYBURN,lobbyist,Other / Multi-sector
lobbyist_66402,VANITA GUPTA,lobbyist,Other / Multi-sector
lobbyist_79577,EMILY PATROLIA,lobbyist,Other / Multi-sector
lobbyist_139145,SARAH GAINER,lobbyist,Technology & Telecom
lobbyist_142961,PATRICK LARGE,lobbyist,Other / Multi-sector
lobbyist_49289,ELIZABETH RORICK,lobbyist,Other / Multi-sector
lobbyist_107428,CORY HORTON,lobbyist,Other / Multi-sector
lobbyist_121642,GRANT BARBOSA,lobbyist,Other / Multi-sector
lobbyist_64890,AINDRIU COLGAN,lobbyist,Technology & Telecom
lobbyist_76498,SHANNON STEHOUWER,lobbyist,Other / Multi-sector
lobbyist_97554,MELISSA ALVARADO,lobbyist,Other / Multi-sector
lobbyist_97555,CHERIE WILSON,lobbyist,Other / Multi-sector
lobbyist_141568,MATTHEW WOHLMAN,lobbyist,Other / Multi-sector
lobbyist_141856,MATTHEW LEGGETT,lobbyist,Other / Multi-sector
lobbyist_152778,JACOBUS VREEBURG,lobbyist,Other / Multi-sector
lobbyist_25005,RANDALL TATE,lobbyist,Other / Multi-sector
lobbyist_87333,CARL HOLSHOUSER,lobbyist,Other / Multi-sector
lobbyist_108248,COLIN ROSKEY,lobbyist,Other / Multi-sector
lobbyist_141558,KATHRYN BRANSON,lobbyist,Other / Multi-sector
lobbyist_145625,PETER STAHLEY,lobbyist,Other / Multi-sector
lobbyist_152287,LARRY LAVENDER,lobbyist,Other / Multi-sector
lobbyist_52534,BRET BOYLES,lobbyist,Other / Multi-sector
lobbyist_63301,JULIE JOLLY ROSE,lobbyist,Other / Multi-sector
lobbyist_67360,WILLIAM STIERS,lobbyist,Other / Multi-sector
lobbyist_69966,JESSICA BOULANGER,lobbyist,Other / Multi-sector
lobbyist_71876,MAYNARD FRIESZ,lobbyist,Other / Multi-sector
lobbyist_151501,BRANDON REA,lobbyist,Other / Multi-sector
lobbyist_66345,ANTHONY GIBSON,lobbyist,Other / Multi-sector
lobbyist_96023,LESLIE ALBRIGHT,lobbyist,Other / Multi-sector
lobbyist_141913,THERESA REED,lobbyist,Other / Multi-sector
lobbyist_1202,GO GRIFFITH,lobbyist,Other / Multi-sector
lobbyist_52956,CHRISTOPHER LONG,lobbyist,Other / Multi-sector
lobbyist_63450,DANIEL GRAVER,lobbyist,Other / Multi-sector
lobbyist_63772,PAMELA BOWMAN,lobbyist,Other / Multi-sector
lobbyist_64943,KELLY DOCKHAM,lobbyist,Other / Multi-sector
lobbyist_70695,RICHELLE FRIEDMAN,lobbyist,Other / Multi-sector
lobbyist_87173,MICHAEL LEGG,lobbyist,Other / Multi-sector
lobbyist_107287,ROGER INGLE,lobbyist,Other / Multi-sector
lobbyist_139381,SAMANTHA DYBAS,lobbyist,Other / Multi-sector
lobbyist_143801,KEENAN HALE,lobbyist,Other / Multi-sector
lobbyist_54227,CHARLES HICKS,lobbyist,Other / Multi-sector
lobbyist_54957,SCOTT MACKENZIE,lobbyist,Other / Multi-sector
lobbyist_55902,JAMES BACKLIN,lobbyist,Other / Multi-sector
lobbyist_69481,MIKE WILLIAMS,lobbyist,Other / Multi-sector
lobbyist_72466,MELISSA FRANCIS (FORMERLY BONICELLI),lobbyist,Other / Multi-sector
lobbyist_72496,DAVID MANGONE,lobbyist,Other / Multi-sector
lobbyist_120201,ANNA HEGRENESS,lobbyist,Other / Multi-sector
lobbyist_144503,RACHEL GORSKY BOMBACH,lobbyist,Other / Multi-sector
lobbyist_13928,TARA BRADSHAW,lobbyist,Other / Multi-sector
lobbyist_51921,KATHERINE WECHSLER,lobbyist,Other / Multi-sector
lobbyist_54430,WESTON COULAM,lobbyist,Other / Multi-sector
lobbyist_95995,ADAM GOLDSTEIN,lobbyist,Other / Multi-sector
lobbyist_139604,DANIEL SEPULVEDA,lobbyist,Other / Multi-sector
lobbyist_62110,RODNEY ALEXANDER,lobbyist,Other / Multi-sector
lobbyist_67889,DEVIN MOGLER,lobbyist,Other / Multi-sector
lobbyist_68125,JARED SOLOMON,lobbyist,Other / Multi-sector
lobbyist_92108,THOMAS SANTOS,lobbyist,Other / Multi-sector
lobbyist_138504,BENJAMIN ROSENBAUM,lobbyist,Other / Multi-sector
lobbyist_148590,JENNIFER HEIDE VAN DER,lobbyist,Other / Multi-sector
lobbyist_63267,TIMOTHY KEYSER,lobbyist,Other / Multi-sector
lobbyist_64723,MARGARET GILLEY,lobbyist,Other / Multi-sector
lobbyist_65098,ZACHARY SCOTT,lobbyist,Other / Multi-sector
lobbyist_65532,FRED FERGUSON,lobbyist,Other / Multi-sector
lobbyist_138543,MADISON SMITH,lobbyist,Other / Multi-sector
lobbyist_148559,JOSHUA FENDRICK,lobbyist,Other / Multi-sector
lobbyist_35759,ANDREW SAMET,lobbyist,Other / Multi-sector
lobbyist_56578,GREG MASTEL,lobbyist,Other / Multi-sector
lobbyist_66288,LAUREN BAKER,lobbyist,Other / Multi-sector
lobbyist_66571,MANNING MCPHILLIPS,lobbyist,Other / Multi-sector
lobbyist_67300,DAVID ADAMS,lobbyist,Other / Multi-sector
lobbyist_141948,PARKER REYNOLDS,lobbyist,Other / Multi-sector
lobbyist_144086,ERIK KOMENDANT,lobbyist,Other / Multi-sector
lobbyist_48346,DENNIS HERTEL,lobbyist,Other / Multi-sector
lobbyist_54463,ALLISON BINNEY,lobbyist,Other / Multi-sector
lobbyist_92817,JOSHUA SHIELDS,lobbyist,Other / Multi-sector
lobbyist_140415,KATHRYN NAESSENS,lobbyist,Other / Multi-sector
lobbyist_143811,MALLORI MERANDINO,lobbyist,Other / Multi-sector
lobbyist_46372,MARY DWIGHT,lobbyist,Other / Multi-sector
lobbyist_51342,SANDRA SWIRSKI,lobbyist,Other / Multi-sector
lobbyist_67931,SHAWN BROWN,lobbyist,Other / Multi-sector
lobbyist_68013,LAVITA LEGRYS,lobbyist,Other / Multi-sector
lobbyist_68989,PAYTON IHEME,lobbyist,Other / Multi-sector
lobbyist_69955,PAMELA BONDI,lobbyist,Other / Multi-sector
lobbyist_70823,AARON TRUJILLO,lobbyist,Other / Multi-sector
lobbyist_85398,DEVON BARNHART,lobbyist,Other / Multi-sector
lobbyist_92833,POORVIE BISHNOI,lobbyist,Other / Multi-sector
lobbyist_59021,MANNING FERACI,lobbyist,Other / Multi-sector
lobbyist_68942,MARY PAHNER,lobbyist,Other / Multi-sector
lobbyist_69419,HEATHER BLOEMHARD,lobbyist,Other / Multi-sector
lobbyist_70228,SCOTT KLENET,lobbyist,Other / Multi-sector
lobbyist_102988,SARAH ALEXANDER,lobbyist,Other / Multi-sector
lobbyist_107202,TIM GEHRING,lobbyist,Other / Multi-sector
lobbyist_147435,ELIZABETH CONNOLLY,lobbyist,Other / Multi-sector
lobbyist_55364,HEATHER SIBBISON,lobbyist,Other / Multi-sector
lobbyist_62169,HENRY WAXMAN,lobbyist,Other / Multi-sector
lobbyist_70513,STEPHANIE MURPHY,lobbyist,Other / Multi-sector
lobbyist_56974,STEPHANIE KENNAN,lobbyist,Other / Multi-sector
lobbyist_63365,LILIANA CORONADO,lobbyist,Other / Multi-sector
lobbyist_67475,NATALIE HALES,lobbyist,Other / Multi-sector
lobbyist_68269,STEPHANIE SANOK KOSTRO,lobbyist,Other / Multi-sector
lobbyist_70164,MAURA KEEFE,lobbyist,Other / Multi-sector
lobbyist_110845,CHARLES DUJON,lobbyist,Other / Multi-sector
lobbyist_141553,WILLIAM DUNHAM,lobbyist,Other / Multi-sector
lobbyist_141894,JOSH PEASTER,lobbyist,Other / Multi-sector
lobbyist_64336,PETE LEON,lobbyist,Other / Multi-sector
lobbyist_69911,GUILLERMO GODOY,lobbyist,Other / Multi-sector
lobbyist_71586,JESSE WALLS,lobbyist,Other / Multi-sector
lobbyist_101107,PETER KUCIK,lobbyist,Other / Multi-sector
lobbyist_121637,VINCENT BROWN,lobbyist,Other / Multi-sector
lobbyist_139532,HOLTEN STRINGER,lobbyist,Other / Multi-sector
lobbyist_141104,CHAD METZLER,lobbyist,Other / Multi-sector
lobbyist_27451,NICK GOLDSTEIN,lobbyist,Other / Multi-sector
lobbyist_53693,MARTIN BAYR,lobbyist,Other / Multi-sector
lobbyist_57565,JANE WISE THOMPSON,lobbyist,Other / Multi-sector
lobbyist_62549,SUZANNE ROHDE,lobbyist,Other / Multi-sector
lobbyist_64828,CLARE CHMIEL,lobbyist,Other / Multi-sector
lobbyist_67826,ALLISON IVIE,lobbyist,Other / Multi-sector
lobbyist_68139,RUSSELL ORBAN,lobbyist,Other / Multi-sector
lobbyist_115654,PAUL DIOGUARDI,lobbyist,Other / Multi-sector
lobbyist_139412,COOPER EHRENDREICH,lobbyist,Other / Multi-sector
lobbyist_62858,NATHAN MONELL,lobbyist,Other / Multi-sector
lobbyist_64143,BRIAN HOWARD,lobbyist,Other / Multi-sector
lobbyist_68480,ROBERT POWELL,lobbyist,Other / Multi-sector
lobbyist_72648,JOSEPH RUBIN,lobbyist,Other / Multi-sector
lobbyist_143679,THOMAS FULTON,lobbyist,Other / Multi-sector
lobbyist_148102,DABNEY HEGG,lobbyist,Other / Multi-sector
lobbyist_12014,JAMES SIVON,lobbyist,Other / Multi-sector
lobbyist_40483,HOWARD WALTZMAN,lobbyist,Other / Multi-sector
lobbyist_47664,SCOTT WEAVER,lobbyist,Other / Multi-sector
lobbyist_56171,PATRICE WILLOUGHBY,lobbyist,Other / Multi-sector
lobbyist_64579,ALEXANDER CURRIE,lobbyist,Other / Multi-sector
lobbyist_67198,KERRY O'BRIEN,lobbyist,Other / Multi-sector
lobbyist_106063,AHARON FRIEDMAN,lobbyist,Other / Multi-sector
lobbyist_110472,JACOB JACKSON,lobbyist,Other / Multi-sector
lobbyist_142682,JAMES MORAN,lobbyist,Other / Multi-sector
lobbyist_22702,THOMAS HANCE,lobbyist,Other / Multi-sector
lobbyist_40768,PATRICK WILLIAMS,lobbyist,Other / Multi-sector
lobbyist_47285,ROBERT CANAVAN,lobbyist,Other / Multi-sector
lobbyist_57139,DAVID DEVENDORF,lobbyist,Other / Multi-sector
lobbyist_57141,BEN NIGHTHORSE CAMPBELL,lobbyist,Other / Multi-sector
lobbyist_63645,MICHAEL KAISER,lobbyist,Technology & Telecom
lobbyist_68584,JENNIFER STETTNER,lobbyist,Other / Multi-sector
lobbyist_72819,CLETE WILLEMS,lobbyist,Other / Multi-sector
lobbyist_101896,LAURA PETERSON,lobbyist,Other / Multi-sector
lobbyist_143714,SYDNEY HAND,lobbyist,Other / Multi-sector
lobbyist_45380,JOHN GILLILAND,lobbyist,Other / Multi-sector
lobbyist_61737,JEFFREY GREV,lobbyist,Other / Multi-sector
lobbyist_92586,BRANDON WEBB,lobbyist,Other / Multi-sector
lobbyist_105565,WILLIAM SEHESTEDT,lobbyist,Other / Multi-sector
lobbyist_116833,KEVIN MCGRANN,lobbyist,Other / Multi-sector
lobbyist_120881,PATRICK HENNIGAN,lobbyist,Other / Multi-sector
lobbyist_141008,ESTEFANIA RODRIGUEZ,lobbyist,Other / Multi-sector
lobbyist_146251,NICHOLAS SADOSKI,lobbyist,Other / Multi-sector
lobbyist_41877,ALAN LARSON,lobbyist,Other / Multi-sector
lobbyist_62541,ERIC SWEDLUND,lobbyist,Other / Multi-sector
lobbyist_64049,MICHAEL NARDELLI,lobbyist,Other / Multi-sector
lobbyist_67114,MICHAEL CROSSEN,lobbyist,Other / Multi-sector
lobbyist_69018,CHRIS MITCHELL,lobbyist,Other / Multi-sector
lobbyist_74560,ANNA LEIERITZ,lobbyist,Other / Multi-sector
lobbyist_107369,RODNEY EMERY,lobbyist,Other / Multi-sector
lobbyist_117267,JEFFREY NANCE,lobbyist,Other / Multi-sector
lobbyist_140864,FRED ESSIS,lobbyist,Other / Multi-sector
lobbyist_147374,JUSTIN KINTZ,lobbyist,Other / Multi-sector
lobbyist_47173,BONNIE SINGER,lobbyist,Other / Multi-sector
lobbyist_53558,TOM INGRAM,lobbyist,Other / Multi-sector
lobbyist_58410,BROCK PHILLIPS,lobbyist,Other / Multi-sector
lobbyist_67289,DAVID WHITE,lobbyist,Other / Multi-sector
lobbyist_68774,SAMUEL HEWITT,lobbyist,Other / Multi-sector
lobbyist_72920,MIKE HOUSE,lobbyist,Other / Multi-sector
lobbyist_138157,THOMAS STORY,lobbyist,Other / Multi-sector
lobbyist_140653,JULIAN FLEISCHMAN,lobbyist,Other / Multi-sector
lobbyist_144893,SUSAN PAXON,lobbyist,Other / Multi-sector
lobbyist_147752,JOHN STROM,lobbyist,Other / Multi-sector
lobbyist_62140,ANGELA MCCARTER,lobbyist,Other / Multi-sector
lobbyist_92821,CACHAVIOUS ENGLISH,lobbyist,Other / Multi-sector
lobbyist_98812,ATALIE EBERSOLE,lobbyist,Other / Multi-sector
lobbyist_119568,KEVIN WALSH,lobbyist,Other / Multi-sector
lobbyist_138228,CALLIE FUSELIER,lobbyist,Other / Multi-sector
lobbyist_141458,THOMAS LANGLEY,lobbyist,Other / Multi-sector
lobbyist_141891,LISA WHISLER,lobbyist,Other / Multi-sector
lobbyist_142738,ROBERT SMITH,lobbyist,Other / Multi-sector
lobbyist_147776,RODNEY DAVIS,lobbyist,Other / Multi-sector
lobbyist_61236,KRISTA DROBAC,lobbyist,Other / Multi-sector
lobbyist_61476,MAUREEN WALSH,lobbyist,Other / Multi-sector
lobbyist_69205,JOHN MURRAY,lobbyist,Other / Multi-sector
lobbyist_69251,PATRICK MALLOY,lobbyist,Other / Multi-sector
lobbyist_70832,ASHLEY PATTERSON,lobbyist,Other / Multi-sector
lobbyist_71422,ELIZABETH THOMPSON,lobbyist,Other / Multi-sector
lobbyist_79363,JAIME HJORT,lobbyist,Technology & Telecom
lobbyist_84841,EVAN COLLIER,lobbyist,Other / Multi-sector
lobbyist_141843,CARLOS FLORES,lobbyist,Other / Multi-sector
lobbyist_51845,ROCCO FEMIA,lobbyist,Other / Multi-sector
lobbyist_64124,SHARON GONSALVES,lobbyist,Other / Multi-sector
lobbyist_65381,KATHRYN KILEY,lobbyist,Other / Multi-sector
lobbyist_65383,RACHEL DRESEN,lobbyist,Other / Multi-sector
lobbyist_67390,JILL STEWART,lobbyist,Other / Multi-sector
lobbyist_69061,CHRISTOPHER PHILBIN,lobbyist,Other / Multi-sector
lobbyist_69802,CHRISTOPHER LEAHY,lobbyist,Other / Multi-sector
lobbyist_70035,JOHN GOETZ,lobbyist,Other / Multi-sector
lobbyist_72167,MICHAELA CAMPBELL,lobbyist,Other / Multi-sector
lobbyist_73138,ALEXANDRA COSTELLO,lobbyist,Other / Multi-sector
lobbyist_139146,ALEXA TURNER,lobbyist,Other / Multi-sector
lobbyist_148652,MICHAEL FLYNN,lobbyist,Other / Multi-sector
lobbyist_32467,FRED CLARK,lobbyist,Other / Multi-sector
lobbyist_63475,STEPHEN MARTINKO,lobbyist,Other / Multi-sector
lobbyist_65027,JACKSON DRONEY,lobbyist,Other / Multi-sector
lobbyist_67184,ROBERT GANIM,lobbyist,Other / Multi-sector
lobbyist_68578,ARIELLE GIORDANO,lobbyist,Other / Multi-sector
lobbyist_71362,ALLISON DETERS,lobbyist,Other / Multi-sector
lobbyist_72190,JOSHUA LEDDEN,lobbyist,Other / Multi-sector
lobbyist_95202,MATTHEW SILVER,lobbyist,Other / Multi-sector
lobbyist_104873,GABRIEL TERRY,lobbyist,Other / Multi-sector
lobbyist_113162,ROWAN BOST,lobbyist,Other / Multi-sector
lobbyist_135795,TED MCCANN,lobbyist,Other / Multi-sector
lobbyist_138165,MADISON ARCANGELI,lobbyist,Other / Multi-sector
lobbyist_141955,MEREDITH DODSON,lobbyist,Other / Multi-sector
lobbyist_152482,CLIFFORD SHOWS,lobbyist,Transportation & Auto
lobbyist_32280,JOHN MCGLEW,lobbyist,Other / Multi-sector
lobbyist_51017,KHALIL SALIBA,lobbyist,Other / Multi-sector
lobbyist_59651,JACOB PARKER,lobbyist,Other / Multi-sector
lobbyist_62973,KRISTEN ADAMS,lobbyist,Other / Multi-sector
lobbyist_68803,BRANDON CONSOLVO,lobbyist,Other / Multi-sector
lobbyist_69571,KATHERINE PHAM,lobbyist,Other / Multi-sector
lobbyist_70755,MARK FRIEDMANN,lobbyist,Other / Multi-sector
lobbyist_84040,BAILEY CHILDERS,lobbyist,Technology & Telecom
lobbyist_98793,JEREMY SCOTT,lobbyist,Other / Multi-sector
lobbyist_116663,ANDREW FULLERTON,lobbyist,Other / Multi-sector
lobbyist_138123,JEFFREY PIKE,lobbyist,Other / Multi-sector
lobbyist_139579,ELYSE WASCH,lobbyist,Other / Multi-sector
lobbyist_141901,SCOTT MACCONOMY,lobbyist,Other / Multi-sector
lobbyist_143704,DENAE BENSON,lobbyist,Other / Multi-sector
lobbyist_145169,ERICA FITZGERALD,lobbyist,Other / Multi-sector
lobbyist_146075,MICHAEL TAGGART,lobbyist,Other / Multi-sector
lobbyist_150389,NICOLE THOMPSON,lobbyist,Other / Multi-sector
lobbyist_15869,RICHARD GEPHARDT,lobbyist,Other / Multi-sector
lobbyist_45794,FRANCES MCPOLAND,lobbyist,Other / Multi-sector
lobbyist_57541,JASON MARMON,lobbyist,Other / Multi-sector
lobbyist_58357,WAYNE DELL,lobbyist,Other / Multi-sector
lobbyist_62270,NATHANIEL WALTON,lobbyist,Other / Multi-sector
lobbyist_62580,CHRISTOPHER SULLIVAN,lobbyist,Other / Multi-sector
lobbyist_66058,MARK RODGERS,lobbyist,Other / Multi-sector
lobbyist_66351,MONICA VOLANTE,lobbyist,Other / Multi-sector
lobbyist_69088,CHASE KROLL,lobbyist,Other / Multi-sector
lobbyist_79191,EVE GRANATOSKY,lobbyist,Other / Multi-sector
lobbyist_148089,MIKE CLEMENTI,lobbyist,Other / Multi-sector
lobbyist_16736,MARK WACLAWSKI,lobbyist,Other / Multi-sector
lobbyist_50047,JAMES COLLURA,lobbyist,Other / Multi-sector
lobbyist_51926,LINDSAY PLACK,lobbyist,Other / Multi-sector
lobbyist_69669,DANIEL FERNANDEZ,lobbyist,Other / Multi-sector
lobbyist_70081,EMILIA DISANTO,lobbyist,Other / Multi-sector
lobbyist_71724,HANNAH IZON,lobbyist,Other / Multi-sector
lobbyist_111974,ROBIN COLWELL,lobbyist,Other / Multi-sector
lobbyist_119374,SKIFFINGTON HOLDERNESS,lobbyist,Other / Multi-sector
lobbyist_120181,BRIAN SKRETNY,lobbyist,Other / Multi-sector
lobbyist_147282,JOHN CULTON,lobbyist,Other / Multi-sector
lobbyist_149044,JIM CARTER,lobbyist,Other / Multi-sector
lobbyist_41542,BRENT FRANZEL,lobbyist,Other / Multi-sector
lobbyist_50648,RAHUL RANDHAVA,lobbyist,Other / Multi-sector
lobbyist_51336,ANNE URBAN,lobbyist,Other / Multi-sector
lobbyist_54699,KIMBERLY DEAN,lobbyist,Other / Multi-sector
lobbyist_83708,DAVID TULLY,lobbyist,Other / Multi-sector
lobbyist_86374,STEVEN KOERNER,lobbyist,Other / Multi-sector
lobbyist_143277,JARED SONCRANT,lobbyist,Other / Multi-sector
lobbyist_145921,CELIA MORTE,lobbyist,Other / Multi-sector
lobbyist_59675,LOREN AHO,lobbyist,Other / Multi-sector
lobbyist_107396,CYBIL ROEHRENBECK,lobbyist,Other / Multi-sector
lobbyist_150390,COLLEEN MOSS,lobbyist,Other / Multi-sector
lobbyist_42044,JOHN TAHSUDA,lobbyist,Other / Multi-sector
lobbyist_64360,HOWARD P MCKEON,lobbyist,Other / Multi-sector
lobbyist_65274,BRAD GRUEHN,lobbyist,Other / Multi-sector
lobbyist_69276,K LEVINSON,lobbyist,Other / Multi-sector
lobbyist_71382,BRADLEY WOLTERS,lobbyist,Other / Multi-sector
lobbyist_72255,WILLIAM MCGINLEY,lobbyist,Other / Multi-sector
lobbyist_139169,ART CAMERON,lobbyist,Other / Multi-sector
lobbyist_149195,CHRIS LEUCHTEN,lobbyist,Other / Multi-sector
lobbyist_26937,RANDALL WEST,lobbyist,Other / Multi-sector
lobbyist_49743,PAMELA GILBERT,lobbyist,Other / Multi-sector
lobbyist_63790,MIMI SIMONEAUX KNEUER,lobbyist,Other / Multi-sector
lobbyist_65123,AMIRAH SEQUEIRA,lobbyist,Other / Multi-sector
lobbyist_65631,NATHAN COOK,lobbyist,Other / Multi-sector
lobbyist_66553,MATTHEW THACKSTON,lobbyist,Other / Multi-sector
lobbyist_67223,HANS KLINGLER,lobbyist,Other / Multi-sector
lobbyist_68190,MACKENZIE ROWE,lobbyist,Other / Multi-sector
lobbyist_69527,MARIA PRICE,lobbyist,Other / Multi-sector
lobbyist_122252,RYAN SHAY,lobbyist,Other / Multi-sector
lobbyist_138042,JENNIFER KAUFMANN,lobbyist,Other / Multi-sector
lobbyist_141133,ADIN MENGEL,lobbyist,Other / Multi-sector
lobbyist_144491,VANDAN PATEL,lobbyist,Other / Multi-sector
lobbyist_144963,KATHERINE MONGE,lobbyist,Other / Multi-sector
lobbyist_149027,RONALD STORHAUG,lobbyist,Other / Multi-sector
lobbyist_47974,MATTHEW SCHLAPP,lobbyist,Other / Multi-sector
lobbyist_50947,JAN FOWLER,lobbyist,Other / Multi-sector
lobbyist_52828,DOYCE BOESCH,lobbyist,Other / Multi-sector
lobbyist_56449,MARK SMITH,lobbyist,Other / Multi-sector
lobbyist_63672,ANITA ESTELL,lobbyist,Other / Multi-sector
lobbyist_65628,KAREN WILLIAMS,lobbyist,Other / Multi-sector
lobbyist_68240,JORDAN STOICK,lobbyist,Other / Multi-sector
lobbyist_69628,DONALD GRADY,lobbyist,Other / Multi-sector
lobbyist_142491,PAMELA THIESSEN,lobbyist,Other / Multi-sector
lobbyist_143730,JOHN KATKO,lobbyist,Other / Multi-sector
lobbyist_17115,DALE THORENSON,lobbyist,Other / Multi-sector
lobbyist_60845,ERNEST BAYNARD,lobbyist,Other / Multi-sector
lobbyist_138321,MATTHEW MIKA,lobbyist,Other / Multi-sector
lobbyist_138791,LIZ ALBERTINE,lobbyist,Other / Multi-sector
lobbyist_142493,ERIN O'CONNOR ELLIOTT,lobbyist,Other / Multi-sector
lobbyist_148824,CHRIS KELLY,lobbyist,Other / Multi-sector
lobbyist_149197,LUCAS WALLWORK,lobbyist,Other / Multi-sector
lobbyist_60169,BRIAN BRANTON,lobbyist,Other / Multi-sector
lobbyist_67838,TONYA SAUNDERS,lobbyist,Other / Multi-sector
lobbyist_69959,DAVID MULLON,lobbyist,Other / Multi-sector
lobbyist_70132,MARGARET CEKUTA,lobbyist,Other / Multi-sector
lobbyist_72289,SAMUEL DEJOIE,lobbyist,Other / Multi-sector
lobbyist_92752,GEORGE RICCARDO,lobbyist,Other / Multi-sector
lobbyist_96147,ADAM BUCKALEW,lobbyist,Other / Multi-sector
lobbyist_103518,ASKIA SURUMA,lobbyist,Other / Multi-sector
lobbyist_107266,KATELYN COSTELLO,lobbyist,Other / Multi-sector
lobbyist_110681,NATASHA JOHN,lobbyist,Other / Multi-sector
lobbyist_139243,KRISTIN STEVENS,lobbyist,Other / Multi-sector
lobbyist_140295,COLE ROJEWSKI,lobbyist,Other / Multi-sector
lobbyist_144026,MAX WHITCOMB,lobbyist,Other / Multi-sector
lobbyist_144765,MELANIE HARRIS,lobbyist,Other / Multi-sector
lobbyist_147963,GABE SHERMAN,lobbyist,Other / Multi-sector
lobbyist_47572,JANICE O'CONNELL,lobbyist,Other / Multi-sector
lobbyist_49789,MARGEAUX PLAISTED,lobbyist,Technology & Telecom
lobbyist_68857,MIGUEL MENDOZA,lobbyist,Other / Multi-sector
lobbyist_83235,MINH NGUYEN,lobbyist,Other / Multi-sector
lobbyist_104715,ANNA ABRAM,lobbyist,Other / Multi-sector
lobbyist_107403,JESSICA L BENNETT,lobbyist,Other / Multi-sector
lobbyist_119116,CHERYL DAVIS,lobbyist,Other / Multi-sector
lobbyist_34702,JOSEPH RAEDER,lobbyist,Other / Multi-sector
lobbyist_49266,ALLISON GILES,lobbyist,Other / Multi-sector
lobbyist_53963,KAREN JOHNSON,lobbyist,Other / Multi-sector
lobbyist_139553,SARAH KATE SULLIVAN,lobbyist,Other / Multi-sector
lobbyist_140688,ANNE-MARIE KELLEY,lobbyist,Other / Multi-sector
lobbyist_140777,PATTI STAUFFER,lobbyist,Other / Multi-sector
lobbyist_141413,ANDREW SIGMON,lobbyist,Transportation & Auto
lobbyist_142905,SAMANTHA DRAVIS,lobbyist,Other / Multi-sector
lobbyist_143064,ELIZABETH DALTON,lobbyist,Other / Multi-sector
lobbyist_144305,BRENT GREENFIELD,lobbyist,Other / Multi-sector
lobbyist_144795,JEFFREY WIEAND,lobbyist,Other / Multi-sector
lobbyist_59273,VALERIE NELSON,lobbyist,Other / Multi-sector
lobbyist_69046,JOHN SIMPSON,lobbyist,Other / Multi-sector
lobbyist_72272,ELISE TOLLEFSON,lobbyist,Other / Multi-sector
lobbyist_85325,JASON LARRABEE,lobbyist,Other / Multi-sector
lobbyist_87704,ROBERT MORAN,lobbyist,Other / Multi-sector
lobbyist_110062,SARAH SWANSON,lobbyist,Other / Multi-sector
lobbyist_139262,SHANA CHANDLER,lobbyist,Other / Multi-sector
lobbyist_47661,GAVIN CLINGHAM,lobbyist,Other / Multi-sector
lobbyist_98719,JAMES REILLY,lobbyist,Other / Multi-sector
lobbyist_105194,ROY MCKENZIE,lobbyist,Other / Multi-sector
lobbyist_107329,MICHAEL BAIN,lobbyist,Technology & Telecom
lobbyist_142880,JACQLYN SCHNEIDER,lobbyist,Other / Multi-sector
lobbyist_146563,JEFFREY BECKER,lobbyist,Other / Multi-sector
lobbyist_11446,JOANN PAYNE,lobbyist,Other / Multi-sector
lobbyist_14340,NICK MANETTO,lobbyist,Other / Multi-sector
lobbyist_65551,JUDY BEARD,lobbyist,Other / Multi-sector
lobbyist_66247,AARON SHAPIRO,lobbyist,Other / Multi-sector
lobbyist_71558,WILLIAM MILLER,lobbyist,Other / Multi-sector
lobbyist_72394,PAMELA YUEN,lobbyist,Other / Multi-sector
lobbyist_72808,RYAN COSTELLO,lobbyist,Other / Multi-sector
lobbyist_72975,DAVID LIND,lobbyist,Other / Multi-sector
lobbyist_92836,ALLEN THOMPSON,lobbyist,Other / Multi-sector
lobbyist_94932,EUGENE SHESTAKOV,lobbyist,Other / Multi-sector
lobbyist_115270,MICHAEL ELMORE,lobbyist,Other / Multi-sector
lobbyist_138698,JAIME STEVE,lobbyist,Technology & Telecom
lobbyist_141031,STEPHANIE CHEUNG,lobbyist,Other / Multi-sector
lobbyist_142267,BRIAN BATES,lobbyist,Other / Multi-sector
lobbyist_143330,PAUL NEMETZ,lobbyist,Other / Multi-sector
lobbyist_143627,DOROTHY CLARK,lobbyist,Other / Multi-sector
lobbyist_7922,JOCELYN LOWE,lobbyist,Other / Multi-sector
lobbyist_35257,RENE CAMPOS,lobbyist,Other / Multi-sector
lobbyist_54906,DAVID BOYER,lobbyist,Other / Multi-sector
lobbyist_68814,BRIAN MCMILLAN,lobbyist,Other / Multi-sector
lobbyist_68959,ROBERT EHRICH,lobbyist,Other / Multi-sector
lobbyist_70896,JOSHUA BLUME,lobbyist,Other / Multi-sector
lobbyist_93684,JOSEPH CORTINA,lobbyist,Other / Multi-sector
lobbyist_103011,AMY SMITH,lobbyist,Other / Multi-sector
lobbyist_142654,CHARLES YESSAIAN,lobbyist,Technology & Telecom
lobbyist_144922,ANNIE D'AMATO,lobbyist,Other / Multi-sector
lobbyist_147096,KENNETH BARBIC,lobbyist,Other / Multi-sector
lobbyist_66337,ELLIOT WILLIAMS,lobbyist,Other / Multi-sector
lobbyist_69005,RICK LIMARDO,lobbyist,Other / Multi-sector
lobbyist_72467,BRIAN BARNARD,lobbyist,Other / Multi-sector
lobbyist_107429,JOSH NARROW,lobbyist,Other / Multi-sector
lobbyist_109277,JAMES GLUECK,lobbyist,Other / Multi-sector
lobbyist_139767,MIKE CONAWAY,lobbyist,Other / Multi-sector
lobbyist_140323,KATHERINE MCGUIRE,lobbyist,Other / Multi-sector
lobbyist_141087,LUCAS GORAK,lobbyist,Other / Multi-sector
lobbyist_141802,JORDAN COOPER,lobbyist,Other / Multi-sector
lobbyist_2314,CATRIONA MACDONALD,lobbyist,Other / Multi-sector
lobbyist_48281,JIM SOURWINE,lobbyist,Other / Multi-sector
lobbyist_62401,CHRISTOPHER CONDELUCI,lobbyist,Other / Multi-sector
lobbyist_63638,HOWARD BERMAN,lobbyist,Other / Multi-sector
lobbyist_67087,SUSHANT SINHA,lobbyist,Other / Multi-sector
lobbyist_71519,ANNE DUDRO,lobbyist,Other / Multi-sector
lobbyist_93452,MICHAEL DANKLER,lobbyist,Other / Multi-sector
lobbyist_121814,JOHN GRAVES,lobbyist,Other / Multi-sector
lobbyist_144883,MIKAYLA MARCUM,lobbyist,Other / Multi-sector
lobbyist_15502,TAMARA BROWNE,lobbyist,Other / Multi-sector
lobbyist_49972,GREG SCHILDWACHTER,lobbyist,Other / Multi-sector
lobbyist_63304,LAUREN STURGEON,lobbyist,Other / Multi-sector
lobbyist_69234,AMY ANDRYSZAK,lobbyist,Other / Multi-sector
lobbyist_69547,NICK SUTTER,lobbyist,Other / Multi-sector
lobbyist_69574,WILLIAM HULSE,lobbyist,Other / Multi-sector
lobbyist_105637,JANA BARRESI,lobbyist,Other / Multi-sector
lobbyist_141329,CHRISTY WOODRUFF,lobbyist,Other / Multi-sector
lobbyist_146945,STEVEN WALL,lobbyist,Other / Multi-sector
lobbyist_46795,MARK CASSO,lobbyist,Other / Multi-sector
lobbyist_67446,BRIAN DITTMEIER,lobbyist,Other / Multi-sector
lobbyist_70449,MATTHEW FURLOW,lobbyist,Other / Multi-sector
lobbyist_74492,JACK LIVINGSTON,lobbyist,Other / Multi-sector
lobbyist_107635,JOSHUA BROWN,lobbyist,Other / Multi-sector
lobbyist_121820,MATT SCHERTZ,lobbyist,Other / Multi-sector
lobbyist_141402,GARRETT LUKKEN,lobbyist,Other / Multi-sector
lobbyist_147962,JIM BRIDENSTINE,lobbyist,Other / Multi-sector
lobbyist_148333,THEODORE TANZER,lobbyist,Other / Multi-sector
lobbyist_39814,DAVID RUSSELL,lobbyist,Other / Multi-sector
lobbyist_41156,LUTHER MARKWART,lobbyist,Other / Multi-sector
lobbyist_54948,HEATHER HENNESSEY,lobbyist,Other / Multi-sector
lobbyist_58987,NORMAN DICKS,lobbyist,Other / Multi-sector
lobbyist_62674,JAMES CREEVY,lobbyist,Other / Multi-sector
lobbyist_64895,ANNE FABRY,lobbyist,Other / Multi-sector
lobbyist_66899,CARLY MCCALLIE,lobbyist,Other / Multi-sector
lobbyist_68239,DAVID PUGACH,lobbyist,Other / Multi-sector
lobbyist_71645,SEAN MCREYNOLDS,lobbyist,Other / Multi-sector
lobbyist_73011,SARAH-LLOYD STEVENSON,lobbyist,Other / Multi-sector
lobbyist_73134,CHRIS HALL,lobbyist,Other / Multi-sector
lobbyist_106085,JESSICA FREND,lobbyist,Other / Multi-sector
lobbyist_142248,TROY STOCK,lobbyist,Other / Multi-sector
lobbyist_148825,DON ANDRES,lobbyist,Other / Multi-sector
lobbyist_52115,DANIEL BATES,lobbyist,Other / Multi-sector
lobbyist_70741,MEGAN DAPPER,lobbyist,Other / Multi-sector
lobbyist_72013,BENJAMIN DUNHAM,lobbyist,Other / Multi-sector
lobbyist_73439,KAITLYNN GLOVER,lobbyist,Technology & Telecom
lobbyist_141979,RON KIND,lobbyist,Other / Multi-sector
lobbyist_40868,STEVEN WOLFE,lobbyist,Other / Multi-sector
lobbyist_63018,TRACY ZEA,lobbyist,Other / Multi-sector
lobbyist_67178,MIKE BIAGI,lobbyist,Other / Multi-sector
lobbyist_67277,DAVID AROUCA,lobbyist,Other / Multi-sector
lobbyist_69537,DEEPTI KULKARNI,lobbyist,Other / Multi-sector
lobbyist_71079,JOSEPH NAHRA,lobbyist,Other / Multi-sector
lobbyist_72089,STEPHEN LIEBERMAN,lobbyist,Other / Multi-sector
lobbyist_79364,KAI HIRABAYASHI,lobbyist,Technology & Telecom
lobbyist_61587,CHRISTOPHER D'ARCY,lobbyist,Other / Multi-sector
lobbyist_67991,LAUREN BROOKMEYER,lobbyist,Other / Multi-sector
lobbyist_68006,RYLIN RODGERS,lobbyist,Other / Multi-sector
lobbyist_68094,JAMIE MATESE,lobbyist,Other / Multi-sector
lobbyist_68697,JOSH PITRE,lobbyist,Other / Multi-sector
lobbyist_139168,YANET BRUNET PEREZ,lobbyist,Other / Multi-sector
lobbyist_141434,CORY HARRIS,lobbyist,Other / Multi-sector
lobbyist_3004,KELLY JOHNSON,lobbyist,Other / Multi-sector
lobbyist_18401,JADE WEST,lobbyist,Other / Multi-sector
lobbyist_41218,STEPHEN KHO,lobbyist,Other / Multi-sector
lobbyist_66790,JENNIFER STEGER,lobbyist,Other / Multi-sector
lobbyist_68900,AUSTIN ROBERTS,lobbyist,Other / Multi-sector
lobbyist_69021,KURT KOVARIK,lobbyist,Other / Multi-sector
lobbyist_70254,HOPE HURLEY,lobbyist,Other / Multi-sector
lobbyist_70395,JEFF EVANS,lobbyist,Other / Multi-sector
lobbyist_71197,LAURA SIEGRIST,lobbyist,Other / Multi-sector
lobbyist_72640,BRENT BOMBACH,lobbyist,Other / Multi-sector
lobbyist_115060,LIZ FORTUNATO,lobbyist,Other / Multi-sector
lobbyist_118170,JUAN MACHADO,lobbyist,Other / Multi-sector
lobbyist_139689,TIFFANY SHACKELFORD,lobbyist,Transportation & Auto
lobbyist_139940,ROBERT JACKSON,lobbyist,Other / Multi-sector
lobbyist_140890,ELIZABETH NOLL,lobbyist,Other / Multi-sector
lobbyist_148205,JESUS HERNANDEZ,lobbyist,Other / Multi-sector
lobbyist_148916,CAROLINE RAFFERTY,lobbyist,Other / Multi-sector
lobbyist_68717,ARON GRIFFIN,lobbyist,Other / Multi-sector
lobbyist_100694,ANKIT DESAI,lobbyist,Technology & Telecom
lobbyist_101440,DANIEL ARCHER,lobbyist,Other / Multi-sector
lobbyist_107388,DANIEL WEST,lobbyist,Other / Multi-sector
lobbyist_144839,ALICE LUGO,lobbyist,Other / Multi-sector
lobbyist_147266,BENJAMIN STAUB,lobbyist,Other / Multi-sector
lobbyist_147905,STACEY LEAVANDOSKY,lobbyist,Other / Multi-sector
lobbyist_27574,STEVEN HEUER,lobbyist,Other / Multi-sector
lobbyist_68294,AMY ROSENBAUM,lobbyist,Other / Multi-sector
lobbyist_69433,JESSICA CAMERON,lobbyist,Other / Multi-sector
lobbyist_70202,PHILIP SWARTZFAGER,lobbyist,Other / Multi-sector
lobbyist_74500,ROBERT NEAL,lobbyist,Other / Multi-sector
lobbyist_106986,CAROLINE POWERS,lobbyist,Energy & Environment
lobbyist_107372,JOSEPH KING,lobbyist,Other / Multi-sector
lobbyist_121854,ROBERT CURIS,lobbyist,Other / Multi-sector
lobbyist_139079,ANDREW VLASATY,lobbyist,Other / Multi-sector
lobbyist_139541,JOSEPH FAWKNER,lobbyist,Other / Multi-sector
lobbyist_140790,ANTHONY REED,lobbyist,Other / Multi-sector
lobbyist_141855,MICHAEL DOYLE,lobbyist,Other / Multi-sector
lobbyist_29856,ERIN LANE,lobbyist,Other / Multi-sector
lobbyist_52683,ROCHONDA FARMER-NEAL,lobbyist,Agriculture & Food
lobbyist_64789,LEELA BAGGETT,lobbyist,Other / Multi-sector
lobbyist_114253,THOMAS BUSH,lobbyist,Other / Multi-sector
lobbyist_139214,SHELLY MARC,lobbyist,Other / Multi-sector
lobbyist_141944,VANESSA VALDEZ,lobbyist,Other / Multi-sector
lobbyist_143705,ADRIANNA WILLIAMS,lobbyist,Other / Multi-sector
lobbyist_145216,ELIZABETH CARROLL,lobbyist,Other / Multi-sector
lobbyist_60660,LAUREN BROCCOLI,lobbyist,Other / Multi-sector
lobbyist_62290,CASEY ELLIOTT,lobbyist,Other / Multi-sector
lobbyist_64181,BEETA RASOULI,lobbyist,Other / Multi-sector
lobbyist_68272,MATTHEW CHILLER,lobbyist,Other / Multi-sector
lobbyist_68787,DOUGLAS DISTASO,lobbyist,Other / Multi-sector
lobbyist_70428,REBECCA STEELE,lobbyist,Other / Multi-sector
lobbyist_72554,MARK MURRAY,lobbyist,Other / Multi-sector
lobbyist_102039,CHAD TOKOWICZ,lobbyist,Other / Multi-sector
lobbyist_116503,MICHAEL ERLANDSON,lobbyist,Other / Multi-sector
lobbyist_142282,BRETT FULCER,lobbyist,Other / Multi-sector
lobbyist_142803,MICHAEL SORENSEN,lobbyist,Other / Multi-sector
lobbyist_148053,JOHN ROBERTI,lobbyist,Other / Multi-sector
lobbyist_44206,RACHEL ROBINSON,lobbyist,Other / Multi-sector
lobbyist_50222,KEVIN DEMPSEY,lobbyist,Other / Multi-sector
lobbyist_60142,ROSS MARADIAN,lobbyist,Other / Multi-sector
lobbyist_68303,DAVID MARIN,lobbyist,Other / Multi-sector
lobbyist_69871,CORTNEY BUSH,lobbyist,Other / Multi-sector
lobbyist_72203,AMIRAH SALAAM,lobbyist,Other / Multi-sector
lobbyist_102296,DYLAN TUREFF,lobbyist,Other / Multi-sector
lobbyist_106394,WALDO MCMILLAN,lobbyist,Other / Multi-sector
lobbyist_107379,PATRICK CURRIER,lobbyist,Other / Multi-sector
lobbyist_138371,ADAM FISCHER,lobbyist,Other / Multi-sector
lobbyist_142419,SAUL HERNANDEZ,lobbyist,Other / Multi-sector
lobbyist_144814,NEIL MCKIERNAN,lobbyist,Other / Multi-sector
lobbyist_147906,KAADE WALLACE,lobbyist,Other / Multi-sector
lobbyist_36428,DAVID BAUER,lobbyist,Other / Multi-sector
lobbyist_51176,NICHOLAS LEIBHAM,lobbyist,Other / Multi-sector
lobbyist_67865,KYLE GILSTER,lobbyist,Other / Multi-sector
lobbyist_70626,JOY MCGLAUN,lobbyist,Other / Multi-sector
lobbyist_103799,MARGARET RANDOLPH,lobbyist,Other / Multi-sector
lobbyist_149001,RICHARD BURR,lobbyist,Other / Multi-sector
lobbyist_3748,BRUCE MORRISON,lobbyist,Other / Multi-sector
lobbyist_56808,KRISTEN GULLOTT,lobbyist,Other / Multi-sector
lobbyist_57610,KAREN STONE,lobbyist,Other / Multi-sector
lobbyist_62562,DARIS MEEKS,lobbyist,Other / Multi-sector
lobbyist_63199,MICHAEL SCRIVNER,lobbyist,Other / Multi-sector
lobbyist_63507,AMBER FAHY,lobbyist,Other / Multi-sector
lobbyist_66478,JONATHAN MASON,lobbyist,Other / Multi-sector
lobbyist_68172,STEPHANIE MARTZ,lobbyist,Other / Multi-sector
lobbyist_68553,THOMAS SCULLY,lobbyist,Other / Multi-sector
lobbyist_69317,MARK PRATER,lobbyist,Other / Multi-sector
lobbyist_69937,MAURA KANTAKEVICH,lobbyist,Other / Multi-sector
lobbyist_70611,ZACK MARSHALL,lobbyist,Other / Multi-sector
lobbyist_70627,CHRIS PRENDERGAST,lobbyist,Energy & Environment
lobbyist_71396,ROBIN BOWEN,lobbyist,Other / Multi-sector
lobbyist_75424,DANA COLARULLI,lobbyist,Other / Multi-sector
lobbyist_80338,JONAS NEIHARDT,lobbyist,Other / Multi-sector
lobbyist_138343,COLLEEN BELL,lobbyist,Other / Multi-sector
lobbyist_140101,REBEKAH RODRIGUEZ,lobbyist,Other / Multi-sector
lobbyist_144179,ROBERT GARDNER,lobbyist,Other / Multi-sector
lobbyist_46068,JESSICA HOGLE,lobbyist,Other / Multi-sector
lobbyist_66861,CHRISTOPHER MANSON,lobbyist,Other / Multi-sector
lobbyist_67742,JOEL LEFTWICH,lobbyist,Other / Multi-sector
lobbyist_69573,BRODY GARLAND,lobbyist,Other / Multi-sector
lobbyist_69904,SHARON HARDIE,lobbyist,Other / Multi-sector
lobbyist_71453,CORY TITUS,lobbyist,Other / Multi-sector
lobbyist_75019,HAYDEN ROGERS,lobbyist,Other / Multi-sector
lobbyist_83585,TIMOTHY URSPRUNG,lobbyist,Other / Multi-sector
lobbyist_136386,JENNIFER SILVA,lobbyist,Other / Multi-sector
lobbyist_139075,JOE MARINELLI,lobbyist,Other / Multi-sector
lobbyist_144507,KHLOE GREENWOOD,lobbyist,Other / Multi-sector
lobbyist_145280,JENNY DEBERRY,lobbyist,Other / Multi-sector
lobbyist_7617,CODY LUSK,lobbyist,Other / Multi-sector
lobbyist_58508,CAROLYN APOSTOLOU,lobbyist,Other / Multi-sector
lobbyist_65412,STEPHEN AARON,lobbyist,Other / Multi-sector
lobbyist_73871,DANIEL KENIRY,lobbyist,Other / Multi-sector
lobbyist_93239,W. PATRICK WILSON,lobbyist,Other / Multi-sector
lobbyist_98963,MICHAEL KELLEY,lobbyist,Other / Multi-sector
lobbyist_121816,JEFF SHOCKEY,lobbyist,Other / Multi-sector
lobbyist_139232,MICHAEL LEAHY,lobbyist,Other / Multi-sector
lobbyist_141780,CHRIS HUCKLEBERRY,lobbyist,Other / Multi-sector
lobbyist_145627,AUSTIN AGRELLA,lobbyist,Other / Multi-sector
lobbyist_151243,MICHAEL BURLEY,lobbyist,Other / Multi-sector
lobbyist_43279,TED HOLLINGSWORTH,lobbyist,Other / Multi-sector
lobbyist_63726,LUIS FORTUNO,lobbyist,Other / Multi-sector
lobbyist_64504,AUTUMN PRICE,lobbyist,Other / Multi-sector
lobbyist_65052,SARAH BLACKWOOD,lobbyist,Other / Multi-sector
lobbyist_66324,ARJUN MODY,lobbyist,Other / Multi-sector
lobbyist_66818,JASON OSBORNE,lobbyist,Other / Multi-sector
lobbyist_70409,LAUREN RUBIN,lobbyist,Other / Multi-sector
lobbyist_70660,MORGAN SCHREURS,lobbyist,Other / Multi-sector
lobbyist_73272,CHRIS JAHN,lobbyist,Other / Multi-sector
lobbyist_138696,NICHOLAS ORNSTEIN,lobbyist,Other / Multi-sector
lobbyist_141340,ELLIE CLANCY,lobbyist,Other / Multi-sector
lobbyist_141621,MICHAEL RUBINO,lobbyist,Other / Multi-sector
lobbyist_143749,GEORGE BUTTERFIELD,lobbyist,Other / Multi-sector
lobbyist_149532,WILL BREWSTER,lobbyist,Other / Multi-sector
lobbyist_149638,CHRISTOPHER INGRAHAM,lobbyist,Other / Multi-sector
lobbyist_57530,FRANCIS TURNER,lobbyist,Other / Multi-sector
lobbyist_60195,BETHANY BASSETT,lobbyist,Other / Multi-sector
lobbyist_68817,EMILY MUELLER,lobbyist,Other / Multi-sector
lobbyist_69684,SPENCER WAYNE,lobbyist,Other / Multi-sector
lobbyist_71003,MARK LUKASZEWSKI,lobbyist,Other / Multi-sector
lobbyist_72653,KAREN RUEDISUELI,lobbyist,Other / Multi-sector
lobbyist_139684,MAX FRANKEL,lobbyist,Other / Multi-sector
lobbyist_140727,KRISTOFER CARLSON,lobbyist,Other / Multi-sector
lobbyist_146654,ASHLEY SMITH,lobbyist,Other / Multi-sector
lobbyist_52654,LEROY NIX,lobbyist,Other / Multi-sector
lobbyist_62373,DAVID CALABRESE,lobbyist,Other / Multi-sector
lobbyist_64483,CHRISTOPHER ECKHOLD,lobbyist,Other / Multi-sector
lobbyist_65534,ED MCCLELLAN,lobbyist,Other / Multi-sector
lobbyist_66434,DAVID ELIN,lobbyist,Other / Multi-sector
lobbyist_71041,AUSTIN BONE,lobbyist,Other / Multi-sector
lobbyist_72429,SARAH KILLEEN,lobbyist,Other / Multi-sector
lobbyist_80342,CHRISTOPHER MORTON,lobbyist,Other / Multi-sector
lobbyist_100549,CHRISTOPHER WALL,lobbyist,Other / Multi-sector
lobbyist_145609,JOHN DOWD,lobbyist,Other / Multi-sector
lobbyist_145914,DANIEL BLACK,lobbyist,Other / Multi-sector
lobbyist_9119,MARC CADIN,lobbyist,Other / Multi-sector
lobbyist_46621,MICHAEL EVANS,lobbyist,Other / Multi-sector
lobbyist_49006,DANIEL MEYER,lobbyist,Other / Multi-sector
lobbyist_57289,STEPHANIE DAIGLE,lobbyist,Technology & Telecom
lobbyist_64081,ERIN SIEFRING,lobbyist,Other / Multi-sector
lobbyist_64868,PHILIP MOORE,lobbyist,Other / Multi-sector
lobbyist_65576,MICHAEL LAMOUREUX,lobbyist,Other / Multi-sector
lobbyist_66602,JAMES HAYES,lobbyist,Other / Multi-sector
lobbyist_92664,MATTHEW HITTLE,lobbyist,Other / Multi-sector
lobbyist_141630,AMY LOVENG,lobbyist,Other / Multi-sector
lobbyist_145585,RACHEL PORTMAN,lobbyist,Transportation & Auto
lobbyist_145705,ROXANA KEESLER,lobbyist,Other / Multi-sector
lobbyist_145922,REBECCA GANSCA,lobbyist,Other / Multi-sector
lobbyist_148928,ALEXANDER GRAF,lobbyist,Other / Multi-sector
lobbyist_148995,TIMOTHY COSTA,lobbyist,Other / Multi-sector
lobbyist_150052,ERIN MENDELSOHN,lobbyist,Other / Multi-sector
lobbyist_39815,MATT JESSEE,lobbyist,Other / Multi-sector
lobbyist_60704,MARIAH SIXKILLER,lobbyist,Other / Multi-sector
lobbyist_61589,ROBERT STIEN,lobbyist,Other / Multi-sector
lobbyist_68961,JILL SHAPIRO,lobbyist,Other / Multi-sector
lobbyist_69585,AARON FRAZIER,lobbyist,Other / Multi-sector
lobbyist_69995,GEOFF WERTH,lobbyist,Other / Multi-sector
lobbyist_72087,DONALD OVERTON,lobbyist,Other / Multi-sector
lobbyist_73407,ELI GREENSPAN,lobbyist,Other / Multi-sector
lobbyist_79253,KIM HAYS,lobbyist,Other / Multi-sector
lobbyist_139490,JENNIFER MILLER,lobbyist,Other / Multi-sector
lobbyist_145314,JOSEPH SCHWAN,lobbyist,Other / Multi-sector
lobbyist_147301,JASON FRYE,lobbyist,Other / Multi-sector
lobbyist_149049,TRACIE POUGH,lobbyist,Other / Multi-sector
lobbyist_149639,MARK PILAND,lobbyist,Other / Multi-sector
lobbyist_26216,RICHARD JULIANO,lobbyist,Other / Multi-sector
lobbyist_41504,VIC FAZIO,lobbyist,Other / Multi-sector
lobbyist_51668,PAMELA TURNER,lobbyist,Other / Multi-sector
lobbyist_57879,JOHN STIRRUP,lobbyist,Other / Multi-sector
lobbyist_65132,DANIEL MERRY,lobbyist,Other / Multi-sector
lobbyist_68228,MAURA FARRELL,lobbyist,Other / Multi-sector
lobbyist_69999,JOHN LADD,lobbyist,Other / Multi-sector
lobbyist_70126,JAMIE GILLESPIE,lobbyist,Other / Multi-sector
lobbyist_78218,KAITLIN SIGHINOLFI,lobbyist,Technology & Telecom
lobbyist_105860,ADRIAN BOAFO,lobbyist,Other / Multi-sector
lobbyist_139060,NAOMIE DROLL,lobbyist,Other / Multi-sector
lobbyist_140756,MOLLY O'LEARY,lobbyist,Other / Multi-sector
lobbyist_141628,MARY O'DEA ALLEN,lobbyist,Other / Multi-sector
lobbyist_44153,KATHLEEN MCAULIFFE,lobbyist,Other / Multi-sector
lobbyist_64731,LUCIANO HAYDEN,lobbyist,Other / Multi-sector
lobbyist_66415,DUSTIN TODD,lobbyist,Other / Multi-sector
lobbyist_69909,EDWARD HILL,lobbyist,Other / Multi-sector
lobbyist_72478,ELIZABETH REICHERTS,lobbyist,Other / Multi-sector
lobbyist_87055,CALLAN SMITH,lobbyist,Other / Multi-sector
lobbyist_141792,RENEE MISSAKIAN,lobbyist,Other / Multi-sector
lobbyist_141793,JOHN BASMAJIAN,lobbyist,Other / Multi-sector
lobbyist_145927,NICHOLAS VANCE,lobbyist,Other / Multi-sector
lobbyist_149579,DANIEL CHEEVER,lobbyist,Other / Multi-sector
lobbyist_22811,PATRICIA FIRST,lobbyist,Other / Multi-sector
lobbyist_49359,ANDREW COLOSIMO,lobbyist,Other / Multi-sector
lobbyist_51334,MICHAEL MCHUGH,lobbyist,Other / Multi-sector
lobbyist_51898,ROMY GELB-ZIMMER,lobbyist,Other / Multi-sector
lobbyist_58935,YVETTE FONTENOT,lobbyist,Other / Multi-sector
lobbyist_66047,PATRICK KIRBY,lobbyist,Other / Multi-sector
lobbyist_66260,ZACHARY MEARS,lobbyist,Other / Multi-sector
lobbyist_66572,JEAN DOYLE,lobbyist,Other / Multi-sector
lobbyist_69346,GEORGE CALLAS,lobbyist,Other / Multi-sector
lobbyist_70435,ELIZABETH HERMAN,lobbyist,Other / Multi-sector
lobbyist_71210,MISSYE BRICKELL,lobbyist,Other / Multi-sector
lobbyist_71640,ANGELA EBINER,lobbyist,Other / Multi-sector
lobbyist_74012,CHARLES WHITE,lobbyist,Other / Multi-sector
lobbyist_104124,ZACHARY RADFORD,lobbyist,Transportation & Auto
lobbyist_140037,NORMAN CAROSELLA,lobbyist,Other / Multi-sector
lobbyist_140573,KELLY HITCHCOCK,lobbyist,Other / Multi-sector
lobbyist_142904,STEVE CHARTAN,lobbyist,Other / Multi-sector
lobbyist_145307,COURTNEY MILLER,lobbyist,Other / Multi-sector
lobbyist_146692,MICHAEL FALENCKI,lobbyist,Other / Multi-sector
lobbyist_16824,DANIEL MUROFF,lobbyist,Other / Multi-sector
lobbyist_52857,C JULIET PITTMAN,lobbyist,Other / Multi-sector
lobbyist_61006,PATRICIA REILLY,lobbyist,Other / Multi-sector
lobbyist_63424,RACHEL LEVY,lobbyist,Other / Multi-sector
lobbyist_64769,MICHAEL WASSER,lobbyist,Other / Multi-sector
lobbyist_64833,MICHELLE SEGER,lobbyist,Other / Multi-sector
lobbyist_68557,GABRIEL MASER,lobbyist,Other / Multi-sector
lobbyist_71897,WHITNEY RIGGS,lobbyist,Other / Multi-sector
lobbyist_115131,TYLER WILSON,lobbyist,Other / Multi-sector
lobbyist_141593,THOMAS KAHN,lobbyist,Other / Multi-sector
lobbyist_147866,JOSEPH ORLANDO,lobbyist,Other / Multi-sector
lobbyist_5826,LOUIS DUPART,lobbyist,Other / Multi-sector
lobbyist_40395,BRETT O'BRIEN,lobbyist,Other / Multi-sector
lobbyist_59091,SARA HOPPER,lobbyist,Other / Multi-sector
lobbyist_64898,JEFFREY ZIARKO,lobbyist,Other / Multi-sector
lobbyist_65501,ROMAN GONZALES,lobbyist,Other / Multi-sector
lobbyist_68413,RANDA FAHMY,lobbyist,Other / Multi-sector
lobbyist_80431,KIRA ALVAREZ,lobbyist,Other / Multi-sector
lobbyist_96857,DAVID GROSSO,lobbyist,Other / Multi-sector
lobbyist_107290,SHAWN BLOCH,lobbyist,Other / Multi-sector
lobbyist_121949,ELIZABETH STULBERG,lobbyist,Other / Multi-sector
lobbyist_138571,CHRISTOPHER BERARDINI,lobbyist,Other / Multi-sector
lobbyist_139698,LOIS MOORE,lobbyist,Other / Multi-sector
lobbyist_140527,EMINENCE GRIFFIN,lobbyist,Other / Multi-sector
lobbyist_141412,JOLEEN RIVERA,lobbyist,Other / Multi-sector
lobbyist_141633,REBECKAH ADCOCK,lobbyist,Other / Multi-sector
lobbyist_143455,BENJAMIN VONACHEN,lobbyist,Other / Multi-sector
lobbyist_146108,ANN DURAND,lobbyist,Other / Multi-sector
lobbyist_146147,PETER ENGEL,lobbyist,Other / Multi-sector
lobbyist_149053,ALEX GALLO,lobbyist,Other / Multi-sector
lobbyist_5039,JOHN HOLSCLAW,lobbyist,Other / Multi-sector
lobbyist_28833,STEVEN RADKE,lobbyist,Other / Multi-sector
lobbyist_49187,MATTHEW HAWTHORNE,lobbyist,Other / Multi-sector
lobbyist_57952,NELEEN EISINGER,lobbyist,Other / Multi-sector
lobbyist_59073,CATLIN O'NEILL,lobbyist,Other / Multi-sector
lobbyist_61219,MICHAEL LIPTAK,lobbyist,Other / Multi-sector
lobbyist_64475,JOSHUA GREENE,lobbyist,Other / Multi-sector
lobbyist_66539,CHRISTOPHER GAHAN,lobbyist,Other / Multi-sector
lobbyist_70421,GREG FOGEL,lobbyist,Other / Multi-sector
lobbyist_72304,NICOLAS MUZIN,lobbyist,Other / Multi-sector
lobbyist_74761,STANLEY WHITE,lobbyist,Other / Multi-sector
lobbyist_93778,KAMAL PATEL,lobbyist,Other / Multi-sector
lobbyist_139225,GEORGE SHEVLIN,lobbyist,Other / Multi-sector
lobbyist_139652,RYAN JACKSON,lobbyist,Other / Multi-sector
lobbyist_144422,ERIK BERDY,lobbyist,Other / Multi-sector
lobbyist_145802,NIKOLE BURROUGHS,lobbyist,Other / Multi-sector
lobbyist_53593,ERIKA KELLY,lobbyist,Other / Multi-sector
lobbyist_56745,LAURA EUGSTER DOYLE,lobbyist,Other / Multi-sector
lobbyist_57667,JOHN RAINBOLT,lobbyist,Technology & Telecom
lobbyist_62993,KELLY BROUGHAN,lobbyist,Other / Multi-sector
lobbyist_63458,KRISTEN MCGOVERN,lobbyist,Other / Multi-sector
lobbyist_64773,DAN SCANDLING,lobbyist,Other / Multi-sector
lobbyist_68067,DANIEL WOLF,lobbyist,Other / Multi-sector
lobbyist_68119,MARIANA ACUNA,lobbyist,Other / Multi-sector
lobbyist_68206,ARIEL LEVIN,lobbyist,Other / Multi-sector
lobbyist_68223,BRENDAN KELSAY,lobbyist,Other / Multi-sector
lobbyist_69891,CARA MOON,lobbyist,Other / Multi-sector
lobbyist_121672,SARAH MERCHAK,lobbyist,Other / Multi-sector
lobbyist_139845,ANNMARIE CONBOY-DEPASQUALE,lobbyist,Other / Multi-sector
lobbyist_141213,ROBERT GALLAGHER,lobbyist,Other / Multi-sector
lobbyist_141384,SONIA GILL,lobbyist,Other / Multi-sector
lobbyist_142127,CHARLES LADD,lobbyist,Other / Multi-sector
lobbyist_144191,ALEXANDER ORTIZ,lobbyist,Other / Multi-sector
lobbyist_147573,MAXWELL HUNTLEY,lobbyist,Other / Multi-sector
lobbyist_46352,MICHAEL BOPP,lobbyist,Other / Multi-sector
lobbyist_50331,BRETT SMITH,lobbyist,Other / Multi-sector
lobbyist_57802,GREG THOMAS,lobbyist,Other / Multi-sector
lobbyist_63490,SHERYL WILKERSON,lobbyist,Other / Multi-sector
lobbyist_65769,JENNIFER TYREE,lobbyist,Other / Multi-sector
lobbyist_70871,DAVID COBB,lobbyist,Other / Multi-sector
lobbyist_71012,MELISSA WOODRUFF,lobbyist,Other / Multi-sector
lobbyist_73220,CAROLINE QUAT,lobbyist,Other / Multi-sector
lobbyist_138786,GREGG ELIAS,lobbyist,Other / Multi-sector
lobbyist_140956,EMMA EKMAN,lobbyist,Other / Multi-sector
lobbyist_144718,EVERETT EISSENSTAT,lobbyist,Other / Multi-sector
lobbyist_144790,JESSE MCCOLLUM,lobbyist,Other / Multi-sector
lobbyist_148900,AISLING MCDONOUGH,lobbyist,Technology & Telecom
lobbyist_152938,MUHAMMAD RAHIM,lobbyist,Other / Multi-sector
lobbyist_50101,ROGER FLEMING,lobbyist,Other / Multi-sector
lobbyist_60287,ROHIT KUMAR,lobbyist,Other / Multi-sector
lobbyist_62492,MATT HAWKINS,lobbyist,Other / Multi-sector
lobbyist_65053,RORY MURPHY,lobbyist,Other / Multi-sector
lobbyist_68550,SETH WAUGH,lobbyist,Other / Multi-sector
lobbyist_68910,KELLY FERGUSON,lobbyist,Other / Multi-sector
lobbyist_70982,SUSIE GORDEN,lobbyist,Other / Multi-sector
lobbyist_72935,ROSCOE JONES,lobbyist,Other / Multi-sector
lobbyist_103391,GLORIA WALKER,lobbyist,Other / Multi-sector
lobbyist_114118,PETER GORDON,lobbyist,Other / Multi-sector
lobbyist_144362,RICHARD EDDINGS,lobbyist,Other / Multi-sector
lobbyist_146096,MOLLY CAREY,lobbyist,Other / Multi-sector
lobbyist_148840,ANDREW ROBRENO,lobbyist,Other / Multi-sector
lobbyist_7466,JANET ANDERSON,lobbyist,Other / Multi-sector
lobbyist_15827,JOHN RYAN,lobbyist,Other / Multi-sector
lobbyist_58655,CHRISTOPHER BOND,lobbyist,Other / Multi-sector
lobbyist_59092,MERL ETHINGTON,lobbyist,Other / Multi-sector
lobbyist_64468,ROBERT ALSPACH,lobbyist,Other / Multi-sector
lobbyist_64711,TODD METCALF,lobbyist,Other / Multi-sector
lobbyist_67242,SPENCER ABRAHAM,lobbyist,Other / Multi-sector
lobbyist_69788,THOMAS MICHELS,lobbyist,Other / Multi-sector
lobbyist_70498,JENNIFER SCHNEIDER,lobbyist,Other / Multi-sector
lobbyist_70703,MATTHEW WISE,lobbyist,Other / Multi-sector
lobbyist_71271,"ALEXANDER (""ANDER"") CRENSHAW",lobbyist,Other / Multi-sector
lobbyist_71529,DOUG HALL,lobbyist,Other / Multi-sector
lobbyist_72074,DOUG SCHWARTZ,lobbyist,Other / Multi-sector
lobbyist_83262,AMY WILLIAMS NAVARRO,lobbyist,Other / Multi-sector
lobbyist_106347,KATHLEEN BEALE,lobbyist,Other / Multi-sector
lobbyist_110549,SHARON ESHELMAN,lobbyist,Other / Multi-sector
lobbyist_114254,CATHERINE SADLER,lobbyist,Other / Multi-sector
lobbyist_116601,KATY NAZARETOVA,lobbyist,Other / Multi-sector
lobbyist_137903,DAVID FERREIRA,lobbyist,Other / Multi-sector
lobbyist_140322,MARY CORDES,lobbyist,Other / Multi-sector
lobbyist_140799,KATHERINE FLOCKEN,lobbyist,Other / Multi-sector
lobbyist_144108,LILY ISRAEL,lobbyist,Other / Multi-sector
lobbyist_146840,NONA MCCOY,lobbyist,Other / Multi-sector
lobbyist_147946,KEVIN GLUBA,lobbyist,Other / Multi-sector
lobbyist_150406,MEGHAN TAIRA,lobbyist,Technology & Telecom
lobbyist_16166,CHARLES JELLOIAN,lobbyist,Other / Multi-sector
lobbyist_23459,JAMES MENDENHALL,lobbyist,Other / Multi-sector
lobbyist_60591,BURTON ELLER,lobbyist,Other / Multi-sector
lobbyist_60929,KALEB FROEHLICH,lobbyist,Other / Multi-sector
lobbyist_67914,GARY GALLANT,lobbyist,Other / Multi-sector
lobbyist_69183,EMILY VAUGHAN,lobbyist,Other / Multi-sector
lobbyist_69436,KYLE MATOUS,lobbyist,Other / Multi-sector
lobbyist_71901,BRENDON PLACK,lobbyist,Other / Multi-sector
lobbyist_106111,MATTHEW STROIA,lobbyist,Other / Multi-sector
lobbyist_139151,QUINCY CUNNINGHAM,lobbyist,Other / Multi-sector
lobbyist_139207,DIMPLE SHAH,lobbyist,Other / Multi-sector
lobbyist_139974,VENKATASATYA KROVI,lobbyist,Other / Multi-sector
lobbyist_141399,ERICA LEFAIVE,lobbyist,Technology & Telecom
lobbyist_142892,LUKE ALBERT,lobbyist,Other / Multi-sector
lobbyist_143286,JESSICA HATCHER,lobbyist,Other / Multi-sector
lobbyist_143327,KRISTI MILLER,lobbyist,Other / Multi-sector
lobbyist_49790,JIM TWADDELL,lobbyist,Other / Multi-sector
lobbyist_55427,ARIEL WOLF,lobbyist,Other / Multi-sector
lobbyist_64210,CALLIE HICKOX,lobbyist,Other / Multi-sector
lobbyist_70244,BYRON BROWN,lobbyist,Other / Multi-sector
lobbyist_70775,SHANE WARREN,lobbyist,Other / Multi-sector
lobbyist_71065,REGINA MAHONY,lobbyist,Other / Multi-sector
lobbyist_71192,SEAN DUGAN,lobbyist,Other / Multi-sector
lobbyist_71313,KRISTIN SMITH,lobbyist,Other / Multi-sector
lobbyist_73875,JASON EVERETT,lobbyist,Other / Multi-sector
lobbyist_79069,JENNIFER GALLAGHER,lobbyist,Other / Multi-sector
lobbyist_87828,LUKE LORENZ,lobbyist,Other / Multi-sector
lobbyist_107346,CHARLIE THORNTON,lobbyist,Other / Multi-sector
lobbyist_139871,TANNER BEYMER,lobbyist,Other / Multi-sector
lobbyist_140980,JAKE SWANSON,lobbyist,Other / Multi-sector
lobbyist_145094,MICHAEL LAROSA,lobbyist,Other / Multi-sector
lobbyist_146525,MICHAEL CLAUSER,lobbyist,Other / Multi-sector
lobbyist_150756,MAKENZIE NOVAK,lobbyist,Other / Multi-sector
lobbyist_39722,JOHN DUNCAN,lobbyist,Other / Multi-sector
lobbyist_55787,THOMAS CASSIDY,lobbyist,Other / Multi-sector
lobbyist_60632,HILARY JOCHMANS,lobbyist,Other / Multi-sector
lobbyist_61723,RAY BEEMAN,lobbyist,Other / Multi-sector
lobbyist_63562,MARI SAVICKIS,lobbyist,Other / Multi-sector
lobbyist_68644,ADAM JORDE,lobbyist,Other / Multi-sector
lobbyist_70640,LANIER AVANT,lobbyist,Other / Multi-sector
lobbyist_71978,JOSHUA YUREK,lobbyist,Other / Multi-sector
lobbyist_72095,MARJORIE STRAYER PRINDLE,lobbyist,Other / Multi-sector
lobbyist_72586,MADELINE VEY,lobbyist,Other / Multi-sector
lobbyist_141957,ROBIN JULIANO,lobbyist,Other / Multi-sector
lobbyist_142077,JOHN ZWAANSTRA,lobbyist,Other / Multi-sector
lobbyist_39067,ELIZABETH MCNEIL,lobbyist,Other / Multi-sector
lobbyist_40746,CATHRYN KINGSBURY,lobbyist,Other / Multi-sector
lobbyist_42107,BARBARA MOLDAUER,lobbyist,Other / Multi-sector
lobbyist_50132,CHRIS GALLAGHER,lobbyist,Other / Multi-sector
lobbyist_55094,AMANDA JEZEK,lobbyist,Other / Multi-sector
lobbyist_64177,NATASHA HAMMOND,lobbyist,Other / Multi-sector
lobbyist_65610,LISA COX,lobbyist,Other / Multi-sector
lobbyist_67584,RYAN O'DWYER,lobbyist,Other / Multi-sector
lobbyist_68002,BRIAN HENDRICKS,lobbyist,Other / Multi-sector
lobbyist_68747,BRANDON FARRIS,lobbyist,Other / Multi-sector
lobbyist_69437,NATALIE JOUBERT,lobbyist,Other / Multi-sector
lobbyist_69477,PATRICK THOMPSON,lobbyist,Other / Multi-sector
lobbyist_69849,SURYA GUNASEKARA,lobbyist,Other / Multi-sector
lobbyist_70003,PAUL KELLY,lobbyist,Other / Multi-sector
lobbyist_70894,KHARY CAUTHEN,lobbyist,Other / Multi-sector
lobbyist_72383,KURT IMHOF,lobbyist,Other / Multi-sector
lobbyist_72778,MARK BELINSKY,lobbyist,Other / Multi-sector
lobbyist_107454,SARAH D'ORSIE,lobbyist,Other / Multi-sector
lobbyist_122296,ALEXIS MOCH,lobbyist,Other / Multi-sector
lobbyist_138086,JORDAN LAYSON,lobbyist,Other / Multi-sector
lobbyist_138167,EDWARD WILLIAMS,lobbyist,Other / Multi-sector
lobbyist_139113,TRENT MORSE,lobbyist,Other / Multi-sector
lobbyist_139376,DAVID ROSS,lobbyist,Other / Multi-sector
lobbyist_139719,DAVID SIMON,lobbyist,Other / Multi-sector
lobbyist_142674,KEVIN JONES,lobbyist,Other / Multi-sector
lobbyist_146494,TONY SHIVERS,lobbyist,Other / Multi-sector
lobbyist_148199,ASENITH DIXON BELL,lobbyist,Other / Multi-sector
lobbyist_150555,LAUREN MISH,lobbyist,Other / Multi-sector
lobbyist_62245,REID STUNTZ,lobbyist,Other / Multi-sector
lobbyist_66095,JARED WESSEL,lobbyist,Other / Multi-sector
lobbyist_67353,JEFFREY WEISS,lobbyist,Other / Multi-sector
lobbyist_68201,ASHLEY STEWART,lobbyist,Other / Multi-sector
lobbyist_71101,PATRICK ORTH,lobbyist,Other / Multi-sector
lobbyist_71922,LUC MONTMINY,lobbyist,Other / Multi-sector
lobbyist_72465,ERICA CISCHKE,lobbyist,Other / Multi-sector
lobbyist_72753,ROBERT COGAN,lobbyist,Other / Multi-sector
lobbyist_86687,ROLLIE WILSON,lobbyist,Other / Multi-sector
lobbyist_97648,DWAYNE BOLTON,lobbyist,Other / Multi-sector
lobbyist_137116,NATALIE ENCLADE,lobbyist,Other / Multi-sector
lobbyist_138683,LAUREN VAHEY,lobbyist,Other / Multi-sector
lobbyist_140517,JESSICA VALLEJO,lobbyist,Other / Multi-sector
lobbyist_142304,AMY WHITSEL,lobbyist,Other / Multi-sector
lobbyist_142315,REGINALD BABIN,lobbyist,Other / Multi-sector
lobbyist_142802,MARGARET MARTIN,lobbyist,Other / Multi-sector
lobbyist_144759,CLAY WHITE,lobbyist,Other / Multi-sector
lobbyist_148587,JOSEPH HOWELL,lobbyist,Other / Multi-sector
lobbyist_149182,HANNAH BAHAM,lobbyist,Other / Multi-sector
lobbyist_51262,JEFFREY GOFF,lobbyist,Other / Multi-sector
lobbyist_62422,DOUGLAS DENNENY,lobbyist,Other / Multi-sector
lobbyist_63552,DANA ATKINS,lobbyist,Other / Multi-sector
lobbyist_64394,JANE TERRY,lobbyist,Other / Multi-sector
lobbyist_65606,PHILLIPS HINCH,lobbyist,Other / Multi-sector
lobbyist_65857,HAP RIGBY,lobbyist,Other / Multi-sector
lobbyist_67883,BROOKLEY VALENCIA,lobbyist,Other / Multi-sector
lobbyist_70889,CJ EVANS,lobbyist,Other / Multi-sector
lobbyist_72451,KEVIN DOWLING,lobbyist,Other / Multi-sector
lobbyist_72596,JAMES JOHNSON,lobbyist,Other / Multi-sector
lobbyist_72918,DENA GRAZIANO,lobbyist,Other / Multi-sector
lobbyist_79070,BRIANNA JONES,lobbyist,Other / Multi-sector
lobbyist_121632,PETER OPPENHEIM,lobbyist,Other / Multi-sector
lobbyist_144811,VIRGINIA BONEY,lobbyist,Other / Multi-sector
lobbyist_149107,MATTHEW FUENTES,lobbyist,Other / Multi-sector
lobbyist_11213,KEVIN SCHMIDT,lobbyist,Other / Multi-sector
lobbyist_47136,MARK KOPEC,lobbyist,Other / Multi-sector
lobbyist_52589,RANDI GOLD,lobbyist,Other / Multi-sector
lobbyist_66536,REGINA SHERICK,lobbyist,Other / Multi-sector
lobbyist_69711,VINCENT ERFE,lobbyist,Other / Multi-sector
lobbyist_71223,MARK HAYES,lobbyist,Other / Multi-sector
lobbyist_85419,KEVIN KINCHELOE,lobbyist,Other / Multi-sector
lobbyist_87068,JOHN BYRD,lobbyist,Other / Multi-sector
lobbyist_141357,SEAN MCLEAN,lobbyist,Other / Multi-sector
lobbyist_144304,STARSHINE CHUN,lobbyist,Other / Multi-sector
lobbyist_144619,MATTHEW MOWERS,lobbyist,Other / Multi-sector
lobbyist_145009,JAMIE HARRELL,lobbyist,Other / Multi-sector
lobbyist_147204,CORNELIUS MCGRATH,lobbyist,Agriculture & Food
lobbyist_147477,JAMES LAI,lobbyist,Technology & Telecom
lobbyist_148744,ASHLEY PALMER,lobbyist,Other / Multi-sector
lobbyist_149073,JAMES PEDROTTI,lobbyist,Other / Multi-sector
lobbyist_45016,SUNEE MICKLE,lobbyist,Other / Multi-sector
lobbyist_56327,JOSEPH ONEK,lobbyist,Other / Multi-sector
lobbyist_73613,TRISTAN NORTH,lobbyist,Other / Multi-sector
lobbyist_96737,RENUKA NAGARAJ,lobbyist,Other / Multi-sector
lobbyist_100297,PHIL MAXSON,lobbyist,Other / Multi-sector
lobbyist_102175,ROBERT ROSADO,lobbyist,Other / Multi-sector
lobbyist_111523,STEWART HOLMES,lobbyist,Other / Multi-sector
lobbyist_115167,ALLEN WRIGHT,lobbyist,Other / Multi-sector
lobbyist_117411,KURT THIEDE,lobbyist,Other / Multi-sector
lobbyist_139713,JOHN MCKECHNIE,lobbyist,Other / Multi-sector
lobbyist_140507,ASHLEIGH WILSON,lobbyist,Other / Multi-sector
lobbyist_141091,AYLA SOLORIO,lobbyist,Other / Multi-sector
lobbyist_145876,MICHAEL LISOWSKI,lobbyist,Other / Multi-sector
lobbyist_145966,RICHARD COPPOLA,lobbyist,Other / Multi-sector
lobbyist_150161,AMANDA LINCOLN,lobbyist,Other / Multi-sector
lobbyist_43248,PATRICIA JORDAN,lobbyist,Other / Multi-sector
lobbyist_47804,JACK MANIKO,lobbyist,Other / Multi-sector
lobbyist_48178,KENNETH PANOS,lobbyist,Other / Multi-sector
lobbyist_59900,CANDACE NOVAK SABERS,lobbyist,Other / Multi-sector
lobbyist_61775,JESSE BARBA,lobbyist,Other / Multi-sector
lobbyist_63423,KARIS GUTTER,lobbyist,Other / Multi-sector
lobbyist_66462,ARMSTRONG ROBINSON,lobbyist,Other / Multi-sector
lobbyist_66745,THEODORE JOHNSTON,lobbyist,Other / Multi-sector
lobbyist_68726,KEITH WEBSTER,lobbyist,Other / Multi-sector
lobbyist_68835,JOHN HAND,lobbyist,Other / Multi-sector
lobbyist_69441,CATHERINE HARTNETT,lobbyist,Other / Multi-sector
lobbyist_69530,TIMOTHY LYNCH,lobbyist,Other / Multi-sector
lobbyist_72592,JAMISON GIRARD,lobbyist,Other / Multi-sector
lobbyist_79300,JOHN MICELI,lobbyist,Other / Multi-sector
lobbyist_101241,LISA BERNHARDT,lobbyist,Other / Multi-sector
lobbyist_106082,STEPHEN ROSSI,lobbyist,Other / Multi-sector
lobbyist_139191,ERIK PEDERSON,lobbyist,Other / Multi-sector
lobbyist_143240,TOM REED,lobbyist,Other / Multi-sector
lobbyist_146497,MATTHEW FERY,lobbyist,Other / Multi-sector
lobbyist_151949,JACK WILKINSON,lobbyist,Other / Multi-sector
lobbyist_40127,JOHN KANIA,lobbyist,Other / Multi-sector
lobbyist_40341,DANIEL HARTNETT,lobbyist,Other / Multi-sector
lobbyist_46444,GARY EWART,lobbyist,Other / Multi-sector
lobbyist_54947,MITCH HUNTER,lobbyist,Other / Multi-sector
lobbyist_56601,PAUL HOWARD,lobbyist,Other / Multi-sector
lobbyist_61934,ELIZABETH LEE,lobbyist,Other / Multi-sector
lobbyist_66632,JOANNE FAULKNER,lobbyist,Other / Multi-sector
lobbyist_71319,KATHERINE SYBENGA,lobbyist,Other / Multi-sector
lobbyist_140531,BRENDAN DAILEY,lobbyist,Technology & Telecom
lobbyist_141130,JULIA SANTOS,lobbyist,Other / Multi-sector
lobbyist_143441,ALEXANDER DOMINGUEZ,lobbyist,Other / Multi-sector
lobbyist_146946,MADELINE SHEFFLER,lobbyist,Other / Multi-sector
lobbyist_149055,JENNIFER BROWN,lobbyist,Other / Multi-sector
lobbyist_52475,DANIELLA GRATALE,lobbyist,Other / Multi-sector
lobbyist_56497,ANN KUROWSKI,lobbyist,Other / Multi-sector
lobbyist_61746,CASSIE BLADOW,lobbyist,Other / Multi-sector
lobbyist_68884,KATE ELTRICH,lobbyist,Other / Multi-sector
lobbyist_69984,MERVYN JONES,lobbyist,Other / Multi-sector
lobbyist_70273,MICHAEL LUKSO,lobbyist,Other / Multi-sector
lobbyist_71005,ROBERT DEGRASSE,lobbyist,Other / Multi-sector
lobbyist_71260,BRADLEY BAILEY,lobbyist,Technology & Telecom
lobbyist_71269,BRIAN CONKLIN,lobbyist,Other / Multi-sector
lobbyist_90142,MIMI STROBEL,lobbyist,Other / Multi-sector
lobbyist_92798,CATHERINE EDMONSON,lobbyist,Other / Multi-sector
lobbyist_115043,SHANNON TAYLOR,lobbyist,Other / Multi-sector
lobbyist_118713,CISCO MINTHORN,lobbyist,Other / Multi-sector
lobbyist_141549,MICHAEL LINSKEY,lobbyist,Other / Multi-sector
lobbyist_146213,JAMES SAVAGE,lobbyist,Other / Multi-sector
lobbyist_146911,CHRISTOPHER CUMMINS,lobbyist,Other / Multi-sector
lobbyist_148595,NERI MARTINEZ,lobbyist,Other / Multi-sector
lobbyist_151042,JOHN JESAITIS,lobbyist,Technology & Telecom
lobbyist_9333,ROBERT BORSKI,lobbyist,Other / Multi-sector
lobbyist_27138,CHRISTOPHER PEARCE,lobbyist,Other / Multi-sector
lobbyist_38955,WILLIAM MORLEY,lobbyist,Other / Multi-sector
lobbyist_51452,JORDAN DUX,lobbyist,Other / Multi-sector
lobbyist_52162,WILLIAM O'CONNER,lobbyist,Other / Multi-sector
lobbyist_69928,PETER WALLACE,lobbyist,Other / Multi-sector
lobbyist_71575,DR RINA SINGH,lobbyist,Other / Multi-sector
lobbyist_82865,ALLISON STEIL,lobbyist,Other / Multi-sector
lobbyist_94979,TREY FORSYTH,lobbyist,Other / Multi-sector
lobbyist_107110,JODI BOCK DAVIDSON,lobbyist,Other / Multi-sector
lobbyist_107382,NNAMDI DILLON IWU,lobbyist,Other / Multi-sector
lobbyist_138475,MELISSA SIMPSON,lobbyist,Other / Multi-sector
lobbyist_138755,PATRICK LYDEN,lobbyist,Other / Multi-sector
lobbyist_139784,JAVON KNIGHT,lobbyist,Other / Multi-sector
lobbyist_139953,CHAD TENPENNY,lobbyist,Other / Multi-sector
lobbyist_141602,RACHEL MICHAEL,lobbyist,Other / Multi-sector
lobbyist_142574,JANET NICE,lobbyist,Other / Multi-sector
lobbyist_142708,ANNE CANFIELD,lobbyist,Other / Multi-sector
lobbyist_146502,CATHERINE HARNEY,lobbyist,Other / Multi-sector
lobbyist_18216,MOSES BOYD,lobbyist,Other / Multi-sector
lobbyist_51053,MARTIN PAONE,lobbyist,Other / Multi-sector
lobbyist_64651,RICH BEUTEL,lobbyist,Other / Multi-sector
lobbyist_67709,JOHN MCCARTHY,lobbyist,Other / Multi-sector
lobbyist_68850,JONATHAN DANIELS,lobbyist,Other / Multi-sector
lobbyist_70098,MICAH JOHNSON,lobbyist,Other / Multi-sector
lobbyist_71428,GRAHAM HAILE,lobbyist,Technology & Telecom
lobbyist_76875,LASHAWN WARREN,lobbyist,Other / Multi-sector
lobbyist_138807,GRANT HERRING,lobbyist,Other / Multi-sector
lobbyist_139330,THOMAS BORCK,lobbyist,Other / Multi-sector
lobbyist_139704,ERICA BARKER,lobbyist,Other / Multi-sector
lobbyist_140846,NEIL FRIED,lobbyist,Other / Multi-sector
lobbyist_144065,LEIGH FELDMAN,lobbyist,Other / Multi-sector
lobbyist_148170,ISABELLA LINDEN,lobbyist,Other / Multi-sector
lobbyist_148270,ALEJANDRO GARCIA,lobbyist,Other / Multi-sector
lobbyist_29843,PAUL SWARTZ,lobbyist,Other / Multi-sector
lobbyist_65314,MIRA MORTON,lobbyist,Other / Multi-sector
lobbyist_65357,NICHOLAS KARELLAS,lobbyist,Other / Multi-sector
lobbyist_66006,MANICA NOZIGLIA,lobbyist,Other / Multi-sector
lobbyist_66221,ALLISON CUNNINGHAM,lobbyist,Other / Multi-sector
lobbyist_67232,MICHAEL MEENAN,lobbyist,Other / Multi-sector
lobbyist_83155,RYAN WALKER,lobbyist,Other / Multi-sector
lobbyist_95982,RANDALL GIBSON,lobbyist,Other / Multi-sector
lobbyist_100331,LESLIE PALUCH,lobbyist,Other / Multi-sector
lobbyist_138884,RYAN TAYLOR,lobbyist,Other / Multi-sector
lobbyist_139923,JEANNE WILLOUGHBY,lobbyist,Other / Multi-sector
lobbyist_140251,EMILY JACOBS,lobbyist,Other / Multi-sector
lobbyist_143071,ALISON WRIGHT,lobbyist,Other / Multi-sector
lobbyist_143353,CHRISTIAN CLESI,lobbyist,Other / Multi-sector
lobbyist_143854,KERRI LEININGER,lobbyist,Other / Multi-sector
lobbyist_144912,BRENT ROBINSON,lobbyist,Other / Multi-sector
lobbyist_149429,TRISTAN WHITAKER,lobbyist,Other / Multi-sector
lobbyist_150115,MATTHEW BOWER,lobbyist,Other / Multi-sector
lobbyist_49043,TIMOTHY KEELER,lobbyist,Other / Multi-sector
lobbyist_66793,CHRISTOPHER D'AMATO,lobbyist,Other / Multi-sector
lobbyist_71281,ELIZABETH SHARP,lobbyist,Other / Multi-sector
lobbyist_71702,TROY LYONS,lobbyist,Other / Multi-sector
lobbyist_72620,PHILLIP THOMAS WALLACE,lobbyist,Other / Multi-sector
lobbyist_76426,COLLEEN FLORIO,lobbyist,Other / Multi-sector
lobbyist_86089,AMANDA HILL,lobbyist,Other / Multi-sector
lobbyist_139641,MATTHEW PINCUS,lobbyist,Other / Multi-sector
lobbyist_140064,JAMES GORDON,lobbyist,Other / Multi-sector
lobbyist_140950,YONG CHOE,lobbyist,Other / Multi-sector
lobbyist_143069,WILLIAM IRBY,lobbyist,Other / Multi-sector
lobbyist_145947,JENNIFER JACOBY,lobbyist,Other / Multi-sector
lobbyist_146657,MEAGAN FOSTER,lobbyist,Other / Multi-sector
lobbyist_147361,STEPHEN KLOPP,lobbyist,Other / Multi-sector
lobbyist_148380,TIMOTHY MONAHAN,lobbyist,Other / Multi-sector
lobbyist_148381,NICHOLAS CROCKER,lobbyist,Other / Multi-sector
lobbyist_148382,ANDREA PORWOLL,lobbyist,Other / Multi-sector
lobbyist_148718,CHRISTOPHER BRINSON,lobbyist,Other / Multi-sector
lobbyist_52969,JIM FROGUE,lobbyist,Other / Multi-sector
lobbyist_53247,BRANDON CLARK,lobbyist,Other / Multi-sector
lobbyist_53586,PAUL SELTMAN,lobbyist,Other / Multi-sector
lobbyist_58738,RALPH KOHL,lobbyist,Other / Multi-sector
lobbyist_66823,LARISSA MARTINEZ,lobbyist,Other / Multi-sector
lobbyist_69563,LOREN PONDS,lobbyist,Other / Multi-sector
lobbyist_69604,ERIC ALBRECHT,lobbyist,Other / Multi-sector
lobbyist_69657,NANCY MCCARTHY,lobbyist,Other / Multi-sector
lobbyist_70285,SERENA DAVILA,lobbyist,Other / Multi-sector
lobbyist_70589,MEGHAN SULLIVAN,lobbyist,Other / Multi-sector
lobbyist_104514,OMID GHAFFARI-TABRIZI,lobbyist,Other / Multi-sector
lobbyist_137213,TERRI STEWART,lobbyist,Other / Multi-sector
lobbyist_138506,DANIEL SADLOSKY,lobbyist,Other / Multi-sector
lobbyist_142011,BRUNO FREITAS,lobbyist,Other / Multi-sector
lobbyist_142919,PHILLIP FORDHAM,lobbyist,Transportation & Auto
lobbyist_143423,LISA DYER,lobbyist,Other / Multi-sector
lobbyist_146700,STEPHANIE GADBOIS,lobbyist,Other / Multi-sector
lobbyist_149067,JEFFREY BILLMAN,lobbyist,Other / Multi-sector
lobbyist_149999,ROBERT BUTORA,lobbyist,Other / Multi-sector
lobbyist_37862,WILLIAM FERGUSON,lobbyist,Other / Multi-sector
lobbyist_50850,GINGER LOPER,lobbyist,Other / Multi-sector
lobbyist_56590,ROBERT TAYLOR,lobbyist,Other / Multi-sector
lobbyist_65056,STEVE STALLMER,lobbyist,Other / Multi-sector
lobbyist_67830,BRIAN GRUNENFELDER,lobbyist,Other / Multi-sector
lobbyist_70860,JENNIFER BERG,lobbyist,Other / Multi-sector
lobbyist_75898,KELSEY MORAN,lobbyist,Other / Multi-sector
lobbyist_96753,MARK BEGICH,lobbyist,Other / Multi-sector
lobbyist_102066,DUAYNE DRISCOLL,lobbyist,Other / Multi-sector
lobbyist_108825,JARED SUTTON,lobbyist,Other / Multi-sector
lobbyist_138796,JAMES SCHOLTZ,lobbyist,Other / Multi-sector
lobbyist_140340,DAVID TURKOVIC,lobbyist,Other / Multi-sector
lobbyist_142178,NATALIE KELLER,lobbyist,Other / Multi-sector
lobbyist_146940,RAJIV SICORA,lobbyist,Other / Multi-sector
lobbyist_47242,DAVID TRUST,lobbyist,Other / Multi-sector
lobbyist_49283,ANDREW MOORE,lobbyist,Other / Multi-sector
lobbyist_63943,AKASH CHOUGULE,lobbyist,Other / Multi-sector
lobbyist_66403,KRISTINE LUCIUS,lobbyist,Other / Multi-sector
lobbyist_67133,MARK AMES,lobbyist,Other / Multi-sector
lobbyist_68548,ASA ADAMI,lobbyist,Other / Multi-sector
lobbyist_69315,HILARY MOFFETT,lobbyist,Other / Multi-sector
lobbyist_71414,JIM TRAVIS,lobbyist,Other / Multi-sector
lobbyist_111989,CAROLINE CANFIELD,lobbyist,Other / Multi-sector
lobbyist_138126,ROSS AIRINGTON,lobbyist,Technology & Telecom
lobbyist_141249,VIRDINA GIBBS,lobbyist,Other / Multi-sector
lobbyist_141635,KATHEE FACCHIANO,lobbyist,Other / Multi-sector
lobbyist_142496,IHNA MANGUNDAYAO,lobbyist,Other / Multi-sector
lobbyist_143803,KALYN STEPHENS,lobbyist,Other / Multi-sector
lobbyist_144407,ALADDIN FAWAL,lobbyist,Other / Multi-sector
lobbyist_147115,NICHOLAS BATH,lobbyist,Other / Multi-sector
lobbyist_150316,BEN BRUBECK,lobbyist,Other / Multi-sector
lobbyist_151142,MARVIN FIGUEROA,lobbyist,Other / Multi-sector
lobbyist_47525,HUSEIN CUMBER,lobbyist,Other / Multi-sector
lobbyist_69773,BROOKE DONILON,lobbyist,Other / Multi-sector
lobbyist_71009,SARAH NEIMEYER,lobbyist,Other / Multi-sector
lobbyist_72913,LAURA DOOLEY,lobbyist,Other / Multi-sector
lobbyist_75065,YVESNER ZAMAR,lobbyist,Other / Multi-sector
lobbyist_101001,TODD BATTA,lobbyist,Other / Multi-sector
lobbyist_101273,MELISSA GATEWOOD,lobbyist,Other / Multi-sector
lobbyist_121673,ALEXANDER GRIEVE,lobbyist,Other / Multi-sector
lobbyist_139573,DANIEL TROPE,lobbyist,Other / Multi-sector
lobbyist_141126,KAITLYN FARR,lobbyist,Technology & Telecom
lobbyist_143755,MARGO KLOSTERMAN,lobbyist,Other / Multi-sector
lobbyist_145871,BRYCE MATTHEWS,lobbyist,Other / Multi-sector
lobbyist_65358,GREG ORLANDO,lobbyist,Other / Multi-sector
lobbyist_66627,STEPHEN NEUMAN,lobbyist,Other / Multi-sector
lobbyist_68300,BRENDAN REILLY,lobbyist,Other / Multi-sector
lobbyist_71270,BENJAMIN FINDER,lobbyist,Other / Multi-sector
lobbyist_71628,JERRY STRICKLAND,lobbyist,Other / Multi-sector
lobbyist_73047,GERALD STOSKOPF,lobbyist,Other / Multi-sector
lobbyist_108018,SAMUEL GOODSTEIN,lobbyist,Other / Multi-sector
lobbyist_119773,ALEX MONIE,lobbyist,Other / Multi-sector
lobbyist_122247,JOHN BIVONA,lobbyist,Other / Multi-sector
lobbyist_138037,ALLEN MESSER,lobbyist,Other / Multi-sector
lobbyist_55652,MATTHEW MILLER,lobbyist,Other / Multi-sector
lobbyist_68262,JEFF WERNER,lobbyist,Other / Multi-sector
lobbyist_68348,ADAM SACHS,lobbyist,Other / Multi-sector
lobbyist_70221,ROBERT YEAKEL,lobbyist,Other / Multi-sector
lobbyist_70933,JOE TRAUGER,lobbyist,Other / Multi-sector
lobbyist_71352,BRIAN JONES,lobbyist,Other / Multi-sector
lobbyist_72409,JAMES STURSBERG,lobbyist,Other / Multi-sector
lobbyist_72531,THOMAS HASSENBOEHLER,lobbyist,Other / Multi-sector
lobbyist_72976,DOUG MESECAR,lobbyist,Other / Multi-sector
lobbyist_82726,SUZI PLASENCIA,lobbyist,Other / Multi-sector
lobbyist_106556,JAMES KAPLAN,lobbyist,Other / Multi-sector
lobbyist_138514,JOHN CLINE,lobbyist,Other / Multi-sector
lobbyist_139403,MARY BESS MCWHERTER,lobbyist,Other / Multi-sector
lobbyist_139440,FILEMON VELA,lobbyist,Other / Multi-sector
lobbyist_139865,KELLY FLEMING,lobbyist,Other / Multi-sector
lobbyist_140485,BRUCE MILLER,lobbyist,Other / Multi-sector
lobbyist_142286,HELDER TOSTE,lobbyist,Other / Multi-sector
lobbyist_142454,MICHAEL IAQUINTO,lobbyist,Other / Multi-sector
lobbyist_143905,SEAN FARRELL,lobbyist,Other / Multi-sector
lobbyist_144300,KATHERINE KRAMER,lobbyist,Other / Multi-sector
lobbyist_25090,RANA ALTENBURG,lobbyist,Other / Multi-sector
lobbyist_30032,JON DEVORE,lobbyist,Other / Multi-sector
lobbyist_41961,TERESA BAKER,lobbyist,Other / Multi-sector
lobbyist_57943,MATTHEW RONEY,lobbyist,Other / Multi-sector
lobbyist_62323,JASON SCISM,lobbyist,Other / Multi-sector
lobbyist_64928,STEPHEN DODD,lobbyist,Other / Multi-sector
lobbyist_65977,SHANT BOYAJIAN,lobbyist,Other / Multi-sector
lobbyist_70335,JEREMY PARIS,lobbyist,Other / Multi-sector
lobbyist_70523,ERIN DUNCAN,lobbyist,Other / Multi-sector
lobbyist_70992,WILLIAM STAFFORD,lobbyist,Transportation & Auto
lobbyist_71044,JOHN JENNINGS,lobbyist,Other / Multi-sector
lobbyist_71890,JOSHUA ALTHOUSE,lobbyist,Other / Multi-sector
lobbyist_88280,MICHAEL SEWELL,lobbyist,Other / Multi-sector
lobbyist_97326,ABIGAIL GUNDERSON-SCHWARZ,lobbyist,Technology & Telecom
lobbyist_108182,GRACE BANFIELD,lobbyist,Other / Multi-sector
lobbyist_138230,CHRIS MORRIS,lobbyist,Other / Multi-sector
lobbyist_138591,NICK BUSH,lobbyist,Other / Multi-sector
lobbyist_139125,ROBERT SIMPSON,lobbyist,Other / Multi-sector
lobbyist_142174,DANIEL SAUERS,lobbyist,Other / Multi-sector
lobbyist_144775,WILLIAM ELAM,lobbyist,Other / Multi-sector
lobbyist_145327,ROBERT ROBILLIARD,lobbyist,Other / Multi-sector
lobbyist_150230,MOLLY ROSS,lobbyist,Other / Multi-sector
lobbyist_151022,CHARLES MICHAELS,lobbyist,Other / Multi-sector
lobbyist_45888,JANE CIRRINCIONE,lobbyist,Other / Multi-sector
lobbyist_53906,LAURA HALL,lobbyist,Other / Multi-sector
lobbyist_57308,KIM FORD,lobbyist,Transportation & Auto
lobbyist_57781,JOHN HURST,lobbyist,Other / Multi-sector
lobbyist_61646,VINCE VENTIMIGLIA,lobbyist,Other / Multi-sector
lobbyist_66233,JOHNIE BOATRIGHT,lobbyist,Other / Multi-sector
lobbyist_66907,CARISSA FANA,lobbyist,Other / Multi-sector
lobbyist_69220,CHANDLER MORSE,lobbyist,Other / Multi-sector
lobbyist_69498,STACEY HUTCHINSON,lobbyist,Other / Multi-sector
lobbyist_70900,ALEXANDER PEREZ,lobbyist,Other / Multi-sector
lobbyist_73326,JOSEPH LUSTIG,lobbyist,Other / Multi-sector
lobbyist_80045,PHILLIP BOND,lobbyist,Other / Multi-sector
lobbyist_102615,CARRIE VICENTA MEADOWS,lobbyist,Other / Multi-sector
lobbyist_102954,MICHELE PEARCE,lobbyist,Other / Multi-sector
lobbyist_142273,KAJ GUMBS,lobbyist,Other / Multi-sector
lobbyist_144127,JORDAN MILLS,lobbyist,Other / Multi-sector
lobbyist_144310,ED PERLMUTTER,lobbyist,Other / Multi-sector
lobbyist_147196,MARGARET FRENCH,lobbyist,Other / Multi-sector
lobbyist_149194,MICHELLE RICHARDSON,lobbyist,Other / Multi-sector
lobbyist_150427,KIMBERLEE TRZECIAK,lobbyist,Other / Multi-sector
lobbyist_47089,JENNIFER SCHAEFFER,lobbyist,Other / Multi-sector
lobbyist_66112,KATHERINE RAAB,lobbyist,Other / Multi-sector
lobbyist_69311,WILLIAM JACOBY LEMOS,lobbyist,Other / Multi-sector
lobbyist_70874,NOA BANAYAN,lobbyist,Other / Multi-sector
lobbyist_78943,ASHLYN ROBERTS,lobbyist,Other / Multi-sector
lobbyist_79289,LEE GODOWN,lobbyist,Other / Multi-sector
lobbyist_92747,ROSALYN KUMAR,lobbyist,Other / Multi-sector
lobbyist_94689,MEGAN ZAVERTNIK,lobbyist,Other / Multi-sector
lobbyist_98819,ANSLEY RHYNE,lobbyist,Other / Multi-sector
lobbyist_107092,CONOR MCGRATH,lobbyist,Other / Multi-sector
lobbyist_108881,CHRIS WAHL,lobbyist,Other / Multi-sector
lobbyist_138477,JEREMY WILSON-SIMERMAN,lobbyist,Other / Multi-sector
lobbyist_141550,JACOB HAMPLE,lobbyist,Other / Multi-sector
lobbyist_143858,MICKEALA CARTER,lobbyist,Other / Multi-sector
lobbyist_144029,TEAGAN POLEYKETT,lobbyist,Other / Multi-sector
lobbyist_147947,MATTHEW MCNALLY,lobbyist,Other / Multi-sector
lobbyist_47658,ALEJANDRO URREA,lobbyist,Other / Multi-sector
lobbyist_52040,ANGELA BUCKINGHAM-MELTON,lobbyist,Other / Multi-sector
lobbyist_56995,LISETTE MONDELLO,lobbyist,Other / Multi-sector
lobbyist_57805,THOMAS DOWER,lobbyist,Other / Multi-sector
lobbyist_58131,JIM KOLBE,lobbyist,Other / Multi-sector
lobbyist_63687,ROXANA BOYD,lobbyist,Other / Multi-sector
lobbyist_64162,CHRISTOPHER BERTRAM,lobbyist,Other / Multi-sector
lobbyist_65065,JAMES HILL,lobbyist,Other / Multi-sector
lobbyist_70728,SARAH RUBINFIELD,lobbyist,Other / Multi-sector
lobbyist_70867,AARON KIESLER,lobbyist,Other / Multi-sector
lobbyist_71125,JAMES HOUTON,lobbyist,Other / Multi-sector
lobbyist_72412,GUIDO ZUCCONI,lobbyist,Other / Multi-sector
lobbyist_73024,VINCENT GIGLIERANO,lobbyist,Other / Multi-sector
lobbyist_74455,TYLER THREADGILL,lobbyist,Other / Multi-sector
lobbyist_113559,ALLISON EVERTON,lobbyist,Other / Multi-sector
lobbyist_138135,CHARLES PRITCHARD,lobbyist,Other / Multi-sector
lobbyist_140915,CHRISTOPHER FAY,lobbyist,Other / Multi-sector
lobbyist_143680,JOHN FREEBAIRN,lobbyist,Technology & Telecom
lobbyist_143949,JEREMY BRATT,lobbyist,Other / Multi-sector
lobbyist_144528,MORGAN BEVIN,lobbyist,Other / Multi-sector
lobbyist_147524,ERIC STEINER,lobbyist,Other / Multi-sector
lobbyist_151176,CHONYA DAVIS-JOHNSON,lobbyist,Other / Multi-sector
lobbyist_151232,CHARLES HINSON,lobbyist,Other / Multi-sector
lobbyist_332,CHRISTOPHER GUITH,lobbyist,Other / Multi-sector
lobbyist_12824,JOHN FALARDEAU,lobbyist,Other / Multi-sector
lobbyist_14006,BARTON ROPER,lobbyist,Other / Multi-sector
lobbyist_42115,DANIEL HODGES,lobbyist,Other / Multi-sector
lobbyist_61186,EDOLPHUS TOWNS,lobbyist,Other / Multi-sector
lobbyist_65424,BARTON JAMES,lobbyist,Other / Multi-sector
lobbyist_69403,KATHERINE CHILDRESS,lobbyist,Other / Multi-sector
lobbyist_73041,DAVID LINN,lobbyist,Other / Multi-sector
lobbyist_73494,CARMEN ROTTENBERG,lobbyist,Other / Multi-sector
lobbyist_96029,MOLLY FISHMAN,lobbyist,Other / Multi-sector
lobbyist_103768,LATRICE POWELL,lobbyist,Other / Multi-sector
lobbyist_106077,SHASHRINA THOMAS,lobbyist,Other / Multi-sector
lobbyist_107262,MALA PARKER,lobbyist,Other / Multi-sector
lobbyist_107395,GENE IRISARI,lobbyist,Other / Multi-sector
lobbyist_109225,ZACHARY SHABEN,lobbyist,Other / Multi-sector
lobbyist_122255,TERRENCE THOMPSON,lobbyist,Other / Multi-sector
lobbyist_134319,CAMERON BISHOP,lobbyist,Other / Multi-sector
lobbyist_137944,GARY KALMAN,lobbyist,Other / Multi-sector
lobbyist_138303,SCOTT GREYTAK,lobbyist,Other / Multi-sector
lobbyist_139289,THOMAS CULLIGAN,lobbyist,Other / Multi-sector
lobbyist_140584,CHRISTOPHER HICKLING,lobbyist,Other / Multi-sector
lobbyist_143663,BRYAN ALLEN,lobbyist,Other / Multi-sector
lobbyist_143879,ALEXANDER HENDRIE,lobbyist,Other / Multi-sector
lobbyist_144007,JULIA GRABO,lobbyist,Other / Multi-sector
lobbyist_145662,JACOB BRENNAN,lobbyist,Other / Multi-sector
lobbyist_146658,MIA REAL,lobbyist,Other / Multi-sector
lobbyist_148609,ADAM CARASSO,lobbyist,Other / Multi-sector
lobbyist_148811,DAVID SCHWIETERT,lobbyist,Other / Multi-sector
lobbyist_148855,ROBERT GOAD,lobbyist,Other / Multi-sector
lobbyist_52283,ROBERT HARRIS,lobbyist,Other / Multi-sector
lobbyist_60622,HEIDI SCHOTT,lobbyist,Other / Multi-sector
lobbyist_64231,DEVIN DEMARIO,lobbyist,Other / Multi-sector
lobbyist_64247,RICK BOUCHER,lobbyist,Other / Multi-sector
lobbyist_64560,SARAH MILLS,lobbyist,Other / Multi-sector
lobbyist_66207,WADE ACKERMAN,lobbyist,Other / Multi-sector
lobbyist_67900,JESS GOODE,lobbyist,Other / Multi-sector
lobbyist_67985,CHELSEA MURTHA,lobbyist,Other / Multi-sector
lobbyist_68292,KRISTIN EAGAN,lobbyist,Other / Multi-sector
lobbyist_71026,JAMIESON BROWN,lobbyist,Other / Multi-sector
lobbyist_71928,RICK NUSSIO,lobbyist,Other / Multi-sector
lobbyist_79086,KELLY SHAW,lobbyist,Other / Multi-sector
lobbyist_93614,PASHA MAJDI,lobbyist,Other / Multi-sector
lobbyist_101717,KELLI MCMORROW,lobbyist,Other / Multi-sector
lobbyist_107017,RICHARD BURNESS,lobbyist,Other / Multi-sector
lobbyist_112978,DAVID CARUOLO,lobbyist,Other / Multi-sector
lobbyist_121636,MATTHEW THORNBLAD,lobbyist,Other / Multi-sector
lobbyist_138378,ANDREW WILLISON,lobbyist,Other / Multi-sector
lobbyist_138562,ANDREA LOONEY,lobbyist,Other / Multi-sector
lobbyist_138759,ALEC HINOJOSA,lobbyist,Other / Multi-sector
lobbyist_140626,BOBBY PARMITER,lobbyist,Other / Multi-sector
lobbyist_142287,MEGAN BAILEY,lobbyist,Technology & Telecom
lobbyist_142666,ZACHARY PERCONTI,lobbyist,Other / Multi-sector
lobbyist_144971,LINDSAY BISCARDI,lobbyist,Other / Multi-sector
lobbyist_148334,JENNIFER HAYNES,lobbyist,Other / Multi-sector
lobbyist_148732,VANESSA VERGARA,lobbyist,Other / Multi-sector
lobbyist_150408,ANDREW FLICK,lobbyist,Other / Multi-sector
lobbyist_39384,DOUGLAS TROUTMAN,lobbyist,Other / Multi-sector
lobbyist_41063,MICHAEL DAVIS,lobbyist,Other / Multi-sector
lobbyist_53534,STEPHEN FRANCIS,lobbyist,Other / Multi-sector
lobbyist_61781,GIL ROTH,lobbyist,Other / Multi-sector
lobbyist_66895,HOWARD GUTMAN,lobbyist,Other / Multi-sector
lobbyist_69730,SARAH DOESE,lobbyist,Other / Multi-sector
lobbyist_70056,TATIANA BROWN,lobbyist,Other / Multi-sector
lobbyist_71573,VALERIE BALDWIN,lobbyist,Other / Multi-sector
lobbyist_72060,NICOLE SCOTT,lobbyist,Other / Multi-sector
lobbyist_79470,MICHAEL SOLON,lobbyist,Other / Multi-sector
lobbyist_83991,BLAKE ANDROFF,lobbyist,Other / Multi-sector
lobbyist_92818,RUKMANI BHATIA,lobbyist,Other / Multi-sector
lobbyist_97676,CESAR YBARRA,lobbyist,Other / Multi-sector
lobbyist_107191,BENJAMIN NICHOLSON,lobbyist,Other / Multi-sector
lobbyist_114217,KRIS BALDERSTON,lobbyist,Other / Multi-sector
lobbyist_121159,APRIL JONES,lobbyist,Other / Multi-sector
lobbyist_138251,JARED HAWES,lobbyist,Other / Multi-sector
lobbyist_139014,JOE BLISS,lobbyist,Other / Multi-sector
lobbyist_146735,JASON KNOX,lobbyist,Other / Multi-sector
lobbyist_148425,ASHLEY NICHOLS (MCMANUS),lobbyist,Other / Multi-sector
lobbyist_149367,TORI SMITH,lobbyist,Other / Multi-sector
lobbyist_38205,DAVE KOSHGARIAN,lobbyist,Other / Multi-sector
lobbyist_61347,JENNIFER CASTAGNA,lobbyist,Other / Multi-sector
lobbyist_65447,THOMAS SCHREIBEL,lobbyist,Other / Multi-sector
lobbyist_67234,JONATHAN CORDONE,lobbyist,Other / Multi-sector
lobbyist_69418,COURTNEY LAWRENCE,lobbyist,Other / Multi-sector
lobbyist_69528,MICHAEL ROSSETTI,lobbyist,Other / Multi-sector
lobbyist_69579,CHAY HALBERT,lobbyist,Other / Multi-sector
lobbyist_69838,IAN OWENS,lobbyist,Other / Multi-sector
lobbyist_70259,ALETA GREER,lobbyist,Other / Multi-sector
lobbyist_72153,PHILIP YEITER,lobbyist,Other / Multi-sector
lobbyist_72959,LAUREN WILLIAMS,lobbyist,Other / Multi-sector
lobbyist_110336,HOLLY BIGLOW,lobbyist,Other / Multi-sector
lobbyist_121161,NICK ROSSI,lobbyist,Other / Multi-sector
lobbyist_135833,JEANETTE MESIROW,lobbyist,Other / Multi-sector
lobbyist_139850,JERMAINE SIMMONS,lobbyist,Technology & Telecom
lobbyist_143511,BRYAN SHUY,lobbyist,Other / Multi-sector
lobbyist_143987,F. LEVINUS,lobbyist,Other / Multi-sector
lobbyist_144255,JACKSON CLARK,lobbyist,Other / Multi-sector
lobbyist_7295,COLIN CHAPMAN,lobbyist,Other / Multi-sector
lobbyist_23097,DENNIS SLOCUMB,lobbyist,Other / Multi-sector
lobbyist_44545,HAL SHAPIRO,lobbyist,Other / Multi-sector
lobbyist_61989,SONYA CLAY,lobbyist,Other / Multi-sector
lobbyist_62959,SAIRA CHIRICO,lobbyist,Technology & Telecom
lobbyist_66414,RACHEL ALEXANDER,lobbyist,Other / Multi-sector
lobbyist_69600,ASHLEY AMIDON,lobbyist,Other / Multi-sector
lobbyist_69619,MARK MARIN,lobbyist,Other / Multi-sector
lobbyist_70119,BRUCE ARTIM,lobbyist,Other / Multi-sector
lobbyist_72923,JAMIE MILLER,lobbyist,Other / Multi-sector
lobbyist_107281,NOEL PEREZ SANCHEZ,lobbyist,Other / Multi-sector
lobbyist_139253,ELIZABETH OBLINGER,lobbyist,Other / Multi-sector
lobbyist_139821,NATHAN WYATT,lobbyist,Other / Multi-sector
lobbyist_140683,JAMES WILLIAMS,lobbyist,Other / Multi-sector
lobbyist_141209,DANIELLE BROWN,lobbyist,Other / Multi-sector
lobbyist_141514,JAMES YOUNG,lobbyist,Other / Multi-sector
lobbyist_144576,IAN NICHOLSON,lobbyist,Other / Multi-sector
lobbyist_144894,CLAIRE HAMBRICK,lobbyist,Technology & Telecom
lobbyist_147571,LIAM ANDERSON,lobbyist,Other / Multi-sector
lobbyist_149501,VINCENT SARUBBI,lobbyist,Other / Multi-sector
lobbyist_150305,NICK RAINERI,lobbyist,Technology & Telecom
lobbyist_52925,JAKE JACOBY,lobbyist,Other / Multi-sector
lobbyist_59085,STACEY BERNARDS,lobbyist,Other / Multi-sector
lobbyist_61386,FRANK TILLOTSON,lobbyist,Other / Multi-sector
lobbyist_61632,MICHELLE RUTTER FRIBERG,lobbyist,Other / Multi-sector
lobbyist_62787,RYNE CARNEY,lobbyist,Other / Multi-sector
lobbyist_66061,C. KIRKPATRICK,lobbyist,Other / Multi-sector
lobbyist_71636,PERRIN BROWN,lobbyist,Other / Multi-sector
lobbyist_87827,ANDREW WAYNE,lobbyist,Other / Multi-sector
lobbyist_101629,LUC BOULET,lobbyist,Other / Multi-sector
lobbyist_107204,THOMAS LUCAS,lobbyist,Other / Multi-sector
lobbyist_117729,MICHAEL ANDREWS,lobbyist,Other / Multi-sector
lobbyist_137915,SEAN DEVEREY,lobbyist,Other / Multi-sector
lobbyist_139699,CHARLES MOFFAT,lobbyist,Other / Multi-sector
lobbyist_140497,ANDREW NEWHART,lobbyist,Other / Multi-sector
lobbyist_140983,STEPHANIE BARNA,lobbyist,Other / Multi-sector
lobbyist_142921,CARL WELLIVER,lobbyist,Other / Multi-sector
lobbyist_145068,SHAWN FRIESEN,lobbyist,Other / Multi-sector
lobbyist_149567,ZACH DEATHERAGE,lobbyist,Other / Multi-sector
lobbyist_1279,KENNETH PRESLEY,lobbyist,Other / Multi-sector
lobbyist_29935,LISA JAEGER,lobbyist,Other / Multi-sector
lobbyist_56286,JULIE FISHMAN RAYMAN,lobbyist,Other / Multi-sector
lobbyist_58681,CATHERINE CHASE,lobbyist,Other / Multi-sector
lobbyist_62131,JAMES LISTER,lobbyist,Other / Multi-sector
lobbyist_63822,ROBERT RANKIN,lobbyist,Other / Multi-sector
lobbyist_64152,TED THOMPSON,lobbyist,Other / Multi-sector
lobbyist_70264,ADAM WOLF,lobbyist,Other / Multi-sector
lobbyist_70838,CAROLYN DOWNS,lobbyist,Other / Multi-sector
lobbyist_71013,THOMAS KRAUS,lobbyist,Other / Multi-sector
lobbyist_71253,JOSH TRENT,lobbyist,Other / Multi-sector
lobbyist_71311,TAUNJA BERQUAM,lobbyist,Other / Multi-sector
lobbyist_71921,EMILY ROLLMAN,lobbyist,Other / Multi-sector
lobbyist_86565,ADAM BRAMWELL,lobbyist,Other / Multi-sector
lobbyist_90411,DORCAS ADEKUNLE,lobbyist,Other / Multi-sector
lobbyist_107415,IRVING DANIELS,lobbyist,Other / Multi-sector
lobbyist_108119,JASON OLIN,lobbyist,Other / Multi-sector
lobbyist_110073,JORDAN HAVERLY,lobbyist,Other / Multi-sector
lobbyist_121641,EMMA LYDON,lobbyist,Other / Multi-sector
lobbyist_141451,CHRISTOPHER RORICK,lobbyist,Other / Multi-sector
lobbyist_142949,KRAIG SIRACUSE,lobbyist,Technology & Telecom
lobbyist_143367,BENJAMIN KALLEN,lobbyist,Other / Multi-sector
lobbyist_151062,JACKSON STUTEVILLE,lobbyist,Other / Multi-sector
lobbyist_58039,RYAN LONG,lobbyist,Other / Multi-sector
lobbyist_58358,MARIA PICA,lobbyist,Other / Multi-sector
lobbyist_63200,PETER JUDGE,lobbyist,Other / Multi-sector
lobbyist_66070,A. CATHARINE HARRIS,lobbyist,Other / Multi-sector
lobbyist_66429,DANIEL CRAMER,lobbyist,Other / Multi-sector
lobbyist_69011,SUSIE AHN,lobbyist,Other / Multi-sector
lobbyist_71259,MELISSA SHUTE,lobbyist,Other / Multi-sector
lobbyist_71376,TRUE PFEIFER,lobbyist,Other / Multi-sector
lobbyist_72627,NATHANIEL BENNETT,lobbyist,Other / Multi-sector
lobbyist_85413,GEORGE HULL,lobbyist,Other / Multi-sector
lobbyist_92710,BRIAN SMITH,lobbyist,Other / Multi-sector
lobbyist_107020,ANDREW MILLER,lobbyist,Other / Multi-sector
lobbyist_107278,DAVID BROOME,lobbyist,Other / Multi-sector
lobbyist_120870,DAVID SHAHOULIAN,lobbyist,Other / Multi-sector
lobbyist_121697,ERIC ETTORRE,lobbyist,Other / Multi-sector
lobbyist_138659,TOOSHAR SWAIN,lobbyist,Technology & Telecom
lobbyist_139058,LAINE STRIEGEL,lobbyist,Technology & Telecom
lobbyist_141552,BRYAN WILLIAMS,lobbyist,Other / Multi-sector
lobbyist_142553,NISHITH PANDYA,lobbyist,Other / Multi-sector
lobbyist_145339,ELAN JONES,lobbyist,Other / Multi-sector
lobbyist_148844,MILLA ANDERSON,lobbyist,Other / Multi-sector
lobbyist_46724,ANDREW GUY,lobbyist,Other / Multi-sector
lobbyist_64528,KEVIN KOONCE,lobbyist,Other / Multi-sector
lobbyist_64697,ORLIE YANIV,lobbyist,Other / Multi-sector
lobbyist_67369,ANDREA HECHAVARRIA,lobbyist,Other / Multi-sector
lobbyist_68666,REBECCA BLISS,lobbyist,Other / Multi-sector
lobbyist_69460,KEPLER EDWARDS,lobbyist,Other / Multi-sector
lobbyist_70227,ALYCIA MALONEY,lobbyist,Other / Multi-sector
lobbyist_72536,MATT SIFERT,lobbyist,Other / Multi-sector
lobbyist_73169,ROBERT ROSE,lobbyist,Other / Multi-sector
lobbyist_73432,JONATHAN CAUSEY,lobbyist,Other / Multi-sector
lobbyist_73580,ADAM RUBEN,lobbyist,Other / Multi-sector
lobbyist_79256,JON YOUNCE,lobbyist,Other / Multi-sector
lobbyist_115977,BRENDON GEHRKE,lobbyist,Other / Multi-sector
lobbyist_137933,WALTER KUHN,lobbyist,Other / Multi-sector
lobbyist_138764,WILLIAM BURGER,lobbyist,Other / Multi-sector
lobbyist_139166,DANIEL BROOM,lobbyist,Other / Multi-sector
lobbyist_141492,COLLIN MCCUNE,lobbyist,Other / Multi-sector
lobbyist_144266,STEPHANIE CUEVAS,lobbyist,Other / Multi-sector
lobbyist_144395,MICHAEL MINEIRO,lobbyist,Other / Multi-sector
lobbyist_148139,VICTORIA CRAM,lobbyist,Other / Multi-sector
lobbyist_36874,ROGER SCHAGRIN,lobbyist,Other / Multi-sector
lobbyist_47819,JENNIFER BERNSTEIN,lobbyist,Other / Multi-sector
lobbyist_50503,GRAHAM HARPER,lobbyist,Other / Multi-sector
lobbyist_61126,ANNA HYDE,lobbyist,Other / Multi-sector
lobbyist_62554,JOHN MAGILL,lobbyist,Other / Multi-sector
lobbyist_64767,AMANDA NGUYEN,lobbyist,Other / Multi-sector
lobbyist_65232,KATHRYN NOVARIA,lobbyist,Other / Multi-sector
lobbyist_69688,DEVON FOLTZ,lobbyist,Other / Multi-sector
lobbyist_70456,DAN BYERS,lobbyist,Other / Multi-sector
lobbyist_71194,BRITTANY CAREY,lobbyist,Other / Multi-sector
lobbyist_72981,MALCOLM SHERROD,lobbyist,Other / Multi-sector
lobbyist_73043,ALLISON POULIOS,lobbyist,Other / Multi-sector
lobbyist_137964,KEITH STEPHENSON,lobbyist,Other / Multi-sector
lobbyist_138226,JOE CROWLEY,lobbyist,Other / Multi-sector
lobbyist_139848,JOSH CONNOLLY,lobbyist,Other / Multi-sector
lobbyist_147973,MARY JOHNSON,lobbyist,Other / Multi-sector
lobbyist_148154,TAYLOR HOOVER,lobbyist,Other / Multi-sector
lobbyist_150828,KATHRYN WALL,lobbyist,Other / Multi-sector
lobbyist_41780,WILLIAM LOWERY,lobbyist,Other / Multi-sector
lobbyist_43352,EMILIO CIVIDANES,lobbyist,Other / Multi-sector
lobbyist_46398,CHRISTIAN KLEIN,lobbyist,Other / Multi-sector
lobbyist_47361,ROGER NORIEGA,lobbyist,Other / Multi-sector
lobbyist_50564,EZRA FRIEDLANDER,lobbyist,Other / Multi-sector
lobbyist_59454,SLOANE SALZBURG,lobbyist,Other / Multi-sector
lobbyist_65558,TANDY BONDI,lobbyist,Other / Multi-sector
lobbyist_68305,AARON PADILLA,lobbyist,Other / Multi-sector
lobbyist_68993,NANCY APPLETON,lobbyist,Technology & Telecom
lobbyist_69872,RICHARD GUERARD,lobbyist,Other / Multi-sector
lobbyist_78837,TERRENCE CUNNINGHAM,lobbyist,Other / Multi-sector
lobbyist_86170,MEGAN MILAM,lobbyist,Other / Multi-sector
lobbyist_102293,TIFFANY FINCK-HAYNES,lobbyist,Other / Multi-sector
lobbyist_112681,BRIDGET VISCONTI,lobbyist,Other / Multi-sector
lobbyist_138172,SUZANNE BEALL,lobbyist,Other / Multi-sector
lobbyist_139794,JESSICA CALIO,lobbyist,Other / Multi-sector
lobbyist_140923,EMILY COYLE,lobbyist,Other / Multi-sector
lobbyist_143117,ERICA MCQUADE,lobbyist,Other / Multi-sector
lobbyist_144219,KEVIN DIESTELOW,lobbyist,Other / Multi-sector
lobbyist_145098,MATTHEW MARSH,lobbyist,Other / Multi-sector
lobbyist_147418,JESSICA POWELL,lobbyist,Other / Multi-sector
lobbyist_148528,JASON HENRY,lobbyist,Other / Multi-sector
lobbyist_148927,ALBERTO MARTINEZ,lobbyist,Other / Multi-sector
lobbyist_151153,JOSEPH RUSSO,lobbyist,Other / Multi-sector
lobbyist_42274,JC WATTS,lobbyist,Other / Multi-sector
lobbyist_48847,THOMAS NICHOLLS,lobbyist,Other / Multi-sector
lobbyist_50800,KEITH SMITH,lobbyist,Other / Multi-sector
lobbyist_53774,GREGORY MONTANARO,lobbyist,Other / Multi-sector
lobbyist_70294,DANIELLE AVILES KRUEGER,lobbyist,Other / Multi-sector
lobbyist_70340,MINH TA,lobbyist,Other / Multi-sector
lobbyist_70507,MATTHEW JENSEN,lobbyist,Other / Multi-sector
lobbyist_71347,MARK SCHUERMANN,lobbyist,Other / Multi-sector
lobbyist_77577,JENNIFER SAFAVIAN,lobbyist,Other / Multi-sector
lobbyist_89992,TIFFANY ATWELL,lobbyist,Other / Multi-sector
lobbyist_98247,MARK FOWLER,lobbyist,Other / Multi-sector
lobbyist_113781,SARA MORSE,lobbyist,Other / Multi-sector
lobbyist_145709,GREGORY WILLIS,lobbyist,Other / Multi-sector
lobbyist_145885,KELLY RIDDLE,lobbyist,Other / Multi-sector
lobbyist_147104,HAILEY MILLER,lobbyist,Technology & Telecom
lobbyist_147735,LUCAS AGNEW,lobbyist,Other / Multi-sector
lobbyist_148924,ANN CHAVEZ,lobbyist,Other / Multi-sector
lobbyist_7280,PETER GOELZ,lobbyist,Other / Multi-sector
lobbyist_25497,MICHAEL ADCOCK,lobbyist,Other / Multi-sector
lobbyist_39427,SILVIA ALDANA,lobbyist,Other / Multi-sector
lobbyist_48335,JENNIFER CERVANTES,lobbyist,Other / Multi-sector
lobbyist_49124,GARY GOLDBERG,lobbyist,Other / Multi-sector
lobbyist_51645,ROBERT THOMPSON,lobbyist,Other / Multi-sector
lobbyist_54961,NOVA DALY,lobbyist,Other / Multi-sector
lobbyist_62300,SUSAN MCAVOY,lobbyist,Other / Multi-sector
lobbyist_63103,KYLE VICTOR,lobbyist,Other / Multi-sector
lobbyist_65885,MIRIAM BRODY,lobbyist,Other / Multi-sector
lobbyist_66062,LINDSEY JOHNSON,lobbyist,Other / Multi-sector
lobbyist_66776,STEVE VAN HOUT,lobbyist,Other / Multi-sector
lobbyist_68284,CHELSEE WOODEY,lobbyist,Other / Multi-sector
lobbyist_69056,MOLLY WILKINSON,lobbyist,Other / Multi-sector
lobbyist_69158,ROBERT MILLS,lobbyist,Other / Multi-sector
lobbyist_70757,RANDAL MEYER,lobbyist,Other / Multi-sector
lobbyist_73005,CAMERON GREENE,lobbyist,Other / Multi-sector
lobbyist_114061,GRACE RODDEN,lobbyist,Other / Multi-sector
lobbyist_137568,SIGRID JOHANNES,lobbyist,Other / Multi-sector
lobbyist_139680,STEVE STIVERS,lobbyist,Other / Multi-sector
lobbyist_139696,JUSTIN BARNES,lobbyist,Other / Multi-sector
lobbyist_139880,LAURA SHERROD,lobbyist,Other / Multi-sector
lobbyist_139990,MICHAEL FRAZIER,lobbyist,Other / Multi-sector
lobbyist_141542,CHRISTOPHER BROWN,lobbyist,Other / Multi-sector
lobbyist_147807,MICHAEL FLEISCHMAN,lobbyist,Other / Multi-sector
lobbyist_148843,ANDERSON HELTON,lobbyist,Other / Multi-sector
lobbyist_55815,JOHN HERRMANN,lobbyist,Other / Multi-sector
lobbyist_60187,KORI BLALOCK KELLER,lobbyist,Other / Multi-sector
lobbyist_63803,SEAN O'SHEA,lobbyist,Other / Multi-sector
lobbyist_65271,RICHARD LOPEZ,lobbyist,Other / Multi-sector
lobbyist_66284,VIVIENNE MITCHELL,lobbyist,Other / Multi-sector
lobbyist_66791,BRIAN DARLING,lobbyist,Other / Multi-sector
lobbyist_67563,WILLIAM ANDERSON,lobbyist,Other / Multi-sector
lobbyist_68661,NATALIE HARTMAN,lobbyist,Other / Multi-sector
lobbyist_69841,MARA STARK-ALCALA,lobbyist,Other / Multi-sector
lobbyist_71182,DANIEL O'BRIEN,lobbyist,Other / Multi-sector
lobbyist_71284,GARY KLINE,lobbyist,Other / Multi-sector
lobbyist_72688,DONALD FIX,lobbyist,Other / Multi-sector
lobbyist_83894,JOHN ABEGG,lobbyist,Other / Multi-sector
lobbyist_85192,JEFFREY LUNGREN,lobbyist,Other / Multi-sector
lobbyist_87858,RYAN WOODWARD,lobbyist,Other / Multi-sector
lobbyist_89671,JUDITH MUN,lobbyist,Other / Multi-sector
lobbyist_91414,PATRICK CUFF,lobbyist,Other / Multi-sector
lobbyist_101801,REBECCA SHIPP,lobbyist,Other / Multi-sector
lobbyist_108344,ALLISON FEIKES,lobbyist,Other / Multi-sector
lobbyist_121751,MICHAEL LEE,lobbyist,Other / Multi-sector
lobbyist_138004,JOHNNA CARLSON,lobbyist,Other / Multi-sector
lobbyist_146439,TYLER GUTCHESS,lobbyist,Other / Multi-sector
lobbyist_149066,DIANNE NELLOR,lobbyist,Other / Multi-sector
lobbyist_149209,WILLIAM RUSSELL,lobbyist,Other / Multi-sector
lobbyist_150343,ZACHARY PAULSEN,lobbyist,Other / Multi-sector
lobbyist_150414,BEAU ROTHSCHILD,lobbyist,Other / Multi-sector
lobbyist_47667,ALAN MACLEOD,lobbyist,Other / Multi-sector
lobbyist_52260,GABOR ROZSA,lobbyist,Other / Multi-sector
lobbyist_54064,MITCHELL WALDMAN,lobbyist,Other / Multi-sector
lobbyist_54737,RONDELL LEBEAU,lobbyist,Other / Multi-sector
lobbyist_69377,CATE THORIN,lobbyist,Other / Multi-sector
lobbyist_69696,FRANK CRISTINZIO,lobbyist,Other / Multi-sector
lobbyist_69757,ERIKA LONG,lobbyist,Other / Multi-sector
lobbyist_71788,EMILY PATT,lobbyist,Other / Multi-sector
lobbyist_72280,CHELSEY THOMAS,lobbyist,Other / Multi-sector
lobbyist_91684,JAMES VALE,lobbyist,Other / Multi-sector
lobbyist_100610,ELIZABETH MURPHY,lobbyist,Other / Multi-sector
lobbyist_107368,GEOFFREY HEMPELMANN,lobbyist,Other / Multi-sector
lobbyist_121568,TEJASI THATTE,lobbyist,Other / Multi-sector
lobbyist_139887,CHRISTIAN PALICH,lobbyist,Other / Multi-sector
lobbyist_140755,THOMAS FEENEY,lobbyist,Other / Multi-sector
lobbyist_142219,RILEY HAYES,lobbyist,Other / Multi-sector
lobbyist_144794,JESSICA CARTER,lobbyist,Other / Multi-sector
lobbyist_145883,SHAUN TAYLOR,lobbyist,Other / Multi-sector
lobbyist_145944,CONNOR BRANTLEY,lobbyist,Other / Multi-sector
lobbyist_147486,"CHARLES (""CHUCK"") HARPLE",lobbyist,Other / Multi-sector
lobbyist_147743,JUSTICE ESTRADA,lobbyist,Other / Multi-sector
lobbyist_148738,JEMIAH WILLIAMS,lobbyist,Other / Multi-sector
lobbyist_149246,JAMES MIN,lobbyist,Other / Multi-sector
lobbyist_3549,JONATHAN EISEN,lobbyist,Other / Multi-sector
lobbyist_61895,MATTHEW SHAPANKA,lobbyist,Other / Multi-sector
lobbyist_62286,TOD PRESTON,lobbyist,Other / Multi-sector
lobbyist_68231,JEAN CORNELL,lobbyist,Agriculture & Food
lobbyist_69089,CAROL DRAKE,lobbyist,Other / Multi-sector
lobbyist_70284,TARA GILL,lobbyist,Other / Multi-sector
lobbyist_70402,ROSEMARY GARZA,lobbyist,Other / Multi-sector
lobbyist_70625,SARAH SCHMIDT,lobbyist,Other / Multi-sector
lobbyist_70875,JOSHUA HABURSKY,lobbyist,Other / Multi-sector
lobbyist_71880,STEVEN TILTON,lobbyist,Other / Multi-sector
lobbyist_72821,BARBARA PRESTON,lobbyist,Other / Multi-sector
lobbyist_86201,AMY PORTER,lobbyist,Transportation & Auto
lobbyist_92616,THOMAS BANDZUL,lobbyist,Other / Multi-sector
lobbyist_105629,JEFFREY RUSTVANG,lobbyist,Other / Multi-sector
lobbyist_133979,STEVEN ABBOTT,lobbyist,Other / Multi-sector
lobbyist_138068,JEWELYN COSGROVE,lobbyist,Other / Multi-sector
lobbyist_138168,HANNAH COULTER,lobbyist,Other / Multi-sector
lobbyist_139233,ERICA TERGESON,lobbyist,Other / Multi-sector
lobbyist_141918,LISA BIANCO,lobbyist,Other / Multi-sector
lobbyist_142201,JENETTE MORELL,lobbyist,Other / Multi-sector
lobbyist_142389,CONNOR CROWLEY,lobbyist,Other / Multi-sector
lobbyist_142651,JOSEPH DUNN,lobbyist,Other / Multi-sector
lobbyist_142661,KATE CLABAUGH,lobbyist,Other / Multi-sector
lobbyist_142776,JOSHUA DUNCAN,lobbyist,Other / Multi-sector
lobbyist_143151,BRETT SCOTT,lobbyist,Other / Multi-sector
lobbyist_144193,RANI WILLIAMS,lobbyist,Other / Multi-sector
lobbyist_144636,LILLIAN SPARKS ROBINSON,lobbyist,Other / Multi-sector
lobbyist_145809,MICHAEL PAWLOWSKI,lobbyist,Other / Multi-sector
lobbyist_147005,JULIA CONVERTINI,lobbyist,Other / Multi-sector
lobbyist_148419,HAILEY RAY,lobbyist,Technology & Telecom
lobbyist_151030,JOHN CULBERSON,lobbyist,Other / Multi-sector
lobbyist_42293,SAMUEL WOODALL,lobbyist,Other / Multi-sector
lobbyist_64524,DOUGLAS MCINTYRE,lobbyist,Other / Multi-sector
lobbyist_65393,DOUGLAS FULLER,lobbyist,Other / Multi-sector
lobbyist_65491,CHRISTOPHER CAUSEY,lobbyist,Other / Multi-sector
lobbyist_65650,MEGAN JACKSON,lobbyist,Other / Multi-sector
lobbyist_67842,JULIE KRUSE,lobbyist,Other / Multi-sector
lobbyist_69077,ELIZABETH SCHWARTZ,lobbyist,Other / Multi-sector
lobbyist_69400,DANIEL LERNER,lobbyist,Other / Multi-sector
lobbyist_69452,LORI OTTO PUNKE,lobbyist,Other / Multi-sector
lobbyist_70316,PEGGY BINZEL,lobbyist,Other / Multi-sector
lobbyist_71135,JENNIFER BANG,lobbyist,Other / Multi-sector
lobbyist_71168,DEVIN SEARS,lobbyist,Other / Multi-sector
lobbyist_71279,MARY NAYLOR,lobbyist,Other / Multi-sector
lobbyist_71321,CHARLES MOSKOWITZ,lobbyist,Other / Multi-sector
lobbyist_74189,CHRISTOPHER CZARNECKI,lobbyist,Other / Multi-sector
lobbyist_86038,JAMES THOMAS,lobbyist,Other / Multi-sector
lobbyist_92656,AARON HUNTER,lobbyist,Other / Multi-sector
lobbyist_94182,LINDSEY QUEEN,lobbyist,Other / Multi-sector
lobbyist_104315,DUSTIN WATSON,lobbyist,Other / Multi-sector
lobbyist_112258,ELIZABETH HUNGER,lobbyist,Other / Multi-sector
lobbyist_113132,RORY HESLINGTON,lobbyist,Other / Multi-sector
lobbyist_121703,SIERRA CATO,lobbyist,Other / Multi-sector
lobbyist_133948,CONNOR DOLAN,lobbyist,Other / Multi-sector
lobbyist_135087,LESLYE COLVIN,lobbyist,Other / Multi-sector
lobbyist_138038,THOMAS ALEXANDER,lobbyist,Other / Multi-sector
lobbyist_138108,KRISTY PARK,lobbyist,Other / Multi-sector
lobbyist_138439,HILARY RANIERI,lobbyist,Other / Multi-sector
lobbyist_138473,JOSEPH HACK,lobbyist,Other / Multi-sector
lobbyist_139774,CARRIANNA KURUVILLA,lobbyist,Other / Multi-sector
lobbyist_140523,MARGARET MORGAN,lobbyist,Other / Multi-sector
lobbyist_141110,JOONSOO YI,lobbyist,Other / Multi-sector
lobbyist_141587,MATTHEW REID ZWEIG,lobbyist,Other / Multi-sector
lobbyist_145731,MONTANA MILLER,lobbyist,Other / Multi-sector
lobbyist_146134,JOSEPH BODDICKER,lobbyist,Other / Multi-sector
lobbyist_146146,LEONOR TOMERO,lobbyist,Other / Multi-sector
lobbyist_150069,KATHRYN HENDRICKSON,lobbyist,Other / Multi-sector
lobbyist_150273,TRACEE SUTTON,lobbyist,Other / Multi-sector
lobbyist_39330,TIMOTHY BARTL,lobbyist,Other / Multi-sector
lobbyist_56595,STEVEN KLINE,lobbyist,Other / Multi-sector
lobbyist_58850,CHRISTOPHER MILLER,lobbyist,Other / Multi-sector
lobbyist_62638,MARTINA BRADFORD,lobbyist,Transportation & Auto
lobbyist_62880,BOBBY FREDERICK,lobbyist,Other / Multi-sector
lobbyist_66119,ASAF NAGLER,lobbyist,Other / Multi-sector
lobbyist_66291,ERICA CROCKER,lobbyist,Other / Multi-sector
lobbyist_67224,CONNIE MACK,lobbyist,Other / Multi-sector
lobbyist_67231,MARK LINTON,lobbyist,Other / Multi-sector
lobbyist_67797,MATTHEW SHUMAN,lobbyist,Other / Multi-sector
lobbyist_68852,VICTORIA GEMME,lobbyist,Other / Multi-sector
lobbyist_69091,RYAN MURPHY,lobbyist,Other / Multi-sector
lobbyist_69110,MELANIE LEHNHARDT,lobbyist,Other / Multi-sector
lobbyist_69903,MARK HOWELL,lobbyist,Other / Multi-sector
lobbyist_71172,APRIL DONNELLY,lobbyist,Other / Multi-sector
lobbyist_71861,CHAD WHITEMAN,lobbyist,Other / Multi-sector
lobbyist_73814,BRENDAN NEAL,lobbyist,Other / Multi-sector
lobbyist_76427,WILLIAM KELLEHER,lobbyist,Other / Multi-sector
lobbyist_87579,RAPHAEL LOUIS,lobbyist,Other / Multi-sector
lobbyist_92173,KATE KALUTKIEWICZ,lobbyist,Other / Multi-sector
lobbyist_99715,MATTHEW HASKINS,lobbyist,Other / Multi-sector
lobbyist_106110,FRANCISCO CARRILLO,lobbyist,Other / Multi-sector
lobbyist_115432,CURTIS ROONEY,lobbyist,Other / Multi-sector
lobbyist_117637,CHRISTINA POEHLITZ,lobbyist,Other / Multi-sector
lobbyist_140240,CASSIDY HOBBS,lobbyist,Other / Multi-sector
lobbyist_140447,JASON LAWRENCE,lobbyist,Other / Multi-sector
lobbyist_143945,WILLIAM BEHRENS,lobbyist,Other / Multi-sector
lobbyist_144472,ISAAC LOEB,lobbyist,Other / Multi-sector
lobbyist_144514,ALEC ROGERS,lobbyist,Other / Multi-sector
lobbyist_145295,MICHAEL BARNETT,lobbyist,Other / Multi-sector
lobbyist_147171,MORGAN VINA,lobbyist,Other / Multi-sector
lobbyist_147405,EVAN BENDER,lobbyist,Other / Multi-sector
lobbyist_150347,MARY WENTWORTH,lobbyist,Other / Multi-sector
lobbyist_150479,LINDSAY GARCIA,lobbyist,Other / Multi-sector
lobbyist_10475,STEVEN PRUITT,lobbyist,Other / Multi-sector
lobbyist_59154,JUSTIN CLAY,lobbyist,Other / Multi-sector
lobbyist_59257,RICHARD HARPER,lobbyist,Other / Multi-sector
lobbyist_62565,JACQUELINE BALL,lobbyist,Other / Multi-sector
lobbyist_62814,JUDY SULLIVAN,lobbyist,Other / Multi-sector
lobbyist_67356,MICHAEL HAYCOCK,lobbyist,Other / Multi-sector
lobbyist_71633,GEOFFREY GREEN,lobbyist,Other / Multi-sector
lobbyist_92602,JOHN AGUILAR,lobbyist,Other / Multi-sector
lobbyist_106997,KATARINA DEFILIPPO,lobbyist,Other / Multi-sector
lobbyist_136617,KRISTIN DINI,lobbyist,Other / Multi-sector
lobbyist_138993,BO MACHAYO,lobbyist,Other / Multi-sector
lobbyist_139879,STEPHANIE JOHNSON,lobbyist,Other / Multi-sector
lobbyist_140231,ZACK PERCONTI,lobbyist,Other / Multi-sector
lobbyist_140327,SEAN CALLAHAN,lobbyist,Other / Multi-sector
lobbyist_142082,BRADFORD ELLISON,lobbyist,Transportation & Auto
lobbyist_143003,ROBERT MOSHER,lobbyist,Other / Multi-sector
lobbyist_145066,CODY WILLMING,lobbyist,Other / Multi-sector
lobbyist_145355,KYLE KLEIN,lobbyist,Other / Multi-sector
lobbyist_147193,HEATHER SAGER,lobbyist,Other / Multi-sector
lobbyist_149196,STEFAN PASSANTINO,lobbyist,Other / Multi-sector
lobbyist_36858,BEVERLY PAUL,lobbyist,Other / Multi-sector
lobbyist_57705,ERICA GORDON,lobbyist,Other / Multi-sector
lobbyist_58528,STEWART BARBER YOUNG,lobbyist,Other / Multi-sector
lobbyist_63265,KATE DEGRAVELLES,lobbyist,Other / Multi-sector
lobbyist_66277,OWEN CAINE,lobbyist,Technology & Telecom
lobbyist_67387,MIKE COPHER,lobbyist,Other / Multi-sector
lobbyist_68735,ANDREW WILKINS,lobbyist,Other / Multi-sector
lobbyist_69128,ERIN BARRY,lobbyist,Other / Multi-sector
lobbyist_69272,NICOLE BURDA,lobbyist,Other / Multi-sector
lobbyist_69516,KRISTIN HERRMANN,lobbyist,Other / Multi-sector
lobbyist_69560,BILL DAVIS,lobbyist,Other / Multi-sector
lobbyist_71007,GILLIAN LYONS,lobbyist,Other / Multi-sector
lobbyist_71416,SAMUEL ADCOCK,lobbyist,Other / Multi-sector
lobbyist_71665,DAVID BONELLI,lobbyist,Other / Multi-sector
lobbyist_72492,MARCO SYLVESTER,lobbyist,Other / Multi-sector
lobbyist_72623,SAMANTHA FAY,lobbyist,Other / Multi-sector
lobbyist_73146,KELLIE ADESINA,lobbyist,Other / Multi-sector
lobbyist_73539,MELANIE BOWEN,lobbyist,Other / Multi-sector
lobbyist_79388,RICHARD ENGLAND,lobbyist,Other / Multi-sector
lobbyist_94356,JOHN GRIFFIN,lobbyist,Other / Multi-sector
lobbyist_109580,BRYAN WOOD,lobbyist,Other / Multi-sector
lobbyist_121769,JASON STVERAK,lobbyist,Other / Multi-sector
lobbyist_137549,VINCE HALL,lobbyist,Other / Multi-sector
lobbyist_138148,ALI BEDFORD,lobbyist,Transportation & Auto
lobbyist_138297,JOSHUA CARON,lobbyist,Other / Multi-sector
lobbyist_138300,RONALD DEAN,lobbyist,Other / Multi-sector
lobbyist_138895,CHRISTA LUCAS,lobbyist,Other / Multi-sector
lobbyist_139950,DOUGLAS LEE,lobbyist,Other / Multi-sector
lobbyist_141559,JODI CHANDLER,lobbyist,Other / Multi-sector
lobbyist_147215,JOSHUA ROGIN,lobbyist,Other / Multi-sector
lobbyist_148416,ELIZABETH HORNER,lobbyist,Other / Multi-sector
lobbyist_151423,REV DR CHRISTINA CLEMENT,lobbyist,Other / Multi-sector
lobbyist_51346,MAGGIE ELEHWANY,lobbyist,Other / Multi-sector
lobbyist_55689,MICHAEL HAMOND,lobbyist,Other / Multi-sector
lobbyist_55938,PREEYA PINTO,lobbyist,Other / Multi-sector
lobbyist_62073,MEGHAN JOHNSON,lobbyist,Other / Multi-sector
lobbyist_63542,WILLIAM HILLEARY,lobbyist,Other / Multi-sector
lobbyist_67395,ALEXANDER SCHENCK,lobbyist,Other / Multi-sector
lobbyist_70168,LISA LEVINE UROVITCH,lobbyist,Other / Multi-sector
lobbyist_71264,SARAH JONES,lobbyist,Other / Multi-sector
lobbyist_72238,JENNIFER MALLARD,lobbyist,Other / Multi-sector
lobbyist_72485,GARTH SPENCER,lobbyist,Other / Multi-sector
lobbyist_73549,MATTHEW SCHUMAKER,lobbyist,Other / Multi-sector
lobbyist_77707,DONALD DAVIDSON,lobbyist,Other / Multi-sector
lobbyist_79339,MICHAEL CAPUANO,lobbyist,Other / Multi-sector
lobbyist_92811,KEVIN O'KEEFE,lobbyist,Other / Multi-sector
lobbyist_108224,DAVID DUNLAP,lobbyist,Other / Multi-sector
lobbyist_121635,JAMES BAILEY,lobbyist,Technology & Telecom
lobbyist_140931,QUINTON CARROLL,lobbyist,Other / Multi-sector
lobbyist_140953,DESIREE COLE,lobbyist,Other / Multi-sector
lobbyist_142885,BRANDON PALUMBO,lobbyist,Other / Multi-sector
lobbyist_144318,BRET STROGEN,lobbyist,Other / Multi-sector
lobbyist_147139,KIMBERLY CORBIN,lobbyist,Other / Multi-sector
lobbyist_147163,JOHN ADAIR,lobbyist,Technology & Telecom
lobbyist_150453,TODD WILLENS,lobbyist,Other / Multi-sector
lobbyist_32138,MELODY FENNEL,lobbyist,Other / Multi-sector
lobbyist_52898,ELIZABETH GORE,lobbyist,Other / Multi-sector
lobbyist_64421,PETER GOODLOE,lobbyist,Other / Multi-sector
lobbyist_64876,JOHN HOLEVOET,lobbyist,Other / Multi-sector
lobbyist_65047,NATHAN PICK,lobbyist,Other / Multi-sector
lobbyist_65264,JOHN GREISSING,lobbyist,Other / Multi-sector
lobbyist_67323,EDWARD COX,lobbyist,Other / Multi-sector
lobbyist_69815,LEO MUNOZ,lobbyist,Other / Multi-sector
lobbyist_71397,ANNA MARIE MALLOY,lobbyist,Other / Multi-sector
lobbyist_71550,DANIELLE GIANNANTONIO,lobbyist,Other / Multi-sector
lobbyist_72077,LAWRENCE MCANALLEN,lobbyist,Other / Multi-sector
lobbyist_75194,BRIAN YOUNG,lobbyist,Other / Multi-sector
lobbyist_79375,SARAH PAUL,lobbyist,Other / Multi-sector
lobbyist_83888,EVAN WILLIAMS,lobbyist,Other / Multi-sector
lobbyist_102484,JENNIFER GOODALE,lobbyist,Other / Multi-sector
lobbyist_102613,BRENDEN MCMAHON,lobbyist,Other / Multi-sector
lobbyist_107711,JOHN SAWYER,lobbyist,Other / Multi-sector
lobbyist_111286,MICHAEL MAITLAND,lobbyist,Technology & Telecom
lobbyist_138131,PETER CLEVELAND,lobbyist,Other / Multi-sector
lobbyist_138466,JEFFREY GARY,lobbyist,Other / Multi-sector
lobbyist_138566,AARON WASSERMAN,lobbyist,Other / Multi-sector
lobbyist_138605,CHRISTOPHER DAWSON,lobbyist,Other / Multi-sector
lobbyist_139571,CAROL FOWLER,lobbyist,Other / Multi-sector
lobbyist_139659,KATHARINE BOND,lobbyist,Other / Multi-sector
lobbyist_140381,ABIGAIL BARNES,lobbyist,Technology & Telecom
lobbyist_140677,MONICA CLOUD,lobbyist,Other / Multi-sector
lobbyist_140682,JULIE NICKSON,lobbyist,Other / Multi-sector
lobbyist_141479,SARAH ARBES,lobbyist,Other / Multi-sector
lobbyist_141491,BRENDON ARCURI,lobbyist,Other / Multi-sector
lobbyist_144377,HUNTER STRUPP,lobbyist,Other / Multi-sector
lobbyist_145044,KYLE MARINELLI,lobbyist,Other / Multi-sector
lobbyist_147242,WINFIELD HERNDON,lobbyist,Other / Multi-sector
lobbyist_148149,THEODORE NASTASE,lobbyist,Other / Multi-sector
lobbyist_151297,TAMIKA HILL,lobbyist,Other / Multi-sector
lobbyist_42463,DIRK VANDONGEN,lobbyist,Other / Multi-sector
lobbyist_57945,SHANA MARCHIO,lobbyist,Other / Multi-sector
lobbyist_67716,JOSHUA LEWIS,lobbyist,Other / Multi-sector
lobbyist_69487,PETER ROBERSON,lobbyist,Other / Multi-sector
lobbyist_69561,EVAN JURKOVICH,lobbyist,Other / Multi-sector
lobbyist_69914,STEVEN WILSON,lobbyist,Other / Multi-sector
lobbyist_70522,JEREMY WOODRUM,lobbyist,Other / Multi-sector
lobbyist_94398,BETH CLAY,lobbyist,Other / Multi-sector
lobbyist_98616,RON HAMMOND,lobbyist,Other / Multi-sector
lobbyist_105974,BRIAN KERKHOVEN,lobbyist,Other / Multi-sector
lobbyist_121948,KATHLEEN O'NEILL,lobbyist,Other / Multi-sector
lobbyist_126234,JOHN TOMLIN,lobbyist,Other / Multi-sector
lobbyist_138096,BRITTANY MASALOSALO,lobbyist,Other / Multi-sector
lobbyist_139617,ZACHARY MARSHALL,lobbyist,Other / Multi-sector
lobbyist_141063,ALEX WARD,lobbyist,Other / Multi-sector
lobbyist_141196,MATTHEW GRILL,lobbyist,Other / Multi-sector
lobbyist_141763,MARK LEWIS,lobbyist,Other / Multi-sector
lobbyist_141980,SATYA THALLAM,lobbyist,Other / Multi-sector
lobbyist_145219,DEANNE MILLISON,lobbyist,Other / Multi-sector
lobbyist_145648,SCOTT EISNER,lobbyist,Other / Multi-sector
lobbyist_148235,NICOLE BERTSCH,lobbyist,Other / Multi-sector
lobbyist_149002,CONNER BRACE,lobbyist,Other / Multi-sector
lobbyist_149338,RYAN JARMULA,lobbyist,Other / Multi-sector
lobbyist_8373,FRANCIS GRAB,lobbyist,Other / Multi-sector
lobbyist_58217,LOUIS CELLI,lobbyist,Other / Multi-sector
lobbyist_60008,DENNY REHBERG,lobbyist,Other / Multi-sector
lobbyist_68393,CHRISTIAN WHITON,lobbyist,Other / Multi-sector
lobbyist_68670,ELI SCHOOLEY,lobbyist,Education & Research
lobbyist_72360,SEAN DUFFY,lobbyist,Other / Multi-sector
lobbyist_72613,BRYAN GREENE,lobbyist,Other / Multi-sector
lobbyist_73037,BRANDON RENZ,lobbyist,Other / Multi-sector
lobbyist_73560,KARL RUSSO,lobbyist,Other / Multi-sector
lobbyist_101206,KAT MONTGOMERY,lobbyist,Other / Multi-sector
lobbyist_108288,MELANIE STEELE,lobbyist,Other / Multi-sector
lobbyist_115117,BRENDAN BELAIR,lobbyist,Technology & Telecom
lobbyist_133750,JULIAN YOWELL,lobbyist,Other / Multi-sector
lobbyist_138272,TIMOTHY DRUMM,lobbyist,Other / Multi-sector
lobbyist_139522,BILL BODE,lobbyist,Other / Multi-sector
lobbyist_141773,ETHAN WITT,lobbyist,Other / Multi-sector
lobbyist_141874,JOSHUA PREST,lobbyist,Other / Multi-sector
lobbyist_142147,LEILANI GONZALEZ,lobbyist,Other / Multi-sector
lobbyist_142931,STEPHEN HOFMANN,lobbyist,Other / Multi-sector
lobbyist_145218,GRANT KERR,lobbyist,Other / Multi-sector
lobbyist_147999,CHADWICK CARLOUGH,lobbyist,Other / Multi-sector
lobbyist_149199,JAMES KUNGEL,lobbyist,Other / Multi-sector
lobbyist_149889,CAMERON SEWARD,lobbyist,Other / Multi-sector
lobbyist_51522,C. CANADY,lobbyist,Other / Multi-sector
lobbyist_61308,BENJAMIN MOSELY,lobbyist,Other / Multi-sector
lobbyist_63980,LEE TERRY,lobbyist,Other / Multi-sector
lobbyist_66258,JEFFREY ANDRADE,lobbyist,Other / Multi-sector
lobbyist_66778,DINA ELLIS ROCHKIND,lobbyist,Other / Multi-sector
lobbyist_67568,MARCUS PEACOCK,lobbyist,Other / Multi-sector
lobbyist_69461,ERYN WAGNON,lobbyist,Other / Multi-sector
lobbyist_69727,JOHN DRAKE,lobbyist,Other / Multi-sector
lobbyist_70515,KASEY GILLETTE,lobbyist,Other / Multi-sector
lobbyist_72646,OWEN URECH,lobbyist,Other / Multi-sector
lobbyist_79389,SYDNEY FINCHER,lobbyist,Other / Multi-sector
lobbyist_92855,MICHAEL O'LEARY,lobbyist,Other / Multi-sector
lobbyist_93263,JOHN DONNELLY,lobbyist,Other / Multi-sector
lobbyist_101406,ALEX BEATON,lobbyist,Other / Multi-sector
lobbyist_107366,JOHN GASTRIGHT,lobbyist,Energy & Environment
lobbyist_117357,BRANDI PENSONEAU,lobbyist,Other / Multi-sector
lobbyist_139135,CLAIRE ONYECHI,lobbyist,Technology & Telecom
lobbyist_139800,REID DAGUL,lobbyist,Other / Multi-sector
lobbyist_142204,ARIELLE THOMAS,lobbyist,Other / Multi-sector
lobbyist_144849,ANDREW KORST,lobbyist,Other / Multi-sector
lobbyist_144982,ZACHARY ISAKOWITZ,lobbyist,Other / Multi-sector
lobbyist_146444,CHRISTINA JOLLEY,lobbyist,Other / Multi-sector
lobbyist_148423,DAVID CLEARY,lobbyist,Other / Multi-sector
lobbyist_148993,SARA PETERS,lobbyist,Other / Multi-sector
lobbyist_149123,RYAN CRUMPLER,lobbyist,Other / Multi-sector
lobbyist_150345,LAUREN REAMY,lobbyist,Other / Multi-sector
lobbyist_151083,WILLIAM KILLION,lobbyist,Other / Multi-sector
lobbyist_36137,ALFONSO POLLARD,lobbyist,Other / Multi-sector
lobbyist_47378,PETER KIRSCH,lobbyist,Other / Multi-sector
lobbyist_51980,ROBERT MALONEY,lobbyist,Other / Multi-sector
lobbyist_52691,MARY KUSLER,lobbyist,Other / Multi-sector
lobbyist_54857,SHELBY HAGENAUER,lobbyist,Other / Multi-sector
lobbyist_68569,MARK MORGAN,lobbyist,Other / Multi-sector
lobbyist_70321,SHELLEY SU,lobbyist,Other / Multi-sector
lobbyist_70364,BRENDAN ADAMS,lobbyist,Other / Multi-sector
lobbyist_73070,FRANKLIN HYRE,lobbyist,Other / Multi-sector
lobbyist_90662,STEVEN SILVESTRI,lobbyist,Other / Multi-sector
lobbyist_138340,KASIA WITKOWSKI,lobbyist,Other / Multi-sector
lobbyist_139402,JOEL MILLER,lobbyist,Other / Multi-sector
lobbyist_142330,WILLIAM PALMER,lobbyist,Other / Multi-sector
lobbyist_144431,NEIL QUINTER,lobbyist,Other / Multi-sector
lobbyist_146932,HEATHER ENDRES,lobbyist,Other / Multi-sector
lobbyist_149886,BLAKE CENTER,lobbyist,Other / Multi-sector
lobbyist_150424,JORDAN HAAS,lobbyist,Other / Multi-sector
lobbyist_150477,SEAN SWEENEY,lobbyist,Other / Multi-sector
lobbyist_61505,NATHANIEL TIPTON,lobbyist,Other / Multi-sector
lobbyist_65057,JASON GOGGINS,lobbyist,Other / Multi-sector
lobbyist_70074,KYLE GLENN,lobbyist,Other / Multi-sector
lobbyist_70562,ELISSA ALBEN,lobbyist,Other / Multi-sector
lobbyist_71381,MICHAEL BOYD,lobbyist,Other / Multi-sector
lobbyist_71749,JOEL ELLIOTT,lobbyist,Other / Multi-sector
lobbyist_71813,DONALD MCINTOSH,lobbyist,Other / Multi-sector
lobbyist_73116,LAUREN VALAINIS,lobbyist,Technology & Telecom
lobbyist_101015,THOMAS MARQUEZ,lobbyist,Other / Multi-sector
lobbyist_107392,JONATHAN OEHMEN,lobbyist,Other / Multi-sector
lobbyist_122058,NICOLE BRENER-SCHMITZ,lobbyist,Other / Multi-sector
lobbyist_137906,ALEX WONG,lobbyist,Other / Multi-sector
lobbyist_138552,EDWARD BURGESS,lobbyist,Other / Multi-sector
lobbyist_139476,JAMES GREENWOOD,lobbyist,Other / Multi-sector
lobbyist_139720,ANDREW SHINE,lobbyist,Other / Multi-sector
lobbyist_141493,CHRISTOPHER SMITH,lobbyist,Other / Multi-sector
lobbyist_143356,KRISTEN SHATYNSKI,lobbyist,Other / Multi-sector
lobbyist_147607,TWINKLE PATEL,lobbyist,Other / Multi-sector
lobbyist_148272,DANIEL GOMEZ,lobbyist,Other / Multi-sector
lobbyist_148638,CHRISTOPHER PHALEN,lobbyist,Other / Multi-sector
lobbyist_149007,REED CRADDOCK,lobbyist,Other / Multi-sector
lobbyist_14097,SLADE GORTON,lobbyist,Other / Multi-sector
lobbyist_56597,JAMES HENSLER,lobbyist,Other / Multi-sector
lobbyist_58890,WILLIAM CROZER,lobbyist,Other / Multi-sector
lobbyist_67652,NICK FIMEK,lobbyist,Other / Multi-sector
lobbyist_67726,JESSICA LAWRENCE-VACA,lobbyist,Other / Multi-sector
lobbyist_67872,ERNEST GONZALEZ,lobbyist,Other / Multi-sector
lobbyist_68271,CASEY STREET,lobbyist,Other / Multi-sector
lobbyist_68308,KYLE COLEMAN,lobbyist,Other / Multi-sector
lobbyist_69744,ADAM ELIAS,lobbyist,Other / Multi-sector
lobbyist_71037,JOSEPH KALMIN,lobbyist,Other / Multi-sector
lobbyist_71072,NATALIE BURKHALTER,lobbyist,Other / Multi-sector
lobbyist_72284,WILLIAM DECARLO,lobbyist,Other / Multi-sector
lobbyist_72950,ELENA BRENNAN,lobbyist,Other / Multi-sector
lobbyist_73251,TAMI PLOFCHAN,lobbyist,Other / Multi-sector
lobbyist_73479,BRIDGET DOBYAN,lobbyist,Other / Multi-sector
lobbyist_79250,JESSICA TYSON,lobbyist,Other / Multi-sector
lobbyist_89313,ELIZABETH STEIN,lobbyist,Other / Multi-sector
lobbyist_107190,JILLIEN FLORES,lobbyist,Other / Multi-sector
lobbyist_114220,UDAI ROHATGI,lobbyist,Technology & Telecom
lobbyist_121038,MIMI BRANIFF,lobbyist,Other / Multi-sector
lobbyist_138150,SARA BARBA,lobbyist,Other / Multi-sector
lobbyist_138745,BRIAN LOOSER,lobbyist,Other / Multi-sector
lobbyist_140816,PIERSON STOECKLEIN,lobbyist,Other / Multi-sector
lobbyist_141456,ADAM BERG,lobbyist,Other / Multi-sector
lobbyist_141842,MARY DIETRICH,lobbyist,Other / Multi-sector
lobbyist_143723,CHARLES DYJAK,lobbyist,Other / Multi-sector
lobbyist_145701,AMY RUTKIN,lobbyist,Other / Multi-sector
lobbyist_147216,JASON SWINSON,lobbyist,Other / Multi-sector
lobbyist_150302,JEAN ROEHRENBECK,lobbyist,Other / Multi-sector
lobbyist_20884,DIANN HOWLAND,lobbyist,Other / Multi-sector
lobbyist_35887,PAGE KRANBUHL,lobbyist,Other / Multi-sector
lobbyist_45141,ROBERT KAPLA,lobbyist,Other / Multi-sector
lobbyist_57181,ELENA TOMPKINS,lobbyist,Other / Multi-sector
lobbyist_61702,DAVID LEE,lobbyist,Other / Multi-sector
lobbyist_66323,RYAN KAAT,lobbyist,Other / Multi-sector
lobbyist_67099,DERRON PARKS,lobbyist,Other / Multi-sector
lobbyist_70510,DUANE SIMPSON,lobbyist,Other / Multi-sector
lobbyist_70514,RICK KENDUST,lobbyist,Other / Multi-sector
lobbyist_70833,JOHN VERSAGGI,lobbyist,Other / Multi-sector
lobbyist_71671,MEGAN SCHNEIDER,lobbyist,Other / Multi-sector
lobbyist_103538,RACHELLE CELEBREZZE,lobbyist,Other / Multi-sector
lobbyist_116242,ERIK FLODEN,lobbyist,Other / Multi-sector
lobbyist_138463,ADAM SALERNO,lobbyist,Other / Multi-sector
lobbyist_139306,ELIZABETH (LIZ) BANICKI,lobbyist,Other / Multi-sector
lobbyist_139317,TREVOR JONES,lobbyist,Other / Multi-sector
lobbyist_139546,CHRISTOPHER HOWELL,lobbyist,Other / Multi-sector
lobbyist_140218,JAMES CHRISTOFERSON,lobbyist,Other / Multi-sector
lobbyist_140753,STEVEN PETERSEN,lobbyist,Other / Multi-sector
lobbyist_140841,DIVIJ PANDYA,lobbyist,Other / Multi-sector
lobbyist_141371,JOSEPH LASALLE,lobbyist,Other / Multi-sector
lobbyist_143427,AARON CUMMINGS,lobbyist,Other / Multi-sector
lobbyist_144605,ANDREW HASEK,lobbyist,Other / Multi-sector
lobbyist_147092,KELSEY CONRADI,lobbyist,Other / Multi-sector
lobbyist_148096,ADAM YEZERSKI,lobbyist,Other / Multi-sector
lobbyist_148246,NICK IAROSSI,lobbyist,Other / Multi-sector
lobbyist_148999,ANDREW HOGIN,lobbyist,Other / Multi-sector
lobbyist_151175,EMMA DOYLE,lobbyist,Other / Multi-sector
lobbyist_8719,EDWARD EDENS,lobbyist,Other / Multi-sector
lobbyist_39233,DENA SHER,lobbyist,Other / Multi-sector
lobbyist_56432,STEVEN CRANE,lobbyist,Other / Multi-sector
lobbyist_63588,SAMANTHA MARTIN,lobbyist,Other / Multi-sector
lobbyist_65986,SHELLEY LANDRY,lobbyist,Other / Multi-sector
lobbyist_68283,WENDY SUSSMAN,lobbyist,Other / Multi-sector
lobbyist_69920,JESSICA JACOBY LEMOS,lobbyist,Other / Multi-sector
lobbyist_70069,DARRIN MUNOZ,lobbyist,Other / Multi-sector
lobbyist_70581,JOHN MASON,lobbyist,Other / Multi-sector
lobbyist_71384,ELIZABETH THOMAS,lobbyist,Other / Multi-sector
lobbyist_71778,ROSEMARIE LUTTENBERGER,lobbyist,Other / Multi-sector
lobbyist_73155,PHILIP NEWMAN,lobbyist,Other / Multi-sector
lobbyist_73467,TRACE ROLLER,lobbyist,Other / Multi-sector
lobbyist_78118,KAITLYN LANE,lobbyist,Technology & Telecom
lobbyist_92665,EMILY SHETTY,lobbyist,Other / Multi-sector
lobbyist_103803,MARTA MCLELLAN ROSS,lobbyist,Other / Multi-sector
lobbyist_108345,AMANDA KASPER,lobbyist,Other / Multi-sector
lobbyist_139656,JOCELYN ULRICH,lobbyist,Other / Multi-sector
lobbyist_139754,ANTHONY LEMMA,lobbyist,Other / Multi-sector
lobbyist_139909,KATIE PEAKE,lobbyist,Other / Multi-sector
lobbyist_141739,LADAN AHMADI,lobbyist,Other / Multi-sector
lobbyist_145324,STEVEN BALES,lobbyist,Other / Multi-sector
lobbyist_145630,ADAM WILCZEWSKI,lobbyist,Other / Multi-sector
lobbyist_149070,JACOB HOCHBERG,lobbyist,Other / Multi-sector
lobbyist_149092,MICHAEL HAYES,lobbyist,Other / Multi-sector
lobbyist_149700,GRACE BODWELL,lobbyist,Other / Multi-sector
lobbyist_43633,WALTER SANDERS,lobbyist,Other / Multi-sector
lobbyist_48294,AMANDA NEELY,lobbyist,Other / Multi-sector
lobbyist_50704,JEFFREY BENSING,lobbyist,Other / Multi-sector
lobbyist_57783,MICHAEL GRUBER,lobbyist,Other / Multi-sector
lobbyist_65231,RUSS MOLLOY,lobbyist,Other / Multi-sector
lobbyist_66957,JENNIFER DALE,lobbyist,Other / Multi-sector
lobbyist_67027,JOHN HEBERT,lobbyist,Other / Multi-sector
lobbyist_67676,ARIANA REKS,lobbyist,Other / Multi-sector
lobbyist_68492,DAN KRAMER,lobbyist,Other / Multi-sector
lobbyist_68556,ROGER SHERMAN,lobbyist,Other / Multi-sector
lobbyist_68874,KATHY MITCHELL,lobbyist,Other / Multi-sector
lobbyist_69016,DONALD ITZKOFF,lobbyist,Other / Multi-sector
lobbyist_70458,BRODERICK JOHNSON,lobbyist,Other / Multi-sector
lobbyist_72887,CHRISTOPHER YIANILOS,lobbyist,Other / Multi-sector
lobbyist_73501,JULIA SMITH,lobbyist,Other / Multi-sector
lobbyist_76528,ANDRES DHOKAI,lobbyist,Technology & Telecom
lobbyist_86804,HANNA ABOU-EL-SEOUD,lobbyist,Other / Multi-sector
lobbyist_94687,TAYLOR ARMENTROUT,lobbyist,Other / Multi-sector
lobbyist_100885,JONATHON FREYE,lobbyist,Other / Multi-sector
lobbyist_107639,CAMERON KRIER MASSEY,lobbyist,Other / Multi-sector
lobbyist_109328,KIMBERLY BEER,lobbyist,Other / Multi-sector
lobbyist_116240,BRIAN SCHAFFNER,lobbyist,Other / Multi-sector
lobbyist_119678,JAELON MOANEY,lobbyist,Other / Multi-sector
lobbyist_135064,BRAD QUEISSER,lobbyist,Other / Multi-sector
lobbyist_139332,ROBERT WARBINTON,lobbyist,Other / Multi-sector
lobbyist_141349,LAURA PINSKY,lobbyist,Other / Multi-sector
lobbyist_144001,BRETT GIBSON,lobbyist,Other / Multi-sector
lobbyist_144800,MATTHEW BISENIUS,lobbyist,Other / Multi-sector
lobbyist_144979,ALEXIS ANICAMA,lobbyist,Other / Multi-sector
lobbyist_145221,LUKE SULLIVAN,lobbyist,Other / Multi-sector
lobbyist_147650,MARK BURNS,lobbyist,Other / Multi-sector
lobbyist_150520,JIMMY PEACOCK,lobbyist,Other / Multi-sector
lobbyist_11030,WARREN MARUYAMA,lobbyist,Other / Multi-sector
lobbyist_41562,GEORGE CRAWFORD,lobbyist,Transportation & Auto
lobbyist_54835,ROBERT SCHELLHAS,lobbyist,Other / Multi-sector
lobbyist_55837,THOMAS STOHLER,lobbyist,Other / Multi-sector
lobbyist_64140,JERE GLOVER,lobbyist,Other / Multi-sector
lobbyist_64666,BRIAN REARDON,lobbyist,Other / Multi-sector
lobbyist_64747,JANELLE DILUCCIA,lobbyist,Other / Multi-sector
lobbyist_65924,SARAH HAMLETT,lobbyist,Other / Multi-sector
lobbyist_66448,TYLER COWARD,lobbyist,Other / Multi-sector
lobbyist_67629,ADO MACHIDA,lobbyist,Other / Multi-sector
lobbyist_68742,ROBERT HOFFMAN,lobbyist,Other / Multi-sector
lobbyist_69356,THEDA KHRESTIN,lobbyist,Other / Multi-sector
lobbyist_69473,JONATHAN SCHWEPPE,lobbyist,Other / Multi-sector
lobbyist_70312,KEVIN RYAN,lobbyist,Other / Multi-sector
lobbyist_71132,AMENA ROSS,lobbyist,Other / Multi-sector
lobbyist_72102,BRETT TOLMAN,lobbyist,Other / Multi-sector
lobbyist_78965,MARY GAYDOS,lobbyist,Other / Multi-sector
lobbyist_85789,JARED STOUT,lobbyist,Other / Multi-sector
lobbyist_93467,TRISTAN BREAUX,lobbyist,Other / Multi-sector
lobbyist_95974,JULIE BABAYAN,lobbyist,Other / Multi-sector
lobbyist_108834,JED PERRY,lobbyist,Other / Multi-sector
lobbyist_139208,EBBIE YAZDANI,lobbyist,Other / Multi-sector
lobbyist_139409,NICHOLAS LISOWSKI,lobbyist,Other / Multi-sector
lobbyist_139436,JUSTIN LIVESEY,lobbyist,Other / Multi-sector
lobbyist_139499,DANIEL JENSEN,lobbyist,Other / Multi-sector
lobbyist_140774,CHRISTOPHER LYDON,lobbyist,Other / Multi-sector
lobbyist_141393,JELANI MURRAIN,lobbyist,Technology & Telecom
lobbyist_147277,RICHARD WARD,lobbyist,Other / Multi-sector
lobbyist_150852,KATHERINE WOOD,lobbyist,Other / Multi-sector
lobbyist_22268,WILLIAM OWEN,lobbyist,Other / Multi-sector
lobbyist_64864,SUZANNE BENTZEL,lobbyist,Other / Multi-sector
lobbyist_65460,PETER HENRY,lobbyist,Other / Multi-sector
lobbyist_66600,LAUREN COWLES,lobbyist,Other / Multi-sector
lobbyist_67339,DONALD LARSON,lobbyist,Other / Multi-sector
lobbyist_67416,MARY GRACE SCHLEY,lobbyist,Other / Multi-sector
lobbyist_68372,DANIEL HARDER,lobbyist,Other / Multi-sector
lobbyist_69956,WILLIAM T. IRBY,lobbyist,Other / Multi-sector
lobbyist_70322,SAMANTHA CLARK,lobbyist,Other / Multi-sector
lobbyist_70369,MADISON STRADER,lobbyist,Other / Multi-sector
lobbyist_70597,LADAVIA DRANE,lobbyist,Other / Multi-sector
lobbyist_70945,CAMILLE COOPER,lobbyist,Other / Multi-sector
lobbyist_73276,BENJAMIN MASON,lobbyist,Other / Multi-sector
lobbyist_83909,NATHAN MORRIS,lobbyist,Other / Multi-sector
lobbyist_85533,TIMOTHY DELGIUDICE,lobbyist,Other / Multi-sector
lobbyist_98815,YUJIN LEE,lobbyist,Other / Multi-sector
lobbyist_100433,DUSTIN DAVIDSON,lobbyist,Other / Multi-sector
lobbyist_100915,ANDREA RICCIO,lobbyist,Other / Multi-sector
lobbyist_112885,JOHN NAPPI,lobbyist,Other / Multi-sector
lobbyist_137985,RONALD RICE,lobbyist,Other / Multi-sector
lobbyist_138151,GRANT BERKSHIRE,lobbyist,Other / Multi-sector
lobbyist_138404,MATTHEW SOWARDS,lobbyist,Other / Multi-sector
lobbyist_139303,ANNA JONES,lobbyist,Other / Multi-sector
lobbyist_139310,KATIE KENTFIELD HILL,lobbyist,Other / Multi-sector
lobbyist_141351,DAVID HONG,lobbyist,Other / Multi-sector
lobbyist_141391,ERIK PRINCE,lobbyist,Other / Multi-sector
lobbyist_143080,BRUCE HEINE,lobbyist,Other / Multi-sector
lobbyist_143891,LAUREN MCGRATH CONABOY,lobbyist,Other / Multi-sector
lobbyist_145929,ERIN WALDRON,lobbyist,Other / Multi-sector
lobbyist_145931,STEPHEN COFFEY,lobbyist,Other / Multi-sector
lobbyist_146746,KARA SHEEHAN,lobbyist,Other / Multi-sector
lobbyist_149059,CHRIS STEWART,lobbyist,Other / Multi-sector
lobbyist_150135,JOHN BARSA,lobbyist,Other / Multi-sector
lobbyist_150435,NINIO FETALVO,lobbyist,Other / Multi-sector
lobbyist_150558,CAITLIN KOVALKOSKI,lobbyist,Technology & Telecom
lobbyist_151903,HOLT EDWARDS,lobbyist,Other / Multi-sector
lobbyist_53398,SHEILA WALCOFF,lobbyist,Other / Multi-sector
lobbyist_55986,KAREN THURMAN,lobbyist,Other / Multi-sector
lobbyist_57555,SHANA CHRISTRUP,lobbyist,Other / Multi-sector
lobbyist_67257,BRIAN HEINDL,lobbyist,Other / Multi-sector
lobbyist_70332,LAURA SCHROEDER,lobbyist,Other / Multi-sector
lobbyist_70690,RACHAEL MARX,lobbyist,Other / Multi-sector
lobbyist_70841,CHANIN NUNTAVONG,lobbyist,Other / Multi-sector
lobbyist_71875,MAGGIE GAGE,lobbyist,Other / Multi-sector
lobbyist_71909,DAVID HANKE,lobbyist,Other / Multi-sector
lobbyist_72062,KRISTEN RAGER,lobbyist,Other / Multi-sector
lobbyist_73248,MORLEY GREENE,lobbyist,Other / Multi-sector
lobbyist_106078,RYAN EHLY,lobbyist,Other / Multi-sector
lobbyist_113234,AKSHAI DATTA,lobbyist,Technology & Telecom
lobbyist_138931,RYAN BOWLEY,lobbyist,Other / Multi-sector
lobbyist_139143,BRAD GREENBERG,lobbyist,Other / Multi-sector
lobbyist_139460,WILLIAM WEBER,lobbyist,Other / Multi-sector
lobbyist_139602,MINI TIMMARAJU,lobbyist,Other / Multi-sector
lobbyist_144247,ALEXANDRE FORD,lobbyist,Transportation & Auto
lobbyist_145060,ZACHARY SCHULZ,lobbyist,Other / Multi-sector
lobbyist_145084,MATTHEW KEENAN,lobbyist,Other / Multi-sector
lobbyist_145778,NEIL SIMON,lobbyist,Other / Multi-sector
lobbyist_146291,EVAN VIAU,lobbyist,Other / Multi-sector
lobbyist_151058,JACKSON HOUSE,lobbyist,Other / Multi-sector
lobbyist_151219,BLAKE THELANDER,lobbyist,Other / Multi-sector
lobbyist_151316,ALLEN WATSON,lobbyist,Other / Multi-sector
lobbyist_151499,MACKIE TATE TYGART,lobbyist,Other / Multi-sector
lobbyist_13226,MARJORIE PRICE,lobbyist,Other / Multi-sector
lobbyist_29313,J HOWLETT,lobbyist,Other / Multi-sector
lobbyist_50589,MICHAEL BEARD,lobbyist,Other / Multi-sector
lobbyist_58401,COREY WILLIAMS,lobbyist,Other / Multi-sector
lobbyist_60590,SARA STRUWE,lobbyist,Other / Multi-sector
lobbyist_64815,BRITTANY MEYER,lobbyist,Other / Multi-sector
lobbyist_66304,BEN PENDERGRASS,lobbyist,Other / Multi-sector
lobbyist_67400,CHARLES BRERETON,lobbyist,Other / Multi-sector
lobbyist_68038,MICHAEL MARSH,lobbyist,Other / Multi-sector
lobbyist_70457,JOHN BEZDEK,lobbyist,Other / Multi-sector
lobbyist_71601,CHRISTOPHER GARCIA,lobbyist,Other / Multi-sector
lobbyist_71839,ADAM FROMM,lobbyist,Other / Multi-sector
lobbyist_72841,THOMAS SHEEHY,lobbyist,Other / Multi-sector
lobbyist_98733,WENDY KIRCHOFF,lobbyist,Other / Multi-sector
lobbyist_115362,NICHOLAS FLOCKEN,lobbyist,Other / Multi-sector
lobbyist_121710,ALEXANDER ROOT,lobbyist,Other / Multi-sector
lobbyist_122436,DANIEL SAKURA,lobbyist,Other / Multi-sector
lobbyist_138487,PATRICK DONOVAN,lobbyist,Other / Multi-sector
lobbyist_139435,ELLICIA SANCHEZ,lobbyist,Other / Multi-sector
lobbyist_139700,SCOTT WILSON,lobbyist,Other / Multi-sector
lobbyist_140538,CHELSEA ARNONE,lobbyist,Other / Multi-sector
lobbyist_140597,MICHAEL DOWNING,lobbyist,Other / Multi-sector
lobbyist_140782,DUSTIN VAUGHAN,lobbyist,Other / Multi-sector
lobbyist_140867,DONALD WALLER,lobbyist,Other / Multi-sector
lobbyist_143999,SCOTT HOMMEL,lobbyist,Other / Multi-sector
lobbyist_147210,REBECCA HEILIG LIRA,lobbyist,Other / Multi-sector
lobbyist_147723,JENNIFER NEUSCHELER,lobbyist,Other / Multi-sector
lobbyist_147943,ADAM PUGH,lobbyist,Other / Multi-sector
lobbyist_149172,PRESCOTT MARTIN,lobbyist,Other / Multi-sector
lobbyist_150421,CRAIG CARBONE,lobbyist,Energy & Environment
lobbyist_42799,NILS JOHNSON,lobbyist,Other / Multi-sector
lobbyist_59405,PUNEET VERMA,lobbyist,Other / Multi-sector
lobbyist_59661,MICHAEL CORREIA,lobbyist,Other / Multi-sector
lobbyist_62519,JACQUELINE QUINONES,lobbyist,Other / Multi-sector
lobbyist_65046,BETH LUDWIG,lobbyist,Other / Multi-sector
lobbyist_67266,GREGORY DAHLBERG,lobbyist,Other / Multi-sector
lobbyist_68460,NATHANIEL NORRIS,lobbyist,Other / Multi-sector
lobbyist_69738,GARRETT BESS,lobbyist,Other / Multi-sector
lobbyist_72044,CICELY SIMPSON,lobbyist,Other / Multi-sector
lobbyist_101019,JACLYN JESTER,lobbyist,Other / Multi-sector
lobbyist_102108,FAITH CRISTOL,lobbyist,Technology & Telecom
lobbyist_105641,MIRANDA STRONG,lobbyist,Other / Multi-sector
lobbyist_106114,ERIC FELDMAN,lobbyist,Other / Multi-sector
lobbyist_113186,CHARLES BOLDEN,lobbyist,Other / Multi-sector
lobbyist_113723,SHANNON WU,lobbyist,Other / Multi-sector
lobbyist_114126,NICHOLAS XENAKIS,lobbyist,Other / Multi-sector
lobbyist_114481,JENNIFER TYLER,lobbyist,Other / Multi-sector
lobbyist_138979,MICHAEL BLOOMQUIST,lobbyist,Other / Multi-sector
lobbyist_139417,KARA ADAME,lobbyist,Other / Multi-sector
lobbyist_140185,MEGHAN PEARCE,lobbyist,Other / Multi-sector
lobbyist_140234,ANDREW VOGT,lobbyist,Other / Multi-sector
lobbyist_141320,MAGGIE WOODIN,lobbyist,Other / Multi-sector
lobbyist_141639,JESSICA MOORE,lobbyist,Other / Multi-sector
lobbyist_141759,CISSY JACKSON,lobbyist,Other / Multi-sector
lobbyist_142494,KRISTINA KO,lobbyist,Other / Multi-sector
lobbyist_147067,CATHERINE FUCHS,lobbyist,Other / Multi-sector
lobbyist_151407,PATRICK FLOOD,lobbyist,Other / Multi-sector
lobbyist_42531,MARGARET GARRETT,lobbyist,Other / Multi-sector
lobbyist_55440,MICHELE WYMER,lobbyist,Other / Multi-sector
lobbyist_59013,LAWRENCE NAVIN,lobbyist,Other / Multi-sector
lobbyist_67334,JOCELYN ZIEMIAN,lobbyist,Other / Multi-sector
lobbyist_68173,DANIELLE BURR,lobbyist,Other / Multi-sector
lobbyist_68969,MARK AITKEN,lobbyist,Technology & Telecom
lobbyist_69439,COURTNEY HOUSTON-CARTER,lobbyist,Other / Multi-sector
lobbyist_69575,ALLEN JAMERSON,lobbyist,Other / Multi-sector
lobbyist_70328,KEVIN KLEIN,lobbyist,Other / Multi-sector
lobbyist_72512,STEPHEN CLAEYS,lobbyist,Other / Multi-sector
lobbyist_73963,STEFANIE DEARIE,lobbyist,Other / Multi-sector
lobbyist_79175,JOSH JORGENSEN,lobbyist,Other / Multi-sector
lobbyist_79394,ANNE ESPOSITO,lobbyist,Other / Multi-sector
lobbyist_79820,KATIE MADDOCKS,lobbyist,Other / Multi-sector
lobbyist_89314,THOMAS BOWMAN,lobbyist,Other / Multi-sector
lobbyist_92102,REBEKAH ARMSTRONG,lobbyist,Other / Multi-sector
lobbyist_92757,JENNIFER CAREY,lobbyist,Other / Multi-sector
lobbyist_96988,PAUL GAGE,lobbyist,Other / Multi-sector
lobbyist_98414,KEVIN KANE,lobbyist,Other / Multi-sector
lobbyist_102616,ALLISON REILLY,lobbyist,Other / Multi-sector
lobbyist_106502,LEM SMITH,lobbyist,Other / Multi-sector
lobbyist_107194,BRIAN SIMON,lobbyist,Other / Multi-sector
lobbyist_107363,JAMES O'NEILL,lobbyist,Other / Multi-sector
lobbyist_108477,SKYLAR SOWDER,lobbyist,Other / Multi-sector
lobbyist_138026,MARK GALLAGHER,lobbyist,Other / Multi-sector
lobbyist_139066,SARAH MINEIRO,lobbyist,Other / Multi-sector
lobbyist_139072,TERENCE MCCULLEY,lobbyist,Other / Multi-sector
lobbyist_139361,PEGGY RAMIN,lobbyist,Other / Multi-sector
lobbyist_139398,ALEXANDRA TRAN,lobbyist,Other / Multi-sector
lobbyist_140344,CORY BULLOCK,lobbyist,Other / Multi-sector
lobbyist_140652,KATHERINA DIMENSTEIN,lobbyist,Other / Multi-sector
lobbyist_141223,ANDREW OKUYIGA,lobbyist,Other / Multi-sector
lobbyist_143729,WILLIAM DUHNKE,lobbyist,Other / Multi-sector
lobbyist_144960,KIMBERLY LOVE,lobbyist,Other / Multi-sector
lobbyist_145936,JAMIYL PETERS,lobbyist,Other / Multi-sector
lobbyist_146059,JOHN NORTHINGTON,lobbyist,Other / Multi-sector
lobbyist_146290,ALYSON SINCAVAGE,lobbyist,Other / Multi-sector
lobbyist_146972,ADRIELLE CHURCHILL WIESE,lobbyist,Other / Multi-sector
lobbyist_147155,ALEXANDRA KING,lobbyist,Other / Multi-sector
lobbyist_149372,ALEXANDRA FOLEY,lobbyist,Other / Multi-sector
lobbyist_150663,JUAN BUHIGAS PALINKASEV,lobbyist,Energy & Environment
lobbyist_151063,DAVID HEITLINGER,lobbyist,Other / Multi-sector
lobbyist_4416,LAURA LINDERMAN BARKER,lobbyist,Other / Multi-sector
lobbyist_57029,RYAN ROBICHAUX,lobbyist,Other / Multi-sector
lobbyist_65063,MICHAEL STALEY,lobbyist,Other / Multi-sector
lobbyist_66071,DALE NELLOR,lobbyist,Other / Multi-sector
lobbyist_67508,MATT BECKWITH,lobbyist,Other / Multi-sector
lobbyist_67608,PETER KLENSCH,lobbyist,Other / Multi-sector
lobbyist_69774,CATHERINE ROBINSON,lobbyist,Other / Multi-sector
lobbyist_70189,ALISON ESQUEA,lobbyist,Other / Multi-sector
lobbyist_70777,CATHERINE MEIER,lobbyist,Other / Multi-sector
lobbyist_71417,ALEXANDER HUTKIN,lobbyist,Other / Multi-sector
lobbyist_72227,STEVE GONZALEZ,lobbyist,Other / Multi-sector
lobbyist_72550,ERIN NEILL,lobbyist,Other / Multi-sector
lobbyist_72618,ROBERT MINEHART,lobbyist,Other / Multi-sector
lobbyist_72790,ARNAB DATTA,lobbyist,Other / Multi-sector
lobbyist_74191,JOHN TANNER,lobbyist,Other / Multi-sector
lobbyist_93387,LARRY PUCCIO,lobbyist,Other / Multi-sector
lobbyist_107189,ANGEL MOORE,lobbyist,Other / Multi-sector
lobbyist_138081,HEBA ABDELAAL,lobbyist,Other / Multi-sector
lobbyist_139185,JORDAN BONFITTO,lobbyist,Other / Multi-sector
lobbyist_139333,MICHAEL O'REILLY,lobbyist,Other / Multi-sector
lobbyist_139631,ANDRES BASCUMBE,lobbyist,Other / Multi-sector
lobbyist_139712,AMY MURPHY,lobbyist,Other / Multi-sector
lobbyist_145330,NICHOLAS STEWART,lobbyist,Other / Multi-sector
lobbyist_147417,JENNESS SIMLER,lobbyist,Other / Multi-sector
lobbyist_149054,PETER LEWIS,lobbyist,Other / Multi-sector
lobbyist_149207,THOMAS WOTKA,lobbyist,Other / Multi-sector
lobbyist_150662,AUSTIN GAGE,lobbyist,Other / Multi-sector
lobbyist_2567,ED REDFERN,lobbyist,Other / Multi-sector
lobbyist_55721,MICHAEL TELSON,lobbyist,Other / Multi-sector
lobbyist_56351,DENISE EDWARDS,lobbyist,Other / Multi-sector
lobbyist_62273,KEITH NELSON,lobbyist,Other / Multi-sector
lobbyist_62627,KATHERINE ANDERSON,lobbyist,Other / Multi-sector
lobbyist_64796,SARAH ABERNATHY,lobbyist,Other / Multi-sector
lobbyist_66833,CYNTHIA BENS,lobbyist,Other / Multi-sector
lobbyist_67118,JENNIFER PODKUL,lobbyist,Other / Multi-sector
lobbyist_67120,CORY SHINDEL,lobbyist,Other / Multi-sector
lobbyist_67263,PHILIP KLEIN,lobbyist,Other / Multi-sector
lobbyist_69750,ALICIA HENNIE,lobbyist,Other / Multi-sector
lobbyist_70840,JUAN RANGEL,lobbyist,Other / Multi-sector
lobbyist_70994,JERRY WHITE,lobbyist,Other / Multi-sector
lobbyist_71425,CHRISTINE CASTILLO,lobbyist,Other / Multi-sector
lobbyist_72508,GWEN FLEMING,lobbyist,Other / Multi-sector
lobbyist_72634,ANGELA ARBOLEDA,lobbyist,Other / Multi-sector
lobbyist_72891,ERIN MCCONNELL,lobbyist,Other / Multi-sector
lobbyist_73293,WAYNE KING,lobbyist,Other / Multi-sector
lobbyist_86517,MEGHAN MCNAMARA,lobbyist,Other / Multi-sector
lobbyist_92487,KATHRYN VERONA,lobbyist,Other / Multi-sector
lobbyist_99232,WILL YEPEZ,lobbyist,Other / Multi-sector
lobbyist_120628,JASON KLEINMAN,lobbyist,Other / Multi-sector
lobbyist_121775,PETE GIAMBASTIANI,lobbyist,Other / Multi-sector
lobbyist_123757,PETER LEPSCH,lobbyist,Other / Multi-sector
lobbyist_137891,DAVID GRIMALDI,lobbyist,Other / Multi-sector
lobbyist_141448,GREGORY WILCOXEN,lobbyist,Other / Multi-sector
lobbyist_142564,BETSY FLORES,lobbyist,Other / Multi-sector
lobbyist_144071,JEANNETTE WINDON,lobbyist,Other / Multi-sector
lobbyist_144599,KARIN JACOBY,lobbyist,Other / Multi-sector
lobbyist_145631,RAUL ALVILLAR,lobbyist,Other / Multi-sector
lobbyist_145870,RICHARD VAN BUREN,lobbyist,Other / Multi-sector
lobbyist_146566,MARGARET MANNION,lobbyist,Other / Multi-sector
lobbyist_146963,ZACHARY SPENCER,lobbyist,Other / Multi-sector
lobbyist_147533,LAURA KENT,lobbyist,Other / Multi-sector
lobbyist_149658,JACK SCHULER,lobbyist,Other / Multi-sector
lobbyist_150689,JARED KARBOWSKY,lobbyist,Other / Multi-sector
lobbyist_150909,LINDSEY SEIDMAN,lobbyist,Other / Multi-sector
lobbyist_414,RAYMOND NATTER,lobbyist,Other / Multi-sector
lobbyist_10468,ALFONSE D'AMATO,lobbyist,Other / Multi-sector
lobbyist_15445,SCOTT MCCANDLESS,lobbyist,Other / Multi-sector
lobbyist_44346,JOHN TRUMBORE,lobbyist,Other / Multi-sector
lobbyist_49298,KIMBERLY GREEN,lobbyist,Other / Multi-sector
lobbyist_55161,JAMES GAUTHIER,lobbyist,Other / Multi-sector
lobbyist_56466,CAROLINE ELIASSEN,lobbyist,Other / Multi-sector
lobbyist_57142,THOMAS HEBERT,lobbyist,Other / Multi-sector
lobbyist_59869,SUNIL MANSUKHANI,lobbyist,Other / Multi-sector
lobbyist_67034,PORTIA REDDICK WHITE,lobbyist,Transportation & Auto
lobbyist_67302,PETER HERZOG,lobbyist,Other / Multi-sector
lobbyist_68148,ALLISON KENNEDY,lobbyist,Other / Multi-sector
lobbyist_68210,CRYSTAL MARTINEZ,lobbyist,Other / Multi-sector
lobbyist_69188,TOM MCDONALD,lobbyist,Other / Multi-sector
lobbyist_72344,ALEXIS AAFEDT,lobbyist,Other / Multi-sector
lobbyist_73221,ANDREW FISHER,lobbyist,Other / Multi-sector
lobbyist_80292,PRESTON RUTLEDGE,lobbyist,Other / Multi-sector
lobbyist_92663,GRANT GARDNER,lobbyist,Other / Multi-sector
lobbyist_99818,LEON BUCK,lobbyist,Other / Multi-sector
lobbyist_113050,ROBERT BISSEN,lobbyist,Other / Multi-sector
lobbyist_113733,MEGHAN STRINGER,lobbyist,Other / Multi-sector
lobbyist_137871,BRADLEY MANNION,lobbyist,Other / Multi-sector
lobbyist_138025,TOBY MCGRATH,lobbyist,Other / Multi-sector
lobbyist_138693,KEVIN WASHINGTON,lobbyist,Other / Multi-sector
lobbyist_139524,ERIK JOHNSON,lobbyist,Other / Multi-sector
lobbyist_139775,HILARY HALPERN,lobbyist,Other / Multi-sector
lobbyist_139854,JILIAN SOUZA,lobbyist,Other / Multi-sector
lobbyist_139867,MATT GRINNEY,lobbyist,Other / Multi-sector
lobbyist_140002,INDIA MCKINNEY,lobbyist,Other / Multi-sector
lobbyist_140745,CHARLYN STANBERRY,lobbyist,Other / Multi-sector
lobbyist_141471,JAYMI LIGHT,lobbyist,Other / Multi-sector
lobbyist_143291,ALISA CASAVANT,lobbyist,Other / Multi-sector
lobbyist_146060,ANDREA ZUNIGA,lobbyist,Other / Multi-sector
lobbyist_146962,SEAN FINNERTY,lobbyist,Other / Multi-sector
lobbyist_147622,CHRISTOPHER MILES,lobbyist,Other / Multi-sector
lobbyist_147641,KEITH STERN,lobbyist,Other / Multi-sector
lobbyist_148055,BRETT BAILEY,lobbyist,Technology & Telecom
lobbyist_148288,JESSICA STEFFENS,lobbyist,Other / Multi-sector
lobbyist_148857,MIMI BAIR,lobbyist,Technology & Telecom
lobbyist_149543,ALEJANDRO CISNEROS,lobbyist,Other / Multi-sector
lobbyist_22888,GEORGE HOCHBRUECKNER,lobbyist,Other / Multi-sector
lobbyist_29801,LINDSAY MCLAUGHLIN,lobbyist,Other / Multi-sector
lobbyist_43153,ABIGAIL BLUNT,lobbyist,Technology & Telecom
lobbyist_43188,ELISABETH ROSS,lobbyist,Other / Multi-sector
lobbyist_55368,KELLY REED,lobbyist,Other / Multi-sector
lobbyist_57769,RICHARD KAELIN,lobbyist,Other / Multi-sector
lobbyist_57779,RON PHILLIPS,lobbyist,Other / Multi-sector
lobbyist_58977,ALEXANDER SHIVELY,lobbyist,Other / Multi-sector
lobbyist_61690,STACIA STANEK,lobbyist,Other / Multi-sector
lobbyist_61778,DORA HUGHES,lobbyist,Other / Multi-sector
lobbyist_64797,JOHN NEWTON,lobbyist,Other / Multi-sector
lobbyist_65846,SARA SINGLETON,lobbyist,Other / Multi-sector
lobbyist_66360,LUCAS TOMANELLI,lobbyist,Other / Multi-sector
lobbyist_68023,TREVOR PEARSON,lobbyist,Other / Multi-sector
lobbyist_68268,MICHAEL DANIELS,lobbyist,Other / Multi-sector
lobbyist_69117,EMMETT O'KEEFE,lobbyist,Other / Multi-sector
lobbyist_69435,VIRGINIA ZIGRAS,lobbyist,Other / Multi-sector
lobbyist_69897,JOHN RAYBURN,lobbyist,Other / Multi-sector
lobbyist_70970,ADAM BRAND,lobbyist,Other / Multi-sector
lobbyist_71207,RYAN CANFIELD,lobbyist,Other / Multi-sector
lobbyist_72116,FRANK HOWELL,lobbyist,Other / Multi-sector
lobbyist_77473,ALEXANDER WHITTINGTON,lobbyist,Other / Multi-sector
lobbyist_78651,HEIDI ROSS,lobbyist,Other / Multi-sector
lobbyist_80321,ERIK RUST,lobbyist,Other / Multi-sector
lobbyist_93728,JORDAN COX,lobbyist,Other / Multi-sector
lobbyist_101987,ERIC MAUS,lobbyist,Other / Multi-sector
lobbyist_106094,RAPHAEL GOODSTEIN,lobbyist,Other / Multi-sector
lobbyist_106984,EMILY BUCKMAN,lobbyist,Other / Multi-sector
lobbyist_107866,MICHAEL SMAHA,lobbyist,Other / Multi-sector
lobbyist_108177,VALERIE JEWETT,lobbyist,Other / Multi-sector
lobbyist_116488,MELISSA NETRAM,lobbyist,Other / Multi-sector
lobbyist_121433,CAMILLE LEPIRE,lobbyist,Other / Multi-sector
lobbyist_140056,STEPHEN GALOWITZ,lobbyist,Other / Multi-sector
lobbyist_145507,BERNARD ROTHSCHILD,lobbyist,Other / Multi-sector
lobbyist_145962,COLIN WHITNEY,lobbyist,Other / Multi-sector
lobbyist_146184,CRAIG ROBERTS,lobbyist,Technology & Telecom
lobbyist_146724,ANDREW SEDDIGHI,lobbyist,Other / Multi-sector
lobbyist_147127,MICHAEL KOTSOVOS,lobbyist,Other / Multi-sector
lobbyist_148047,KIMBERLY SULLIVAN,lobbyist,Other / Multi-sector
lobbyist_149692,IHNA VARNER,lobbyist,Other / Multi-sector
lobbyist_52685,ROBERT BENNETT,lobbyist,Other / Multi-sector
lobbyist_68343,CHRISTOPHER ADAMO,lobbyist,Other / Multi-sector
lobbyist_69081,JASON ISAKOVIC,lobbyist,Other / Multi-sector
lobbyist_69443,MARK DIPLACIDO,lobbyist,Other / Multi-sector
lobbyist_69758,TODD ENNENGA,lobbyist,Other / Multi-sector
lobbyist_70258,NATHAN ROBINSON,lobbyist,Other / Multi-sector
lobbyist_70726,DANTE CUTRONA,lobbyist,Other / Multi-sector
lobbyist_80298,MARK DUNN,lobbyist,Other / Multi-sector
lobbyist_84394,ADAM HUFTALEN,lobbyist,Other / Multi-sector
lobbyist_109150,JASON KRATOVIL,lobbyist,Other / Multi-sector
lobbyist_112456,GERRY REGEP,lobbyist,Other / Multi-sector
lobbyist_115763,EOIN MCKENNA,lobbyist,Other / Multi-sector
lobbyist_120812,MARLISS MCMANUS,lobbyist,Other / Multi-sector
lobbyist_121844,CAROLINE HURLEY,lobbyist,Other / Multi-sector
lobbyist_133265,MELISSA BURNISON,lobbyist,Other / Multi-sector
lobbyist_139371,JOSEPH VAUGHAN,lobbyist,Other / Multi-sector
lobbyist_139489,BRAD BISHOP,lobbyist,Other / Multi-sector
lobbyist_139547,BRANTLEY SEIFERS,lobbyist,Other / Multi-sector
lobbyist_140419,CARLA HURT MINTZ,lobbyist,Other / Multi-sector
lobbyist_140672,DEBORAH KOOLBECK,lobbyist,Other / Multi-sector
lobbyist_141338,DARIN GURIES,lobbyist,Other / Multi-sector
lobbyist_145120,ANNA PRZEBINDA,lobbyist,Other / Multi-sector
lobbyist_146704,LILLIAN ADELSTEIN,lobbyist,Other / Multi-sector
lobbyist_148957,JORDAN BROSSI,lobbyist,Other / Multi-sector
lobbyist_4067,THOMAS GLASS,lobbyist,Other / Multi-sector
lobbyist_39694,GREGORY DOLAN,lobbyist,Other / Multi-sector
lobbyist_41357,DAVID ISRAELITE,lobbyist,Other / Multi-sector
lobbyist_48265,LINDA DASCHLE,lobbyist,Other / Multi-sector
lobbyist_49587,CHRISTOPHER KOPPEN,lobbyist,Other / Multi-sector
lobbyist_52518,ROBERT FREEMAN,lobbyist,Other / Multi-sector
lobbyist_53432,HAROON KHAN,lobbyist,Other / Multi-sector
lobbyist_55882,COURTNEY YOHE SAVAGE,lobbyist,Other / Multi-sector
lobbyist_60824,PAUL DELANEY,lobbyist,Other / Multi-sector
lobbyist_64139,TIM BISHOP,lobbyist,Other / Multi-sector
lobbyist_67239,SHANE GOETTLE,lobbyist,Other / Multi-sector
lobbyist_67927,JULIA PEEBLES,lobbyist,Other / Multi-sector
lobbyist_70807,EARL SCOTT FLOOD,lobbyist,Other / Multi-sector
lobbyist_87686,CLAIRE RICHER,lobbyist,Technology & Telecom
lobbyist_91957,JENNIFER BARBLAN,lobbyist,Other / Multi-sector
lobbyist_101055,JAYSON SCHIMMENTI,lobbyist,Other / Multi-sector
lobbyist_106068,EVA HAMPL,lobbyist,Other / Multi-sector
lobbyist_119541,COURTNEY BRIGGS,lobbyist,Other / Multi-sector
lobbyist_121156,JOSEPH PETRZELKA,lobbyist,Other / Multi-sector
lobbyist_137028,KAITLIN D'AMATO,lobbyist,Technology & Telecom
lobbyist_137932,STEPHANIE SALVADOR,lobbyist,Other / Multi-sector
lobbyist_139575,DAVID CARLUCCI,lobbyist,Other / Multi-sector
lobbyist_139830,BRAD WILSON,lobbyist,Other / Multi-sector
lobbyist_140083,ERIC HANNIS,lobbyist,Other / Multi-sector
lobbyist_140329,JOBY YOUNG,lobbyist,Other / Multi-sector
lobbyist_140543,ROBERT EMMETT,lobbyist,Other / Multi-sector
lobbyist_140719,CHELSEA AQUINO-FENSTERMAKER,lobbyist,Other / Multi-sector
lobbyist_141370,VICTOR SARMIENTO,lobbyist,Other / Multi-sector
lobbyist_143715,MACKENSIE BURT,lobbyist,Other / Multi-sector
lobbyist_145207,KATE DOMANSKI,lobbyist,Other / Multi-sector
lobbyist_145372,KAREN CONWELL SMITH,lobbyist,Other / Multi-sector
lobbyist_146242,DANE BAHNSEN,lobbyist,Other / Multi-sector
lobbyist_147808,AMANDA SCHAUMBURG,lobbyist,Other / Multi-sector
lobbyist_149015,KEVIN HOLLINGER,lobbyist,Other / Multi-sector
lobbyist_149141,DOUGLAS JORDAN,lobbyist,Other / Multi-sector
lobbyist_150500,MOLLY FROMM,lobbyist,Other / Multi-sector
lobbyist_49340,JAMES PERICOLA,lobbyist,Other / Multi-sector
lobbyist_54812,TOMMIE CARDIN,lobbyist,Other / Multi-sector
lobbyist_59339,LAURA PICKARD,lobbyist,Other / Multi-sector
lobbyist_60537,SEAN KING,lobbyist,Other / Multi-sector
lobbyist_62576,JEFFREY MERRIFIELD,lobbyist,Other / Multi-sector
lobbyist_64198,JOHN SHADEGG,lobbyist,Other / Multi-sector
lobbyist_65080,DAVID EATON,lobbyist,Other / Multi-sector
lobbyist_66040,SARAH BROWN,lobbyist,Other / Multi-sector
lobbyist_69948,KAITLYN BOECKER,lobbyist,Technology & Telecom
lobbyist_70793,JEFFREY DRESSLER,lobbyist,Other / Multi-sector
lobbyist_71120,JONATHON LEHMAN,lobbyist,Other / Multi-sector
lobbyist_71490,KARA TOWNSEND,lobbyist,Other / Multi-sector
lobbyist_71726,ALEX NOFFSINGER,lobbyist,Other / Multi-sector
lobbyist_72626,ERIN ENNIS,lobbyist,Other / Multi-sector
lobbyist_72890,KODIAK HILL-DAVIS,lobbyist,Other / Multi-sector
lobbyist_73108,WILLIAM DEVINE,lobbyist,Other / Multi-sector
lobbyist_83911,JAMES LOCKE,lobbyist,Other / Multi-sector
lobbyist_93712,GRANT COUCH,lobbyist,Other / Multi-sector
lobbyist_100039,JOO-JIN ONG,lobbyist,Other / Multi-sector
lobbyist_102368,MYKEL WEDIG BICKHAM,lobbyist,Other / Multi-sector
lobbyist_108232,ROBERT CLARK,lobbyist,Other / Multi-sector
lobbyist_112583,JOURDAN LEWIS,lobbyist,Other / Multi-sector
lobbyist_114770,CHRISTOPHER HUDGINS,lobbyist,Other / Multi-sector
lobbyist_137951,NORBERTO SALINAS,lobbyist,Other / Multi-sector
lobbyist_138344,MICHAEL COPHER,lobbyist,Other / Multi-sector
lobbyist_139062,EDWARD MURRAY,lobbyist,Other / Multi-sector
lobbyist_139805,JENNIFER MAGGIORE,lobbyist,Other / Multi-sector
lobbyist_139911,JESSICA LENARD,lobbyist,Other / Multi-sector
lobbyist_140294,JAMES CONWAY,lobbyist,Other / Multi-sector
lobbyist_140907,ALLISON CRITTENDEN,lobbyist,Other / Multi-sector
lobbyist_141203,RACHEL BISSEX,lobbyist,Other / Multi-sector
lobbyist_145174,ANNA WALDMAN,lobbyist,Other / Multi-sector
lobbyist_146245,TAYLOR GARCIA,lobbyist,Other / Multi-sector
lobbyist_146517,WILLIAM SHERMAN,lobbyist,Other / Multi-sector
lobbyist_148828,MEGHAN SCHMIDTLEIN,lobbyist,Other / Multi-sector
lobbyist_148961,JOHN RUPPERT,lobbyist,Other / Multi-sector
lobbyist_150082,DEAN THOMAS,lobbyist,Other / Multi-sector
lobbyist_150469,WILLIAM SITTON,lobbyist,Other / Multi-sector
lobbyist_150563,MICHAEL SNIDER,lobbyist,Other / Multi-sector
lobbyist_14199,DAVID KARNES,lobbyist,Other / Multi-sector
lobbyist_24477,ROBERT SANER,lobbyist,Other / Multi-sector
lobbyist_32379,DAVID MANNS,lobbyist,Other / Multi-sector
lobbyist_33665,MICHAEL LEVY,lobbyist,Other / Multi-sector
lobbyist_54675,REBECCA MOND,lobbyist,Other / Multi-sector
lobbyist_56074,JOSEPH COHN,lobbyist,Other / Multi-sector
lobbyist_58471,CARON WHITAKER,lobbyist,Other / Multi-sector
lobbyist_59286,RYAN QUINN,lobbyist,Other / Multi-sector
lobbyist_65333,MILES BAKER,lobbyist,Other / Multi-sector
lobbyist_66513,NICHOLAS BEEK,lobbyist,Other / Multi-sector
lobbyist_71580,VICKI CHRISTOPHERSEN,lobbyist,Other / Multi-sector
lobbyist_72937,RICHARD TESORIERO,lobbyist,Other / Multi-sector
lobbyist_74387,AMI SANCHEZ,lobbyist,Other / Multi-sector
lobbyist_80278,CARYN SCHENEWERK,lobbyist,Other / Multi-sector
lobbyist_99039,JACK FRYE,lobbyist,Other / Multi-sector
lobbyist_106750,SEAN PUGH,lobbyist,Other / Multi-sector
lobbyist_138188,SHANNON HINES,lobbyist,Other / Multi-sector
lobbyist_138505,SPENCER TALLEY,lobbyist,Other / Multi-sector
lobbyist_138742,SALLY SULLIVAN,lobbyist,Other / Multi-sector
lobbyist_139390,LAUREN COHEN,lobbyist,Other / Multi-sector
lobbyist_140697,BRYDON ROSS,lobbyist,Other / Multi-sector
lobbyist_141167,JASMINE THEOBAL,lobbyist,Other / Multi-sector
lobbyist_142614,JAN BRUNNER,lobbyist,Other / Multi-sector
lobbyist_143057,LAYLA OGHABIAN,lobbyist,Other / Multi-sector
lobbyist_145385,CONNOR VARGO,lobbyist,Other / Multi-sector
lobbyist_145639,JOHN NOONAN,lobbyist,Other / Multi-sector
lobbyist_146508,CASEY FITZPATRICK,lobbyist,Other / Multi-sector
lobbyist_148463,TYLER GRASSMEYER,lobbyist,Other / Multi-sector
lobbyist_148875,JASON THIELMAN,lobbyist,Other / Multi-sector
lobbyist_149409,TRAVIS MARTINEZ,lobbyist,Other / Multi-sector
lobbyist_149907,REUBEN SHORTNACY,lobbyist,Other / Multi-sector
lobbyist_150240,MATTHEW HAYDEN,lobbyist,Other / Multi-sector
lobbyist_150712,ANDREW DONNELLY,lobbyist,Other / Multi-sector
lobbyist_5935,SHAWN GALLAGHER,lobbyist,Other / Multi-sector
lobbyist_21993,BOBBY SILVERSTEIN,lobbyist,Other / Multi-sector
lobbyist_50755,MICHAEL KANS,lobbyist,Other / Multi-sector
lobbyist_54875,BRANDON GRYDE,lobbyist,Other / Multi-sector
lobbyist_55611,RACHEL MEYER,lobbyist,Other / Multi-sector
lobbyist_62424,MATT MANDEL,lobbyist,Other / Multi-sector
lobbyist_64423,BRIAN DEMPSEY,lobbyist,Other / Multi-sector
lobbyist_66432,RENEE JONES,lobbyist,Other / Multi-sector
lobbyist_67504,JASON LEMIEUX,lobbyist,Other / Multi-sector
lobbyist_68554,ANDREW THARP,lobbyist,Other / Multi-sector
lobbyist_68765,JESSICA ZIELKE,lobbyist,Other / Multi-sector
lobbyist_69243,MAUREEN ONEILL,lobbyist,Other / Multi-sector
lobbyist_69448,TIFFANY HAAS,lobbyist,Other / Multi-sector
lobbyist_69834,JEE LEE,lobbyist,Other / Multi-sector
lobbyist_69946,LISA ELLMAN,lobbyist,Other / Multi-sector
lobbyist_70012,CAITLIN BERNI,lobbyist,Technology & Telecom
lobbyist_70717,CELESTE DRAKE,lobbyist,Other / Multi-sector
lobbyist_71047,GUNEEV SHARMA,lobbyist,Other / Multi-sector
lobbyist_71155,CHARLES DENT,lobbyist,Other / Multi-sector
lobbyist_71584,MARK DANN,lobbyist,Other / Multi-sector
lobbyist_71870,MARCUS JADOTTE,lobbyist,Other / Multi-sector
lobbyist_72133,THOMAS GREEN,lobbyist,Other / Multi-sector
lobbyist_72180,MARK HOPSON,lobbyist,Other / Multi-sector
lobbyist_73513,JASON MILLER,lobbyist,Other / Multi-sector
lobbyist_79887,NEIL BJORKMAN,lobbyist,Other / Multi-sector
lobbyist_90141,GRACE KOH,lobbyist,Other / Multi-sector
lobbyist_120822,VERONICA JACKSON,lobbyist,Other / Multi-sector
lobbyist_121910,MARY CRONIN,lobbyist,Other / Multi-sector
lobbyist_135432,ANDREW EARL,lobbyist,Other / Multi-sector
lobbyist_138640,ERIC MAY,lobbyist,Other / Multi-sector
lobbyist_139047,ZACHARY JONAS,lobbyist,Other / Multi-sector
lobbyist_140663,NATALIE MCGARRY,lobbyist,Other / Multi-sector
lobbyist_140664,DANIELLE BARRETT,lobbyist,Other / Multi-sector
lobbyist_141415,JANELLE RELFE,lobbyist,Other / Multi-sector
lobbyist_142590,DANIEL SMITH,lobbyist,Other / Multi-sector
lobbyist_143032,SUSANNA HASTINGS,lobbyist,Other / Multi-sector
lobbyist_143912,SIMON COON,lobbyist,Other / Multi-sector
lobbyist_146326,KATHERINE BYERS,lobbyist,Other / Multi-sector
lobbyist_147696,KRISTOPHER BREAUX,lobbyist,Other / Multi-sector
lobbyist_148485,MARK CLACK,lobbyist,Other / Multi-sector
lobbyist_148529,JACK FINNEGAN,lobbyist,Other / Multi-sector
lobbyist_149306,NICHOLAS NASTASI,lobbyist,Other / Multi-sector
lobbyist_7887,PATRICK MALONE,lobbyist,Other / Multi-sector
lobbyist_43031,LEVON BOYAGIAN,lobbyist,Other / Multi-sector
lobbyist_53810,RYAN CARROLL,lobbyist,Other / Multi-sector
lobbyist_56858,FREDERICK GESSNER,lobbyist,Other / Multi-sector
lobbyist_60924,ZACHARY CLARK,lobbyist,Other / Multi-sector
lobbyist_64906,TODD SMITH,lobbyist,Other / Multi-sector
lobbyist_66872,JACK QUINN,lobbyist,Other / Multi-sector
lobbyist_67612,ALLEN JOHNSON,lobbyist,Other / Multi-sector
lobbyist_69196,TRALONNE SHORTER,lobbyist,Other / Multi-sector
lobbyist_69453,KEVIN FROMER,lobbyist,Other / Multi-sector
