entity_id,name,x,y,coordinate_source,quality_flags
firm_7257,"BROWNSTEIN HYATT FARBER SCHRECK, LLP",0.0309,-0.0208,umap,
firm_682,AKIN GUMP STRAUSS HAUER & FELD,0.0497,-0.0414,umap,
firm_5357,BGR GOVERNMENT AFFAIRS,0.0675,-0.1002,umap,
firm_75557,"CORNERSTONE GOVERNMENT AFFAIRS, INC.",0.0176,-0.0868,umap,
firm_18466,HOLLAND & KNIGHT LLP,0.0475,-0.0746,umap,
firm_314237,INVARIANT LLC,0.0417,-0.0241,umap,
firm_401104288,BALLARD PARTNERS,0.043,-0.0389,umap,
firm_313715,CAPITOL COUNSEL LLC,0.0654,-0.1053,umap,
firm_30906,SQUIRE PATTON BOGGS,0.059,-0.049,umap,
firm_284950,"MEHLMAN CONSULTING, INC.",0.0708,-0.0903,umap,
firm_400976792,FORBES-TATE,0.0546,-0.0699,umap,
firm_400534596,THORN RUN PARTNERS,0.0498,-0.0901,umap,
firm_8453,"CASSIDY & ASSOCIATES, INC.",0.0636,-0.052,umap,
firm_20744,TIBER CREEK GROUP,0.07,-0.1048,umap,
firm_400531586,"CROSSROADS STRATEGIES, LLC",0.0417,-0.0422,umap,
firm_32098,"K&L GATES, LLP",0.0498,-0.0291,umap,
firm_401108853,LOC COMMUNITY ASSOCIATION,-0.0875,-0.0648,umap,
firm_39837,VAN SCOYOC ASSOCIATES,0.0201,-0.1007,umap,
firm_313271,"AVOQ, LLC",0.0458,-0.0518,umap,
firm_1171,"ALPINE GROUP PARTNERS, LLC.",0.0735,-0.0372,umap,
firm_401104313,"MILLER STRATEGIES, LLC",0.0576,-0.0273,umap,
firm_41454,"WILLIAMS AND JENSEN, PLLC",0.055,-0.0616,umap,
firm_304736,"TARPLIN, DOWNS & YOUNG, LLC",0.0409,-0.1753,umap,
firm_65976,"CAPITOL TAX PARTNERS, LLP",-0.0006,0.0062,umap,
firm_11195,COVINGTON & BURLING LLP,0.0696,-0.0766,umap,
firm_400774330,S-3 GROUP,0.0417,-0.0534,umap,
firm_401103500,FIERCE GOVERNMENT RELATIONS,0.061,-0.0107,umap,
firm_48827,OGR,0.0362,0.0058,umap,
firm_401103523,"HARBINGER STRATEGIES, LLC",-0.0146,0.0095,umap,
firm_308775,MONUMENT ADVOCACY,0.0385,-0.0286,umap,
firm_2057,ACG ADVOCACY,0.0333,-0.0545,umap,
firm_70175,"MERCURY PUBLIC AFFAIRS, LLC",0.047,-0.0135,umap,
firm_18422,HOGAN LOVELLS US LLP,0.0516,-0.0142,umap,
firm_60550,STRATEGIC MARKETING INNOVATIONS,-0.0617,-0.1174,umap,
firm_39941,VENABLE LLP,0.0241,-0.0265,umap,
firm_76855,DLA PIPER LLP (US),0.0075,-0.078,umap,
firm_296271,"MINDSET ADVOCACY, LLC",-0.0198,0.0203,umap,
firm_4301,ARNOLD & PORTER KAYE SCHOLER LLP,0.0514,-0.0765,umap,
firm_1182,ALSTON & BIRD LLP,0.0781,-0.1826,umap,
firm_6837,BRACEWELL LLP,0.1164,0.0197,umap,
firm_86196,FGS GLOBAL (US) LLC (FKA FGH HOLDINGS LLC),0.0656,-0.0024,umap,
firm_65191,VENN STRATEGIES,0.0716,-0.1168,umap,
firm_320918,"KOUNTOUPES DENHAM CARR & REID, LLC",0.0659,-0.0861,umap,
firm_76992,"CGCN GROUP, LLC",0.0504,0.0084,umap,
firm_12675,THE DUBERSTEIN GROUP INC.,0.0493,-0.0433,umap,
firm_36710,STEPTOE LLP,0.031,-0.0155,umap,
firm_401103321,TODD STRATEGY GROUP,0.0641,-0.1939,umap,
firm_401103475,"VENTURE GOVERNMENT STRATEGIES, LLC (FKA HOBART HALLAWAY & QUAYLE VENTURES, LLC)",0.0177,-0.0559,umap,
firm_293335,"THE NICKLES GROUP, LLC",0.0655,-0.1231,umap,
firm_313511,J.A. GREEN AND COMPANY,-0.0839,-0.1311,umap,
firm_401104734,THE VOGEL GROUP,0.0317,-0.0226,umap,
firm_22688,"THE RUSSELL GROUP, INC.",0.3013,0.0006,umap,
firm_5153,BAKER DONELSON BEARMAN CALDWELL & BERKOWITZ,0.0029,-0.103,umap,
firm_16896,"GREENBERG TRAURIG, LLP",0.0396,-0.038,umap,
firm_307730,"POLARIS GOVERNMENT RELATIONS, LLC",0.0048,0.0013,umap,
firm_400532589,PRIME POLICY GROUP,0.0709,-0.0555,umap,
firm_84775,RICH FEUER ANDERSON,-0.0552,0.0583,umap,
firm_14451,THE FERGUSON GROUP,0.2578,0.0535,umap,
firm_22781,"LEWIS-BURKE ASSOCIATES, LLC",-0.0064,-0.1225,umap,
firm_72111,AVENUE SOLUTIONS,0.0753,-0.2052,umap,
firm_401103938,FARRAGUT PARTNERS LLP,0.084,-0.1457,umap,
firm_400459252,COZEN O'CONNOR PUBLIC STRATEGIES,0.0709,-0.115,umap,
firm_401103834,"THEGROUP DC, LLC",0.0187,-0.0148,umap,
firm_36105,DENTONS US LLP,0.0639,-0.0633,umap,
firm_400918672,PENN AVENUE PARTNERS,0.05,-0.0608,umap,
firm_72053,CAPITOL HILL CONSULTING GROUP,0.0564,-0.1441,umap,
firm_400762305,"ROBERTI GLOBAL (F/K/A ROBERTI WHITE, LLC)",0.0623,-0.0091,umap,
firm_57475,ERNST & YOUNG LLP (WASHINGTON COUNCIL ERNST & YOUNG),0.0156,0.0015,umap,
firm_400886595,THE ROOSEVELT GROUP,-0.0878,-0.1337,umap,
firm_76833,"NVG, LLC",0.0548,-0.1462,umap,
firm_294930,THE WASHINGTON TAX & PUBLIC POLICY GROUP,0.0068,0.0011,umap,
firm_21632,KING & SPALDING LLP,0.0802,-0.1794,umap,
firm_401103565,MICHAEL BEST STRATEGIES LLC,0.0549,-0.0322,umap,
firm_85071,"NAVIGATORS GLOBAL LLC (FORMERLY DC NAVIGATORS, LLC)",0.0268,-0.0148,umap,
firm_401104718,HB STRATEGIES,0.0956,-0.0508,umap,
firm_10800,"INNOVATIVE FEDERAL STRATEGIES, LLC",-0.0423,-0.0983,umap,
firm_40013096,"FRANKLIN SQUARE GROUP, LLC",0.03,0.0537,umap,
firm_401105417,"ELEVATE GOVERNMENT AFFAIRS, LLC",0.1016,-0.0286,umap,
firm_24486,MCGUIREWOODS CONSULTING (A SUBSIDIARY OF MCGUIREWOODS LLP),0.0469,-0.0429,umap,
firm_305054,"PORTERFIELD, FETTIG & SEARS, LLC",-0.0572,0.057,umap,
firm_15042,FOLEY & LARDNER LLP,0.0877,-0.1835,umap,
firm_2194,"AMERICAN DEFENSE INTERNATIONAL, INC.",-0.0632,-0.1167,umap,
firm_401054971,FTI GOVERNMENT AFFAIRS,0.0737,-0.0125,umap,
firm_35800,"THE SMITH-FREE GROUP, LLC",0.0571,-0.0502,umap,
firm_54734,"TOWNSEND PUBLIC AFFAIRS, INC",0.1434,-0.0337,umap,
firm_285871,NELSON MULLINS RILEY & SCARBOROUGH,0.0593,-0.0085,umap,
firm_401104646,"FEDERAL HALL POLICY ADVISORS, LLC",-0.0521,0.0505,umap,
firm_41534,WILMER CUTLER PICKERING HALE AND DORR LLP,0.051,-0.0037,umap,
firm_5131,BAKER & HOSTETLER LLP,0.0624,-0.1002,umap,
firm_314911,POLSINELLI PC,0.0621,-0.1482,umap,
firm_286096,THE MCMANUS GROUP,0.0616,-0.207,umap,
firm_50796,WINNING STRATEGIES WASHINGTON,0.0568,-0.1638,umap,
firm_401104322,"MERCHANT MCINTYRE & ASSOCIATES, LLC",-0.1018,-0.2822,umap,
firm_401104556,BOUNDARY STONE PARTNERS,0.1005,0.011,umap,
firm_8316,CARMEN GROUP INCORPORATED,0.0713,-0.1133,umap,
firm_8511,"CAVAROCCHI RUSCIO DENNIS ASSOCIATES, L.L.C.",0.0308,-0.1395,umap,
firm_289773,"BOCKORNY GROUP, INC.",0.0559,-0.0635,umap,
firm_292573,"MCALLISTER & QUINN, LLC",-0.0181,-0.1108,umap,
firm_35230,SIDLEY AUSTIN LLP,0.0135,1e-04,umap,
firm_283696,"BECKER & POLIAKOFF, P.A.",0.028,-0.102,umap,
firm_4208,ARENTFOX SCHIFF LLP,0.0487,-0.0772,umap,
firm_32008,"POWERS PYLES SUTTER & VERVILLE, P.C.",0.0564,-0.1856,umap,
firm_6325,BLANK ROME GOVERNMENT RELATIONS,0.0914,-0.0647,umap,
firm_46038,"JEFFREY J. KIMBELL & ASSOCIATES, INC.",0.0739,-0.2014,umap,
firm_401104641,LOT SIXTEEN LLC,0.1194,0.0205,umap,
firm_157,"ADAMS AND REESE, LLP",0.0142,-0.0963,umap,
firm_32486,"PUBLIC STRATEGIES WASHINGTON, INC.",0.054,-0.0775,umap,
firm_13836,"ERVIN GRAVES STRATEGY GROUP, LLC",0.1907,-0.1572,umap,
firm_5404,"BARNES & THORNBURG, LLP",0.0481,-0.05,umap,
firm_29777,C2 STRATEGIES,-0.217,-0.3829,umap,
firm_12631,FAEGRE DRINKER BIDDLE & REATH LLP,0.0484,-0.1801,umap,
firm_307114,KELLEY DRYE & WARREN LLP,0.0782,-0.0047,umap,
firm_818,ALCALDE & FAY,0.1059,-0.0539,umap,
firm_401104716,KLEIN/JOHNSON GROUP,0.0542,-0.0397,umap,
firm_66773,"THE CORMAC GROUP, LLC",0.0434,-0.072,umap,
firm_401106285,"CONTINENTAL STRATEGY, LLC",0.0707,-0.089,umap,
firm_401104684,COGENT STRATEGIES LLC,0.0527,-0.0154,umap,
firm_401105159,FULCRUM PUBLIC AFFAIRS LLC,0.0665,-0.098,umap,
firm_284050,THE MADISON GROUP,0.034,-0.041,umap,
firm_30495,"PACE, LLP",0.1227,0.0186,umap,
firm_400605842,"W STRATEGIES, LLC",0.064,-0.1679,umap,
firm_400458208,STERNHELL GROUP,-0.0895,0.0785,umap,
firm_287771,"CLARK HILL, PLC",-0.0114,-0.1204,umap,
firm_400703105,EMPIRE CONSULTING GROUP,0.0709,-0.1134,umap,
firm_401103493,WEST FRONT STRATEGIES LLC,0.0095,-0.0316,umap,
firm_401103287,MCDERMOTT+ LLC,0.0599,-0.2131,umap,
firm_82135,OWEN EVANS INGOLS,0.1232,0.0219,umap,
firm_297294,BOSE PUBLIC AFFAIRS GROUP,0.0526,-0.0692,umap,
firm_401104703,"FEDERAL STREET STRATEGIES, LLC",0.0452,-0.0766,umap,
firm_401104428,"GUIDEPOSTSTRATEGIES, LLC",0.0386,-0.0578,umap,
firm_35640,"CARPI & CLAY, INC",0.2171,0.0097,umap,
firm_401104769,FEROX STRATEGIES,0.0462,-0.0834,umap,
firm_401104100,VANTAGEKNIGHT LLC,0.0413,-0.0281,umap,
firm_401103077,LINCOLN POLICY GROUP,0.0791,-0.1789,umap,
firm_400693064,RED+BLUE STRATEGIES,0.0701,-0.2216,umap,
firm_24123,MAYER BROWN LLP,0.0827,0.0158,umap,
firm_401105040,"A10 ASSOCIATES, LLC",0.0227,-0.0293,umap,
firm_401105068,"RESOLUTION PUBLIC AFFAIRS, LLC",0.0006,0.01,umap,
firm_400713141,"THE MAJORITY GROUP, LLC",0.0541,0.0558,umap,
firm_401109039,CHECKMATE GOVERNMENT RELATIONS,0.043,-0.0625,umap,
firm_39815,"VAN NESS FELDMAN, LLP",0.1137,0.0122,umap,
firm_401104256,"JIM MASSIE & PARTNERS, LLC",0.1269,0.0328,umap,
firm_297033,"TORREY ADVISORY GROUP (FORMERLY MICHAEL TORREY ASSOCIATES, LLC)",0.3059,0.0041,umap,
firm_25306,MILLER & CHEVALIER CHARTERED,0.0086,0.0037,umap,
firm_55291,BUCHANAN INGERSOLL & ROONEY PC,0.0503,-0.0966,umap,
firm_321555,NATURAL RESOURCE RESULTS LLC,0.333,0.0697,umap,
firm_40011081,"KADESH & ASSOCIATES, LLC",0.1125,-0.0629,umap,
firm_401103295,ALIGNMENT GOVERNMENT STRATEGIES,0.1036,-0.036,umap,
firm_401103550,SUMMIT STRATEGIES GOVERNMENT AFFAIRS LLC,-0.2086,0.0369,umap,
client_00039,AMERICAN ISRAEL PUBLIC AFFAIRS COMMITTEE,-0.0392,-0.1528,umap,
firm_25603,"ML STRATEGIES, LLC",0.0737,-0.1144,umap,
firm_400923683,DALY CONSULTING GROUP,-0.0982,0.0853,umap,
firm_400685041,PENN HILL GROUP,0.1687,-0.3239,umap,
firm_73271,"SIGNAL GROUP CONSULTING, LLC",0.0588,-0.0433,umap,
firm_49635,"THE LIVINGSTON GROUP, LLC",0.0026,-0.0742,umap,
firm_401105121,"MARSHALL & POPP, LLC",0.055,-0.086,umap,
firm_401104408,KELLER PARTNERS & COMPANY,0.0473,-0.1255,umap,
firm_20881,"JONES WALKER, LLP",0.0316,-0.0372,umap,
firm_401103235,"THE SIMMONS & RUSSELL GROUP, LLC",0.056,-0.0949,umap,
firm_35002,PILLSBURY WINTHROP SHAW PITTMAN LLP,-0.0227,-0.0801,umap,
firm_400275281,"LIBERTY PARTNERS GROUP, LLC",0.0601,-0.2141,umap,
firm_401057986,"SBL STRATEGIES, LLC",0.0388,0.0122,umap,
firm_319756,TRIBUTARY LLP,-0.0136,0.1028,umap,
firm_400493431,"TWINLOGIC STRATEGIES, LLP",0.0746,0.0698,umap,
firm_81511,TROUTMAN STATEGIES,0.0258,-0.0791,umap,
firm_306636,"THE NORMANDY GROUP, LLC",0.0621,-0.0645,umap,
firm_84673,HART HEALTH STRATEGIES,0.0416,-0.2309,umap,
firm_401104906,ATLAS CROSSING LLC,0.1086,-0.0516,umap,
firm_287394,PUTALASTRATEGIES,0.0657,-0.0369,umap,
firm_35707,SMITH GARSON FKA SMITH DAWSON & ANDREWS,0.2211,0.015,umap,
firm_401105148,FS VECTOR,-0.0575,0.0627,umap,
firm_63451,WASHINGTON2 ADVOCATES,0.0845,-0.0604,umap,
firm_401104582,SPLITOAK STRATEGIES LLC,0.0623,-0.2066,umap,
firm_400711132,"THE PICARD GROUP, LLC",0.0498,-0.172,umap,
firm_401105514,SALT POINT STRATEGIES,0.0714,0.0418,umap,
firm_17443,HANCE SCARBOROUGH,0.0707,-0.0546,umap,
firm_14223,"MARCUS G. FAUST, PC",0.2317,0.0894,umap,
firm_401106319,"ACTUM I, LLC",-0.0077,-0.1195,umap,
firm_401103585,MCLARTY INBOUND LLC,0.066,-0.0085,umap,
firm_401046942,"BANNER PUBLIC AFFAIRS, LLC",0.0157,-0.0345,umap,
firm_400599826,THORSEN FRENCH ADVOCACY LLC,0.0337,-0.0608,umap,
firm_401053970,GRAYROBINSON PA,-0.0868,0.0569,umap,
firm_305932,"THE PETRIZZO GROUP, INC.",0.0447,-0.1891,umap,
firm_401105259,"PLATINUM ADVISORS DC, LLC",0.0392,0.0025,umap,
firm_90250,TREMONT STRATEGIES GROUP LLC (F/K/A ADS VENTURES),0.0293,-0.1295,umap,
firm_400745228,"PORTER GROUP, LLC",0.136,-0.0459,umap,
firm_400507495,SPIRIT ROCK CONSULTING,-0.0388,0.1435,umap,
firm_79175,STRATEGIES 360,0.1006,-0.0349,umap,
firm_400348604,"TAFT STETTINIUS & HOLLISTER LLP DBA TAFT ADVISORS LLC FKA (TAFT, STETTINIUS & HO",-0.0036,-0.0742,umap,
firm_10478,CFM STRATEGIC COMMUNICATIONS (CONKLING FISKUM & MCCORMICK),0.2145,0.0689,umap,
firm_401104750,CHARTWELL STRATEGY GROUP LLC,-0.0154,0.0132,umap,
firm_292892,"WHITMER & WORRALL, LLC",0.0282,-0.0794,umap,
firm_401104778,EMERGENT STRATEGIES,-0.0086,-0.0,umap,
firm_400712135,"TIBER CREEK HEALTH STRATEGIES, INC.",0.0638,-0.2234,umap,
firm_401016871,"REPUBLIC CONSULTING, LLC",-0.0876,-0.095,umap,
firm_400646949,"EAST END GROUP, LLC",0.0677,-0.1908,umap,
firm_401104285,"WELSH ROSE, LLC",0.0592,-0.2138,umap,
firm_401104785,CAPITOL HILL POLICY GROUP LLC,0.1471,-0.0384,umap,
firm_11377,CROWELL & MORING LLP,0.0527,-0.0284,umap,
firm_401106546,DGA GROUP GOVERNMENT RELATIONS LLC,0.0533,-0.1156,umap,
firm_285255,STRATEGIC HEALTH CARE,0.0443,-0.1859,umap,
firm_36914,BRADLEY ARANT BOULT CUMMINGS LLP,-0.1428,-0.1608,umap,
firm_72975,"FEDERAL POLICY GROUP, LLC",-0.0182,0.0194,umap,
firm_400290378,RAFFANIELLO & ASSOCIATES,0.027,-0.0012,umap,
firm_400434103,"WATER STRATEGIES, LLC",0.2576,0.0351,umap,
firm_12868,"DUTKO WORLDWIDE, LLC",0.0206,-0.1044,umap,
firm_401020884,"HOOPER, LUNDY & BOOKMAN, P.C.",0.0597,-0.2198,umap,
firm_401105888,PIONEER PUBLIC AFFAIRS,0.1227,0.0219,umap,
firm_62778,RICCHETTI INCORPORATED,0.0701,-0.106,umap,
firm_41408,WILEY REIN LLP,0.08,0.0051,umap,
firm_310938,"CJ LAKE, LLC",0.0307,-0.0466,umap,
firm_10764,PRICEWATERHOUSECOOPERS,0.4535,-0.2063,umap,
firm_61458,THE RABEN GROUP,0.0284,-0.1216,umap,
firm_29802,"THE OB-C GROUP, LLC",0.0291,-0.0158,umap,
firm_11674,DAVIS & HARMAN LLP,-0.0263,0.0207,umap,
firm_401105392,"BLUE RIDGE LAW & POLICY, P.C.",-0.0953,0.0838,umap,
firm_401103598,"THE MCKEON GROUP, INC.",-0.0282,-0.2267,umap,
firm_400645947,CHAMBER HILL STRATEGIES,0.0556,-0.1932,umap,
firm_401104869,"O'KEEFFE SHAHMORADI STRATEGIES, LLC",0.1901,-0.0322,umap,
firm_401103221,KASOWITZ LLP,0.0196,-0.0493,umap,
firm_47110,THOMPSON COBURN LLP,0.4621,-0.0965,umap,
firm_317754,"SORINI, SAMET & ASSOCIATES, LLC",0.0706,0.0112,umap,
firm_315592,HORIZON GOVERNMENT AFFAIRS,0.0525,-0.1972,umap,
firm_315717,GEPHARDT GROUP GOVERNMENT AFFAIRS,0.0268,-0.0777,umap,
firm_86210,TELEMEDIA POLICY CORP.,0.0715,0.0406,umap,
firm_401104682,"TAI GINSBERG & ASSOCIATES, LLC",0.1273,-0.0523,umap,
firm_83717,STANTON PARK GROUP,0.079,-0.1813,umap,
firm_400862528,SUSTAINABLE STRATEGIES DC,0.4066,0.6599,umap,
firm_400980803,RISING TIDE ASSOCIATES,-0.2161,-0.3745,umap,
firm_18978,HUNTON ANDREWS KURTH LLP,0.1406,0.0292,umap,
firm_38643,DAVID TURCH & ASSOC.,0.3519,-0.1146,umap,
firm_401103494,SIRONA STRATEGIES LLC,0.0596,-0.2225,umap,
firm_74135,"HEALTH POLICY SOURCE, INC.",0.057,-0.1962,umap,
firm_401104432,"MILNE, WIENER & SHOFE GLOBAL STRATEGIES (FKA M & W GOVERNMENT AFFAIRS, LLC)",-0.0056,-0.1031,umap,
firm_24338,MCDERMOTT WILL & SCHULTE LLP,0.0289,-0.1365,umap,
firm_308811,LNE GROUP,0.1173,0.0108,umap,
firm_400487397,LOBBYIT.COM,0.1718,0.7377,umap,no_issue_data
firm_401104539,VIKING NAVIGATION LLC,-0.2339,0.1726,umap,
firm_401104049,THE WILLIAMS GROUP,-0.0582,0.0449,umap,
firm_60116,MAYNARD NEXSEN PC,-0.1021,-0.1026,umap,
firm_304315,POTOMAC PARTNERS DC,0.1171,-0.0594,umap,
firm_401103311,FEDERAL SCIENCE PARTNERS LLC,-0.0124,-0.1215,umap,
firm_400689052,"NORTH SOUTH GOVERNMENT STRATEGIES, FKA JDM PUBLIC STRATEGIES, LLC",-0.0287,0.1173,umap,
firm_401104546,"SIMS STRATEGIES, LLC",0.0664,-0.2038,umap,
firm_401105638,H&M STRATEGIES LLP,0.1162,-0.0152,umap,
firm_401025893,KIT BOND STRATEGIES,0.1118,-0.0229,umap,
firm_401103568,ROCK CREEK COUNSEL,0.0019,0.0017,umap,
firm_401057985,ATLANTIC STRATEGIES GROUP LLC,-0.1022,-0.1259,umap,
firm_401104281,A1.9 STRATEGIES LLC,-0.0574,-0.1218,umap,
firm_308172,"FEDERAL ADVOCATES, INC.",0.6007,-0.0423,umap,
firm_70131,"MERCURY STRATEGIES, LLC",0.0728,0.0511,umap,
firm_21563,KILPATRICK TOWNSEND AND STOCKTON,0.1314,0.024,umap,
firm_23645,"MANATT, PHELPS, AND PHILLIPS",0.0557,-0.1217,umap,
firm_300195,FREEMYER & ASSOCIATES P.C.,0.352,0.077,umap,
firm_401106062,"LSN PARTNERS, LLC",-0.0458,-0.0821,umap,
firm_400459241,CAPITOL HILL PARTNERS,0.4666,-0.097,umap,
firm_400797392,"STEWART STRATEGIES AND SOLUTIONS, LLC",0.086,1e-04,umap,
firm_76252,CARBONLEAF LLC,0.1986,0.1617,umap,
firm_316057,ICE MILLER STRATEGIES LLC,-0.031,0.0786,umap,
firm_401105491,TIGER HILL PARTNERS LLC,-0.0967,0.0832,umap,
firm_17000,"GROOM LAW GROUP, CHARTERED",0.0638,-0.1408,umap,
firm_56417,"TIMOTHY R. RUPLI & ASSOCIATES, INC.",-0.0225,0.0965,umap,
firm_401104678,"HILL EAST GROUP, LLC",-0.0113,-0.0788,umap,
firm_66090,"NATIONAL GROUP, LLP",-0.0264,-0.1078,umap,
firm_400713140,KYLE HOUSE GROUP,0.04,-0.1037,umap,
firm_401107432,AXADVOCACY GOVERNMENT RELATIONS,0.0812,-0.0219,umap,
firm_401105130,"BRIDGE PUBLIC AFFAIRS, LLC",0.0459,-0.0382,umap,
firm_75570,J M BURKMAN & ASSOCIATES,0.1671,-0.6068,umap,
firm_401105189,STONINGTON GLOBAL,0.1342,-0.009,umap,
firm_400704112,"CORLEY CONSULTING, LLC",-0.0006,-0.0673,umap,
firm_30212,"OLSSON, FRANK, WEEDA, TERMAN & MATZ, PC",0.0392,-0.1708,umap,
firm_401105461,"1607 STRATEGIES, LLC",-0.0564,0.0675,umap,
firm_401106646,CR FEDERAL,0.1374,-0.0079,umap,
firm_401103693,WAXMAN STRATEGIES,0.2838,0.0616,umap,
firm_401104425,"PLURUS STRATEGIES, LLC",0.0574,-0.012,umap,
firm_85014,MARLA GROSSMAN LLC,0.0891,-0.4481,umap,
firm_401105692,CLARK STREET ASSOCIATES,-0.05,-0.0989,umap,
firm_294198,"COMBEST, SELL & ASSOCIATES, LLC",0.284,-0.0192,umap,
firm_53174,"CAPITOL RESOURCES, LLC",0.137,-0.0068,umap,
firm_73635,GEOFFREY P. GRAY,-0.0705,0.0501,umap,
firm_401104228,TEAM HALLAHAN LLC,0.1707,-0.0246,umap,
firm_11834,"DEBRUNNER & ASSOCIATES, INC.",0.0533,-0.2088,umap,
firm_35684,SMITHBUCKLIN CORPORATION,0.0711,-0.1112,umap,
firm_305852,AMERICAN CAPITOL GROUP,0.1064,-0.0259,umap,
firm_401105906,"535 GROUP, LLC",0.0184,-0.0954,umap,
firm_401103144,CAPITOL INTEGRATION,-0.0903,-0.1495,umap,
firm_11628,"DAVIDOFF HUTCHER & CITRON, LLP",0.0704,0.0527,umap,
firm_401104683,MCCARTHY ADVANCED CONSULTING LLC,0.131,-0.0497,umap,
firm_294234,"GOVBIZ ADVANTAGE, INC.",0.1219,0.0203,umap,
firm_400944730,"38 NORTH SOLUTIONS, LLC",0.3609,0.131,umap,
firm_400598824,MAPETSI POLICY GROUP,-0.4208,-0.4656,umap,
firm_401105996,MG HOUSING STRATEGIES LLC,0.0769,0.4749,umap,
firm_87814,CT GROUP FKA CTF GLOBAL LLC,0.1002,-0.0513,umap,
firm_315091,"RUBICON ADVISORS, LLC",0.5862,0.3475,umap,
firm_400400892,"ATS COMMUNICATIONS, INC. (DBA SILBEY STRATEGIES)",-0.1001,-0.1441,umap,
firm_11526,"DC LEGISLATIVE AND REGULATORY SERVICES, INC.",0.0774,-0.4033,umap,
firm_401104657,"ALLON ADVOCACY, LLC",-0.0592,0.0638,umap,
firm_401104435,STATE FEDERAL STRATEGIES,0.0609,0.0119,umap,
firm_318994,SC PARTNERS LLC,0.104,0.0112,umap,
firm_401104696,IMPACT HEALTH POLICY PARTNERS,0.0713,-0.2457,umap,
firm_88256,"GUIDE CONSULTING SERVICES, INC.",0.0717,-0.2218,umap,
firm_17352,"HALL, RENDER, KILLIAN, HEATH & LYMAN, P.C.",0.045,-0.2285,umap,
firm_401108299,"DB3, LLC (FKA THE DASCHLE GROUP)",0.0538,-0.1471,umap,
firm_400658980,"BLUESTONE STRATEGIES, LLC",0.0664,-0.2052,umap,
firm_400552654,BALLARD SPAHR LLP,0.0724,-0.0667,umap,
firm_40020141,BREAUX LOTT LEADERSHIP GROUP,0.168,-0.0169,umap,
firm_84217,"CARD & ASSOCIATES, LLC",0.0586,-0.1355,umap,
firm_42752,"O'NEILL, ATHY & CASEY, P.C.",0.0706,-0.126,umap,
firm_400577737,THE INGRAM GROUP LLC,0.0732,-0.1176,umap,
firm_400547641,"MISSY EDWARDS STRATEGIES, LLC",0.1155,-0.0447,umap,
firm_401105021,VECTIS DC,0.1334,0.1199,umap,
firm_299913,CARDINAL INFRASTRUCTURE LLC,0.2253,0.0604,umap,
firm_401104247,MEGUIRE WHITNEY,0.293,0.1441,umap,
firm_400336564,THE DOERRER GROUP LLC,-0.0112,0.102,umap,
firm_400432093,CAPITOL LEGISLATIVE STRATEGIES LLC,0.1187,-0.0131,umap,
firm_401103955,DOWNS GOVERNMENT AFFAIRS,0.1022,-0.0491,umap,
firm_288613,"THE JOSEPH GROUP, LLC",0.0743,0.0501,umap,
firm_51753,I STREET ADVOCATES,0.0804,0.0482,umap,
firm_26227,"MURRAY, MONTGOMERY & O'DONNELL",0.2548,0.0896,umap,
firm_401104213,"BC CONSULTING, LLC",0.1953,-0.0321,umap,
firm_33454,"ROBERTSON, MONAGLE & EASTAUGH LLC",0.1724,0.7382,umap,no_issue_data
firm_401103289,RAMPY NORTHRUP LLC,0.0743,-0.1688,umap,
firm_401103524,"ADVANCED POLICY CONSULTING, LLC",0.0666,-0.0905,umap,
firm_314738,GORDON THOMAS HONEYWELL GOVERNMENTAL AFFAIRS,0.1279,-0.1032,umap,
firm_401104114,IMPERIUM GLOBAL ADVISORS,-0.0254,-0.0741,umap,
firm_401106196,FEDERAL HEALTH POLICY STRATEGIES,0.0729,-0.2223,umap,
firm_307832,"ETHERTON AND ASSOCIATES, INC.",-0.0414,-0.0962,umap,
firm_401105372,THE KPM GROUP DC LLC,-0.1138,-0.3157,umap,
firm_7304,BRYAN CAVE LEIGHTON PAISNER LLP,0.0449,-0.1682,umap,
firm_401104982,"AQUIA GROUP, LLC",0.0297,-0.1343,umap,
firm_401106132,"RUBIN, TURNBULL & ASSOCIATES",0.0466,-0.0508,umap,
firm_308070,THE WESSEL GROUP INCORPORATED,0.0852,0.0158,umap,
firm_61414,"NEXXUS CONSULTING, LLC",0.2506,0.0765,umap,
firm_32715,R A RAPOZA ASSOCIATES INC,-0.0721,0.6666,umap,
firm_13610,"ENS RESOURCES, INC.",0.2913,0.146,umap,
firm_401103367,"LEAVITT PARTNERS, LLC",0.0777,-0.1952,umap,
firm_54984,"TONIO BURGOS & ASSOCIATES, INC.",-0.2766,0.3066,umap,
firm_401103355,BRAMER GROUP LLC,-0.1079,-0.1661,umap,
firm_400390817,CONSTANTINOPLE & VALLONE CONSULTING LLC,0.4668,-0.0967,umap,
firm_40020147,"STAPLETON & ASSOCIATES, LLC",-0.222,-0.3825,umap,
firm_49214,MR. ROBERT TALLEY,0.358,0.1168,umap,
firm_401107574,"ICEBREAKER STRATEGIES, LLC",-0.0589,-0.1224,umap,
firm_310370,DELTA STRATEGY GROUP,-0.3288,-0.1187,umap,
firm_73134,O'NEILL AND ASSOCIATES,0.0639,-0.1697,umap,
firm_400794388,"SCONSET STRATEGIES, LLC",0.0774,0.0726,umap,
firm_401103535,"ENVISION STRATEGY, LLC",0.0883,-0.16,umap,
firm_401103327,OFF HILL STRATEGIES L.L.C.,0.0381,-0.0701,umap,
firm_287270,AKERMAN LLP,-0.0838,0.6756,umap,
firm_400931695,"DESIMONE CONSULTING, LLC",0.7284,-0.4823,umap,
firm_401103483,BURRELL INTERNATIONAL GROUP LLC,-0.0748,-0.1333,umap,
firm_34295,"SANDLER, TRAVIS & ROSENBERG, P.A.",0.0326,0.056,umap,
firm_400703107,"THE GIBSON GROUP, LLC",0.0548,0.0035,umap,
firm_401104742,HOLLY STRATEGIES INCORPORATED,-0.1295,-0.1621,umap,
firm_35376,"COVINO SMITH & SIMON, INC. (FORMERLY SIMON AND COMPANY, INC.)",0.0661,0.1814,umap,
firm_17818,"HEALTH AND MEDICINE COUNSEL, LLC",0.0617,-0.1799,umap,
firm_401103249,LESTER HEALTH LAW PLLC,0.0621,-0.2229,umap,
firm_401107154,BRUMIDI GROUP,-0.4491,-0.0924,umap,
firm_38687,"TWENTY-FIRST CENTURY GROUP, INC.",0.1499,-0.1039,umap,
firm_41682,WINSTON & STRAWN LLP,-0.2109,0.137,umap,
firm_29846,NOSSAMAN LLP,0.1473,-0.032,umap,
firm_401105196,CONGRESSIONAL PARTNERS,0.5574,-0.4289,umap,
firm_401106373,WHEAT SHROYER GOVERNMENT RELATIONS LLC,0.0277,-0.13,umap,
firm_401103503,SULLIVAN STRATEGIES LLC (FKA SB CAPITOL SOLUTIONS),0.1472,-0.1055,umap,
firm_321874,"VAN HEUVELEN STRATEGIES, LLC",0.055,-0.0686,umap,
firm_401103486,"COMMONWEALTH STRATEGIC PARTNERS, LLC",0.1652,-0.4875,umap,
firm_320793,JST STRATEGIES LLC (JOCHUM SHORE & TROSSEVIN PC),0.09,-0.1432,umap,
firm_401104430,"EFB ADVOCACY, LLC",0.0768,-0.1823,umap,
firm_25498,"MINTZ LEVIN COHN FERRIS GLOVSKY AND POPEO, P.C.",0.2207,0.5597,umap,no_issue_data
firm_400374717,THE CONSILIO GROUP,0.1725,0.7383,umap,no_issue_data
firm_401106638,GORDON SMITH,0.2204,0.3475,umap,no_issue_data
firm_401104571,"VNF SOLUTIONS, LLC",0.3351,0.1988,umap,
firm_401103767,"O'CONNELL & DEMPSEY, LLC",0.2469,0.0291,umap,
firm_400424029,"POLARIS-HUTTON GROUP, LLC",-0.0753,-0.1031,umap,
firm_32896,MR. ROBERT L. REDDING JR.,0.3575,-0.0242,umap,
firm_307956,VITELLO CONSULTING,0.0998,-0.1644,umap,
firm_401105150,"MASON STREET CONSULTING, LLC",0.0635,-0.2112,umap,
firm_401104475,"NEALE CREEK, LLC",0.0513,-0.0183,umap,
firm_401106159,HORIZONS GLOBAL SOLUTIONS LLC,-0.0736,-0.1376,umap,
firm_294495,"THE HOBBS GROUP, LLC",0.1184,0.0041,umap,
firm_401103348,MCCAULLEY&COMPANY,0.1805,0.0064,umap,
firm_52903,"CAPITOL CITY GROUP, LTD.",0.0511,-0.0672,umap,
firm_401104254,PRISM GROUP,0.1879,-0.0762,umap,
firm_317732,FRANKLIN CREEK CONSULTING,-0.4212,-0.4655,umap,
firm_400382761,"RED MAPLE CONSULTING, LLC",0.0065,-0.1161,umap,
firm_401105835,"TIDES GROUP, LLC",0.5961,0.1777,umap,
firm_31895,PRASAM,-0.0863,-0.1401,umap,
firm_34158,FAEGRE BAKER DANIELS CONSULTING,0.0764,-0.1389,umap,
firm_323136,G2G CONSULTING,0.1722,0.7381,umap,no_issue_data
firm_400431088,COVE STRATEGIES,0.0733,0.0335,umap,
firm_292538,"BARKER LEAVITT, PLLC (SKA MR. JAMES C. BARKER)",0.3498,-0.1179,umap,
firm_401104937,CAPITOL CONSULTING GROUP LLC (DC),0.0764,0.0483,umap,
firm_79610,FOLEY HOAG LLP,0.0565,-0.188,umap,
firm_323318,BRODY GROUP L.L.C. PUBLIC AFFAIRS,0.1071,-0.0558,umap,
firm_313533,HOLLIER & ASSOCIATES,0.0582,0.0212,umap,
firm_401104738,PETER DAMON GROUP LLC,0.1794,0.0048,umap,
firm_401105877,PRIMACY STRATEGY GROUP,0.0742,-0.1565,umap,
firm_55165,"CAPITOL DECISIONS, INC.",0.0163,-0.1074,umap,
firm_400395867,"BELL & LINDSAY, INC.",0.4667,-0.0966,umap,
firm_400740216,THE LUGAR GROUP (FKA LUGAR HELLMANN GROUP),0.0417,-0.0644,umap,
firm_303575,"JENKINS HILL CONSULTING, LLC",-0.0063,0.0065,umap,
firm_401104783,CLAUSE LAW P.L.L.C.,-0.0223,-0.1339,umap,
firm_7268,BROYDRICK & ASSOCIATES,0.3101,-0.0444,umap,
firm_6848,MARSHALL BRACHMAN,0.0222,-0.0832,umap,
firm_400426039,"CAPITOLINE CONSULTING, LLC",-0.0318,-0.0968,umap,
firm_401105192,KEEFE STRATEGIES LLC (FKA KEEFE SINGISER PARTNERS),-0.0789,-0.2967,umap,
firm_25317,BEST BEST & KRIEGER LLP,-0.0866,-0.0052,umap,
firm_401109653,THE BERNHARDT GROUP LLC,0.3219,0.066,umap,
firm_82170,BLUEWATER STRATEGIES,0.1349,0.0279,umap,
firm_401108637,"PHRONESISDC, LLC",-0.042,0.0502,umap,
firm_286017,ASSOCIATION OF EQUIPMENT MANUFACTURERS,0.1485,0.4622,umap,
firm_288293,"THE CJR GROUP, INC.",0.0413,-0.0624,umap,
firm_401105075,MUNK POLICY & LAW,0.0669,-0.0078,umap,
firm_36127,"SONOSKY, CHAMBERS, SACHSE, ENDRESON & PERRY, LLP",0.0102,-0.1246,umap,
firm_400584784,"URBAN SWIRSKI & ASSOCIATES, LLC",0.0006,0.005,umap,
firm_78072,EHRLICH & ASSOCIATES,0.3371,0.0218,umap,
firm_401109292,"TSG ADVOCATES DC, LLC",-0.0081,-0.0552,umap,
firm_8830,"CHAMBERS, CONLON & HARTWELL, LLC",0.2208,0.0287,umap,
firm_401103952,RIVENDELL GROUP LLP,0.0798,0.0447,umap,
firm_400359670,HBW RESOURCES,-0.0092,0.0056,umap,
firm_400493432,"CAPITALEDGE ADVOCACY INC. (FORMERLY CAPITALEDGE ADVOCACY, LLC)",0.4062,0.6604,umap,
firm_298158,"SONORAN POLICY GROUP, LLC D/B/A STRYK GLOBAL DIPLOMACY, FORMERLY KNOWN AS SONORA",0.0401,-0.2959,umap,
firm_9911,"THE COLLING GROUP, LLC T/A COLLING SWIFT & HYNES",0.2943,0.131,umap,
firm_12664,DUANE MORRIS LLP,0.4668,-0.0968,umap,
firm_85936,"WAYPOINT CONSULTING, LLC",0.1384,0.5856,umap,
firm_43560,"THE ICKES AND ENRIGHT GROUP, INC.",0.4614,0.0308,umap,
firm_20562,JENNER & BLOCK LLP,0.1364,0.6034,umap,
firm_401108016,COLTON STREET GROUP,0.0615,-0.0394,umap,
firm_401107502,"MORAN GLOBAL STRATEGIES, INC.",0.0073,-0.0825,umap,
firm_401104717,"UNITED BY INTEREST, LLC.",0.032,0.027,umap,
firm_8214,CAPSTONE NATIONAL PARTNERS,0.0757,0.0857,umap,
firm_306135,"MCKINNON GROUP, LLC, FORMERLY DOING BUSINESS AS RR&G, LLC",-0.0432,0.0263,umap,
firm_400786367,TAUZIN STRATEGIC NETWORKS,0.0828,-0.1887,umap,
firm_401105341,"BL PARTNERS GROUP, LLC",0.0752,0.0653,umap,
firm_18980,"HURT, NORTON & ASSOCIATES, INC.",-0.077,-0.1246,umap,
firm_401104224,"PERRY BAYLISS GOVERNMENT RELATIONS, LLC",0.0795,0.0468,umap,
firm_400586788,"FIFESTRATEGIES, LLC",-0.0224,-0.0931,umap,
firm_401107393,CORRIGAN & USSERY LLC,0.1368,0.7031,umap,no_issue_data
firm_8101,"CAPITOL ASSOCIATES, INC.",0.0421,-0.1737,umap,
firm_401104690,BLACK DIAMOND STRATEGIES LLC,0.3506,0.2125,umap,
firm_401104422,ZIRKELBACH STRATEGIES,0.0423,-0.1656,umap,
firm_401100069,ATLAS ADVOCACY,0.1913,-0.0309,umap,
firm_401106712,"MAYNOR & STIERS, LLC",-0.1353,-0.1455,umap,
firm_401105764,WILSON & ROME LLP,0.3341,0.2006,umap,
firm_400581776,RIDGE POLICY GROUP,0.4496,0.1587,umap,
firm_401104210,GOLDSTEIN POLICY SOLUTIONS LLC,0.0788,0.0479,umap,
firm_401105973,ALB SOLUTIONS,0.0431,-0.2294,umap,
firm_400903639,MABRY PUBLIC AFFAIRS LLC,0.2007,-0.0043,umap,
firm_401074020,"THE JERRY COSTELLO GROUP, LLC",0.0055,-0.1022,umap,
firm_401105253,"MCHUGH LEMAY ASSOC., LLC",-0.0705,-0.1379,umap,
firm_401106545,HSA STRATEGIES,0.0559,-0.0994,umap,
firm_401029902,JAKE PERRY + PARTNERS,-0.0853,0.0565,umap,
firm_401051964,KAMINS CONSULTING,-0.0397,0.1308,umap,
firm_401106662,PASSAGE CONSULTING GROUP LLC,-0.0783,-0.1239,umap,
firm_401105158,TOWER 19,0.1643,0.7303,umap,no_issue_data
firm_25077,MEYERS AND ASSOCIATES,0.3186,-0.3038,umap,
firm_401105070,"GOVERNMENT COUNSEL, LLC",0.0368,-0.1658,umap,
firm_401104651,"NORTH STAR STRATEGIES, LLC",0.1719,0.7378,umap,no_issue_data
firm_401104787,SLAIMAN CONSULTING LLC,0.0035,0.0872,umap,
firm_400783359,THE O TEAM LLC,0.0023,0.0063,umap,
firm_401104374,LINCOLN PARK GROUP L.L.C.,0.0455,-0.0925,umap,
firm_293370,"CLYBURN CONSULTING, LLC",0.2559,-0.2135,umap,
firm_400637926,ARMORY HILL ADVOCATES (FORMERLY KNOWN AS RAWLSON POLICY GROUP),-0.4479,-0.0932,umap,
firm_401103092,"PLAYMAKER STRATEGIES, LLC",0.2889,-0.1351,umap,
firm_40726,PARAGON GOVERNMENT RELATIONS,0.2995,0.0584,umap,
firm_795,"ALBERTINE ENTERPRISES, INC.",0.1884,-0.0289,umap,
firm_401105569,RYAN COSTELLO STRATEGIES,0.0492,-0.0247,umap,
firm_401004840,"THE CONAFAY GROUP, LLC",0.065,-0.1869,umap,
firm_401103162,THE D MAJOR GROUP,0.06,-0.2041,umap,
firm_401036920,BLOOM STRATEGIC COUNSEL,0.0289,-0.0516,umap,
firm_77754,"OLDAKER & WILLISON, LLP",-0.4482,-0.0929,umap,
firm_88278,"UPSTREAM CONSULTING, INC.",-0.0386,-0.0774,umap,
firm_401104722,SPANGLER STRATEGIES LLC,-0.2509,-0.5344,umap,
firm_297410,"RASKY PARTNERS, INC.",0.0179,-0.0217,umap,
firm_400694066,"DS2 GROUP, LLC",0.0855,-0.1358,umap,
firm_304337,DUNKEL GOVERNMENT RELATIONS,0.0783,0.0459,umap,
firm_401103562,"9B GROUP, INC.",0.3536,-0.0325,umap,
firm_401105896,CROSS POTOMAC CONSULTING LLC,-0.2157,-0.3739,umap,
firm_5197,"BALCH & BINGHAM, LLP",0.2876,0.1345,umap,
firm_12915,DYKEMA GOSSETT PLLC,0.0424,-0.0183,umap,
firm_400493433,"CAPITALEDGE STRATEGIES, LLC",0.4062,0.6604,umap,
firm_300971,LOCKE LORD PUBLIC POLICY GROUP LLC,0.0353,-0.1416,umap,
firm_401109307,RIDGELINE ADVOCACY GROUP LLC,0.0979,0.0032,umap,
firm_401105551,CAPITOL 6 ADVISORS,-0.0212,-0.105,umap,
firm_401103846,"EDGEPOINT, LLC",0.1366,0.703,umap,no_issue_data
firm_401104751,CENTER ROAD SOLUTIONS,-0.0272,-0.2179,umap,
firm_305236,WASHINGTON STRATEGIC CONSULTING,0.0183,-0.2557,umap,
firm_401105127,IPOLICY SOLUTIONS,0.0446,-0.174,umap,
firm_400984809,"KEYS GROUP, LLC",0.3916,-0.0311,umap,
firm_298091,THE FRANKLIN PARTNERSHIP,-0.2384,-0.2008,umap,
firm_401104488,"POTOMAC INTERNATIONAL PARTNERS, INC.",0.0727,-0.0934,umap,
firm_401106595,ALPINE ADVISORS,0.0734,-0.027,umap,
firm_295053,"GRAY GLOBAL ADVISORS, LLC",-0.4487,-0.0928,umap,
firm_51478,"TCH GROUP, LLC",0.071,-0.1292,umap,
firm_53163,"C. BAKER CONSULTING, INC.",-0.0943,-0.1364,umap,
firm_21676,"KINGHORN, HILBERT & ASSOCIATES",0.1214,0.0194,umap,
firm_401105955,"CONAWAY GRAVES GROUP, LLC",0.303,-0.0052,umap,
firm_401104143,CARPENTER STRATEGIC CONSULTING LLC,0.0785,0.0504,umap,
firm_51104,"THE FEDERAL GROUP, INC.",0.0562,-0.2257,umap,
firm_400971786,KEY IMPACT STRATEGIES,-0.0821,0.6707,umap,
firm_53312,"LEMUNYON GROUP, LLC",-0.0082,-0.0734,umap,
firm_401105597,FORWARD GLOBAL,0.0314,-0.0588,umap,
firm_401104543,THE PRENDA GROUP LLC,0.2137,0.4621,umap,
firm_295452,DEBORAH HOHLT,0.2381,0.5848,umap,no_issue_data
firm_400951748,PEYSER ASSOCIATES LLC,0.1707,-0.1197,umap,
firm_315898,KRL INTERNATIONAL LLC,0.2697,-0.0918,umap,
firm_401103542,HETTINGER STRATEGY GROUP LLC,-0.1102,-0.1629,umap,
firm_21084,"KANNER & ASSOCIATES, LLC",0.1352,0.0231,umap,
firm_45414,"GHAZAL & ASSOCIATES, LLC",0.0205,-0.0461,umap,
firm_401104888,JTR STRATEGIES LLC,0.1681,-0.1215,umap,
firm_30792,"PARRY, ROMANI, DECONCINI & SYMMS",0.0508,-0.3278,umap,
firm_401105219,CONFLUENCE GOVERNMENT RELATIONS,0.4488,-0.2132,umap,
firm_33875,THE ROYER LAW FIRM (FORMERLY ROYER & BROOKS),0.0188,0.3254,umap,
firm_27775,NATIONAL ENVIRONMENTAL STRATEGIES,0.1343,0.0295,umap,
firm_401105792,"MCCARTER & ENGLISH, LLP",-0.1262,-0.3232,umap,
firm_401103150,HEALTHSPERIEN,0.064,-0.1527,umap,
firm_304554,"D&P CREATIVE STRATEGIES, LLC",0.4736,-0.5772,umap,
firm_401104188,DMM STRATEGIES,0.0091,-0.0102,umap,
firm_401079030,"MELTSNER STRATEGIES, LLC",0.0266,0.0517,umap,
firm_22883,FBB FEDERAL RELATIONS,0.1723,0.7381,umap,no_issue_data
firm_401105307,COLLECTIVE STRATEGIES & COMMUNICATIONS,0.1881,-0.0169,umap,
firm_291572,"RUFFALO AND ASSOCIATES, LLC",0.1072,-0.0601,umap,
firm_400695072,"FROGUECLARK, LLC",0.062,-0.2225,umap,
firm_17966,"HECHT LATHAM SPENCER & ASSOCIATES, INC., FORMERLY KNOWN AS HECHT SPENCER & ASSOC",0.1287,-0.0485,umap,
firm_308833,"R&R PARTNERS, INC.",-0.2095,0.1361,umap,
firm_401104802,"WESTMORELAND160, LLC",-0.07,-0.1304,umap,
firm_401105539,"GOODLATTE GROUP, LLC F.K.A. ROBERT GOODLATTE",0.0784,0.0862,umap,
firm_400816427,"D SQUARED TAX STRATEGIES, LLC",0.0631,-0.0065,umap,
firm_37403,EVERSHEDS SUTHERLAND (US) LLP,0.2017,0.1638,umap,
firm_308992,CARDINAL POINT PARTNERS,0.538,0.1061,umap,
firm_401103206,"STRATEGICS CONSULTING, LLC",0.1725,0.7384,umap,no_issue_data
firm_91774,"CAPITOL HILL STRATEGIES,  LLC",0.0698,-0.1165,umap,
firm_401105389,SCHAERR JAFFE LLP,0.0883,-0.1255,umap,
firm_401105474,DUNHAM LAW & POLICY PLLC,0.2081,0.1662,umap,
firm_401105617,ARTEMIS POLICY GROUP LLC,0.0344,-0.1641,umap,
firm_316571,"LINCHPIN STRATEGIES, LLC",0.467,-0.0968,umap,
firm_323114,"THE KEELEN GROUP, LLC",0.3308,-0.0394,umap,
firm_82055,ERIS GROUP,-0.0758,0.0539,umap,
firm_283572,FROST BROWN TODD LLC,0.32,0.0037,umap,
firm_40874,MR. ROBERT K WEIDNER,0.2021,0.0082,umap,
firm_21847,"KOGOVSEK & ASSOCIATES, INC.",0.2816,0.0617,umap,
firm_288954,TASSEY & ASSOCIATES,0.0208,0.3275,umap,
firm_307034,MILLER & WENHOLD CAPITOL STRATEGIES,0.223,0.0577,umap,
firm_16566,GORDLEY ASSOCIATES,0.3052,0.042,umap,
firm_312758,HUTTON STRATEGIES,0.0743,-0.165,umap,
firm_400383768,"JOHNSTON GROUP, LLC",0.1816,0.0072,umap,
firm_401103582,ISEMAN & ASSOCIATES LLC,0.1498,-0.1143,umap,
firm_401104454,FOCUS DC LLC,0.1261,-0.0353,umap,
firm_401018874,"RUBIN HEALTH POLICY CONSULTING, LLC",-0.448,-0.0933,umap,
firm_35150,THE SHERIDAN GROUP,0.1682,-0.323,umap,
firm_401103700,ROSEMONT GROUP,-0.2101,0.1364,umap,
firm_401104909,"SHUMAKER ADVISORS, LLC",0.1219,0.6902,umap,no_issue_data
firm_401109009,"CORCORAN & ASSOCIATES, INC. DBA CORCORAN PARTNERS",-0.0108,0.0009,umap,
firm_401104889,"BUTERA, ISRAEL & BECKER PLLC",0.0201,0.3268,umap,
firm_401104653,"BOLD STRATEGIES, LLC",0.7134,0.1822,umap,
firm_401106165,PODESTA.COM,0.2871,-0.133,umap,
firm_401105727,"ESP ADVISORS, LLC",0.0427,0.616,umap,no_issue_data
firm_401106172,"T CAP SOLUTIONS, LLC",-0.3292,-0.1177,umap,
firm_401104626,ARDENT STRATEGIES,0.3039,0.0519,umap,
firm_58432,"PARK STRATEGIES, LLC",0.0136,-0.0918,umap,
firm_401103604,EPPLIN STRATEGIC PLANNING,-0.1331,-0.1455,umap,
firm_401105637,CAPITOL VENTURE LLC,0.1952,-0.1619,umap,
firm_8987,CHESAPEAKE ENTERPRISES,0.159,-0.0029,umap,
firm_44674,"WARD AND SMITH, P.A.",-0.1157,-0.1688,umap,
firm_401012859,EFRUS FEDERAL ADVISORS LLC,-0.1388,-0.1308,umap,
firm_305635,"MONUMENT STRATEGIES, LLC",0.6822,-0.2085,umap,
firm_401104434,KEVIN KAYES,-0.0141,0.1029,umap,
firm_401104140,"REARDON CONSULTING, LLC",0.4481,-0.2154,umap,
firm_44914,"THE LAURIN BAKER GROUP, LLC",0.2092,0.1621,umap,
firm_400320506,ORION ADVOCATES,0.308,0.0323,umap,
firm_401104581,"TURNBERRY SOLUTIONS, LLC",0.1365,0.6031,umap,
firm_401106355,"LONGBOW PUBLIC POLICY GROUP, LLC",0.0424,0.6164,umap,no_issue_data
firm_316217,"POTOMAC STRATEGIC DEVELOPMENT COMPANY, LLC",-0.2765,0.307,umap,
firm_18444,HOLLAND & HART LLP,0.352,0.0772,umap,
firm_71837,"DAVID L. HORNE, LLC",-0.3266,-0.1144,umap,
firm_401105297,"CLINE STRATEGIC CONSULTING, LLC",0.1283,-0.0534,umap,
firm_401103600,US POLICY STRATEGIES,-0.0821,0.0024,umap,
firm_401105318,CO2EFFICIENT,0.3339,0.2008,umap,
firm_400865534,"CAPGOV, LLC",-0.1248,-0.1226,umap,
firm_400564686,"MASIELLO MARTUCCI HUGHES KULPA (FKA MASIELLO, MARTUCCI & ASSOCIATES",0.4668,-0.0967,umap,
firm_401103808,"COLLIER COLLECTIVE, LLC",-0.0805,0.6604,umap,
firm_297237,"CONGRESSIONAL SOLUTIONS, INC (CSI)",-0.1166,-0.1683,umap,
firm_401103400,"O'ROURKE & NAPPI, LLP",-0.107,0.0464,umap,
firm_401104727,LAVENDER CONSULTANTS,-0.1092,-0.0898,umap,
firm_401107367,MISSION STRATEGIES LLC (ENERGY),0.2948,-0.1402,umap,
firm_401104885,"THE GABOTON GROUP, LLC",0.2428,-0.1634,umap,
firm_400665998,SIFF & ASSOCIATES PLLC,0.0454,0.6099,umap,no_issue_data
firm_401108974,"THE ARTEMIS GROUP, LLC (OKLAHOMA)",-0.027,-0.0988,umap,
firm_400337566,"M.J. BRADLEY & ASSOCIATES, LLC",0.0765,-0.4032,umap,
firm_401105820,DIROMA ECK & CO. LLP,0.0547,0.5937,umap,no_issue_data
firm_401106074,"RESTON STRATEGY GROUP, LLC",0.151,0.7169,umap,no_issue_data
firm_40025213,"ALEXANDER, BOROVICKA & O'SHEA GOVERNMENT SOLUTIONS (FKA ALEXANDER & BOROVICKA GO",0.1374,0.7037,umap,no_issue_data
firm_40006051,"JBS COMMUNICATIONS, LLC",-0.0738,0.6631,umap,
firm_401104914,"CAPITOL ADVOCACY & GOVERNMENT AFFAIRS, LLC",-0.2772,0.3069,umap,
firm_401105493,HILLNORTH LLC,0.0464,-0.0297,umap,
firm_400715150,C.A.R. CONSULTING SERVICES,0.1027,-0.2055,umap,
firm_20414,"JAMISON AND SULLIVAN, INC.",0.1198,-0.0075,umap,
firm_401105133,"JOHN LADD & ASSOCIATES, INC.",0.0209,0.3261,umap,
firm_401104492,SCULLY ROSKEY AND MISSMAR,0.0601,-0.2243,umap,
firm_401109020,JAVELIN ADVISORS LLC,0.1326,0.2122,umap,
firm_401106416,THE PETERSON GROUP INC,0.3433,0.0265,umap,
firm_401103471,MIKE WILLIAMS CAPITOL STRATEGIES LLC (F/K/A MW CAPITOL STRATEGIES LLC),0.0215,-0.0514,umap,
firm_401106073,REVERE FEDERAL STRATEGIES,0.1513,0.7172,umap,no_issue_data
firm_401105181,"INNOVATIVE POLICY, PLLC",0.0455,0.6332,umap,no_issue_data
firm_40486,WASHINGTON ALLIANCE GROUP,-0.0896,-0.1352,umap,
firm_400677020,MR. DOYCE BOESCH,0.142,0.708,umap,no_issue_data
firm_401104431,"PIRRO GROUP, LLC",-0.2777,0.3056,umap,
client_00549,YMCA OF THE USA,-0.249,-0.5325,umap,
firm_401103363,"ARMITAGE CONSULTING, LLC",0.07,-0.0386,umap,
firm_401105703,INTEGRATED STRATEGY GROUP,0.315,0.0812,umap,
firm_68376,THE HARRIS FIRM,-0.0737,-0.0986,umap,
firm_401104218,THE NIMITZ GROUP LLC,0.4516,-0.2038,umap,
firm_401104762,DAVID RUDD & ASSOCIATES LLC,0.0073,0.0014,umap,
firm_401109332,RAGNAR GROUP LLC,0.0564,0.5919,umap,no_issue_data
firm_401104445,"ALPHA STRATEGIES, LLC",0.1313,0.1196,umap,
firm_5142,"BAKER & MCKENZIE, LLP",0.061,-0.0935,umap,
firm_6850,"BRACY TUCKER BROWN & VALANZANO, INC.",0.0248,-0.1218,umap,
firm_5415,BEN BARNES GROUP LP,0.2252,0.0657,umap,
firm_91411,"FAHMY HUDOME INTERNATIONAL, LLC",-0.1167,0.4795,umap,no_issue_data
firm_401105554,OAK GROVE STRATEGIES,0.1716,-0.0292,umap,
firm_55438,"THOMAS WALTERS & ASSOCIATES, INC.",0.1669,-0.6063,umap,
firm_401103482,WINDWARD STRATEGIES,0.1563,0.7222,umap,no_issue_data
firm_40036301,KNIGHT CAPITOL CONSULTANTS,0.0446,0.6116,umap,no_issue_data
firm_401105537,BRIDGEWAY ADVOCACY,0.1319,0.212,umap,
firm_401105227,BRIAN GLACKIN & ASSOCIATES LLC,-0.0806,-0.1245,umap,
firm_401105105,"DOTCHIN & ASSOCIATES, LLC",0.0269,1e-04,umap,
firm_17328,HALEY & ASSOCIATES,0.151,0.7169,umap,no_issue_data
firm_400971785,"TOMPKINS STRATEGIES, LLC",-0.4534,-0.0898,umap,
firm_316797,"SOBBA PUBLIC, LLC",0.3291,-0.0048,umap,
firm_291993,"CAPCITY ADVOCATES, LLC",-0.0457,0.1476,umap,
firm_26318,MWW GROUP,-0.2263,0.1654,umap,
firm_401104274,ROWLAND STRATEGY GROUP LLC,0.1744,-0.0059,umap,
firm_7166,BRACY TUCKER BROWN & VALANZANO DBA BROWN & ASSOCIATES,0.1614,0.0781,umap,
firm_401107294,VALCOUR LLC,-0.4531,-0.0902,umap,
firm_25818,"MORGAN, LEWIS & BOCKIUS, LLP",0.0739,-0.1689,umap,
firm_73772,"TATE STRATEGIES, INC",0.2918,-0.135,umap,
firm_401105139,"FORETHOUGHT ADVISORS, LLC",-0.0179,0.1021,umap,
firm_401105987,"LAURA WOOD PETERSON CONSULTING, INC.",0.3317,-0.0413,umap,
firm_401104071,NEW CENTURY GOVERNMENT AFFAIRS (F/K/A TERRENCE C. WOLFE),0.1719,0.7378,umap,no_issue_data
firm_89350,RICK MALDONADO & ASSOCIATES INC.,0.1617,0.0775,umap,
firm_400478358,"SB STRATEGIC CONSULTING, INC.",-0.1948,-0.1242,umap,
firm_35560,"SKADDEN, ARPS, SLATE, MEAGHER & FLOM LLP",0.2232,0.5617,umap,no_issue_data
firm_401104749,VELOCITY GOVERNMENT RELATIONS,-0.1051,-0.1491,umap,
firm_304975,"THE FARLEY GROUP, INC.",0.2801,0.0288,umap,
firm_401108183,LMH STRATEGIC SOLUTIONS,0.0624,-0.1679,umap,
firm_400498453,WATERSHED RESULTS LLC,0.3475,0.0745,umap,
firm_400713139,THE BENNETT CONSULTING GROUP,0.3521,-0.1166,umap,
firm_314498,GREEN CAPITOL LLC,0.3015,0.0002,umap,
firm_401104101,B+S STRATEGIES,0.1897,-0.023,umap,
firm_43343,CASCADE ASSOCIATES,0.0737,-0.0466,umap,
firm_400579747,"ENDGAME STRATEGIES, LLC",0.0412,-0.0599,umap,
firm_312190,"BAY BRIDGE STRATEGIES, INC.",0.4473,0.1586,umap,
firm_401091050,LIZ WILLIAMS AND COMPANY,0.0213,-0.0422,umap,
firm_401103774,BURTON STRATEGY GROUP,0.0431,-0.155,umap,
firm_14438,"JACK FERGUSON ASSOC., INC.",-0.2347,0.1734,umap,
firm_401109283,"MO STRATEGIES, INC.",0.0696,0.0252,umap,
firm_18364,"HOBBS, STRAUS, DEAN & WALKER, LLP",-0.1137,-0.0434,umap,
firm_400927689,CRANE STRATEGIES,0.0303,-0.1356,umap,
firm_401103211,CAPITOL ADVOCACY PARTNERS,0.173,0.7388,umap,no_issue_data
firm_294291,"TIBER CREEK ASSOCIATES OF CAPITOL HILL, INC.",0.3638,0.1338,umap,
firm_40012089,SUMMIT HEALTH CARE CONSULTING,0.2902,-0.3001,umap,
firm_67854,ICE MILLER LLP,-0.0409,0.1535,umap,
firm_306011,FIDELIS GOVERNMENT RELATIONS,0.0387,0.0496,umap,
firm_400531585,"ALLEGIANCE STRATEGIES, LLC",0.1369,0.4608,umap,
firm_401103255,TAYLOR STRATEGIES,0.0436,-0.1772,umap,
firm_401106383,LOCKE LORD LLP,0.0591,-0.0581,umap,
firm_400424026,"TIM YEHL, LLC",-0.4471,-0.0933,umap,
firm_74556,JAMES P. KEESE,0.0131,-0.2601,umap,
firm_40021155,"GALILEO CONSULTING GROUP, INC.",0.0484,-0.1442,umap,
firm_401105818,"MEEKS, BUTERA & ISRAEL PLLC",-0.0756,-0.1238,umap,
firm_401104249,BLUE MOUNTAIN STRATEGIES,0.1424,0.4604,umap,
firm_400531587,MR. ROBERT ZIMMER,-0.3248,-0.1118,umap,
firm_401106670,CLARK HILL PUBLIC STRATEGIES LLC,0.335,0.0211,umap,
firm_401106683,"INTEGER, LLC",0.4488,-0.2134,umap,
firm_4117,APCO WORLDWIDE LLC,0.1224,0.6908,umap,no_issue_data
firm_67193,MORRISON PUBLIC AFFAIRS GROUP,0.0349,-0.0578,umap,
firm_400427058,MR. WILLIAM BALL,0.1692,-0.1224,umap,
firm_401105811,CAPITOL TRANSPORTATION CONSULTING,0.127,0.6945,umap,no_issue_data
firm_401104468,"SHUMAKER ADVISORS FLORIDA, LLC",0.1588,0.7247,umap,no_issue_data
firm_400407927,"FLAGSHIP GOVERNMENT RELATIONS, INC.",0.1558,-0.1059,umap,
firm_318298,CHRISTOPHER HEINZ,0.0574,-0.2422,umap,
firm_401106013,"OSCAR POLICY GROUP, LLC",0.1657,0.7317,umap,no_issue_data
firm_401104403,WATKINS & EAGER PLLC,0.1647,0.7307,umap,no_issue_data
firm_400568701,"DININO ASSOCIATES, LLC",0.6822,-0.2085,umap,
firm_400894609,"COMMONWEALTH RESEARCH ASSOCIATES, LLC",0.1743,-0.0691,umap,
firm_401105827,"ARTICLE ONE GROUP, LLC",0.0402,-0.2976,umap,
firm_400671007,"TAUZIN CONSULTANTS, LLC",0.1342,0.6052,umap,
firm_13118,"EDINGTON, PEEL & ASSOCIATES, INC.",-0.3573,-0.4085,umap,
firm_401106072,ABI ASSOCIATES,-0.1933,-0.1227,umap,
firm_400850504,"THE HAMM CONSULTING GROUP, LLC",0.1716,0.7375,umap,no_issue_data
firm_261,THE ADVOCACY GROUP,0.0466,-0.0023,umap,
firm_400635921,"SIXKILLER CONSULTING, LLC",-0.0838,0.6756,umap,
firm_401107972,ACORN CONSULTING,0.0592,0.0161,umap,
firm_401105899,LUCAS | COMPTON,0.352,-0.1167,umap,
firm_400625900,"CAPITOL STRATEGIES, LLC",0.1584,0.7241,umap,no_issue_data
firm_16178,"GIBSON, DUNN & CRUTCHER LLP",0.0727,-0.0221,umap,
client_00244,ULTRA MARITIME LLC (FORMERLY REPORTED AS ULTRA ELECTRONICS DEFENSE INC),-0.1295,-0.1441,umap,
firm_400428066,NWG ADVOCACY LLC,0.108,-0.2006,umap,
firm_14052,CAPITOL METEOROLOGICS,-0.152,-0.1294,umap,
firm_41113,"WEXLER | WALKER, A UNIT OF HILL+KNOWLTON STRATEGIES, LLC",-0.0952,0.0615,umap,
firm_84376,BORSKI ASSOCIATES,0.2398,-0.0375,umap,
firm_401104189,BIGHORN PUBLIC AFFAIRS GROUP,0.1223,0.6907,umap,no_issue_data
firm_401107774,O'NEIL BRADLEY CONSULTING LLC,-0.3301,-0.1185,umap,
firm_400414963,FEDERAL BUSINESS GROUP,0.1554,0.7212,umap,no_issue_data
firm_400427057,WOODBERRY ASSOCIATES,-0.0383,-0.153,umap,
firm_401103307,"AGM CONSULTING SERVICES, INC.",-0.217,-0.3817,umap,
firm_401104700,CORDONE CONSULTING LLC,0.3726,-0.016,umap,
firm_401104005,"KEY ADVOCATES, INC.",0.1523,0.7181,umap,no_issue_data
firm_401104418,"DOUCET CONSULTING SOLUTIONS, LLC",0.1385,0.7048,umap,no_issue_data
firm_401104541,"ATRIO CONSULTING GROUP, LLC",0.0512,-0.2138,umap,
firm_45835,MR. RICHARD GOODSTEIN,0.2778,0.4849,umap,
firm_400829463,LONE ROCK STRATEGIES,0.1651,0.7311,umap,no_issue_data
firm_400490410,"CAPITOL VENTURES GOVERNMENT RELATIONS, LLC",0.1732,0.739,umap,no_issue_data
firm_401106120,"SCHERTZ STRATEGIES, LLC",0.3166,-0.0136,umap,
firm_9090,"CLS STRATEGIES (FORMERLY CHLOPAK, LEONARD, SCHECHTER AND ASSOCIATES, INC.)",-0.2112,-0.3961,umap,
firm_401106003,"CAPITOL SOLUTIONS, LLC (DC)",0.1004,0.6743,umap,no_issue_data
firm_311371,"FEDERAL SOLUTIONS, LLC",-0.3822,-0.6184,umap,
firm_401105975,HOLLIS PUBLIC AFFAIRS,-0.0416,-0.0781,umap,
firm_401106902,"OCULUS STRATEGIES, LLC",0.101,0.6748,umap,no_issue_data
firm_86777,"AJW, INC.",0.307,0.0199,umap,
firm_310095,ULMAN PUBLIC POLICY & FEDERAL RELATIONS,0.0464,0.004,umap,
firm_400833471,OLSON ADVOCACY GROUP LLC,0.0762,0.4752,umap,
firm_401105870,"FORZA DC, LLC",-0.0838,0.6758,umap,
firm_401105220,DAVID W JONES,-0.4056,-0.2633,umap,no_issue_data
firm_401106802,PERSPECTIVE STRATEGIES,0.0855,-0.0275,umap,
firm_400384769,OTTERSON LLC,0.3117,0.5773,umap,
firm_400384779,"AUX INITIATIVES, LLC",0.1673,-0.6082,umap,
firm_401070011,"SMITH ADVOCACY GROUP, LLC",0.1628,0.7288,umap,no_issue_data
firm_401103265,THE KIDD GROUP LLC,0.3558,-0.1188,umap,
firm_401103705,THE CHERTOFF GROUP,-0.1088,-0.1006,umap,
firm_400384772,KENNETH GEAR,-0.3629,0.0506,umap,no_issue_data
firm_8395,"CARTWRIGHT & RILEY, INC.",0.2307,0.5697,umap,no_issue_data
firm_308970,"FEDERAL HILL GROUP, LLC",-0.0435,-0.0794,umap,
firm_401107690,PATEL PARTNERS LLC,0.3029,0.0555,umap,
firm_84456,"SHL AND ASSOCIATES, INC.",0.2196,0.0288,umap,
firm_3630,AMERICAN VETERINARY MEDICAL ASSOCIATION,0.6666,0.1144,umap,no_issue_data
firm_14690,FISHER CONSULTING,0.3108,0.5765,umap,
firm_400867541,DUANE MORRIS GOVERNMENT STRATEGIES,0.352,-0.1168,umap,
firm_401104378,"THE LIAISON GROUP, LLC",-0.1813,0.0837,umap,
firm_80350,THE MARGOLIN GROUP,-0.4493,-0.0924,umap,
firm_21610,CALMETTO MANAGEMENT GROUP,0.346,0.4314,umap,no_issue_data
firm_401105512,ECHELON GOVERNMENT AFFAIRS,0.1643,0.7304,umap,no_issue_data
firm_5448,"SIVON NATTER & WECHSLER, P.C. (FKA BARNETT SIVON & NATTER, P.C.)",-0.1809,0.0833,umap,
firm_401104726,10-SQUARE SOLUTIONS,-0.4901,0.3333,umap,
firm_401104033,YORKTOWN SOLUTIONS,0.3072,0.0385,umap,
firm_401104301,MWR CONSULTING,-0.1805,-0.0512,umap,
firm_290811,MS. ELIZABETH LAVACH,0.1712,0.7371,umap,no_issue_data
firm_47850,LAW OFFICES OF KEVIN G. CURTIN,-0.3828,-0.619,umap,
firm_401105094,THE MCSWANE GROUP,-0.2507,-0.5342,umap,
firm_16657,"GOVERNMENTAL STRATEGIES, INC.",0.2797,0.1756,umap,
firm_401105898,"LARRY PUCCIO, LLC",0.3835,0.2354,umap,
firm_11481,CUNEO GILBERT & LADUCA,0.0739,-0.1252,umap,
firm_400428072,CSA STRATEGY GROUP LLC (FORMERLY CSA STRATEGIES LLC),-0.4495,-0.0927,umap,
firm_400840483,PEEBLES BERGIN FKA PEEBLES KIDDER,0.3353,-0.0164,umap,
firm_61174,"DCI GROUP, L.L.C.",0.038,-0.2976,umap,
firm_11388,CROWELL GLOBAL ADVISORS,0.07,0.6563,umap,no_issue_data
firm_400683034,"DC STRATEGIES GROUP, LLC",0.0208,0.3274,umap,
firm_400878571,TG&C GROUP,0.0685,-0.1221,umap,
firm_283732,"PAUL MARCONE & ASSOCIATES, LLC",0.1709,-0.3252,umap,
firm_22746,THE MICHAEL LEWAN COMPANY,-0.0374,0.1272,umap,
firm_400421010,"H.A. CUMBER & COMPANY, INC.",0.0971,-0.0225,umap,
firm_401105683,LIVE OAK STRATEGIES,-0.0809,0.4446,umap,no_issue_data
firm_12516,DORSEY & WHITNEY LLP,0.1319,0.6988,umap,no_issue_data
firm_401103702,CASCADE STRATEGIES,0.2675,-0.2044,umap,
firm_12994,UNITED SPINAL ASSOCIATION,0.3403,0.4242,umap,no_issue_data
firm_401038925,"MORRISSEY STRATEGIC PARTNERS, LLC",0.2669,-0.2204,umap,
firm_401103852,THUNDERBIRD STRATEGIC LLC,0.1291,0.6963,umap,no_issue_data
firm_82215,"KEARNEY, DONOVAN & MCGEE",0.2649,-0.212,umap,
firm_76412,"MAYFORTH GROUP, LLC.",0.1478,0.7138,umap,no_issue_data
firm_400508502,NORTHFORK STRATEGIES,0.1361,0.6029,umap,
firm_401107033,"RBW GROUP, LLC",-0.0164,-0.1093,umap,
firm_401109030,"COVENANT GOVERNMENT AFFAIRS, LLC",-0.0818,-0.1271,umap,
firm_401105111,ANWAY LONG GROUP,0.0518,-0.1859,umap,
firm_401104878,"BROWN & FORTUNATO, P.C.",-0.295,0.3179,umap,
firm_401031906,"BROOKS BAWDEN MOORE, LLC, FORMERLY REPORTED AS BROOKS BAWDEN, LLC",0.0495,-0.3241,umap,
firm_401104020,THE NARDELLI GROUP,-0.2343,0.173,umap,
firm_401105447,BLUEBIRD STRATEGIES,0.0398,-0.1636,umap,
firm_400545627,LOPER CONSULTING LLC,0.0544,-0.1869,umap,
firm_401105212,PARK&K PUBLIC AFFAIRS LLC,0.2938,-0.3069,umap,
firm_401104606,"PAUL V. BEDDOE GOVERNMENT AFFAIRS, LLC",0.3089,-0.2998,umap,
firm_23452,MADISON GOVERNMENT AFFAIRS,0.1354,-0.0772,umap,
firm_401105938,"ALVA ELLIOTT PARTNERS, LLC",0.2918,-0.1377,umap,
firm_400421012,BUTLER SNOW LLP,0.1202,-0.024,umap,
firm_401105700,PATTERSON REAL BIRD & RASMUSSEN LLP,0.335,-0.0182,umap,
firm_401109033,THOLOS GOVERNMENT RELATIONS,0.046,0.0324,umap,
firm_401107217,ORIGIN ADVOCACY LLC,0.0774,0.0427,umap,
firm_37232,SULLIVAN & CROMWELL LLP,-0.0793,0.0539,umap,
firm_401109282,"S2R, LLC",0.053,-0.0461,umap,
firm_400933698,WYMAN ASSOCIATES,0.1882,-0.0144,umap,
firm_55256,"THE GALLAGHER GROUP, LLC",0.0519,0.5975,umap,no_issue_data
firm_18433,RICHARD F. HOHLT,0.004,0.0885,umap,
firm_9476,CLEARY GOTTLIEB STEEN & HAMILTON LLP,-0.0766,0.0533,umap,
firm_16681,EDMUND GRABER,0.1717,0.7377,umap,no_issue_data
firm_21426,"KENT & O'CONNOR, INC.",0.1919,0.4718,umap,
firm_400559668,PAVLUCHUK & ASSOCIATES,-0.2121,0.0383,umap,
firm_401106268,KILEY & ASSOCIATES,0.1817,0.0066,umap,
firm_319610,THOMPSON ADVISORY GROUP,0.2198,0.559,umap,no_issue_data
firm_401107308,LODESTONE DC,0.1696,-0.3249,umap,
firm_401103105,"JONES GROUP INTERNATIONAL, LLC",0.08,0.0477,umap,
firm_298012,"REINECKE STRATEGIC SOLUTIONS, INC.",0.0234,0.1377,umap,
firm_33124,"GRAY & OSCAR, LLC (FORMERLY BOB GRAY, LLC)",0.2765,0.0008,umap,
firm_401106174,"OLD NORTH STRATEGIES, LLC",-0.0901,-0.2933,umap,
firm_11914,GLENN DELANEY,0.6039,-0.0385,umap,
firm_401103651,DGSR LLC,0.0524,0.5966,umap,no_issue_data
firm_52880,"FORSCEY, PLLC",-0.0459,0.1246,umap,
firm_287350,ADVANCED CAPITOL CONSULTING,0.1568,-0.5479,umap,
firm_296293,BRAVO GROUP,0.125,0.2471,umap,
firm_301334,MAYNOR LLC,-0.0948,-0.1405,umap,
firm_401104741,ACG ANALYTICS,-0.0796,0.0627,umap,
firm_40026223,"M.J. SIMON & COMPANY, LLC",0.2743,-0.4994,umap,
firm_401103784,FLYWHEEL GOVERNMENT SOLUTIONS,0.1204,0.0227,umap,
firm_400751249,JOHN MCKECHNIE LLC,0.1719,0.7378,umap,no_issue_data
firm_401103619,"WARWICK GROUP CONSULTANTS, LLC",0.17,0.7361,umap,no_issue_data
firm_400944725,DOGWOOD STRATEGIES,0.2469,0.6587,umap,no_issue_data
firm_400954758,SCHOENING STRATEGIES,0.3536,-0.2791,umap,
firm_13461,"EMANUEL & ASSOCIATES, INC. (FKA ADAM EMANUEL)",0.1694,0.7355,umap,no_issue_data
firm_6757,BEAU BOULTER LLC,-0.1272,-0.1236,umap,
firm_31213,PERKINS COIE LLP,0.195,-0.0339,umap,
firm_304213,"ZIEBART CONSULTING, LLC",0.4391,0.1543,umap,
firm_401103521,"GAVEL RESOURCES, LLC",0.2323,0.5718,umap,no_issue_data
firm_401103359,HANKA ADVISOR LLC,0.1499,0.7158,umap,no_issue_data
firm_48760,GENESIS GROUP LLC,0.0704,0.0188,umap,
firm_401107315,ONMESSAGE PUBLIC STRATEGIES,-0.4217,0.2356,umap,no_issue_data
firm_291914,"LAW OFFICES OF FREDERICK H. GRAEFE, PLLC",0.0351,-0.1434,umap,
firm_401108914,RIDGE PATH STRATEGIES,0.0388,0.0,umap,
firm_23053,"LOCKRIDGE, GRINDAL, NAUEN, PLLP",-0.4573,0.1411,umap,
client_00167,"INTERNATIONAL MOTORS, LLC (FORMERLY NAVISTAR, INC)",0.5392,0.1069,umap,
firm_401104939,"CAPITOL POINT GROUP, LLC",0.1647,-0.4785,umap,
firm_401106028,"CUMBERLAND GAP CONSULTING, LLC",0.4002,-0.0298,umap,
firm_401108685,WASHINGTON GLOBAL ADVISORS LLC,0.1655,-0.6015,umap,
firm_40022172,"ALTRIUS GROUP, LLC",0.125,0.247,umap,
firm_400510505,"RWC, INC",0.3606,0.4453,umap,no_issue_data
firm_40047364,THE PENNSYLVANIA AVENUE GROUP,0.1695,0.7355,umap,no_issue_data
firm_400419998,THE BRIGHTUP GROUP LLC,0.1418,0.7079,umap,no_issue_data
firm_401105210,"WISE CAPITAL STRATEGY, LLC",0.1695,0.1554,umap,
firm_401107496,GREEN MOUNTAIN STRATEGIES LLC DC,0.0538,0.5947,umap,no_issue_data
firm_401027897,JAMES EDWARDS,0.0524,0.6429,umap,no_issue_data
firm_400958768,"POLICY INTEGRATION PARTNERS, LLC",0.4616,0.0309,umap,
firm_401104345,"ATCITTY & VAN NORMAN LAW, LLC",0.042,0.6189,umap,no_issue_data
firm_401103886,SCRIVNER LEON GROUP LLC,0.0514,0.6416,umap,no_issue_data
firm_401105233,"IQOM STRATEGIC ADVISORS, LLC",0.6064,-0.0404,umap,
firm_401107188,"YC CONSULTING, LLC",0.125,0.247,umap,
firm_401108172,ANCHOR & ARROW STRATEGIES,-0.081,0.4447,umap,no_issue_data
firm_11548,DA VINCI GROUP,0.1267,0.6942,umap,no_issue_data
firm_314215,"MATTOON & ASSOCIATES, LLC",0.2721,-0.2157,umap,
firm_401103935,"SARAH BLACKWOOD GOVERNMENT RELATIONS, LLC",0.1701,-0.0674,umap,
firm_401106938,TELEGRAPH AVENUE ADVISORS,0.3195,-0.0396,umap,
firm_300071,THE LEONARD GROUP,0.1315,0.212,umap,
firm_401047954,"S. VACA & ASSOCIATES, LLC",0.1521,-0.1102,umap,
firm_13882,ETKA CONSULTING,0.319,-0.0288,umap,
firm_400427054,"BEDROCK STRATEGIES, LLC",-0.2028,-0.3987,umap,
firm_15838,THE GARRISON GROUP LLC,0.3419,0.0252,umap,
firm_401105258,UNCORKED ADVOCATES,0.0239,-0.131,umap,
firm_401106433,STUMPTOWN STRATEGIES,0.2941,-0.2986,umap,
firm_313794,THE DLM GROUP,0.1421,0.7081,umap,no_issue_data
firm_401104056,SPINNAKER GOVERNMENT RELATIONS FKA C.H. FISHER LLC,0.1006,0.6744,umap,no_issue_data
firm_401107297,CONSTITUTION PARTNERS,0.2914,-0.137,umap,
firm_62255,MR. JOHN A. DEVIERNO,0.3518,-0.1166,umap,
firm_401103272,NORM DICKS AND ASSOCIATES LLC,-0.39,0.2706,umap,no_issue_data
firm_401104283,"PUBLIC POLICY ADVISORS, INC.",0.0265,-0.1349,umap,
firm_401104930,"KAE STRATEGIC, LLC",-0.1209,-0.1663,umap,
firm_401105977,"MZ ADVISING, LLC",0.2315,0.5707,umap,no_issue_data
firm_401104600,ALTA CREST LLC,0.058,0.5909,umap,no_issue_data
firm_401105054,LIPPES MATHIAS LLP (FKA LIPPES MATHIAS WEXLER FRIEDMAN LLP),-0.421,-0.4657,umap,
firm_401103963,"PTSA FORMERLY KNOWN AS ""MARK S. MORGAN",0.1859,0.0273,umap,
firm_400749244,JAMES CALLAN ASSOCIATES LLC,0.3459,-0.0269,umap,
firm_3878,"MORRIS J. AMITAY, PC",-0.1819,0.2913,umap,no_issue_data
firm_401105420,"O'ROURKE AND ASSOCIATES, LLC",0.0428,0.6263,umap,no_issue_data
firm_89895,CAPITOL CONSULTANTS LLC,0.7284,-0.4824,umap,
firm_317776,CREATIVE GOVERNMENT SOLUTIONS LLC,-0.3825,-0.6188,umap,
firm_401105777,EASTPORT STRATEGIES LLC,0.2495,0.6404,umap,no_issue_data
firm_400498459,MR. DANIEL DELICH,0.1673,-0.6073,umap,
firm_309275,THE FRITTS GROUP,0.078,0.0777,umap,
firm_401103720,"CONNECT 4 STRATEGIES, LLC",0.5853,0.3477,umap,
firm_401103849,"R2P STRATEGIES, LLC",0.1882,0.474,umap,
firm_401104385,WASHINGTON ADVOCACY GROUP,0.0939,-0.1561,umap,
firm_400791383,"PUBLIC STRATEGIES 360, LLC",0.0491,0.6019,umap,no_issue_data
firm_401104284,SEXTONS CREEK,-0.2361,-0.1991,umap,
firm_400454181,MR. MARK REY,0.1713,0.7373,umap,no_issue_data
firm_400813422,THE SUMMERILL GROUP LLC,0.2411,0.5962,umap,no_issue_data
firm_401108050,SKYLINE CAPITOL LLC,-0.1187,-0.1584,umap,
firm_82272,"FOX POTOMAC RESOURCES, LLC",0.3691,0.2259,umap,
firm_401103704,PALLADIAN HILL STRATEGIES,0.0768,0.079,umap,
firm_1650,AMERICAN ASSOCIATION OF NURSE ANESTHETISTS,0.4872,-0.3929,umap,
firm_39928,THE VECTRE CORPORATION,0.1672,-0.6052,umap,
firm_401104679,CURA STRATEGIES,0.0697,0.6561,umap,no_issue_data
firm_401108712,INTERSECTION,0.2455,0.6602,umap,no_issue_data
firm_401106330,WASHINGTON NAVIGATORS,-0.1208,0.3054,umap,
client_01103,"NATIONAL GUARD ASSOCIATION OF THE UNITED STATES, INC.",-0.2157,-0.3848,umap,
firm_401104328,"CAMERON KRIER MASSEY, INC. DBA SCOUT GR",-0.2738,0.3165,umap,
firm_401105249,AVANT BISHOP WASHINGTON & BLACK LLC,0.1676,-0.6025,umap,
firm_401109383,CONVERGE PUBLIC STRATEGIES,0.1546,-0.0399,umap,
firm_401105663,EQV STRATEGIC,0.2497,0.6441,umap,no_issue_data
firm_400940714,MR. JAIME STEVE,0.249,0.6355,umap,no_issue_data
firm_401103747,SACHEM STRATEGIES,0.0438,0.6296,umap,no_issue_data
firm_21916,THEODORE KRONMILLER,0.1475,-0.1149,umap,
firm_31918,THE POTOMAC GROUP,0.2394,0.5884,umap,no_issue_data
firm_401106905,JEFFRIES STRATEGIES LLC,0.0734,-0.0425,umap,
firm_40006040,SCOFES & ASSOCIATES CONSULTING INC,0.2259,0.4472,umap,
firm_401109669,"B HALL STRATEGIES, LLC",0.0595,-0.1627,umap,
firm_292094,POLICY NAVIGATION GROUP,0.315,0.083,umap,
firm_401104449,BASSGLP LLC,-0.0127,0.1013,umap,
firm_401104823,INTEREL US,0.2745,-0.4992,umap,
firm_86356,MERIDIAN HILL STRATEGIES FORMERLY KNOWN AS ERNEST C. BAYNARD IV,0.1145,0.6849,umap,no_issue_data
firm_400856517,THE CONNOLLY GROUP,0.0422,0.6183,umap,no_issue_data
firm_401105134,ACUMENDC LLC,-0.0886,0.4488,umap,no_issue_data
firm_401105251,THE FERRARO GROUP,0.2759,-0.496,umap,
firm_400704110,MIDFIELD CONSULTING LLC,0.1881,0.029,umap,
firm_401104735,"INSIGHT PUBLIC AFFAIRS, INC.",0.0182,0.001,umap,
firm_401106624,CROSSWINDS SOLUTIONS,0.2546,0.0908,umap,
firm_400458209,MR. PETER SNELL,-0.042,0.1167,umap,
firm_400411947,WASHINGTON HEALTH STRATEGIES GROUP,0.3723,0.5115,umap,no_issue_data
firm_401062995,"C6 STRATEGIES, LLC (FKA MS. DANA W. HUDSON)",-0.1151,-0.1669,umap,
firm_401103459,DAVID A. BRADLEY,-0.0725,0.669,umap,
firm_401106149,"BATIE & ASSOCIATES, LLC",0.2249,0.5634,umap,no_issue_data
firm_401104680,"CALFEE, HALTER & GRISWOLD LLP",-0.0874,-0.0034,umap,
firm_401104895,"RIVERSIDE STRATEGIC SOLUTIONS, LLC",-0.2397,-0.202,umap,
firm_401106818,"GOVERNMENT AFFAIRS SOLUTIONS, LLC",-0.3098,-0.0492,umap,
firm_400658979,"ANNDYL POLICY GROUP, LLC",0.2931,0.0502,umap,
firm_317275,INTEGRATED SOLUTIONS GROUP,-0.405,0.2544,umap,no_issue_data
firm_38676,TUTTLE TAYLOR AND HERON,0.6066,-0.0407,umap,
firm_305338,BERNSTEIN STRATEGY GROUP,0.1413,0.7074,umap,no_issue_data
firm_401106035,THE COMPLETE AGENCY,0.0723,-0.1611,umap,
firm_401103766,"COOLEY, LLP",0.4677,-0.0975,umap,
firm_401104327,AVENUE STRATEGIES,0.3815,0.2342,umap,
firm_401105055,"BERQUAM VENTURES, LLC",0.0493,0.6018,umap,no_issue_data
firm_89133,BLANK ROME LLP,0.3107,0.5766,umap,
firm_401104329,DAVE KOLBE CONSULTING,-0.1254,-0.3234,umap,
firm_401109225,NESTPOINT ASSOCIATES LLC,0.2196,0.5588,umap,no_issue_data
firm_401103260,"E2 STRATEGIES, LLC",0.1292,0.6964,umap,no_issue_data
firm_401104623,SINHA ASSOCIATES LLC,-0.0805,-0.1438,umap,
firm_401105112,RANDALL DAVIS ASSOCIATES LLC,0.1261,0.0334,umap,
firm_23838,MARKLEY AND COMPANY,0.2437,0.6171,umap,no_issue_data
firm_401103662,FEDERAL CITY STRATEGIES,0.0003,-0.0718,umap,
firm_401107227,"CAPROCK STRATEGIES, LLC",-0.3682,0.4385,umap,
firm_401105216,EVOLVE STRATEGIES LLC,0.0668,0.1896,umap,
firm_15020,"FLYNN & ASSOCIATES, INC.",-0.1267,-0.3224,umap,
firm_401105865,MERKAVA STRATEGIES CORPORATION,0.3616,0.4459,umap,no_issue_data
firm_401107461,"LINDA MAYNOR, INC.",-0.095,-0.1408,umap,
firm_295510,GREYSTONE GROUP LLC,-0.1524,-0.1288,umap,
firm_401107844,"AZ DC CONSULTING, LLC",0.2439,0.6182,umap,no_issue_data
firm_5062,CML CONSULTING SERVICES INC. (FORMERLY L.A. SKIP BAFALIS),0.1698,0.7359,umap,no_issue_data
firm_14963,FLORIDA SUGAR CANE LEAGUE,0.3916,-0.031,umap,
firm_401104200,ECONOMIC POLICY STRATEGIES,0.0039,0.0797,umap,
firm_401105264,ARDEIDAE GROUP LLC,0.3949,0.1528,umap,
firm_401106745,QUILL ADVISERS LLC,0.4496,-0.2168,umap,
firm_401104271,"CAPITOL PARTNERS, LLC",0.0542,0.5947,umap,no_issue_data
firm_401103533,IVY GREEN CONSULTING,-0.0274,-0.2285,umap,
firm_401106604,INLET STRATEGIES,0.057,-0.187,umap,
firm_401103511,"MAGILL ASSOCIATES, LLC",-0.1924,-0.1211,umap,
firm_401106507,SMART POLICY GROUP LLC,0.2321,0.5714,umap,no_issue_data
firm_29403,CONSUMER HEALTHCARE PRODUCTS ASSOCIATION,0.6675,0.1134,umap,no_issue_data
firm_295031,"COMPASS CONSULTING GROUP, LLC",0.2797,0.1756,umap,
firm_401104048,HILLTOP ADVOCACY,0.1278,0.6952,umap,no_issue_data
firm_401105310,JOCELYN HONG & ASSOCIATES,0.2438,0.6618,umap,no_issue_data
firm_79596,"FENNEL CONSULTING, LLC",0.0122,0.3182,umap,
firm_401103116,CALFEE STRATEGIC SOLUTIONS,0.0653,-0.0478,umap,
firm_401106567,PHOENIX STRATEGIES INC.,0.2437,0.6622,umap,no_issue_data
firm_400482378,"RUNYAN PUBLIC AFFAIRS, LLC",-0.0259,0.0954,umap,
firm_313998,"PENDULUM STRATEGIES, LLC",0.0583,-0.033,umap,
firm_401108659,ARK STRATEGY,-0.1154,-0.1677,umap,
firm_401105460,HAWLEY LLC,0.6013,0.182,umap,
firm_400418985,MR. MICHAEL ROMANSKY,-0.2749,0.3194,umap,
firm_401104372,CGA STRATEGIES LLC,0.0389,-0.0437,umap,
firm_401109306,"DRAKE VENTURES, LLC",0.6641,0.1161,umap,no_issue_data
firm_401106236,EXIGENT GOVERNMENT RELATIONS,0.2193,0.5587,umap,no_issue_data
firm_401103312,HILL STRATEGY LLC,-0.3368,-0.137,umap,
firm_23463,MR. CLIFF MADISON,0.1059,-0.034,umap,
firm_401103451,MILESTONE FEDERAL SOLUTIONS,0.0459,0.6341,umap,no_issue_data
firm_401107899,9TH STREET STRATEGIES,-0.053,0.0574,umap,
firm_8293,CARLYLE CONSULTING,0.4578,-0.2122,umap,
firm_401104134,ROBERT ROZEN,0.0697,0.656,umap,no_issue_data
firm_33545,ROCK & ASSOCIATES,0.1504,0.7163,umap,no_issue_data
firm_401108359,ACCELERATE STRATEGIES,0.0432,0.6151,umap,no_issue_data
firm_401106407,RUSHMORE STRATEGIC ADVISORS LLC,0.1743,0.4299,umap,
firm_400500471,GOTHAM GOVERNMENT RELATIONS,0.2413,0.5977,umap,no_issue_data
firm_11402,IKON PUBLIC AFFAIRS,0.246,0.6248,umap,no_issue_data
firm_400265210,DICKINSON WRIGHT PLLC,-0.3303,-0.1183,umap,
firm_400478356,SEWARD SQUARE GROUP,-0.1268,-0.3224,umap,
firm_401068005,"DYNAMIC CHANGE GROUP, LLC",-0.0886,0.4489,umap,no_issue_data
firm_400703103,"LJ CONSULTING, LLC",-0.0892,-0.231,umap,
firm_401106353,THE HALCROW GROUP LLC,-0.1419,-0.1612,umap,
firm_401105146,"SIX-7 STRATEGIES, LLC",0.3359,-0.016,umap,
firm_400498457,"ROSEMONT ASSOCIATES, LLC",0.1936,0.4242,umap,
firm_58636,CONGRESSIONAL STRATEGIES LLC,0.5961,0.178,umap,
firm_401109637,BREAKAWAY,-0.0947,0.0608,umap,
firm_57533,MR. KHALIL SALIBA,0.1793,0.0044,umap,
firm_40830,"WEBSTER, CHAMBERLAIN & BEAN, LLP",0.3601,-0.1268,umap,
firm_401104343,"THE COLOR NINE GROUP, LLC",0.1042,0.6775,umap,no_issue_data
firm_401096059,MR. GREGORY COHEN,0.1259,-0.0295,umap,
firm_34592,"SCHRAMM, WILLIAMS & ASSOCIATES, INC.",0.0699,0.6562,umap,no_issue_data
firm_401105108,"ALEXANDRIA VENTURES, LLC",-0.0412,0.1535,umap,
firm_401108944,LILETTE ADVISORS,0.0807,0.1038,umap,
firm_400887597,"HILLSTAFFER, LLC",0.101,0.6748,umap,no_issue_data
firm_40002020,QUADRIPOINT STRATEGIES LLC,0.081,0.0101,umap,
firm_400445137,LESIC AND CAMPER COMMUNICATIONS,0.1251,0.247,umap,
firm_401103314,LUNGREN LOPINA LLC,0.5859,0.3476,umap,
firm_401103558,CYRRUS ANALYTICS LLC,0.1238,0.6919,umap,no_issue_data
firm_401103692,"BRIDGE STREET GROUP, LLC",-0.1139,-0.0405,umap,
firm_303597,"CAPITOL CONNECTIONS, LLC",0.1212,0.6898,umap,no_issue_data
firm_313750,MR. THAD HUGULEY,0.1293,0.4659,umap,
firm_401103132,"PERRY, WHITE, ROSS & JACOBSON, LLC",0.0565,0.5918,umap,no_issue_data
firm_401103745,"COASPIRE, LLC",0.0548,0.5936,umap,no_issue_data
firm_401104667,"BAILEY STRATEGIC ADVISORS, LLC",0.1042,-0.0075,umap,
firm_69071,AGVANTAGE LLC,0.3926,-0.032,umap,
firm_401103224,VANTAGE POINT STRATEGIES LLC,0.1797,0.006,umap,
firm_401108770,CAPITOL PATH CONSULTING LLC FKA CULTON CONSULTING LLC,0.143,0.709,umap,no_issue_data
firm_400471327,"CONSERVATION PATHWAYS, LLC",0.1051,0.6782,umap,no_issue_data
firm_310791,THE MONDELLO GROUP LLC,0.2194,0.0665,umap,
firm_73670,THOMPSON CONSULTING GROUP,0.1626,0.7287,umap,no_issue_data
firm_401105872,MICHAEL POWELSON,0.249,0.6564,umap,no_issue_data
firm_401103779,HIGH STREET STRATEGIES LLC,0.1602,0.7262,umap,no_issue_data
firm_400783358,MS. MICHELLE NAWAR,0.2419,0.6081,umap,no_issue_data
firm_401103157,"POTOMAC GOVERNMENT RELATIONS, LLC",0.2124,0.1654,umap,
firm_40025211,"CONFRERE STRATEGIES, LLC",0.2489,0.6565,umap,no_issue_data
firm_400660986,"MASON CONSULTING, LLC",-0.1173,0.3005,umap,
firm_401103630,SACKLER BRINKMANN & HUGHES LLC,0.2489,0.6565,umap,no_issue_data
firm_401104426,KENT CAPERTON CONSULTING,0.0481,0.604,umap,no_issue_data
firm_401006842,"WINN STRATEGIES, LLC",0.0467,0.6351,umap,no_issue_data
firm_401104724,"CSS PARTNERS, LLC",0.0114,0.105,umap,
firm_401106364,THE ANGLE,-0.4213,0.2361,umap,no_issue_data
firm_40002018,"CANSLER CONSULTING, LLC",0.0479,0.6033,umap,no_issue_data
firm_400428070,"NATIONAL HEALTH ADVISORS, LLC",-0.2742,0.3193,umap,
firm_401105838,"STARZYK & ASSOCIATES, LLC",-0.0788,0.4448,umap,no_issue_data
firm_401109668,"CRAVATH, SWAINE & MOORE LLP",0.4708,-0.2074,umap,
firm_401104417,BLUE MARBLE STRATEGY LLC,0.1694,0.7354,umap,no_issue_data
firm_401105363,ACUITY STRATEGIC PARTNERS LLC,0.2463,0.6256,umap,no_issue_data
firm_401105570,PROVENTURE CONSULTANTS LLC,0.247,0.6586,umap,no_issue_data
firm_401104348,"FIRST PRINCIPLES STRATEGIES, LLC",0.0547,0.5936,umap,no_issue_data
firm_400359637,"RICHARD J. LEIDL, P.C.",0.1334,0.7002,umap,no_issue_data
firm_400396870,MICHAEL STRACHN,0.2546,0.0909,umap,
client_02192,COUNCIL FOR A LIVABLE WORLD,-0.1291,-0.1586,umap,
firm_60537,"IETAN CONSULTING, LLC",0.3593,-0.1217,umap,
firm_401105154,CULTIVATING CONSERVATION,0.2319,0.5709,umap,no_issue_data
firm_284471,"CAPITOL IMPACT, LLC",0.0438,0.6132,umap,no_issue_data
firm_401104132,PINE STREET STRATEGIES,0.1667,-0.6064,umap,
firm_400361684,"RICHARD J. SCHOLZ, P.A. (FKA JACOBS SCHOLZ & WYLER, LLC)",0.0559,0.5924,umap,no_issue_data
firm_401103520,THE ESTELL GROUP LLC,0.2489,0.6565,umap,no_issue_data
firm_401104386,KTE COMMUNICATIONS LLC,0.3443,0.5186,umap,no_issue_data
firm_401106238,"CAPITOL ENERGY ADVOCACY, LLC",-0.0843,0.4458,umap,no_issue_data
firm_22438,"LEDGE COUNSEL, INC.",0.1021,0.6757,umap,no_issue_data
firm_25897,"MORRISON & FOERSTER, LLP",0.3877,0.4606,umap,no_issue_data
firm_401107311,"STRATEGIC CAPITOL GROUP, LLC",0.1005,0.6744,umap,no_issue_data
firm_89097,"PREWITT GROUP, P.A.",-0.3891,0.2715,umap,no_issue_data
firm_401108081,"TIDAL BASIN ADVISORS, INC.",0.1414,0.5989,umap,
firm_91091,FIRST STRATEGIC,0.6013,0.182,umap,
firm_401104753,"WANETA STRATEGIES, LLC",0.249,0.635,umap,no_issue_data
firm_401104311,TIMOTHY A. GLASSCO CONSULTING LLC,0.3684,0.2261,umap,
firm_401106351,BRICK STREET STRATEGY,-0.3105,-0.0485,umap,
firm_401107332,"THE JACKSON GROUP, LLC",0.146,0.3323,umap,no_issue_data
firm_294212,"G S PROCTOR AND ASSOCIATES, INC",0.2483,0.632,umap,no_issue_data
firm_24624,WATKINSON MILLER PLLC,0.1827,-0.2031,umap,
firm_72598,BUSINESS GOVERNMENT SOLUTIONS,0.3193,-0.0273,umap,
firm_401105534,"ALPEX INTERNATIONAL, LLC",0.4614,0.031,umap,
firm_401107703,FONTENOT HEALTH POLICY LLC,-0.4134,0.2446,umap,no_issue_data
firm_302290,"BOLTON-ST. JOHNS, LLC",-0.1498,-0.1301,umap,
firm_401105907,PARK ROAD TRADE LLC,0.6066,-0.0407,umap,
firm_401103555,"ARENA STRATEGIES, LLC",0.051,0.6411,umap,no_issue_data
firm_401017872,"JGB & ASSOCIATES, LLC",0.196,-0.0588,umap,
firm_401105567,CHRISTIE 55 SOLUTIONS LLC,0.5584,-0.4296,umap,
firm_401108472,VALIANT STRATEGIES LLC,0.134,-0.0761,umap,
firm_305032,"HOLCH & ERICKSON, LLP",-0.4207,-0.4655,umap,
firm_305098,"ADUSTON CONSULTING, LLC",0.0334,0.0652,umap,
firm_401103966,THE KUTLER GROUP,0.2899,-0.3011,umap,
firm_401105113,"DOMER CONSULTING, LLC",0.2487,0.6334,umap,no_issue_data
firm_400911656,KENNETH BROWN,0.4061,0.6605,umap,
firm_401103356,CORREIA & OSOLINIK,-0.4713,-0.073,umap,
firm_401105336,GIRARD GOVERNMENT RELATIONS,-0.1098,0.4682,umap,no_issue_data
firm_401103858,"THINKP3, LLC",0.2798,0.1753,umap,
firm_401105123,MOONWALKER ASSOCIATES,-0.1179,0.4783,umap,no_issue_data
firm_400670003,"LEBLANC GOVERNMENT RELATIONS, LLC",0.0525,0.6426,umap,no_issue_data
firm_401105651,GROUNDSWELL STRATEGY LLC,0.0983,0.0015,umap,
firm_401103578,STALLMER CONSULTING LLC,0.1222,0.6906,umap,no_issue_data
firm_401105585,FOREST HILL CONSULTING,-0.1556,0.5405,umap,no_issue_data
firm_401103573,FORESIGHT LAW + POLICY PLLC,0.1257,0.2056,umap,
firm_401109131,MARBLE ARCH,-0.1794,0.0825,umap,
firm_401103384,BRIMLEY GROUP INC.,0.1419,0.7079,umap,no_issue_data
firm_400549647,GPSLLC,0.16,0.0792,umap,
firm_308731,"HUDSON COOK, LLP",-0.181,0.0836,umap,
firm_401103251,GOVERNMENT SOLUTIONS LLC,-0.0735,-0.137,umap,
firm_401109560,ANKURA ADVOCACY LLC,-0.4091,-0.2514,umap,no_issue_data
firm_40009064,"MR. BALTAZAR SERNA, JR.",0.1014,0.6751,umap,no_issue_data
firm_401103443,ANN WARNER LLC,0.0432,0.6278,umap,no_issue_data
firm_401106757,AND PARTNERS LLC,0.3675,0.2261,umap,
firm_401104948,RICHARD SAWAYA,0.2913,-0.1361,umap,
firm_401103640,THE FEIGHAN TEAM,0.1042,0.6775,umap,no_issue_data
firm_400319495,"POTOMAC CURRENTS, LLC",0.1067,0.6794,umap,no_issue_data
firm_401105467,SUMMIT PUBLIC AFFAIRS,-0.1155,0.4806,umap,no_issue_data
client_00659,CITGO PETROLEUM CORPORATION,0.1887,0.0289,umap,
firm_401109141,THE RESERVE COMPONENT,0.1661,-0.4822,umap,
firm_401108978,HARPER & BAILEY GOVERNMENTAL SOLUTIONS LLC,0.2421,0.6083,umap,no_issue_data
firm_401103732,ROKALA PUBLIC AFFAIRS (FKA MR MARK ROKALA),0.0693,0.6557,umap,no_issue_data
firm_400661993,THE LANDE GROUP,0.346,0.518,umap,no_issue_data
firm_400805408,"DEFENSE CONSULTING GROUP, LLC",-0.0618,-0.1239,umap,
firm_401103236,PETER TURZA,0.6588,-0.3199,umap,
firm_401106367,TOTAL SPECTRUM/STEVE GORDON & ASSOCIATES,0.2401,0.5906,umap,no_issue_data
firm_25988,KATE MOSS,0.0698,-0.1123,umap,
firm_401105391,CRESTVIEW STRATEGY US LLC,-0.101,0.4943,umap,no_issue_data
firm_401104776,MGD STRATEGIES LLC,0.0441,0.6124,umap,no_issue_data
firm_400298404,EDUCATIONCOUNSEL LLC,-0.12,0.3048,umap,
firm_400748240,BOYDEN GRAY & ASSOCIATES PLLC,0.2121,0.4139,umap,
firm_401104528,"MADISON LAW & POLICY, P.C.",-0.3311,-0.1198,umap,
firm_401104815,RML STRATEGIES,0.1808,0.3459,umap,no_issue_data
firm_401107117,"LANGLEY CONSULTING, LLC",0.0245,0.1375,umap,
firm_401105317,JD LISS ASSOCIATES FORMERLY KNOWN AS JONATHAN DAVID LISS,0.0545,-0.1457,umap,
firm_401107028,BONDI PARTNERS ADVOCACY CORP. (FKA PACIFIC PARTNERS),0.6079,-0.041,umap,
firm_401104837,KELSAY STRATEGIES LLC,-0.0382,0.1536,umap,
firm_401103855,LINCOLN CONCEPTS,0.3678,0.2269,umap,
firm_401106573,GRV STRATEGIES LLC,0.0447,-0.3117,umap,
firm_401104804,STRATEGIC POLICY COUNSEL PLLC,-0.1134,0.4818,umap,
firm_401105014,NEOGENOMICS LABORATORIES,0.3443,0.4295,umap,no_issue_data
firm_401108647,HOGAN POLICY ADVISORS,0.0756,-0.123,umap,
firm_400430084,"LUCAS | COMPTON, LLC FORMERLY MADISON POLICY GROUP, LLC",0.244,0.6183,umap,no_issue_data
firm_322911,THE MATHIS HARPLE GROUP,0.1218,0.6902,umap,no_issue_data
firm_89155,GRANT CONSULTING GROUP,0.2266,0.065,umap,
firm_315318,"NORTH BRIDGE COMMUNICATIONS, INC.",0.1826,-0.2031,umap,
firm_401107041,"PATINO BREWSTER & PARTNERS, LLC",0.6095,-0.041,umap,
firm_400962773,"BEN NIGHTHORSE CONSULTANTS, INC.",-0.0175,0.1036,umap,
firm_401109488,"ERL FEDERAL CONSULTANTS, LLC",-0.182,0.2913,umap,no_issue_data
firm_401109491,"ADVOCUS PARTNERS, LLC",0.1623,-0.0076,umap,
firm_401105913,JEFF MILLER GROUP,0.3379,0.4213,umap,no_issue_data
firm_401103556,MEREVIR CONSULTING,0.162,-0.009,umap,
firm_401104596,YELLOWSTONE STRATEGIES,0.0454,0.6332,umap,no_issue_data
firm_401107384,IUS IMPACT LLC,0.3633,0.447,umap,no_issue_data
firm_33432,LIZ ROBBINS ASSOCIATES,0.3693,0.5117,umap,no_issue_data
firm_401105775,"RUTLEDGE POLICY GROUP, LLC",0.3914,0.463,umap,no_issue_data
client_00150,AMERICAN ACADEMY OF NEUROLOGY,0.3553,-0.2836,umap,
firm_401103903,BECKER LAW FIRM PLLC,0.2721,-0.2189,umap,
firm_400315471,"PRINCE GLOBAL SOLUTIONS, LLC",0.2489,0.6565,umap,no_issue_data
firm_401105009,"LEHMAN NILON & ASSOCIATES, LLC",0.1913,0.4728,umap,
firm_401105607,"ROBERT A. BRADY CONSULTING, LLC",0.3953,0.5071,umap,no_issue_data
firm_13324,ELECTRIC DRIVE TRANSPORTATION ASSOCIATION,0.2261,0.3428,umap,no_issue_data
firm_40013101,THE POLICY GROUP,0.0766,-0.4032,umap,
firm_63110,DALEY POLICY GROUP,0.1008,0.6747,umap,no_issue_data
firm_401106022,BLOUNT STRATEGIC INITIATIVES,0.1019,0.6756,umap,no_issue_data
firm_401105214,RUTTENKERN POLICY GROUP,0.0548,0.5935,umap,no_issue_data
firm_401106286,"STEPHEN WARD CONSULTING, LLC",0.3941,0.5082,umap,no_issue_data
firm_401105543,FJD STRATEGIES LLC,0.3656,0.4483,umap,no_issue_data
firm_18182,HICKS-RICHARDSON ASSOCIATES,0.1426,0.7086,umap,no_issue_data
firm_20777,"JOHNSTON & ASSOCIATES, LLC",0.3341,0.5236,umap,no_issue_data
firm_283878,"VERITAS ADVISORS, LLP",0.1222,0.6907,umap,no_issue_data
firm_401105522,"PCH STRATEGIES, LLC",-0.0511,-0.084,umap,
firm_40033289,MR. DAN PERRIN,0.0506,0.6406,umap,no_issue_data
firm_401104358,THE LAW OFFICE OF WILLIAM J. DONOVAN,-0.3667,0.0421,umap,no_issue_data
firm_401104362,"SMW PARTNERS, LLC",-0.3683,0.0406,umap,no_issue_data
firm_401108186,CORBIN STRATEGIES LLC,0.3424,-0.0429,umap,
firm_401105805,BARLOON.CO,0.1354,0.6044,umap,
firm_401105965,"ELIAS WALKER, INC.",0.3416,-0.0444,umap,
firm_298898,"THE ROSE COMPANY, LLC",0.2486,0.6335,umap,no_issue_data
firm_401104415,HR STRATEGIES LLC,0.3332,0.524,umap,no_issue_data
firm_401104567,JIM GOULD STRATEGIES LLC,0.0688,-0.5266,umap,
firm_401105846,"SCARINCI & HOLLENBECK, LLC",-0.3892,0.2715,umap,no_issue_data
firm_314432,"WHITAKER STRATEGIES (STEPHEN B. WHITAKER DBA WHITAKER SRATEGIES, FORMERLY WHITAK",0.3615,0.446,umap,no_issue_data
firm_401105366,THE TOLMAN GROUP,0.1314,0.2118,umap,
firm_315158,THE FIORENTINO GROUP,0.3588,-0.1216,umap,
firm_401104199,STRATEGOS PUBLIC AFFAIRS,-0.0089,0.298,umap,
firm_400679025,"THE RANDEL GROUP, LLC",0.0564,0.5918,umap,no_issue_data
firm_68478,BABBAGE COFOUNDER,0.242,0.6082,umap,no_issue_data
firm_48782,"JEFFERSON BUSINESS CONSULTING, LLC",-0.4131,0.2449,umap,no_issue_data
firm_400761275,"REPUBLIC CONSULTANTS, LLC",-0.1679,0.5272,umap,no_issue_data
firm_401108410,"CONVERGENCE STRATEGIES, LLC",0.0816,0.0426,umap,
firm_30941,PAYNE SHEA & ASSOCIATES,0.2413,0.5976,umap,no_issue_data
firm_400458211,MR. MATTHEW R. SIMMONS,-0.5012,-0.1107,umap,
firm_400718159,CARTERMCCLEAN LLC,0.2401,0.5902,umap,no_issue_data
firm_400432094,"THE ROSS GROUP, LLC",-0.279,0.3256,umap,
firm_86697,HICKS-RAY ASSOCIATES,0.0445,0.6117,umap,no_issue_data
firm_292777,HOBOKEN STRATEGY GROUP,0.0426,0.6244,umap,no_issue_data
firm_401106795,"ROSEWOOD GLOBAL ADVISORS, LLC",0.1667,0.3392,umap,no_issue_data
firm_401106551,"TIDAL STRATEGIES, LLC",-0.0834,0.4451,umap,no_issue_data
firm_401105370,COMMONWEALTH CONSULTING PARTNERS,0.1197,0.6886,umap,no_issue_data
firm_401103346,"EDNEXUS ADVISORS, LLC",0.4675,-0.0973,umap,
firm_401107756,MODERN FORTIS LLC,-0.1117,0.4842,umap,no_issue_data
firm_401108536,MEDSECUREAN.COM,-0.0226,-0.2312,umap,
firm_6303,"HUSCH BLACKWELL, LLP",0.191,0.425,umap,
firm_285610,TONIO BURGOS & ASSOCIATES OF NEW JERSEY LLC,0.4529,-0.2067,umap,
firm_401105615,"BROADWATER INTERNATIONAL, INC.",-0.2426,-0.3771,umap,
firm_401103599,"WEST & WEST, LLC",-0.1164,0.4797,umap,no_issue_data
firm_401104830,PUBLIC PRIVATE STRATEGIES,0.2658,-0.2061,umap,
firm_401106049,"CAPITOL ALLIANCE GROUP, INC",0.1269,0.4273,umap,
firm_400849500,THE SUMMERILL LAW FIRM,-0.3838,-0.2668,umap,no_issue_data
firm_13200,THE MACON EDWARDS COMPANY,0.3618,-0.0006,umap,
firm_18318,MR.RICHARD HIRN,0.224,0.5623,umap,no_issue_data
firm_40236,"VORYS, SATER, SEYMOUR AND PEASE LLP",-0.0827,0.445,umap,no_issue_data
firm_81351,"OBADAL, FILLER, MACLEOD & KLEIN, P.L.C.",-0.4062,-0.0134,umap,
firm_302517,"HAMMER ASSOCIATES, LLC",0.2469,0.6271,umap,no_issue_data
firm_401103740,ALYCIA FARRELL,-0.1403,-0.1618,umap,
firm_401105006,VICTORY COALITION STRATEGIES LLC,0.1647,0.3384,umap,no_issue_data
firm_401105261,VAN BUSKIRK AND ASSOCIATES LLC,0.1665,-0.1215,umap,
firm_401106227,SALINAS STRATEGIES LLC,-0.1815,0.0834,umap,
firm_401108916,"THE HARPLE GROUP, LLC",0.0758,-0.1227,umap,
firm_401108954,"INSIDE THE BELTWAY SOLUTIONS, LLC",-0.2392,-0.2015,umap,
firm_401109357,BELLWETHER GOVERNMENT AFFAIRS LLC,0.2731,-0.2176,umap,
firm_400705117,ROY RAMTHUN,0.4081,0.4775,umap,no_issue_data
firm_401105992,AURORA STRATEGIC ADVISORS,0.1427,0.7087,umap,no_issue_data
firm_16327,"GLOBAL COMMUNICATORS, HARFF COMMUNICATIONS INC D/B/A GLOBAL COMMUNI",0.4115,-0.3084,umap,
firm_400447142,MR. EDWARD MERLIS,-0.2125,0.0384,umap,
firm_401104104,E3 STRATEGIC CONSULTING GROUP,-0.1263,-0.323,umap,
firm_401107847,HOWARD LAW & POLICY GROUP PLLC,0.7562,0.2365,umap,
firm_401105553,MAGGI LAZARUS,0.0427,0.6244,umap,no_issue_data
firm_401104113,"J.A.HILL GROUP, LLC",0.0567,0.5916,umap,no_issue_data
firm_71917,HARTWELL CAPITOL CONSULTING,-0.091,0.4507,umap,no_issue_data
firm_401105435,"HODGKINS CONSULTING, LLC",-0.0983,0.4964,umap,no_issue_data
firm_401106104,THE BRIDGE ADVISORY GROUP,0.237,0.5819,umap,no_issue_data
firm_401105923,J.SULLIVAN ADVOCACY,-0.0221,-0.1881,umap,
firm_33512,"ROBISON INTERNATIONAL, INC.",0.0441,0.6301,umap,no_issue_data
firm_401104729,"GRANITE PEAK STRATEGIES, LLC",-0.4174,0.2401,umap,no_issue_data
firm_284356,PHILIP BECHTEL,0.0219,0.3289,umap,
firm_323557,"SABISTON CONSULTANTS, LLC",0.169,-0.0149,umap,
firm_400761276,"THE JBH GROUP, LLC",0.1469,0.3326,umap,no_issue_data
firm_401103350,JAMES W SEGEL LLC,0.3367,0.522,umap,no_issue_data
firm_401105394,"PORT SIDE STRATEGIES, LLC",0.2414,0.5977,umap,no_issue_data
firm_401107683,"CAPITOL SOUTH, LLC",0.3851,-0.0115,umap,
firm_401109721,DUTKO GOVERNMENT RELATIONS,0.009,-0.0943,umap,
firm_400563685,POYNER SPRUILL LLP,-0.1158,0.4803,umap,no_issue_data
firm_22440,"LEE & SMITH, PC",-0.1243,-0.1227,umap,
firm_401103818,EYMAN PARTNERS LLC (FKA EYMAN ASSOCIATES PC),-0.4906,-0.0627,umap,
firm_400943723,MRS. LAURA EUGSTER DOYLE,0.2431,0.6155,umap,no_issue_data
firm_401106346,LXR GROUP,0.2458,0.6242,umap,no_issue_data
firm_59411,SUSAN PLATT,0.0046,0.0881,umap,
firm_401104782,"GALLANT GOVERNMENT & LAW GROUP, LLC",0.2435,0.6619,umap,no_issue_data
firm_401106585,LGL ADVISORS LLC,0.4109,-0.3079,umap,
firm_401105810,"BIG FIRE LAW & POLICY GROUP, LLP",-0.1021,0.4594,umap,no_issue_data
firm_401105116,ORGANIZATION MANAGEMENT GROUP (DBA LEGISLATIVE STRATEGIES GROUP),0.0772,0.4742,umap,
firm_310255,HOWELLS GOVERNMENT RELATIONS,-0.0838,0.4455,umap,no_issue_data
firm_401105026,"THE ONEILL GROUP, LLC",-0.1135,-0.2841,umap,
client_03365,FREEDOM FROM RELIGION FOUNDATION,-0.2283,0.1671,umap,
firm_287895,BROWN RUDNICK LLP,0.0338,-0.1573,umap,
firm_314374,"MJ CAPITOL CONSULTING, LLC",-0.4011,0.2589,umap,no_issue_data
firm_400745232,HARLOW GOVERNMENT RELATIONS LLC,0.0583,-0.06,umap,
firm_400566695,"NATIONAL STRATEGIES, LLC",0.2129,0.1646,umap,
firm_401105200,"GONRING, SPAHN & ASSOCIATES, INC.",0.262,-0.21,umap,
firm_401106780,STIERS LLC,0.392,0.4635,umap,no_issue_data
firm_401105100,MWMURRAY CONSULTING LLC,0.0422,0.6189,umap,no_issue_data
firm_70392,"MADISON ASSOCIATES, LLC",-0.0953,0.4994,umap,no_issue_data
firm_401105998,"GRIFFIN STRATEGIES, LLC",-0.1561,0.5399,umap,no_issue_data
firm_401106126,"BECKY SHIPP CONSULTING, LLC",-0.1666,0.5287,umap,no_issue_data
firm_401107629,METANOIC STRATEGIES,-0.0358,0.1563,umap,
firm_300936,MCCARTHY STRATEGIC SOLUTIONS,0.2497,0.6429,umap,no_issue_data
firm_401105361,"POTOMAC SOUTH, LLC",-0.1674,0.5279,umap,no_issue_data
firm_401105685,"HARGAN STRATEGIES, FORMERLY REPORTED AS HARGAN AND ASSOCIATES",0.3953,0.466,umap,no_issue_data
firm_401106006,RB CROWE LLC FORMERLY KNOWN AS ROBERT CROWE,0.3656,0.5121,umap,no_issue_data
firm_41955,LAW OFFICES OF BERNARD WUNDER (FKA WUNDER & LILLEY),0.1422,0.5982,umap,
firm_400804406,THE JONES FIRM,0.3678,0.2243,umap,
firm_31851,PORTER WRIGHT MORRIS & ARTHUR LLP,-0.4091,-0.2525,umap,no_issue_data
firm_46095,THE OUTLAW GROUP,-0.0838,-0.2983,umap,
firm_75810,MR. SEBASTIAN O'KELLY,0.28,0.1752,umap,
firm_30928,PAUL HASTINGS LLP,0.2497,0.6434,umap,no_issue_data
firm_401107944,"HARBOR POLICY, LLC",-0.3459,0.0562,umap,no_issue_data
firm_401105797,"AGORA CONSULTING, LLC",0.2476,0.6581,umap,no_issue_data
client_01127,UNITE HERE!,0.0504,0.0637,umap,
firm_40024191,MR. BRIAN KELLY,0.4405,0.1563,umap,
firm_323216,"SAYRE CONSULTING, INC",-0.307,0.3239,umap,
firm_400391825,MR. MICHAEL COOPER,-0.2448,-0.3779,umap,
firm_401105412,MR. DANIEL WEISS,-0.3652,0.0451,umap,no_issue_data
firm_401106439,WHO DAT STRATEGIES LLC,-0.1566,0.5395,umap,no_issue_data
firm_401109872,"CM STRATEGIC, LLC",-0.0045,0.008,umap,
firm_400701097,STEVE BUYER GROUP,-0.4901,0.3332,umap,
firm_401105918,"BROWN & WEINRAUB ADVISORS, LLC",0.2319,0.571,umap,no_issue_data
firm_400713137,"ARNALL GOLDEN GREGORY, LLP",-0.3993,-0.2651,umap,no_issue_data
firm_401103718,"MKW GROUP, LLC",0.3679,0.2244,umap,
firm_401104807,"GLAZE CONSULTING, LLC",-0.4216,0.2356,umap,no_issue_data
firm_40028244,"LIONEL ""LEO"" AGUIRRE",0.3311,0.5247,umap,no_issue_data
firm_312213,TIBER CREEK,0.2321,0.3393,umap,no_issue_data
firm_401105004,COMMONWEALTH POLICY SOLUTIONS,-0.1554,0.5408,umap,no_issue_data
firm_401105089,GLOBAL BUSINESS POLICY-DC,0.3741,0.453,umap,no_issue_data
firm_401106622,"HYPERFOCAL COMMUNICATIONS, LLC",0.3619,0.4463,umap,no_issue_data
firm_400871553,"LAW OFFICES OF GEORGE HARRIS, LLC",0.0514,0.6415,umap,no_issue_data
firm_401106086,MR. STEPHEN RYAN,-0.1143,0.4762,umap,no_issue_data
firm_312133,"HEARTLAND SOLUTIONS GROUP, INC.",0.2489,0.6565,umap,no_issue_data
firm_400882581,"ACTIVE POLICY SOLUTIONS, LLC",0.0421,0.6188,umap,no_issue_data
firm_401106034,CONNECT STRATEGY LLC,0.3591,0.5136,umap,no_issue_data
firm_32932,REED SMITH LLP,-0.3096,0.3244,umap,
firm_47187,PAULEY MANAGEMENT INC.,0.126,0.6937,umap,no_issue_data
firm_302051,"MESSERLI & KRAMER, P.A.",0.0564,0.5919,umap,no_issue_data
firm_400384776,GRIFFIN GLOBAL OUTREACH LLC,0.0564,0.5919,umap,no_issue_data
firm_401108962,"CARLOUGH SOLUTIONS, LLC",0.1037,-0.0571,umap,
firm_401105640,ANZU STRATEGIES,0.3822,0.5109,umap,no_issue_data
firm_74795,"MADISON SERVICES GROUP, INC",0.2234,0.5619,umap,no_issue_data
firm_401103115,NEXUS GOVERNMENT RELATIONS,0.2438,0.6618,umap,no_issue_data
firm_401106676,INSESSION STRATEGIES LLC,0.3385,0.4226,umap,no_issue_data
firm_401104482,"LONGVIEW GLOBAL, LLC",-0.3984,0.2617,umap,no_issue_data
firm_401107169,"CATALYST GLOBAL STRATEGIES, LLC",0.6229,-0.0541,umap,
firm_401105603,STEP UP ADVOCACY,0.2429,0.614,umap,no_issue_data
firm_401108234,DEFAZIO AND ASSOCIATES CONSULTING LLC,-0.1509,0.5446,umap,no_issue_data
firm_401108302,SAUNDERS GLOBAL DIPLOMACY,-0.4065,-0.2626,umap,no_issue_data
firm_401103711,"NEXA STRATEGIES, LLC",0.0497,0.6011,umap,no_issue_data
firm_401105809,"NEW LANTERN, LLC",-0.3874,0.2735,umap,no_issue_data
firm_400302419,LONE STAR CONSULTING,0.0436,0.6288,umap,no_issue_data
firm_401106369,CAROL G HOLLADAY & ASSOCIATES,-0.1009,0.4584,umap,no_issue_data
firm_401104002,KIM KRENIK,-0.4964,-0.0862,umap,
firm_400359656,MS. MISSY BRANSON,-0.2406,-0.2026,umap,
firm_400881577,VENG GROUP,0.2399,0.5895,umap,no_issue_data
firm_401103592,CASCADE PUBLIC AFFAIRS,0.2547,0.091,umap,
firm_401104405,MS. TAMI WAHL,0.0422,0.6186,umap,no_issue_data
firm_401105204,BACHNER GROUP,-0.3852,-0.2667,umap,no_issue_data
firm_311633,"COMPETITION ADVOCATES, LLC",0.2105,0.1689,umap,
firm_32522,QUARLES & BRADY LLP,0.099,-0.1768,umap,
firm_401103979,CORDIA COMPANIES,-0.121,-0.1675,umap,
firm_33625,MS. BARBARA ROHDE,0.2247,0.0082,umap,
firm_401106778,"NEW FRONT STRATEGIES GROUP, LLC",-0.0144,-0.0749,umap,
firm_401109795,"SIGHTLINE ADVOCACY, LLC",0.0587,-0.0148,umap,
firm_34980,"SHAW, BRANSFORD & ROTH, P.C. (FORMERLY SHAW, BRANSFORD, VEILLEUX & ROTH, P.C.)",0.1277,0.6951,umap,no_issue_data
firm_401104643,"TUELL LAW, P.C.",-0.1533,0.5429,umap,no_issue_data
firm_15667,THE FURMAN GROUP,0.2778,0.4848,umap,
firm_401104861,WOMBLE BOND DICKINSON US LLP,0.1441,0.3311,umap,no_issue_data
firm_401109091,NORTH BRIDGE STRATEGIC (FORMERLY KNOWN AS SCISSORTAIL STRATEGIC CONSULTING PARTN,-0.1657,0.5295,umap,no_issue_data
firm_46084,CAPITOL HILL ADVOCATES LLC,0.2424,0.612,umap,no_issue_data
firm_322716,"CHAPMAN CAPITOL CONSULTING, INC.",0.2549,0.0904,umap,
firm_400445139,PACIFIC ATLANTIC PARTNERS,0.2548,0.0909,umap,
firm_400998832,"WELLS HEALTH GROUP, LLC",0.3666,0.512,umap,no_issue_data
firm_401104043,C. ANNAND LLC,0.3424,0.4271,umap,no_issue_data
firm_401106102,CAPITOL CHAMBERS STRATEGIES,-0.0969,0.4979,umap,no_issue_data
firm_401107177,MISSION STRATEGIES LLC,-0.156,0.5401,umap,no_issue_data
firm_401109300,THE DIONNE COMPANY,-0.0995,-0.1214,umap,
firm_401103528,GARRETT JEMISON,0.2394,0.588,umap,no_issue_data
firm_320292,WANNER ASSOCIATES,0.3336,0.5238,umap,no_issue_data
firm_17226,HAAKE & ASSOCIATES,0.2392,0.5877,umap,no_issue_data
firm_294690,"COMMUNITIES IN SCHOOLS, INC.",0.1693,-0.3246,umap,
firm_314033,"MISSION GOVERNMENT RELATIONS (FORMERLY KNOWN AS MUROFF LAW FIRM, LLC)",0.1036,0.677,umap,no_issue_data
firm_400749242,THOMAS CHAMPION,0.4454,0.1569,umap,
firm_401106542,OXFORD STRATEGIES,-0.1812,-0.0515,umap,
firm_401107334,"KED STRATEGIES, LLC",-0.0653,-0.1505,umap,
firm_401109343,"MCKINNON GROUP, LLC",-0.135,-0.1338,umap,
firm_311850,"TURNER POLLARD STRATEGIES, LLC",-0.0985,0.4964,umap,no_issue_data
firm_401103761,WILLIAM SWEETNAM,0.4542,-0.2054,umap,
firm_401104155,ODONNELL & SON LLC,0.1181,0.0302,umap,
firm_400406918,VISION AMERICAS LLC,0.348,0.5173,umap,no_issue_data
client_04519,AMERICAN SOCIETY FOR BIOCHEMISTRY AND MOLECULAR BIOLOGY,-0.0886,-0.0635,umap,
firm_401104266,THE INSTITUTE FOR FAMILY HEALTH,-0.0832,0.673,umap,
firm_401104391,MULLEN CONSULTING LLC,-0.3631,0.0507,umap,no_issue_data
firm_284493,MR. PHILIP MAGGI,-0.2392,-0.3885,umap,
firm_400362688,"CAPEDC ADVISORS, LLC",0.3445,0.4298,umap,no_issue_data
firm_401104907,"SECOND CAPITAL CONSULTING, LLC",0.3469,0.5176,umap,no_issue_data
firm_401105540,STRATEGIC GOVERNMENT AFFAIRS,0.1063,0.6791,umap,no_issue_data
firm_401105725,"MCKINLEY STRATEGIES, LLC",0.2372,0.5824,umap,no_issue_data
firm_401106031,HILLCREST STRATEGIES LLC (FKA NICHOLAS FLOCKEN),-0.4175,0.2399,umap,no_issue_data
firm_401107007,JPC STRATEGIES,-0.0947,0.4535,umap,no_issue_data
firm_32635,RAILS-TO-TRAILS CONSERVANCY,-0.4093,-0.2498,umap,no_issue_data
firm_401104304,MR. LANDON FULMER,0.0542,0.5942,umap,no_issue_data
firm_36300,THE SPECTRUM GROUP,0.2411,0.6644,umap,no_issue_data
firm_401103385,JWF CONSULTING LLC,0.2426,0.6632,umap,no_issue_data
firm_40038308,"ALEXANDER J. BECKLES, L.L.C.",0.1251,0.247,umap,
firm_401103564,STUNTZ STRATEGIES LLC,0.2424,0.6112,umap,no_issue_data
firm_401107458,MR. SEBASTIAN MANHART,0.3907,0.1504,umap,
firm_304452,"ROETZEL & ANDRESS, LPA",-0.099,0.4569,umap,no_issue_data
firm_315991,"MALONEY GOVERNMENT RELATIONS, LLC",0.0034,0.1213,umap,
firm_401103245,STINSON LLP,0.3605,0.4452,umap,no_issue_data
firm_401103690,MCLUCKIE PARTNERS LLC,-0.3622,0.0522,umap,no_issue_data
firm_314818,CALLWOOD AND ASSOCIATES LLC,0.2072,0.3525,umap,no_issue_data
firm_400405908,ALLISON + PARTNERS,0.1937,0.3512,umap,no_issue_data
firm_401103241,MACK STRATEGIES,-0.4182,0.2392,umap,no_issue_data
firm_401109611,"CANFIELD CONSULTING, LLC",-0.2372,-0.393,umap,
firm_401103123,"CAPITOL KNOWLEDGE, LLC",0.245,0.6217,umap,no_issue_data
firm_401103250,CANNAE POLICY GROUP LLC,-0.0856,0.4467,umap,no_issue_data
firm_401109481,FRONTLINE GOVERNMENT RELATIONS,0.1671,0.3394,umap,no_issue_data
firm_400861526,MARIA FREESE,-0.4901,0.3332,umap,
firm_44971,"DAWSON & ASSOCIATES, INC.",-0.0882,0.6806,umap,
firm_322578,"THE MALLARD GROUP, LLC",0.0426,0.6157,umap,no_issue_data
firm_400435107,"SURMONT, LLC",0.7284,-0.4823,umap,
firm_401104692,CAPITAL PARK PARTNERS LLC,0.2706,-0.0732,umap,
firm_401104786,THE PATAKI-CAHILL GROUP,-0.182,0.2912,umap,no_issue_data
firm_401105787,PAVEA LLC,0.3845,0.5103,umap,no_issue_data
firm_401104124,THE ROTUNDA GROUP LLC,0.0449,0.6327,umap,no_issue_data
firm_284436,"THE TOMHAVE GROUP, INC.",0.2419,0.6062,umap,no_issue_data
firm_401104846,BLUEPOINT DC,-0.1166,0.4782,umap,no_issue_data
firm_12061,GEORGE H. DENISON,0.1655,0.3387,umap,no_issue_data
firm_401107418,OXFORD STRATEGIES LLC-MD,-0.0706,0.6653,umap,
firm_401104297,MCCARTY FINANCIAL LLC,0.3371,0.5218,umap,no_issue_data
firm_401104798,MS. GWENDOLYN O'BRIEN DONALDSON,0.1052,0.6785,umap,no_issue_data
firm_401108563,HARO SOLUTIONS LLC,-0.1173,0.2992,umap,
firm_306170,CAPITOL REPRESENTATIVES,-0.0794,0.4448,umap,no_issue_data
firm_400520535,JASON UNDERWOOD,-0.1123,0.0445,umap,
firm_50375,"JAY B. LEVIN, LEVIN,PAOLINO & CHRIST GOVENMENT REALTIONS CONSULTING",0.1679,0.0046,umap,
firm_401103743,"CAPITOL CORE GROUP, INC.",0.0512,0.6413,umap,no_issue_data
firm_401106409,ALAN PASETSKY,-0.3418,0.0562,umap,no_issue_data
firm_401104777,"CHOHARIS LAW GROUP, PLLC",0.6663,0.1145,umap,no_issue_data
firm_5118,"BAKER BOTTS, L.L.P.",0.1814,-0.0323,umap,
firm_401105819,VON BATTEN-MONTAGUE-YORK,0.3382,0.4216,umap,no_issue_data
firm_401107303,CAPCVENTURES LLC,-0.0217,-0.1873,umap,
firm_40009066,"SAMUELS INTERNATIONAL ASSOCIATES, INC.",0.0464,0.6345,umap,no_issue_data
firm_401066001,"DELAHUNT GROUP, LLC",0.2048,0.3526,umap,no_issue_data
firm_401103091,GROSSMANHEINZ,-0.1264,-0.323,umap,
firm_401104709,MCGINN AND COMPANY,0.0229,0.3299,umap,
firm_401105639,"POINT52 GROUP, LLC",-0.3417,0.0561,umap,no_issue_data
firm_401109179,INVOKE LLC,0.1904,0.3502,umap,no_issue_data
firm_74476,"RM2 CONSULTANTS, INC.",0.2414,0.5979,umap,no_issue_data
firm_401106403,MCCOLL STRATEGIES LLC,0.3383,0.4218,umap,no_issue_data
firm_401108556,BURKE CONSULTING LLC,-0.4003,-0.2647,umap,no_issue_data
firm_400930694,"STRATEGIC POLICIES, LLC",-0.1124,0.4734,umap,no_issue_data
firm_53403,"THE VELASQUEZ GROUP, L.L.C.",-0.2208,-0.3953,umap,
firm_400798394,WEXFORD STRATEGIES,0.2331,0.573,umap,no_issue_data
firm_401104363,CAUSEY LAW FIRM,0.3348,-0.0171,umap,
firm_401104922,SLIPSTREAM STRATEGIES,-0.0827,0.4451,umap,no_issue_data
firm_401104494,MR. PHILIP KLEIN,0.2445,0.62,umap,no_issue_data
firm_401109056,CREST HILL ADVISORS LLC,0.073,0.0338,umap,
firm_16635,GOVERNMENT RELATIONS INC,0.2267,0.3426,umap,no_issue_data
firm_401105465,"JEAN MARIE CONSULTING, LLC",0.3376,0.4213,umap,no_issue_data
firm_401103158,MS. CHARITY BRACY,-0.4962,-0.0783,umap,
firm_401104461,"IMPACT PUBLIC AFFAIRS (FORMERLY MASSEY, WATSON & HEMBREE LLC",0.2337,0.5747,umap,no_issue_data
firm_401104949,"PETSMART, INC.",0.6673,0.1136,umap,no_issue_data
firm_401106246,ORION STRATEGIES,-0.1027,0.4925,umap,no_issue_data
firm_400323519,MR. H.R. BERT PENA,0.0537,0.595,umap,no_issue_data
firm_401104918,SJB STRATEGIES LLC,0.3339,0.5237,umap,no_issue_data
firm_401104531,LIBERTY GOVERNMENT AFFAIRS,-0.2123,-0.3948,umap,
firm_401107261,DAVENPORT POLICY,-0.3948,0.2655,umap,no_issue_data
firm_283594,MR. JOHN NAPIER,-0.4683,-0.0775,umap,
firm_401103587,MR. GAYLORD KENT CONRAD,-0.1805,-0.0508,umap,
firm_401105321,"TGA ASSOCIATION MANAGEMENT SOLUTIONS, LLC",0.2357,-0.0071,umap,
firm_401107625,CRESTWOOD STRATEGIES,0.1455,0.3321,umap,no_issue_data
firm_401108704,PORTFOLIO STRATEGIES LLC,-0.1111,0.4849,umap,no_issue_data
firm_401107677,LIGHTHOUSE POINT GOVERNMENT RELATIONS,0.3619,0.4461,umap,no_issue_data
firm_40041336,VALERIE MORSE WHITE CONSULTING,-0.009,0.2982,umap,
firm_401105753,AVISE SOLUTIONS,-0.1065,0.4635,umap,no_issue_data
firm_401109261,"VERITAS HEALTH POLICY, LLC",0.0606,-0.2155,umap,
firm_400558667,WASHINGTON PREMIER GROUP,-0.1059,0.4629,umap,no_issue_data
firm_31257,JACK C. PETERSON,0.1846,0.3478,umap,no_issue_data
firm_401105848,EDGE CREEK PARTNERS,-0.1575,0.5387,umap,no_issue_data
firm_30837,JIM PASCO AND ASSOCIATES,0.2794,0.4596,umap,
firm_316811,MR. GEORGE WATERS,-0.0781,0.4441,umap,no_issue_data
firm_400710128,"JACOBSON, MAGNUSON, ANDERSON & HALLORAN P.C.",0.2487,0.6336,umap,no_issue_data
firm_400775334,GARDINER POLICY GROUP,0.1453,0.3319,umap,no_issue_data
firm_401105380,"GLOBAL TECH STRATEGIES, LLC",-0.213,-0.3914,umap,
firm_401103800,MATHIS STRATEGIES,-0.3839,-0.2667,umap,no_issue_data
firm_36344,SPIEGEL & MCDIARMID LLP,-0.4015,0.2585,umap,no_issue_data
firm_40043341,CONRAD LAW & POLICY COUNSEL,0.1779,0.0047,umap,
firm_400458236,PIKE ASSOCIATES LLC,0.3109,0.5766,umap,
firm_401103079,"VIRTUAL OPERATIONS, LLC",-0.347,0.0565,umap,no_issue_data
firm_401104260,"POLITICAL CAPITAL, LLC",-0.3878,0.273,umap,no_issue_data
firm_401104694,DAHLBERG STRATEGIC,-0.1597,0.5363,umap,no_issue_data
firm_81156,"APPO-G, LLC",0.1351,0.6046,umap,
firm_400287371,"BOYAGIAN CONSULTING, LLC",0.2205,0.5595,umap,no_issue_data
firm_401103967,WSQUARED STRATEGIES LLC,0.249,0.6562,umap,no_issue_data
firm_75876,MR. CRAIG CROTTEAU,0.249,0.6565,umap,no_issue_data
firm_400713145,MR. DAVID BIEGING,0.3645,0.4479,umap,no_issue_data
firm_401106291,WINDWARD STRATEGIES LLC,0.1841,0.3475,umap,no_issue_data
firm_401108017,TRACTION STRATEGIC,-0.1113,0.0448,umap,
firm_401108688,AEGIS LLC,0.1252,0.2468,umap,
firm_401109159,CAPITOL67 STRATEGIES,0.3486,-0.1109,umap,
firm_401103760,"CALIFORNIA STRATEGIES & ADVOCACY, LLC",-0.1553,0.5408,umap,no_issue_data
firm_401103489,CC LAW & POLICY,-0.1059,0.5476,umap,
firm_46585,"LIEBMAN & ASSOCIATES, INC.",-0.0891,-0.2311,umap,
firm_401107669,UPTOWN STRATEGIES INC. (FKA UPTOWN SOLUTIONS LLC),0.1311,0.2113,umap,
firm_79951,"TRIANGLE ASSOCIATES, INC.",-0.422,0.2349,umap,no_issue_data
firm_400604838,BLUE STAR STRATEGIES LLC,-0.0963,0.0625,umap,
firm_400871551,FRINZI & ASSOCIATES,0.1434,0.3302,umap,no_issue_data
firm_401078027,"O'KEEFFE STRATEGIES, LLC",0.1874,-0.0297,umap,
firm_401108857,ZERO ONE STRATEGIES,-0.367,0.0416,umap,no_issue_data
firm_16987,GRIZZLE COMPANY,-0.0025,-0.0831,umap,
firm_307375,WAVERLY GROUP,-0.3513,0.0555,umap,no_issue_data
firm_401103547,EIS SOLUTIONS,0.0032,-0.1083,umap,
firm_401107682,"HITHER CREEK STRATEGIES, LLC",0.1654,-0.1196,umap,
firm_40022170,121 STRATEGIES & GOVERNMENT RELATIONS,0.2414,0.5968,umap,no_issue_data
firm_401105586,PLAY-BOOK POLICY LLC,0.0218,-0.0398,umap,
firm_401108444,PLATFORM GOVERNMENT STRATEGIES,-0.4044,-0.2641,umap,no_issue_data
firm_401107792,EAST CAPITOL ADVISORS LLC,-0.1186,0.4775,umap,no_issue_data
firm_401103216,"STEVE AUSTRIA AND ASSOCIATES, LLC",0.408,0.4771,umap,no_issue_data
firm_401104892,"GREAT POINT STRATEGIES, LLC",0.361,0.4456,umap,no_issue_data
client_00185,SERVICE EMPLOYEES INTERNATIONAL UNION CTW-CLC,0.0724,0.1689,umap,
firm_26078,THE MOYER GROUP,-0.1491,-0.1317,umap,
firm_401103233,"CAPITOL-CONTEXT,LLC",0.4522,-0.2039,umap,
firm_401103789,DAN BURTON INTERNATIONAL LLC,-0.3566,0.0542,umap,no_issue_data
firm_401104321,"THE ESTOPINAN GROUP, LLC",0.3341,0.5236,umap,no_issue_data
firm_401104490,TIMOTHY LOVAIN,0.2492,0.6364,umap,no_issue_data
firm_401105388,HARVEY RUN STRATEGIES LLC,-0.0897,0.4495,umap,no_issue_data
firm_401106115,"GORMAN STRATEGY GROUP, TOO",0.2109,-0.1585,umap,
firm_401108693,LEDYARD GROUP,0.2227,0.3453,umap,no_issue_data
firm_401106672,CURRENTSTRATEGIC LLC,0.1641,-0.3156,umap,
firm_401105635,BEACON STRATEGIES,-0.0954,0.4993,umap,no_issue_data
firm_41181,"SUSAN J. WHITE & ASSOCIATES, INC.",-0.1711,0.523,umap,no_issue_data
firm_401103374,LILLSTROM CHENG STRATEGIES,0.4082,0.4776,umap,no_issue_data
firm_42240,ZIONTZ CHESTNUT,0.3781,0.4551,umap,no_issue_data
firm_48394,"BROOKS, PIERCE, MCLENDON, HUMPHREY & LEONARD, L.L.P.",0.2419,0.6072,umap,no_issue_data
firm_67535,"CONSENSUS COMMUNICATIONS, INC.",-0.1579,0.5382,umap,no_issue_data
firm_401104613,"THE GUTMAN GROUP, LLC",0.2489,0.6566,umap,no_issue_data
firm_401105175,"LAND CONSERVATION UNLIMITED, LLC",0.3618,0.4463,umap,no_issue_data
firm_401105495,STEVE LENKART,-0.405,-0.2633,umap,no_issue_data
firm_401106224,EZRA SILK,-0.4064,-0.2621,umap,no_issue_data
firm_401107835,"RK STRATEGIES, INC.",-0.0973,0.4554,umap,no_issue_data
firm_40025200,"JOHN DUNCAN AND ASSOCIATES, LLC",0.2495,0.6399,umap,no_issue_data
firm_300355,JENNIFER BERZOK,-0.3984,0.2617,umap,no_issue_data
firm_73715,MS. REBECCA HALKIAS,-0.2327,0.1714,umap,
firm_401105383,"POLICY AZ, LLC",-0.1146,0.4764,umap,no_issue_data
firm_38302,THE TRADE PARTNERSHIP,0.61,-0.0412,umap,
firm_51651,MICHAEL PIEPER,-0.1039,0.4611,umap,no_issue_data
firm_401106328,ASCEND CONSULTING,0.2439,0.6178,umap,no_issue_data
firm_20926,MR. THEODORE (TED) JONES,0.5981,0.1791,umap,
firm_29516,NORTH SHORE CONSULTANTS,-0.3871,0.2737,umap,no_issue_data
firm_311291,"HARPLEY CS, LLC",0.042,0.6153,umap,no_issue_data
firm_400271253,MR. THOMAS WILSON,0.3668,0.5119,umap,no_issue_data
firm_401105330,SWEENEY & ASSOCIATES LLC LLC,-0.3627,0.0508,umap,no_issue_data
firm_401105416,GREATER AMERICA LLC,-0.3627,0.051,umap,no_issue_data
firm_401105661,VA SOLUTIONS LLC,-0.3628,0.0508,umap,no_issue_data
firm_401105706,"SUNDAY CREEK HORIZONS, LLC",0.2432,0.6625,umap,no_issue_data
firm_401103584,OTT BIELITZKI & O'NEILL PLLC,0.2497,0.6425,umap,no_issue_data
firm_401105076,"S2C PACIFIC, LLC",0.3617,0.446,umap,no_issue_data
firm_401104317,"LAMONT CONSULTING SERVICES, LLC",0.3523,0.4381,umap,no_issue_data
firm_5756,MR. STEVEN BECKHAM,0.3296,0.526,umap,no_issue_data
firm_83012,PROVIDENT STRATEGIES LLC,-0.402,0.2579,umap,no_issue_data
firm_311314,"FRANCIS EDWARD & CRONIN, INC.",-0.3878,0.2731,umap,no_issue_data
firm_401104232,COLUMBIA STRATEGIC COUNSEL,0.0435,0.6138,umap,no_issue_data
firm_401107478,JENNA HAMILTON,0.3848,0.4588,umap,no_issue_data
firm_401103736,"MOONEY, GREEN, SAINDON, MURPHY & WELCH, P.C.",0.3662,0.5122,umap,no_issue_data
firm_400297400,KELLEN COMPANY,0.3481,0.5169,umap,no_issue_data
firm_301573,"DUETTO GROUP, LLC",0.3471,0.5176,umap,no_issue_data
firm_306374,PHB PUBLIC AFFAIRS,-0.1163,0.4796,umap,no_issue_data
firm_6256,"BIRCH, HORTON, BITTNER & CHEROT",0.3364,-0.016,umap,
firm_401105883,CHRIS KATOPIS,-0.4063,-0.2626,umap,no_issue_data
firm_20937,"PATRICIA JORDAN & ASSOCIATES, INC.",0.2489,0.6565,umap,no_issue_data
firm_76217,"SCHUMACHER PARTNERS INTERNATIONAL, LLC",0.7133,0.1822,umap,
firm_401103223,"QORVIS COMMUNICATIONS LLC (FORMERLY MSLGROUP AMERICAS, INC., D/B/A QORVIS MSLGROUP)",0.2096,0.352,umap,no_issue_data
firm_401103987,MULLETT STRATEGIES LLC,-0.4213,0.2358,umap,no_issue_data
firm_400425031,PAUL UNGER PLLC,0.3949,0.5074,umap,no_issue_data
firm_400618875,ALAN REUTHER,-0.0998,0.4575,umap,no_issue_data
firm_401105143,"THE CACTUS GROUP, LLC",-0.4041,0.2554,umap,no_issue_data
firm_78733,CAPITOL NETWORK LLC(FKA MR. DAVID DISTEFANO),-0.1172,0.4788,umap,no_issue_data
firm_288098,"PARKER, POE, ADAMS & BERNSTEIN LLP",0.2426,0.613,umap,no_issue_data
firm_401103326,KINETIC SOLUTIONS GROUP,-0.3973,-0.2656,umap,no_issue_data
firm_401107462,MCCARTIN PUBLIC POLICY GROUP LLC,0.3197,-0.0265,umap,
firm_401106746,AU STRATEGIES LLC,0.4702,-0.2067,umap,
firm_30930,"PAUL, WEISS, RIFKIND, WHARTON & GARRISON LLP",0.6575,0.1124,umap,no_issue_data
client_01306,TRANSFORM SR HOLDINGS LLC,0.2641,-0.2183,umap,
firm_306294,CONLON PUBLIC STRATEGIES,0.2423,0.6155,umap,no_issue_data
firm_401105466,SLATTERY STRATEGY LLC,-0.3415,0.0562,umap,no_issue_data
firm_401105780,ASCENDANT STRATEGIC PARTNERS,-0.3953,-0.266,umap,no_issue_data
firm_401103689,ZHF CONSULTING LLC,0.1695,-0.3244,umap,
firm_401105190,THE CAMPBELL CONSULTING GROUP,-0.4067,0.2527,umap,no_issue_data
firm_87858,J.C. WATTS COMPANIES,0.3925,0.5083,umap,no_issue_data
firm_401103446,MARSHALL MCLEAN LLC,0.1684,0.34,umap,no_issue_data
firm_401105752,WP RIVERS AND ASSOCIATES,-0.395,-0.2659,umap,no_issue_data
firm_89213,POLISPACE-JAMES A.M. MUNCY,-0.0895,0.68,umap,
firm_400912661,GRANT PARK STRATEGIES,-0.3913,-0.2664,umap,no_issue_data
firm_401103948,"MLT CONSULTING, LLC",0.2437,0.6174,umap,no_issue_data
firm_401104230,BAYR AND ASSOCIATES LLC,-0.1558,0.5403,umap,no_issue_data
firm_401105104,GILLILAND & MCKINNEY INTERNATIONAL COUNSELLORS (D/B/A GMI COUNSEL),-0.0893,0.4494,umap,no_issue_data
firm_401105723,FINDARO ASSOCIATES LLC,-0.0893,0.4494,umap,no_issue_data
firm_401109606,FFG GROUP,0.1668,0.0471,umap,
firm_400537609,TRUCKER HUSS APC,-0.342,0.0561,umap,no_issue_data
firm_401107305,HNI CORPORATION,0.1681,0.3398,umap,no_issue_data
firm_400498452,DEBBIE WEATHERLY,0.3865,0.5099,umap,no_issue_data
firm_401104810,"GARNER GROUP INTERNATIONAL, LLC",0.1953,0.3523,umap,no_issue_data
firm_401104699,THE BLACKOAK GROUP FORMERLY KNOW AS JOHN COLLISON,-0.3416,0.0562,umap,no_issue_data
firm_401105478,"EJK, LLC",0.3863,0.51,umap,no_issue_data
firm_316753,THE CRISCOM COMPANY,0.2457,0.6599,umap,no_issue_data
firm_91650,"THE MITCHELL FIRM, INC.",-0.1552,0.5411,umap,no_issue_data
firm_401103817,WILLIAMSON LAW + POLICY PLLC,0.2762,0.0002,umap,
firm_401107213,"OMEGA STRATEGIES, LLC.",0.3583,0.4434,umap,no_issue_data
firm_401107271,"ROBERTI ASSOCIATES CONSULTING, LLC",0.482,-0.3967,umap,
firm_77993,NATIONAL ADVOCACY CENTER OF THE SISTERS OF THE GOOD SHEPHERD,0.3642,0.4476,umap,no_issue_data
firm_401105868,MR. THOMAS MARQUEZ,0.2324,0.5717,umap,no_issue_data
firm_248,ADVANTAGE ASSOCIATES INTERNATIONAL,0.3339,0.5236,umap,no_issue_data
firm_29733,"NUTTER & HARRIS, INC",-0.34,0.0566,umap,no_issue_data
firm_48598,METCALF FEDERAL RELATIONS,-0.1712,0.5229,umap,no_issue_data
firm_400701095,MS. PATRICIA LEWIS,-0.4072,-0.2637,umap,no_issue_data
firm_400708124,FEDERAL RESOURCES GROUP,-0.1713,0.5229,umap,no_issue_data
firm_401105950,FREDERICK BOUCHER,0.2078,0.3519,umap,no_issue_data
firm_401105694,"BRENDAN NEAL STRATEGIES, LLC",-0.0972,0.4974,umap,no_issue_data
firm_400883583,"WEINREICH STRATEGIC GROUP, INC.",-0.4016,0.2584,umap,no_issue_data
firm_401104216,"TODD SMITH & ASSOCIATES, LLC",0.4081,0.4772,umap,no_issue_data
firm_401104590,"AKF STRATEGIES, LLC",0.3602,0.4448,umap,no_issue_data
firm_401105630,MCKECHNIE & COMPANY,0.3694,0.4505,umap,no_issue_data
client_00720,OAK STREET HEALTH,-0.306,0.3167,umap,
firm_89873,GIBBONS P.C.,-0.1581,0.538,umap,no_issue_data
firm_40044351,GRASSROOTS POLITICAL CONSULTING LLC,0.3445,0.4298,umap,no_issue_data
firm_401104665,KERRIE RUSHTON,-0.4142,0.2436,umap,no_issue_data
firm_401105265,"EDGE ADVOCACY SOLUTIONS, LLC",0.3722,0.5116,umap,no_issue_data
firm_401109617,DLG PARTNERS (FKA DRAGON LIST GLOBAL),0.6664,0.1145,umap,no_issue_data
firm_400823440,ACCESS PARTNERSHIP CORP,0.1481,0.3338,umap,no_issue_data
firm_401103939,GM STRATEGIES,0.1692,-0.3245,umap,
firm_401104610,BOUSUM CONSULTING LLC,0.2412,0.5963,umap,no_issue_data
firm_401105118,THE WATTS GROUP PLLC,0.6566,0.1122,umap,no_issue_data
firm_401105240,"POWELL CONSULTING DC, LLC",0.3315,0.5246,umap,no_issue_data
firm_401105781,NORTON ROSE FULBRIGHT US LLP,0.3409,0.3944,umap,
firm_401108145,NATURAL STATE CONSULTING AND STRATEGIES,-0.4216,0.2356,umap,no_issue_data
firm_401108287,CLAREO,-0.182,0.2913,umap,no_issue_data
firm_401105048,"COMMAND SOLUTIONS, LLC",-0.4078,-0.2606,umap,no_issue_data
firm_21962,KUTAK ROCK LLP,-0.4037,0.2559,umap,no_issue_data
firm_77550,MR. DEAN MARTILLI,-0.1172,0.4789,umap,no_issue_data
firm_307171,"STIEFEL & JONES CONSULTING, LLC",-0.2192,-0.3882,umap,
firm_401105926,TOLLHOUSE ENTERPRIZE LLC,0.1905,0.3502,umap,no_issue_data
firm_401105223,"FDJ SOLUTIONS, LLC",0.2445,0.6198,umap,no_issue_data
firm_37141,"STUNTZ DAVIS & STAFFIER, P.C.",0.095,-0.0653,umap,
firm_401104162,ORLIE YANIV STRATEGIES LLC,0.4073,0.4803,umap,no_issue_data
firm_401108082,ALKI STRATEGIES LLC,0.1461,0.3324,umap,no_issue_data
firm_401108130,CAPITOL PILLAR LLC,0.3477,0.5174,umap,no_issue_data
firm_401108852,ELITE STRATEGIC SERVICES,0.3616,0.446,umap,no_issue_data
firm_400915666,ARONNAX PUBLIC STRATEGIES LLC,-0.4086,-0.2598,umap,no_issue_data
firm_401104905,"THIRDCIRCLE, INC.",0.3136,0.338,umap,no_issue_data
firm_401105333,"LINDEN GOVERNMENT SOLUTIONS, LLC",0.3136,0.338,umap,no_issue_data
firm_401105978,MS. ALEXIS TKACHUK,0.3956,0.5069,umap,no_issue_data
firm_401108462,SEIDEN LAW LLP,0.3136,0.338,umap,no_issue_data
firm_401109425,MERIDIAN 535 STRATEGIES,-0.4078,-0.2607,umap,no_issue_data
firm_400599828,MR. WILLIAM SPENCER,0.3461,0.5179,umap,no_issue_data
firm_401068007,MR. JOE MIKLOSI,0.105,0.6781,umap,no_issue_data
firm_317355,JOSE FUENTES,-0.1671,0.5283,umap,no_issue_data
firm_401104209,SKLADANY CONSULTING LLC,-0.3937,0.2668,umap,no_issue_data
firm_401106011,GREYSTONE GLOBAL STRATEGIES LLC,0.3961,0.5066,umap,no_issue_data
firm_401106744,ROBIN & ASSOCIATES,-0.3489,0.0561,umap,no_issue_data
firm_401103518,"THE POLICY GROUP, INC.",0.3838,0.4582,umap,no_issue_data
firm_401106873,TENPENNY LAW LLC,0.2188,0.5585,umap,no_issue_data
firm_82990,ARTEMIS STRATEGIES,0.3514,0.4373,umap,no_issue_data
firm_401108432,BICE POLICY GROUP,-0.3671,0.0414,umap,no_issue_data
firm_71792,RISSING STRATEGIC LLC,0.3871,0.4603,umap,no_issue_data
firm_401104720,JLV STRATEGIES LLC,0.3519,0.4377,umap,no_issue_data
firm_401105034,LOP STRATEGIES,-0.1683,0.5268,umap,no_issue_data
firm_401107448,STATE STREET STRATEGIES DBA ONE+ STRATEGIES,-0.1157,0.4803,umap,no_issue_data
firm_401108148,CANNON|PEARCE FKA MR. MATT PEARCE,-0.17,0.5246,umap,no_issue_data
firm_316616,POLICYWORKS,-0.4109,0.2477,umap,no_issue_data
firm_53664,"ORRICK, HERRINGTON & SUTCLIFFE LLP",0.1843,0.3478,umap,no_issue_data
firm_290398,"POLICY COMMUNICATONS, INC.",0.2141,0.3506,umap,no_issue_data
firm_400858522,OAKLEY CAPITOL CONSULTING LLC,-0.0222,-0.2319,umap,
firm_401099066,PETRA STRATEGIES LLC,-0.3961,0.2641,umap,no_issue_data
firm_401107148,PONTIFEX STRATEGIES LLC,0.2036,0.3526,umap,no_issue_data
firm_60572,ROSENTHAL & ASSOCIATES,-0.3516,0.0554,umap,no_issue_data
firm_401104854,GDR STRATEGIES,-0.1708,0.5235,umap,no_issue_data
firm_401106054,POTOMAC CONSULTING LLC,-0.4213,0.2361,umap,no_issue_data
firm_297773,"LOEWS PUBLIC AFFAIRS SERVICES, INC.  (FORMERLY MLBA SERVICES, INC)",-0.0303,0.0372,umap,
firm_400326528,MS. BRENDA VIEHE-NAESS,0.0491,0.602,umap,no_issue_data
firm_401103811,"MEHLMAN CAPITOL STRATEGIES, LLC",0.2103,-0.1586,umap,
firm_401105929,"TEN GOVERNMENT STRATEGIES, LLC",0.3569,0.4421,umap,no_issue_data
firm_36776,STEWART AND STEWART,0.3353,0.5228,umap,no_issue_data
firm_400635920,"JOHN T. DOOLITTLE, LLC",0.3975,0.4676,umap,no_issue_data
firm_401104523,NANCY ZIRKIN,0.2473,0.6291,umap,no_issue_data
firm_401104687,"DAKOTA STRATEGIES, LLC (F/N/A ODNEY, INC.)",-0.0786,0.4448,umap,no_issue_data
firm_401105833,AWSOM ASSOC,-0.1566,0.539,umap,no_issue_data
firm_401106093,"CAPITOL HILL & FRIENDS, LLC",0.3389,0.4224,umap,no_issue_data
firm_401107777,TWO BRANCH STRATEGIES,0.1446,0.3313,umap,no_issue_data
firm_401108725,"JTI MARKETING & COMMUNICATIONS, INC. DBA JTI, INC.",0.2201,0.5592,umap,no_issue_data
firm_401105459,BPO STRATEGIES,0.3561,0.5146,umap,no_issue_data
firm_304474,VIANOVO,0.3627,0.4467,umap,no_issue_data
firm_401104382,"EMC STRATEGY GROUP, LLC",0.1338,0.7005,umap,no_issue_data
firm_11297,THE CRANE GROUP INC,0.2614,-0.2084,umap,
firm_400740217,THE POTOMAC ALLIANCE,0.6678,0.113,umap,no_issue_data
firm_401103685,DEBRA CARNAHAN,0.4006,0.4704,umap,no_issue_data
firm_401107087,"MAVERICK STRATEGIES, LLC",-0.3829,-0.6191,umap,
firm_401108772,KEELEY LAW AND POLICY,0.0338,0.0655,umap,
firm_401109550,PUZZLE BOX GOVERNMENT RELATIONS,0.201,0.3526,umap,no_issue_data
firm_401107443,RIVER PUBLIC AFFAIRS GROUP,0.3792,0.5109,umap,no_issue_data
firm_23202,"LPI CONSULTING, INC.",-0.4094,-0.2502,umap,no_issue_data
firm_401103436,VELOS (FORMERLY PINNACLE ENGINEERING AND MANAGEMENT SOLUTIONS),-0.154,0.5421,umap,no_issue_data
firm_12254,"DIGENOVA & TOENSING, LLP",0.0246,-0.3082,umap,
firm_401095057,CAMERON COMPANIES,-0.3642,0.0493,umap,no_issue_data
firm_401103201,THOMPSON & HORTON LLP,-0.182,0.2913,umap,no_issue_data
firm_401103368,"HEROUX & ASSOCIATES, PLLC",-0.1175,-0.175,umap,
firm_401105023,"PRINCIPAL TO PRINCIPAL, LLC (P2P)",-0.4901,0.3332,umap,
firm_401107330,H4 ADVISORS LLC,-0.4092,-0.251,umap,no_issue_data
firm_401107404,SUNUNU ENTERPRISES LLC,0.2263,0.3428,umap,no_issue_data
firm_401108740,"DUE SOUTH ADVOCACY, LLC",0.2775,-0.5034,umap,
firm_13712,"EOP GROUP, INC.",0.2971,0.0562,umap,
firm_400706118,MR. CHARLES MONFORT,0.4078,0.4769,umap,no_issue_data
firm_401104226,CHAIN LINK SOLUTIONS LLC,-0.5,-0.0942,umap,
firm_401104416,WILDHORSE CONSULTING,-0.4096,-0.2505,umap,no_issue_data
firm_401105587,WILLIAM WATSON GROUP LLC,0.3311,0.5248,umap,no_issue_data
firm_44322,MS. LYDIA HOFER,0.4081,0.4771,umap,no_issue_data
firm_83411,WSB LLC,0.4081,0.4771,umap,no_issue_data
firm_40036305,WASHINGTON MATTERS LLC,-0.3852,-0.2667,umap,no_issue_data
firm_400866538,"MICHAEL DOUGLAS FERRELL, LLC",0.4082,0.4769,umap,no_issue_data
firm_401103156,"UNIFIED SOLUTIONS, LLC",0.2248,0.5633,umap,no_issue_data
firm_401105411,PLATT STRATEGIC CONSULTING LLC,0.0892,-0.4483,umap,
firm_401108969,"INTERSECT PUBLIC AFFAIRS, LLC",-0.0109,-0.084,umap,
firm_400470324,LARRY BLANCHARD,-0.1124,0.473,umap,no_issue_data
firm_18114,DENNIS M. HERTEL & ASSOCIATES,-0.1652,-0.3371,umap,
firm_401104026,ALYSON PARKER,-0.4067,0.2525,umap,no_issue_data
firm_401107279,PAT WILLIAMS AND ASSOCIATES,0.1351,0.6057,umap,
firm_400381749,"LHD & ASSOCIATES, INC.",0.3599,0.4447,umap,no_issue_data
firm_15918,DAVID GENCARELLI,-0.1164,0.4796,umap,no_issue_data
firm_38530,"TROUTMAN PEPPER LOCKE, LLP (FKA TROUTMAN PEPPER HAMILTON SANDERS, LLP)",-0.1555,0.5407,umap,no_issue_data
firm_77812,"NORTHPOINT STRATEGIES, LLC",-0.1176,-0.1745,umap,
firm_401103366,"LEGER STRATEGIES, LLC",0.2107,0.3513,umap,no_issue_data
firm_401109532,AVIVA STRATEGIES (FKA MGB CONSULTING),0.2791,-0.505,umap,
firm_401106277,INDUSTRY COUNCIL FOR EMERGENCY RESPONSE TECHNOLOGIES,-0.4071,-0.2624,umap,no_issue_data
firm_286872,THE TIM HUGO GROUP,-0.4225,0.2349,umap,no_issue_data
firm_401108306,CORCORAN STREET GROUP,0.0266,1e-04,umap,
firm_401105613,"TRAUTWEIN & ASSOCIATES, LLC",0.6115,0.5015,umap,
firm_400313458,MR. RAY CHAMBERS,-0.1518,0.5438,umap,no_issue_data
firm_400556664,"CLEAVES BIOMASS SERVICES, LLC",0.6659,0.1149,umap,no_issue_data
firm_400607847,"GOVERNMENTAL CONSULTANT SERVICES, INC.",0.3816,0.457,umap,no_issue_data
firm_401103940,THE MCGRATH GROUP LLLC,-0.4085,-0.2558,umap,no_issue_data
firm_401104664,MS. MOLLY NIX,-0.3969,0.2633,umap,no_issue_data
firm_401105770,AMERICAN STRATEGIC PARTNERS,-0.3641,0.0481,umap,no_issue_data
firm_400323518,"HPS GROUP, LLC",-0.155,0.5414,umap,no_issue_data
firm_401104763,KEYSTONE STRATEGY + ADVOCACY,0.6624,0.1145,umap,no_issue_data
firm_401106956,"GRACE BAY STRATEGIES, LLC",0.1964,0.3523,umap,no_issue_data
firm_401106917,TECHNOLOGY STRATEGIES LLC,-0.4069,-0.2647,umap,no_issue_data
firm_296497,PAULA TIMMONS,0.6658,0.1149,umap,no_issue_data
firm_401105260,"SIGNIFICANT CONSULTING, LLP",-0.4082,-0.2571,umap,no_issue_data
firm_24533,"MCINTYRE & LEMON, PLLC",0.2187,0.5584,umap,no_issue_data
firm_401105368,EASTERSEALS NEW JERSEY,0.3389,0.5208,umap,no_issue_data
firm_13448,MR. GARY ELMESTAD,-0.3821,0.2788,umap,no_issue_data
firm_69696,MJWT CONSULTING,0.3492,0.4348,umap,no_issue_data
firm_324137,ERIC MONDERO,-0.3422,0.0561,umap,no_issue_data
firm_401105329,SKDKNICKERBOCKER,0.3135,0.338,umap,no_issue_data
firm_401106666,"MORAN STRATEGIC CONSULTING, LLC.",-0.3648,0.0466,umap,no_issue_data
firm_401108903,ACUMEN STRATEGIES LLC,0.1832,0.154,umap,
firm_401106099,2020 STRATEGIES LLC,0.3949,0.5074,umap,no_issue_data
firm_401107706,FIRST AMENDMENT PARTNERS LLC,0.3943,0.5077,umap,no_issue_data
firm_401105267,EDMONDSON HOPKINS GROUP,-0.1552,0.5411,umap,no_issue_data
firm_401107055,"JMS NATURAL RESOURCE STRATEGIES, LLC",0.3617,0.446,umap,no_issue_data
firm_400619882,"LANNY J. DAVIS & ASSOCIATES, LLC",0.6673,0.1135,umap,no_issue_data
firm_401103286,"ROBERT WHITE ASSOCIATES, INC.",0.3352,0.5228,umap,no_issue_data
firm_401104167,MIRRAM GROUP,0.221,0.3467,umap,no_issue_data
firm_401105107,"ZARRELLI STRATEGIES, INC.",0.3508,0.4365,umap,no_issue_data
firm_401105206,WATER AND POWER LAW GROUP,-0.1552,0.5411,umap,no_issue_data
firm_401106450,ABT USA LLC,0.6615,0.1163,umap,no_issue_data
firm_401107560,"THE 51 GROUP, LLC",0.0729,0.1675,umap,
firm_401107856,"TENAGRITY SOLUTIONS, LLC",-0.406,-0.263,umap,no_issue_data
firm_401109892,JOHN MCENTEE,0.6028,-0.044,umap,
firm_401103085,MR. JONATHAN MOORE,0.0704,0.6567,umap,no_issue_data
firm_315477,BUTTERFIELD EVANS & ASSOCIATES LLC,-0.0648,-0.1507,umap,
firm_401104963,"FOURTH STREET ADVOCACY (CORSA POTOMAC, LLC)",0.3352,0.5226,umap,no_issue_data
firm_401108698,AUBREY MATURIN LLC,-0.1418,-0.1612,umap,
firm_401107434,"TERRAPIN STRATEGY, INC",-0.3876,0.2733,umap,no_issue_data
firm_401107988,VALENTINE STRATEGIES,0.1671,0.3394,umap,no_issue_data
firm_400460281,"OGLETHORPE PUBLIC AFFAIRS GROUP, INC.",0.2366,0.5807,umap,no_issue_data
firm_401105488,HUTTON-TRANSCON JOINT VENTURE,0.6648,0.1159,umap,no_issue_data
firm_401106337,"MCB CONSULTING, INC.",0.2365,0.5806,umap,no_issue_data
firm_401107390,"DC ADVOCACY, LLC",-0.3664,0.0429,umap,no_issue_data
firm_401109103,CONNICK AND ASSOCIATES,0.2348,0.3378,umap,no_issue_data
firm_401109805,ZERO MILE STRATEGIES,0.2347,0.3378,umap,no_issue_data
firm_316514,"AGWORKS SOLUTIONS, LLC",0.1957,0.3524,umap,no_issue_data
firm_401104514,HEALY CONSULTING GROUP,-0.3897,0.271,umap,no_issue_data
firm_400275302,PAUL SUPLIZIO ASSOCIATES,-0.0955,0.4992,umap,no_issue_data
firm_401106018,ASIAN AMERICAN ADVISORS LLC,-0.1816,0.2914,umap,no_issue_data
firm_45232,DEKIEFFER & HORGAN,0.3515,0.5161,umap,no_issue_data
firm_401106427,MILLS BLACK LLP,-0.1552,0.541,umap,no_issue_data
firm_401108173,WOODLAND RESOURCES,-0.1544,0.5419,umap,no_issue_data
firm_24271,MR. JAMES F. MCCONNELL,0.3314,0.5247,umap,no_issue_data
firm_321577,ALLIANCE ONE,-0.3464,0.0569,umap,no_issue_data
firm_401104211,"SHANK PUBLIC POLICY, LLC",0.1483,-0.1135,umap,
firm_401104992,WEXFORD SOLUTIONS LLC,0.4048,0.4741,umap,no_issue_data
firm_401108855,"QUICKEL CONSULTING SERVICES, LLC",0.3314,0.5247,umap,no_issue_data
firm_401109289,"BASELINE STRATEGIES, LLC",0.3569,0.4421,umap,no_issue_data
firm_401104068,"TIAHRT ENTERPRISES, LLC",-0.4042,-0.2634,umap,no_issue_data
firm_21244,MS. MIRIAM A. KAZANJIAN,-0.0992,0.4571,umap,no_issue_data
firm_401106075,HMU CONSULTING LLC,0.1516,0.3343,umap,no_issue_data
firm_401104634,CAPITOL INNOVATIONS,-0.4084,-0.2603,umap,no_issue_data
firm_401108326,RESEARCH SERVICE BUREAU,-0.1819,0.2914,umap,no_issue_data
firm_401103257,"STRATFORD STRATEGIES, LLC FORMERLY KNOWN AS CB ANDERSON PARTNERS, LLC",0.2476,0.63,umap,no_issue_data
firm_401104466,"BUTZEL LONG, P.C.",-0.4199,0.2373,umap,no_issue_data
firm_319836,MICHAEL SOLON-CAPITOL LEGISTICS,0.3484,0.5171,umap,no_issue_data
firm_400935705,GOLDHABER POLICY SERVICES LLC,0.408,0.4769,umap,no_issue_data
firm_401103826,"ECA STRATEGIES, INC.",0.408,0.4768,umap,no_issue_data
firm_401104407,SMIRNOW LAW,0.2348,0.3378,umap,no_issue_data
firm_401105385,MARK SMITH PUBLIC AFFAIRS,0.2247,0.5631,umap,no_issue_data
firm_401108691,SARAH CHRISTOPHERSON,-0.3671,0.0414,umap,no_issue_data
firm_401105340,EMMETT STRATEGIES LLC,-0.0405,-0.1526,umap,
firm_401104913,ROSEMONT STRATEGIES,0.4081,0.4771,umap,no_issue_data
firm_401106336,LINDEN GROVE STRATEGIES LLC,-0.4072,-0.2629,umap,no_issue_data
firm_47336,LOWRY STRATEGIES,0.1462,0.3324,umap,no_issue_data
firm_401104860,VS STRATEGIES LLC,-0.0396,0.1272,umap,
firm_401106284,"THE HEALTH EQUITY STRATEGIES GROUP, LLC",0.3395,0.4234,umap,no_issue_data
firm_39781,VAN FLEET ASSOCIATES,0.4081,0.4771,umap,no_issue_data
firm_400674015,U.S. GOVERNMENT RELATIONS INTL.,-0.1507,0.5446,umap,no_issue_data
firm_401104996,HODGKINS AND ASSOCIATES,0.3672,0.512,umap,no_issue_data
firm_401108650,FEROX STRATEGIES II,0.2195,0.348,umap,no_issue_data
firm_22325,THE PAUL LAXALT GROUP,0.2768,-0.4948,umap,
firm_293610,AVANCER HEALTH POLICY,-0.3114,0.3207,umap,
firm_400275283,PUBLIC POLICY MANAGEMENT GROUP,0.2343,0.3381,umap,no_issue_data
firm_401031909,MR. ROBERT SCHWARZ,0.2259,0.0668,umap,
firm_401103804,"RUHLEN STRATEGIES, LLC",-0.3474,0.0572,umap,no_issue_data
client_04216,MILLENNIUM HEALTH,-0.5096,-0.122,umap,
firm_401105878,MS. CAROL BROWNER,0.3135,0.338,umap,no_issue_data
firm_401106611,"WOOLPERT, INC.",0.6673,0.1136,umap,no_issue_data
firm_401106076,HILLIARD SMITH & HUNT,0.217,0.3472,umap,no_issue_data
firm_400459248,ADVOCACY ASSOCIATES,-0.0789,0.4448,umap,no_issue_data
firm_401103325,"IRA SHAPIRO GLOBAL STRATEGIES, LLC",0.2342,0.3381,umap,no_issue_data
firm_401106315,SAKURA CONSERVATION STRATEGIES,-0.4146,0.2431,umap,no_issue_data
firm_401063997,GRTYREE CONSULTING LLC,0.221,0.5599,umap,no_issue_data
firm_401104352,SIEKMAN AND SIEKMAN LLC,-0.4153,0.2424,umap,no_issue_data
firm_401105138,"BERNI CONSULTING, LLC",-0.1551,0.5414,umap,no_issue_data
firm_401107665,WINDON GLOBAL STRATEGIES,0.3413,0.4257,umap,no_issue_data
firm_71655,"LEE CONSULTING, KENNETH G.",-0.1551,0.5412,umap,no_issue_data
firm_401106325,TOM BRADLEY HEALTH POLICY LLC,0.1453,0.3318,umap,no_issue_data
firm_401106767,"INVIVYD, INC.",0.6679,0.1126,umap,no_issue_data
firm_401107561,"GLASSMAN ENTERPRISES, LLC",0.6653,0.1153,umap,no_issue_data
firm_401108124,HOLLINGER GROUP CONSULTING,-0.0954,0.4996,umap,no_issue_data
firm_401109596,MAVEN ADVOCACY PARTNERS LLC,0.2074,0.3523,umap,no_issue_data
firm_401104314,REDROCK GOVERNMENT RELATIONS,0.3799,0.4561,umap,no_issue_data
firm_401108161,"PADDOCK ASSOCIATES, LLC",0.2059,0.3526,umap,no_issue_data
firm_18375,"GEORGE J. HOCHBRUECKNER & ASSOCIATES, INC.",-0.3874,0.273,umap,no_issue_data
firm_400323516,FOXLEY & PIGNANELLI,-0.4167,0.2408,umap,no_issue_data
firm_313178,"THE BREWER GROUP, LLC (FORMALLY POWERS BREWER, LLC)",0.3366,0.5221,umap,no_issue_data
firm_322693,MR. DONALD KANIEWSKI,0.3953,0.5073,umap,no_issue_data
firm_401105176,CHRISTINE POLLACK,0.3959,0.5072,umap,no_issue_data
firm_401105566,CONSILIUM CONSULTING,-0.4092,-0.2509,umap,no_issue_data
firm_401105940,TORRES CONSULTING AND LAW GROUP,-0.1551,0.5411,umap,no_issue_data
firm_401109454,"MOUNTAIN VIEW PARTNERS DC, LLC",0.2181,0.3486,umap,no_issue_data
firm_400535604,THE FRIEDLANDER GROUP,0.3613,0.4458,umap,no_issue_data
firm_86050,"LEGISLATIVE STRATEGIES, INC.",-0.3628,0.0509,umap,no_issue_data
firm_400920675,PETERSON GROUP (FL),-0.311,0.3211,umap,
firm_401047953,VECTIS STRATEGIES,0.1346,0.1206,umap,
firm_401104413,"PRIME TRANSATLANTIC, LLC",-0.3839,-0.2668,umap,no_issue_data
firm_401105166,PETER PITSCH,0.6673,0.1134,umap,no_issue_data
firm_401105302,THE BURNHAM GROUP LLC,-0.1587,0.5374,umap,no_issue_data
firm_401105507,LEWIS BRISBOIS BISGAARD & SMITH LLP,0.3159,0.0828,umap,
firm_401107628,MZLS LLC,0.1865,0.3486,umap,no_issue_data
firm_401107869,MCWILLIAMS GOVERNMENTAL AFFAIRS CONSULTANTS,-0.3839,-0.2668,umap,no_issue_data
firm_400953755,"PATTEN & ASSOCIATES, LLC",0.3455,0.431,umap,no_issue_data
firm_401107212,SILVER LEGAL SERVICES LLC,-0.4186,0.2388,umap,no_issue_data
firm_401105860,COHEN & GRESSER LLP,0.334,0.5237,umap,no_issue_data
firm_401106266,"OCEAN SPRAY CRANBERRIES, INC",-0.4098,-0.25,umap,no_issue_data
firm_401108747,SECOND CURVE STRATEGIES LLC,0.6584,0.1127,umap,no_issue_data
firm_401104808,MS. PATRICIA M. SOLDANO,-0.1172,0.4788,umap,no_issue_data
firm_401106361,"PATRIOT STRATEGIES, LLC",0.3329,0.5246,umap,no_issue_data
firm_401106512,PENN STRATEGIES,0.2489,0.6565,umap,no_issue_data
firm_24087,"ALAN MAUK ASSOCIATES, LTD",0.2338,0.3384,umap,no_issue_data
firm_45790,BASS BERRY & SIMS,-0.3632,0.0504,umap,no_issue_data
firm_46437,VIKKI COOPER & ASSOCIATES,0.353,0.5156,umap,no_issue_data
firm_313692,TOM LUCE CONSULTING,-0.3937,0.2667,umap,no_issue_data
firm_400416982,SCOTT CANADY,-0.4091,-0.2527,umap,no_issue_data
firm_400644944,WILLIAM HAMILTON,0.2338,0.3384,umap,no_issue_data
firm_401071014,"THINK POLICY CONSULTING, LLC",0.2401,0.5907,umap,no_issue_data
firm_19888,"RED FLAG CONSULTING USA(FORMALLY KNOWN AS INTERNATIONAL BUSINESS-GOVERNMENT COUNSELLORS, INC)",-0.3503,-0.0442,umap,
firm_400278334,MICHAEL A. INGRAO,0.1699,-0.0668,umap,
firm_400933697,JORDAN WICKER,0.2366,0.5809,umap,no_issue_data
firm_401106208,MR. GRANT CARLISLE,0.6581,0.1125,umap,no_issue_data
firm_401104871,DAVID KILIAN,0.3933,0.4645,umap,no_issue_data
firm_401106396,MICHAEL HARIDOPOLOS,0.6673,0.1135,umap,no_issue_data
firm_401106918,"IBEX2 SOLUTIONS, LLC",-0.0858,-0.13,umap,
firm_401107730,"KILEY CAPITOL SOLUTIONS, LLC",-0.3835,-0.2667,umap,no_issue_data
firm_401108288,"SCARLET SOLUTIONS, LLC",0.6596,0.1134,umap,no_issue_data
firm_401106554,SANDHILLS STRATEGIC SOLUTIONS,-0.1674,0.5279,umap,no_issue_data
client_00652,HENKEL OF AMERICA INC.,0.102,-0.0156,umap,
firm_63017,"COYNE, JESERNIG, LLC",0.3505,0.5164,umap,no_issue_data
firm_401103467,"MELODY CLARK CONSULTING, LLC.",-0.3636,0.0495,umap,no_issue_data
firm_401103647,MXM CONSULTING LLC,-0.4063,-0.2629,umap,no_issue_data
firm_401104030,DAVID RADI,0.3619,0.4462,umap,no_issue_data
client_00815,"SUPERNAL, LLC (FKA GENESIS AIR MOBILITY)",-0.1717,0.0459,umap,
firm_401106421,LEMMA STRATEGIES INC,-0.1547,0.5414,umap,no_issue_data
firm_401107239,ELK CREEK RESOURCES CORP.,0.1834,0.3472,umap,no_issue_data
firm_401107752,MJS ADVISORS LLC,0.1833,0.3472,umap,no_issue_data
firm_401107930,VARYAG LLC,-0.4061,-0.2634,umap,no_issue_data
firm_400581774,"FOOD DIRECTIONS, LLC",0.2835,-0.0346,umap,
firm_401106231,SOUTHWEST STRATEGIES,0.6637,0.1169,umap,no_issue_data
firm_401105542,"RPN ADVOCACY, LLC",-0.0782,0.4451,umap,no_issue_data
firm_401106477,HAGGERTY POLICY SOLUTIONS,0.0448,-0.1577,umap,
firm_401109290,PATTERSON & MEEK,0.3236,-0.3069,umap,
firm_401108156,ROSE GROUP ADVISORS,0.3355,-0.0167,umap,
firm_401104015,CDB PROJX LLC,-0.1104,0.4855,umap,no_issue_data
firm_25066,THE LAW OFFICE OF MICHAEL R. KLIPPER,-0.1501,0.5447,umap,no_issue_data
firm_400458206,TEAM BUILDERS,0.6651,0.1156,umap,no_issue_data
firm_401107207,DONOVAN STRATEGIES LLC,-0.0395,-0.1536,umap,
firm_401104011,LUCY CALAUTTI,0.0389,-0.2941,umap,
firm_299115,PLASTER AND ASSOCIATES LLC,-0.4079,-0.2584,umap,no_issue_data
firm_401105017,MARGARET STRAND CONSULTING LLC,0.1804,0.3453,umap,no_issue_data
firm_401105119,EXEL ADVISORS,0.3481,0.5172,umap,no_issue_data
firm_401105698,BURT ROSEN STRATEGIES,0.3568,0.4421,umap,no_issue_data
firm_401105959,DISTRICT CATALYST,0.3476,0.5175,umap,no_issue_data
firm_401106162,MR. PETER KNIGHT,0.3717,0.5116,umap,no_issue_data
firm_401106200,VINCENT BRANDYS,-0.3644,0.0479,umap,no_issue_data
firm_401106816,"ERA GOVERNMENT AFFAIRS, LLC",-0.1507,0.5446,umap,no_issue_data
firm_401107923,"BARSA STRATEGIES, LLC",0.6576,0.1123,umap,no_issue_data
firm_401108248,"LAW OFFICE OF JOHN J. FASO, P.C",-0.1507,0.5446,umap,no_issue_data
firm_401109974,CURRENT STRATEGIES,-0.2371,-0.2001,umap,
firm_40008055,GLOBAL POLICY INITIATIVES,0.6569,0.112,umap,no_issue_data
firm_401106114,2359 STRATEGIES,-0.4058,-0.2629,umap,no_issue_data
firm_401109081,INDIGO HILL STRATEGIES,0.0263,-0.1347,umap,
firm_400767312,"TRIMPA GROUP, LLC",0.3626,0.4467,umap,no_issue_data
firm_9864,COLEX AND ASSOCIATES,0.3572,0.4423,umap,no_issue_data
firm_401106391,"T A BUSINESS DEVELOPMENT, LLC",-0.4048,0.2547,umap,no_issue_data
firm_33682,"ROPES & GRAY, LLP",-0.182,0.2913,umap,no_issue_data
firm_36801,MR. JOHN STINSON,0.6693,0.1134,umap,no_issue_data
firm_87392,CCMSC CORPORATION,0.1227,0.6909,umap,no_issue_data
firm_286052,HICKS PARTNERS,0.1773,0.3442,umap,no_issue_data
firm_296316,MR. PETER DICKINSON,-0.1062,0.4633,umap,no_issue_data
firm_308593,RTK CONSULTING GROUP LLC,0.6573,0.1123,umap,no_issue_data
firm_401103337,MR. MIKE WASSENAAR,-0.1063,0.4633,umap,no_issue_data
firm_401103504,KEITH JOHNSON,-0.1067,0.4636,umap,no_issue_data
firm_401104006,THE JOE DAVIS COMPANY LLC,-0.1063,0.4634,umap,no_issue_data
firm_401104394,"GRAND CANYON STATE ELECTRIC COOPERATIVE ASSOCIATION, INC.",-0.1063,0.4633,umap,no_issue_data
firm_401105205,FIRST RULE,0.6574,0.1123,umap,no_issue_data
firm_401105234,"GRIFFIN CONSULTING, LLC",0.5581,-0.429,umap,
firm_401105565,LJ STRATEGIES LLC,0.1478,0.1079,umap,
firm_401106394,O'DONNELL & ASSOCIATES LLC,0.1994,0.3527,umap,no_issue_data
firm_401106711,"THE ELEVATION ASSOCIATION, LLC",0.3135,0.338,umap,no_issue_data
firm_401107452,"CONGRESSIONAL COLLEAGUES, LLC",0.6566,0.1122,umap,no_issue_data
firm_401107742,CAPITOL HILL COMMUNICATIONS,-0.4066,-0.2625,umap,no_issue_data
firm_401108723,SAXA INNOVATION LLC,0.2117,0.3516,umap,no_issue_data
firm_401110000,THE GALLERY HOSPITALITY CORP,0.3136,0.338,umap,no_issue_data
firm_401104410,"WELLINGTON STRATEGIES, LLC.",-0.0962,0.4986,umap,no_issue_data
firm_401106898,EB CONSULTING,0.468,-0.208,umap,
firm_2310,AMERICAN FEDERATION OF MUSICIANS,0.6649,0.1158,umap,no_issue_data
firm_401104903,"REM STRATEGIES, LLC",-0.1055,0.4626,umap,no_issue_data
firm_50295,JOHN GRZEBIEN,-0.0969,0.4978,umap,no_issue_data
firm_401105255,BASS PUBLIC AFFAIRS,0.2289,0.3414,umap,no_issue_data
firm_401110112,STERLINGTON PLLC,0.3135,0.338,umap,no_issue_data
firm_401104251,"TUSK STRATEGIES, LLC",0.1379,0.1241,umap,
firm_70437,HOLLRAH LLC,-0.1172,0.4788,umap,no_issue_data
firm_83490,"EDENS ADVISORY, LLC",-0.4074,0.2516,umap,no_issue_data
firm_313418,PETTUS CONSULTING,-0.1172,0.4788,umap,no_issue_data
firm_319472,"WESTERN SKIES STRATEGIES, INC.",-0.1178,0.4782,umap,no_issue_data
firm_400520537,"KOZAK & SALINA, LLC",0.2213,0.5599,umap,no_issue_data
firm_401103117,"B3 STRATEGIES, LLC",-0.1173,0.4787,umap,no_issue_data
firm_401103956,EARTH & WATER GROUP,0.4642,-0.2047,umap,
firm_401104173,RNL CONSULTING LLC,-0.3663,0.0432,umap,no_issue_data
firm_401106302,DUDDINGTON GLOBAL STRATEGIES LLC,-0.3251,-0.0463,umap,
firm_401107355,FORA PARTNERS,-0.2275,0.1663,umap,
firm_401109047,SIDEPRIZE LLC D/B/A PRIZEPICKS,0.3135,0.338,umap,no_issue_data
firm_401109379,"RAAB GOVERNMENT STRATEGIES, LLC",-0.2052,-0.0399,umap,
firm_40038312,MR. CHARLES SCHOLZ,-0.4019,-0.2642,umap,no_issue_data
firm_401104990,MS. ANNA AURILIO,-0.3422,0.0563,umap,no_issue_data
firm_401103200,"D&D STRATEGIES, LLC",0.2265,0.343,umap,no_issue_data
firm_401105182,R & B STRATEGIES,0.2273,0.3424,umap,no_issue_data
firm_401105892,HJ TOBIN POLICY CONSULTING,0.3584,0.514,umap,no_issue_data
firm_401106066,DUFFY&SHANLEY,0.1697,0.3409,umap,no_issue_data
firm_401105382,QUINELLA GLOBAL LLC,0.2414,0.5979,umap,no_issue_data
firm_401103100,"JORDAN LAW FIRM, LLC",0.3428,0.4269,umap,no_issue_data
firm_401105296,KEY BRIDGE ADVISORS,0.1977,0.3529,umap,no_issue_data
firm_44696,"GIS ASSOCIATES, INC",-0.4065,-0.2622,umap,no_issue_data
firm_45243,MR. WILLIAM ZAVARELLO,0.3135,0.338,umap,no_issue_data
firm_67570,DANEA KEHOE,-0.111,0.4848,umap,no_issue_data
firm_69550,MR. PATRICK TUCKER,-0.0663,-0.1497,umap,
firm_309971,"H. M. RILEY ASSOCIATES, LLC",-0.11,0.4863,umap,no_issue_data
firm_322990,APPIAN,-0.111,0.4849,umap,no_issue_data
firm_401104616,"WATSON & COMPANY GOVERNMENT SERVICES, INC",0.1684,0.3401,umap,no_issue_data
firm_401105939,"CARMEN GUZMAN, LLC",-0.3687,0.0399,umap,no_issue_data
firm_401105960,CHW ADVISORS,0.3946,0.5079,umap,no_issue_data
firm_401106755,ELLEN FERN,-0.111,0.4849,umap,no_issue_data
firm_401106952,IKYR LLC,-0.398,-0.2654,umap,no_issue_data
firm_401107348,"PRINCE STREET STRATEGIES, LLC",0.1358,0.0381,umap,
firm_401108409,"STOICK CONSULTING, LLC",0.1915,0.1274,umap,
firm_401109270,TALLEY STRATEGIES LLC,0.668,0.1126,umap,no_issue_data
firm_400468314,"BROMELKAMP GOVERNMENT RELATIONS, LLC",-0.1111,0.4848,umap,no_issue_data
client_00164,AMERICAN SOCIETY OF CIVIL ENGINEERS,0.1612,0.0201,umap,
firm_400706119,"CULTURAL HERITAGE PARTNERS, LLC",-0.1676,0.5276,umap,no_issue_data
firm_401103271,SPECTRUM PUBLIC AFFAIRS,0.223,0.0154,umap,
firm_401105022,SPLYSS LLC,0.2191,0.5584,umap,no_issue_data
firm_401106276,ROCK SPRING PUBLIC POLICY,0.2266,0.3428,umap,no_issue_data
firm_401106794,GTB PARTNERS,0.2981,0.054,umap,
firm_401109537,NEXUSONE CONSULTING,-0.1819,0.2913,umap,no_issue_data
firm_401108728,CAPITOL HILL ASSOCIATES,-0.4209,-0.4656,umap,
firm_315490,"FEDERAL STRATEGIES GROUP, INC.",0.3901,0.509,umap,no_issue_data
firm_88154,VPR ASSOCIATES,0.6649,0.1159,umap,no_issue_data
firm_294952,"TRADEWINS, LLC",0.4445,0.1578,umap,
firm_40029250,"DONNA M. FIORENTINO, LLC",-0.4048,-0.2639,umap,no_issue_data
firm_401105024,MULIUFI (MUFI) FRANCIS HANNEMANN,0.2265,0.3428,umap,no_issue_data
firm_401105080,O'HARE INFRASTRUCTURE STRATEGIES LLC,-0.0954,0.4994,umap,no_issue_data
firm_401106026,MGV LLC,-0.0953,0.4994,umap,no_issue_data
firm_401106467,KLEIN LAW GROUP PLLC,0.2264,0.3429,umap,no_issue_data
firm_401107053,DOGWOOD STRATEGIES INC,0.6682,0.1128,umap,no_issue_data
firm_401108056,4TH ST COMMUNICATIONS,0.2264,0.3429,umap,no_issue_data
firm_401108407,PERSPECTIVE PARTNERS LLC,0.6635,0.1172,umap,no_issue_data
firm_401109661,CRUCE CAPITOL CONSULTING LLC,-0.1817,0.2914,umap,no_issue_data
firm_401105099,LAWRENCE JAMES GROUP PROFESSIONALS LLC,-0.4012,0.2588,umap,no_issue_data
firm_401104744,OLIVERSTRATEGIES,0.2093,0.3522,umap,no_issue_data
firm_40043340,CAPITOL RESOURCE GROUP,-0.3467,0.0569,umap,no_issue_data
firm_401010852,SJSOLUTIONS PLLC,0.1743,-0.0223,umap,
firm_401104307,"GULF SOUTH STRATEGIES USA, LLC",-0.0955,0.4992,umap,no_issue_data
firm_401105518,MIRSONIA GROUP,-0.3839,-0.2668,umap,no_issue_data
firm_401106904,56 CAPITALS LLC,-0.407,-0.2619,umap,no_issue_data
firm_401105071,MR. JOSEPH HUANG-RACALTO,-0.3828,-0.2669,umap,no_issue_data
firm_401105946,GLENCOE STRATEGIES LLC,0.3484,0.434,umap,no_issue_data
firm_15075,"FONTHEIM INTERNATIONAL, LLC",0.6647,0.116,umap,no_issue_data
firm_287111,DAVID LEACH,0.2094,0.352,umap,no_issue_data
firm_401103148,"FRANZ CONSULTING, LLC",-0.4178,0.2397,umap,no_issue_data
firm_401103621,"LESCHI GROUP, LLC",-0.3492,0.0561,umap,no_issue_data
firm_401105081,INTEGRITAS BY BONO LLC,0.1962,0.3526,umap,no_issue_data
firm_401105531,"FINN STRATEGIES, LLC",0.3736,0.5115,umap,no_issue_data
firm_401106309,GORMAN STRATEGY GROUP,-0.4064,-0.2625,umap,no_issue_data
firm_401109417,FOXHOUND ADVISORS,-0.0564,-0.0963,umap,
firm_401105927,"SAPPHIRE STRATEGIES, LLC",-0.387,0.2738,umap,no_issue_data
firm_88531,MR. RON MCMURRAY,-0.0961,0.4986,umap,no_issue_data
firm_401107922,SYNCHRONICITY STRATEGIES LLC,-0.1569,0.5392,umap,no_issue_data
firm_401105193,"THE BLC GROUP, LLC",0.6564,0.1124,umap,no_issue_data
firm_401108921,MVP STRATEGIES,0.2698,-0.2125,umap,
firm_401106596,ROSEWOOD STRATEGIES LLC,0.6569,0.1124,umap,no_issue_data
firm_77834,THE MAGNATE GROUP LLC,0.3499,0.4357,umap,no_issue_data
firm_401105806,PROFECTUS INVESTMENTS LLC,-0.4092,-0.2608,umap,no_issue_data
firm_401106708,ARCURI WARD LLC,0.2252,0.3436,umap,no_issue_data
firm_400406915,TRILOGY ADVISORS LLC,0.1456,0.3321,umap,no_issue_data
firm_57772,THE WIGGLESWORTH COMPANY (TERESA N. WIGGLESWORTH),-0.1535,0.5427,umap,no_issue_data
firm_401104479,"WISE ADVICE, INC.",0.2092,0.3522,umap,no_issue_data
firm_401104986,GRANITE PUBLIC AFFAIRS,0.6667,0.1143,umap,no_issue_data
firm_401105177,ENERGY ADVANCE CENTER,0.668,0.1125,umap,no_issue_data
firm_401105271,MILLENNIAL GR & PUBLIC AFFAIRS PARTNERS,0.6681,0.1125,umap,no_issue_data
firm_401105684,G7 REPUTATION ADVISORY LLC,-0.4102,-0.2498,umap,no_issue_data
firm_401105691,"DUNCANCOUNTS, LLC",0.3662,0.5121,umap,no_issue_data
firm_401106295,"HATTON PARTNERS, LLC",0.6687,0.1119,umap,no_issue_data
firm_401106593,MR. RALPH JOHNSON,0.6667,0.1143,umap,no_issue_data
firm_401106713,MERIDIAN GOVERNMENT RELATIONS,0.3431,0.519,umap,no_issue_data
firm_401107996,"LEE SANDERS STRATEGY GROUP, LLC",0.0246,0.1375,umap,
firm_401107576,ARCH STREET,-0.4093,-0.2503,umap,no_issue_data
firm_401106225,EAGLE6 CONSULTING,0.6649,0.116,umap,no_issue_data
firm_401108803,G SQUARED STRATEGIES LLC,0.6665,0.1144,umap,no_issue_data
firm_53538,SUSAN STOHR,-0.4214,0.2358,umap,no_issue_data
client_00000,CHAMBER OF COMMERCE OF THE U.S.A.,-0.1349,-0.6305,umap,
client_00001,BUSINESS ROUNDTABLE INC,-0.5593,0.0741,umap,
client_00002,"META PLATFORMS, INC. AND VARIOUS SUBSIDIARIES",0.904,-0.005,umap,
client_00003,STATE OF LOC NATION GLOBAL PUBLIC BENEFIT CORPORATION,-0.0876,-0.0647,umap,
client_00004,OPEN SOCIETY ACTION FUND,-0.135,-0.1366,umap,
client_00005,AMERICA'S HEALTH INSURANCE PLANS INC (AHIP),-0.2034,-0.0413,umap,
client_00006,BAYER CORPORATION (CONSOLIDATED REPORT),0.2829,0.0253,umap,
client_00007,TOYOTA MOTOR NORTH AMERICA INC (TMA),0.0501,0.0625,umap,
client_00008,NATIONAL MULTIFAMILY HOUSING COUNCIL INC,0.1012,0.0112,umap,
client_00009,DOW CHEMICAL COMPANY DBA DOW,0.078,0.0295,umap,
client_00010,"AMERICAN ELECTRIC POWER COMPANY, INC. AND AFFILIATED CORPORATIONS",0.2821,0.1474,umap,
client_00011,U S CHAMBER INSTITUTE FOR LEGAL REFORM,-0.113,-0.0417,umap,
client_00012,"SHELL USA, INC. (FKA SHELL OIL COMPANY)",0.3356,0.2006,umap,
client_00013,NATIONAL SHOOTING SPORTS FOUNDATION,-0.3407,0.0547,umap,
client_00014,"HEALTH CARE SERVICE CORPORATION, A MUTUAL LEGAL RESERVE COMPANY (HCSC)",-0.1676,-0.3392,umap,
client_00015,"AIR TRANSPORT ASSOCIATION OF AMERICA, INC. (D/B/A AIRLINES FOR AMERICA)",-0.3829,-0.6192,umap,
client_00016,PMI US CORPORATE SERVICES INC. (FKA PMI GLOBAL SERVICES INC.),-0.0418,-0.1151,umap,
client_00017,AFLAC INCORPORATED,0.0031,0.0799,umap,
client_00018,GENERAL ELECTRIC COMPANY (INCLUDING SUBSIDIARIES),0.0591,-0.1198,umap,
client_00019,GSK (FKA GLAXOSMITHKLINE INC.),-0.1577,-0.3334,umap,
client_00020,NATIONAL ASSOCIATION OF CHILDREN'S HOSPITALS (N.A.C.H.),0.4871,-0.3938,umap,
client_00021,PHILLIPS 66,0.1518,-0.0414,umap,
client_00022,"DISTILLED SPIRITS COUNCIL OF THE U.S., INC.",-0.0521,-0.0857,umap,
client_00023,UNION PACIFIC CORPORATION,-0.3101,-0.0489,umap,
client_00024,CORTEVA AGRISCIENCE LLC (FKA E I DU PONT DE NEMOURS AND COMPANY),0.3038,0.0406,umap,
client_00025,"HORIZON THERAPEUTICS USA, INC. (FKA HORIZON PHARMA USA, INC.)",-0.25,-0.5336,umap,
client_00026,LYONDELL CHEMICAL COMPANY,0.54,0.1075,umap,
client_00027,KAISER FOUNDATION HEALTH PLAN INC,0.4846,-0.3944,umap,
client_00028,DISNEY WORLDWIDE SERVICES INC,0.1743,-0.021,umap,
client_00029,EXELON BUSINESS SERVICES LLC,0.073,0.1959,umap,
client_00030,"ADVANCED MICRO DEVICES, INC.",0.1655,0.1548,umap,
client_00031,NATIONWIDE MUTUAL INSURANCE COMPANY,-0.2122,0.0383,umap,
client_00032,CONSUMER BRANDS ASSOCIATION (PKA: GROCERY MANUFACTURERS ASSOCIATION),0.3218,-0.0274,umap,
client_00033,"H&R BLOCK MANAGEMENT, LLC, A SUBSIDIARY OF H&R BLOCK, INC.",0.135,-0.379,umap,
client_00034,HEWLETT PACKARD ENTERPRISE COMPANY & AFFILIATES,-0.0251,-0.0741,umap,
client_00035,ELECTRONIC PAYMENTS COALITION INC.,-0.3275,-0.1192,umap,
client_00036,MILITARY OFFICERS ASSOCIATION OF AMERICA,-0.1114,-0.0883,umap,
client_00037,AFL-CIO,-0.1196,0.3001,umap,
client_00038,ADVANCED MEDICAL TECHNOLOGY ASSN,0.4826,-0.3963,umap,
client_00040,GOLDMAN SACHS GROUP INC,0.258,-0.2161,umap,
client_00041,"LUMEN TECHNOLOGIES, INC.",-0.039,0.1554,umap,
client_00042,MOTION PICTURE ASSOCIATION INC,0.1294,0.1176,umap,
client_00043,SEMPRA,0.1587,0.0444,umap,
client_00044,"SALESFORCE, INC.",-0.1197,0.3027,umap,
client_00045,ARCHER DANIELS MIDLAND COMPANY,0.3432,0.0267,umap,
client_00046,AMERICAN FED OF GOVERNMENT EMPLOYEES AFL-CIO,-0.106,-0.1497,umap,
client_00047,GILA RIVER INDIAN COMMUNITY,0.1659,-0.6035,umap,
client_00048,ASSOCIATED BUILDERS AND CONTRACTORS INC,-0.118,0.3004,umap,
client_00049,MARATHON PETROLEUM COMPANY LP,0.1366,0.0383,umap,
client_00050,AMERICAN TOWER CORPORATION,0.2639,-0.2147,umap,
client_00051,WALGREEN COMPANY,0.0408,-0.2966,umap,
client_00052,"THE TRAVELERS COS., INC. AND SUBSIDIARIES",0.756,0.2366,umap,
client_00053,AMERICAN CLINICAL LABORATORY ASSN,-0.4901,0.3333,umap,
client_00054,INTERNATIONAL ASSOCIATION OF MACHINISTS AND AEROSPACE WORKERS,-0.3097,-0.0493,umap,
client_00055,AMERICAN CRYSTAL SUGAR COMPANY,0.3924,-0.0319,umap,
client_00056,"HCA HEALTHCARE, INC.",0.2971,-0.305,umap,
client_00057,MCKESSON CORPORATION & AFFILIATES U.S. ONCOLOGY AND RX SAVINGS SOLUTIONS,-0.1652,-0.3375,umap,
client_00058,PWC US GROUP LLP (FKA PRICEWATERHOUSECOOPERS),0.0102,-0.0565,umap,
client_00059,HR POLICY ASSOCIATION,-0.0129,0.1028,umap,
client_00060,CHUBB INA HOLDINGS INC.,0.262,-0.2158,umap,
client_00061,U.S. BEET SUGAR ASSOCIATION,0.3322,0.0196,umap,
client_00062,SELECT MEDICAL HOLDINGS CORPORATION,-0.2807,0.302,umap,
client_00063,AMERICAN FEDERATION OF STATE COUNTY AND MUNICIPAL EMPLOYEES,0.0721,0.1939,umap,
client_00064,HOME DEPOT,-0.2255,0.1638,umap,
client_00065,CHENIERE ENERGY INC.,0.291,-0.1366,umap,
client_00066,AMERICAN INVESTMENT COUNCIL F/K/A PEGCC,0.0184,0.012,umap,
client_00067,"UNILEVER UNITED STATES, INC.",0.2699,-0.071,umap,
client_00068,TRUIST FINANCIAL CORPORATION (FORMERLY KNOWN AS BB&T),-0.0356,-0.0428,umap,
client_00069,UNIVERSAL MUSIC GROUP,-0.0376,0.1571,umap,
client_00070,"SB GROUP US, INC. DBA SOFTBANK GROUP US, INC.",0.2978,-0.1425,umap,
client_00071,AMERICAN FARM BUREAU FED,0.0099,0.1201,umap,
client_00073,GUN OWNERS OF AMERICA INC,-0.3391,0.0539,umap,
client_00074,VANGUARD GROUP,-0.0356,-0.0421,umap,
client_00075,AEROSPACE INDUSTRIES ASSOCIATION OF AMERICA INC,-0.2403,-0.2024,umap,
client_00076,UNITED STATES TELECOM ASSN,-0.1105,0.0456,umap,
client_00077,"ALLIANCE OF COMMUNITY HEALTH PLANS, INC.",-0.2799,0.3019,umap,
client_00078,JETBLUE AIRWAYS CORPORATION,-0.0438,-0.0794,umap,
client_00079,ZURICH AMERICAN INSURANCE COMPANY (FKA ZURICH),0.0235,0.1377,umap,
client_00080,GROWTH ENERGY INC,0.5398,0.1074,umap,
client_00081,AZOA SERVICES CORP(ALLIANZ OF AMERICA) AND AFFILIATES,-0.071,0.0412,umap,
client_00082,"ADVOCATE AURORA HEALTH, INC.",-0.165,-0.339,umap,
client_00083,FIRSTENERGY CORP,0.1889,0.0299,umap,
client_00084,GUARDIAN LIFE INSURANCE COMPANY OF AMERICA,-0.1806,-0.0512,umap,
client_00085,REINSURANCE ASSN OF AMERICA,0.2729,-0.0514,umap,
client_00086,UNITED LAUNCH ALLIANCE LLC,-0.2156,-0.3841,umap,
client_00087,HARTFORD INSURANCE GROUP (FKA HARTFORD FINANCIAL SERVICES GROUP),0.0034,0.0802,umap,
client_00088,"EDWARD D. JONES & CO., L.P.",-0.0743,0.045,umap,
client_00089,STATE FARM MUTUAL AUTOMOBILE INSURANCE COMPANY,0.2364,-0.008,umap,
client_00090,AMERICAN COLLEGE OF CARDIOLOGY,-0.2791,0.305,umap,
client_00091,DISCOVER FINANCIAL SERVICES,-0.018,0.0763,umap,
client_00092,PRIMERICA LIFE INSURANCE COMPANY,-0.1806,-0.0512,umap,
client_00093,"INTERDIGITAL, INC.",0.2676,-0.2077,umap,
client_00094,COGNIZANT TECHNOLOGY SOLUTIONS U.S. CORPORATION,0.0911,0.1981,umap,
client_00095,XCEL ENERGY INC,-0.2192,-0.2248,umap,
client_00096,SOFTWARE & INFORMATION INDUSTRY ASSOCIATION,0.0813,0.084,umap,
client_00097,NATIONAL COMMUNITY PHARMACISTS ASSOCIATION,0.4837,-0.3949,umap,
client_00098,"RBC CAPITAL MARKETS, LLC",0.2598,-0.2165,umap,
client_00099,AIRCRAFT OWNERS & PILOTS ASSOCIATION,-0.3829,-0.6191,umap,
client_00100,CAMBIA HEALTH SOLUTIONS,-0.1814,-0.0509,umap,
client_00101,"THE CAPITAL GROUP COMPANIES, INC. AND ITS AFFILIATES",0.2571,-0.2174,umap,
client_00102,AMERICAN ASSOCIATION OF ORTHOPAEDIC SURGEONS,-0.1005,-0.2823,umap,
client_00103,ALCOA CORP,0.2117,0.1653,umap,
client_00104,HSBC TECHNOLOGY AND SERVICES USA INC.,0.2615,-0.216,umap,
client_00105,"SMITH & NEPHEW, INC.",0.4793,-0.3989,umap,
client_00106,UNIVERSITY OF CALIFORNIA,0.1376,0.1239,umap,
client_00107,"ASSOCIATION OF NATIONAL ADVERTISERS, INC.",-0.0181,0.1024,umap,
client_00108,TAIWAN SEMICONDUCTOR MANUFACTURING COMPANY (TSMC),0.0338,0.0654,umap,
client_00109,STANLEY BLACK & DECKER,0.2121,0.1662,umap,
client_00110,CARRIER GLOBAL CORPORATION,0.2117,0.1662,umap,
client_00111,ENBRIDGE (U.S.) INC,0.4614,0.0303,umap,
client_00112,CALIFORNIA STATE UNIVERSITY,-0.0391,-0.1538,umap,
client_00113,S&P GLOBAL INC. (F/K/A MCGRAW HILL FINANCIAL INC.),0.1371,0.0387,umap,
client_00114,APOLLO GLOBAL MANAGEMENT,-0.0417,0.1524,umap,
client_00115,VOLVO CAR CORPORATION,0.207,-0.0486,umap,
client_00116,DEERE & COMPANY,-0.2251,0.1636,umap,
client_00117,ATHENE HOLDING,-0.0234,0.0975,umap,
client_00118,HEALTHCARE DISTRIBUTION ALLIANCE (FORMERLY - HDMA),0.3554,-0.2784,umap,
client_00119,STATE STREET BANK AND TRUST COMPANY AND ITS AFFILIATES,0.2572,-0.2166,umap,
client_00120,ASCENSION HEALTH ALLIANCE D/B/A ASCENSION,-0.2805,0.3014,umap,
client_00121,AMERICAN FEDERATION OF TEACHERS,0.0733,0.1664,umap,
client_00122,ELECTRONIC TRANSACTIONS ASSOCIATION,0.0331,0.066,umap,
client_00123,TE CONNECTIVITY CORPORATION,0.2613,-0.2111,umap,
client_00124,"DUPONT DE NEMOURS, INC.",0.5392,0.1069,umap,
client_00125,COUNCIL OF FHLBANKS,0.0213,0.328,umap,
client_00126,MEDICAL GROUP MANAGEMENT ASSN,-0.2822,0.3003,umap,
client_00127,BASF CORPORATION,-0.3109,-0.0485,umap,
client_00128,PERNOD RICARD,0.2712,-0.0689,umap,
client_00129,MERCEDES-BENZ USA (FKA DAIMLER/MERCEDES-BENZ USA,0.4115,-0.3084,umap,
client_00130,INT'L ASS'N OF SHEET METAL AIR RAIL & TRANSP WORKERS TRANSP DIV,-0.2106,0.1369,umap,
client_00131,THE FERTILIZER INSTITUTE,0.2679,0.0062,umap,
client_00132,"JAZZ PHARMACEUTICALS, INC.",-0.1249,-0.3292,umap,
client_00133,TECHNOLOGY NETWORK AKA TECHNET,-0.1213,0.3007,umap,
client_00134,TAX REFORM COALITION,0.2711,-0.2149,umap,
client_00135,U.S. BANCORP (FORMERLY FILED AS U.S. BANK),0.2428,-0.1632,umap,
client_00136,"SUNTORY GLOBAL SPIRITS, INC. (FORMERLY BEAM SUNTORY INC.)",0.0116,0.1052,umap,
client_00137,INDUSTRIAL ENERGY CONSUMERS OF AMERICA,0.1969,0.1611,umap,
client_00138,"SWISHER INTERNATIONAL, INC., F/K/A SI GROUP CLIENT SERVICES",-0.2273,0.1661,umap,
client_00139,CASE NEW HOLLAND INDUSTRIAL INC,0.2686,-0.055,umap,
client_00140,ENCOMPASS HEALTH CORPORATION (FKA HEALTHSOUTH CORPORATION),-0.2801,0.3021,umap,
client_00141,LYFT,-0.2246,0.1625,umap,
client_00142,LINCOLN NATIONAL CORPORATION,-0.0719,0.0377,umap,
client_00143,SONY MUSIC ENTERTAINMENT (FORMERLY KNOWN AS SONY BMG MUSIC ENTERTAINMENT),0.184,0.4727,umap,
client_00144,INTERCONTINENTAL EXCHANGE GROUP INC (FORMERLY INTERCONTINENTAL EXCHANGE),-0.3281,-0.1195,umap,
client_00145,AMERICAN PSYCHOLOGICAL ASSOCIATION SERVICES INC.(FKA AMERICAN PSYCHOLOGICAL ASSN,-0.1155,0.3001,umap,
client_00146,EXELIXIS INC.,-0.2508,-0.5344,umap,
client_00147,POLARIS INDUSTRIES,-0.0202,-0.1869,umap,
client_00148,TENCENT HOLDINGS LIMITED,0.1977,0.4768,umap,
client_00149,"TD BANK, NA",0.1362,-0.3781,umap,
client_00151,VANTOR PARENT INC,-0.038,-0.1521,umap,
client_00152,ECOLAB INC,0.5391,0.1068,umap,
client_00153,SYNCHRONY FINANCIAL,-0.0769,0.0536,umap,
client_00154,AUTO CARE ASSOCIATION,0.2702,-0.207,umap,
client_00155,CSL BEHRING LLC,0.0765,-0.2084,umap,
client_00156,TRANSPORTATION TRADES DEPARTMENT AFL-CIO,0.1259,-0.0182,umap,
client_00157,NATIONAL ASSOCIATION FOR GUN RIGHTS,-0.4093,-0.2517,umap,
client_00158,W. R. BERKLEY CORPORATION,0.7561,0.2366,umap,
client_00159,UNITED STEEL PAPER & FORESTRY RUBBER MANUFACTURING ENERGY,0.0722,0.1949,umap,
client_00160,THE INTERNET ASSOCIATION,0.1583,-0.0044,umap,
client_00161,"CITIZENS FOR RESPONSIBLE ENERGY SOLUTIONS, INC.",0.2797,0.0631,umap,
client_00162,"MATCH GROUP, INC.",0.1956,-0.1615,umap,
client_00163,VISTRA CORPORATE SERVICES COMPANY (FKA VISTRA CORP.),0.2925,-0.1382,umap,
client_00165,"AKEBIA THERAPEUTICS, INC.",0.2886,-0.2997,umap,
client_00166,LPL FINANCIAL,-0.044,0.1495,umap,
client_00168,PARTNERSHIP FOR QUALITY HOME HEALTHCARE,-0.2803,0.3016,umap,
client_00169,OWNER-OPERATOR INDEPENDENT DRIVERS ASSOCIATION,-0.3657,0.0398,umap,
client_00170,"WORKDAY, INC.",0.0783,0.1083,umap,
client_00171,"SIEMENS MEDICAL SOLUTIONS USA, INC",-0.3098,-0.0491,umap,
client_00172,BIOMARIN PHARMACEUTICAL INC.,0.4816,-0.397,umap,
client_00173,FOOD MARKETPLACE INC,0.0249,0.1373,umap,
client_00174,WAYMO LLC,0.226,0.0667,umap,
client_00175,CBS CORPORATION,-0.1813,0.0837,umap,
client_00176,PITNEY BOWES INC.,0.2656,-0.2185,umap,
client_00177,KRAFT HEINZ COMPANY,-0.3497,-0.0442,umap,
client_00178,"AMERICAN COLLEGE OF PHYSICIAN SERVICES, INC.",-0.4593,-0.096,umap,
client_00179,TEXAS FARM BUREAU,0.2712,0.0065,umap,
client_00180,AMERICAN MARITIME PARTNERSHIP,0.3103,0.5764,umap,
client_00181,JOHN HANCOCK LIFE INSURANCE COMPANY (U.S.A),0.2702,-0.071,umap,
client_00182,"ARDELYX, INC.",-0.2802,0.3017,umap,
client_00183,COMMERCIAL REAL ESTATE FINANCE COUNCIL,-0.0746,0.0501,umap,
client_00184,AIR LIQUIDE USA LLC,0.2924,-0.1379,umap,
client_00186,"BETTER MEDICARE ALLIANCE, INC.",-0.1672,-0.3384,umap,
client_00187,PHARMACEUTICAL RESEARCH & MANUFACTURERS OF AMERICA INC,0.1012,-0.1654,umap,
client_00188,NAIOP,0.3983,0.1524,umap,
client_00189,"1-800 CONTACTS, INC.",-0.4656,-0.0984,umap,
client_00190,NATIONAL COTTON COUNCIL,0.3918,-0.0312,umap,
client_00191,SPOTIFY USA INC.,0.0336,0.0655,umap,
client_00192,AMERICAN PHYSICAL SOCIETY,-0.0779,-0.1452,umap,
client_00193,HUMANE WORLD ACTION FUND,-0.0677,0.6632,umap,
client_00194,AMERICANS FOR PROSPERITY,0.0914,0.1993,umap,
client_00195,SMITHS GROUP SERVICES CORPORATION,-0.3123,-0.0468,umap,
client_00196,CROWN CASTLE AND ITS AFFILIATES,0.2055,-0.0467,umap,
client_00197,COVESTRO LLC,0.3066,0.0408,umap,
client_00198,ONE ACTION,0.3166,-0.0463,umap,
client_00199,ARCELORMITTAL NORTH AMERICA HOLDINGS LLC,0.2112,0.1684,umap,
client_00200,APOTEX CORP.,-0.1576,-0.3334,umap,
client_00201,ROLLS-ROYCE NORTH AMERICA AND ITS AFFILIATES,0.2061,0.1742,umap,
client_00202,AMERICAN COLLEGE OF OBSTETRICIANS AND GYNECOLOGISTS,0.1314,0.1156,umap,
client_00203,SAAB INC (FKA SAAB DEFENSE AND SECURITY USA LLC),0.1287,-0.0566,umap,
client_00204,HIGHMARK INC,0.3561,-0.2785,umap,
client_00205,SUSAN B ANTHONY LIST,-0.1181,0.3003,umap,
client_00206,GENERAL MILLS SERVICES INC. (FKA GENERAL MILLS),-0.3684,0.4386,umap,
client_00207,AON CORPORATION,0.1521,-0.0361,umap,
client_00208,AMERICAN SOCIETY OF PENSION PROFESSIONALS & ACTUARIES,0.6588,-0.3199,umap,
client_00209,"NATIONAL ELECTRICAL CONTRACTORS ASSOCIATION, INC.",-0.3099,-0.0492,umap,
client_00210,AMERICAN RESORT DEVELOPMENT ASSN,-0.1086,0.0463,umap,
client_00211,SONY PICTURES ENTERTAINMENT INC.,0.2673,-0.2071,umap,
client_00212,NATIONAL ASSOCIATION OF BENEFITS AND INSURANCE PROFESSIONALS,0.3543,-0.2785,umap,
client_00213,NATIONAL TREASURY EMPLOYEES UNION,0.1882,-0.0764,umap,
client_00214,IRON MOUNTAIN INCORPORATED,-0.1128,-0.0918,umap,
client_00215,"SIERRA NEVADA COMPANY, LLC",-0.196,-0.1257,umap,
client_00216,"AMERIPRISE FINANCIAL, INC.",0.0032,0.0802,umap,
client_00217,"EQUINIX, INC.",0.1918,-0.1563,umap,
client_00218,ST SHARED SERVICES LLC DBA KEENOVA THERAPEUTICS (FKA ST SHARED SERVICES LLC DBA,0.3573,-0.2801,umap,
client_00219,SENIOR CARE PHARMACY COALITION,-0.2811,0.2995,umap,
client_00220,AMERICAN ACADEMY OF PEDIATRICS,-0.1169,0.3005,umap,
client_00221,ASSOCIATION OF HOME APPLIANCE MANUFACTURERS,0.334,0.2007,umap,
client_00222,GAP INC.,0.3381,0.0223,umap,
client_00223,REWORLD WASTE LLC,0.1237,0.0261,umap,
client_00224,KROGER CO,0.0086,0.121,umap,
client_00225,GLOBAL ELECTRONICS ASSOCIATION (FKA IPC INTERNATIONAL),-0.2401,-0.202,umap,
client_00226,KIA CORPORATION (FORMERLY KNOWN AS KIA MOTORS CORPORATION),0.6113,-0.041,umap,
client_00227,GRIFOLS SHARED SERVICES NORTH AMERICA INC,-0.3099,-0.0491,umap,
client_00228,INTERNATIONAL FRESH PRODUCE ASSOCIATION (FKA UNITED FRESH PRODUCE ASSOCIATION),-0.3511,-0.044,umap,
client_00229,DAIRY FARMERS OF AMERICA INC,0.276,-0.0004,umap,
client_00230,AMERICAN ACADEMY OF OTOLARYNGOLOGY-HEAD AND NECK SURGERY,0.4847,-0.3945,umap,
client_00231,INDEPENDENT INSURANCE AGENTS & BROKERS OF AMERICA,-0.2261,0.1647,umap,
client_00232,BRIDGESTONE AMERICAS INC,0.2703,-0.073,umap,
client_00233,COUNCIL FOR CITIZENS AGAINST GOVERNMENT WASTE,-0.1182,0.3009,umap,
client_00234,BROTHERHOOD OF LOCOMOTIVE ENGINEERS AND TRAINMEN,0.3409,0.3945,umap,
client_00235,COBANK ACB,0.0116,0.1051,umap,
client_00236,"ROBINHOOD MARKETS, INC.",-0.3276,-0.1207,umap,
client_00237,"CHS, INC",0.3425,0.026,umap,
client_00238,NATURAL RESOURCES DEFENSE COUNCIL,0.2811,0.0634,umap,
client_00239,NATIONAL ALLIANCE FOR CARE AT HOME (FORMERLY NATL ASSN FOR HOME CARE & HOSPICE),-0.3112,0.2874,umap,
client_00240,ASSOCIATED GENERAL CONTRACTORS OF AMERICA,-0.012,0.1045,umap,
client_00241,NATIONAL RIGHT TO WORK COMMITTEE,0.1652,-0.3164,umap,
client_00242,BUILDING AND CONSTRUCTION TRADES DEPT AFL-CIO,0.2935,0.1333,umap,
client_00243,SECURE IDENTITY LLC (D-B-A CLEAR),0.0262,-0.1365,umap,
client_00245,"FREEDOMWORKS, INC.",-0.1187,0.3007,umap,
client_00246,ALLIED PILOTS ASSOCIATION,0.3476,-0.1099,umap,
client_00247,"SUMITOMO PHARMA AMERICA, INC. (FORMERLY SUNOVION PHARMACEUTICALS INC.)",-0.4598,-0.0969,umap,
client_00248,ELANCO ANIMAL HEALTH INCORPORATED,0.3403,0.0235,umap,
client_00249,BLUE CROSS AND BLUE SHIELD OF FLORIDA INC,-0.1667,-0.3384,umap,
client_00250,"PARTNERSHIP TO ADDRESS GLOBAL EMISSIONS, INC.",0.3725,0.2283,umap,
client_00251,"ZILLOW GROUP, INC.",-0.0399,0.1548,umap,
client_00252,KELLANOVA,-0.3503,-0.0443,umap,
client_00253,"AMERICAN CABLE ASSOCIATION, INC. DBA ACACONNECTS",0.1556,-0.1037,umap,
client_00254,"TELEVISAUNIVISION, INC. (FKA UNIVISION COMMUNICATIONS INC.)",0.1291,0.1172,umap,
client_00255,ACADIA PHARMACEUTICALS,0.4827,-0.3961,umap,
client_00256,BLUECROSS BLUESHIELD OF TENNESSEE,0.3532,-0.2777,umap,
client_00257,NIPPON STEEL CORPORATION,0.6095,-0.0414,umap,
client_00258,NATIONAL FUEL GAS COMPANY,0.3788,0.2324,umap,
client_00259,MAYO CLINIC,0.0258,-0.1789,umap,
client_00260,CERBERUS CAPITAL MANAGEMENT,-0.3277,-0.12,umap,
client_00261,AIR EVAC LIFETEAM,0.2875,-0.3013,umap,
client_00262,TENABLE INC,-0.1272,-0.1199,umap,
client_00263,"NATIONAL COUNCIL OF STATE BOARDS OF NURSING, INC.",-0.4667,-0.0992,umap,
client_00264,CAESARS ENTERPRISE SERVICES LLC,0.4471,-0.2134,umap,
client_00265,ARKEMA INC. AND ITS AFFILIATES (FKA ARKEMA INC.),-0.2191,-0.2247,umap,
client_00266,JEWISH FEDERATIONS OF NORTH AMERICA,0.1269,0.1155,umap,
client_00267,CLEVELAND-CLIFFS INC,0.1373,0.0387,umap,
client_00268,NATIONAL ASSOCIATION OF GOVERNMENT GUARANTEED LENDERS INC,-0.0874,0.6788,umap,
client_00269,A16Z CAPITAL MANAGEMENT LLC (F/K/A AH CAPITAL MANAGEMENT L.L.C.),-0.1807,-0.0511,umap,
client_00270,ALLIANCE FOR BIOPHARMACEUTICAL COMPETITIVENESS AND INNOVATION,0.4472,-0.2174,umap,
client_00271,YALE UNIVERSITY,0.1371,0.1233,umap,
client_00272,"TRACFONE WIRELESS, INC.",0.1341,0.6032,umap,
client_00273,BLOOD CANCER UNITED (FKA THE LEUKEMIA & LYMPHOMA SOCIETY),0.3582,-0.2825,umap,
client_00274,AMERICAN MEDICAL REHABILITATION PROVIDERS ASSOCIATION,0.2908,-0.3001,umap,
client_00275,INCYTE CORPORATION,0.068,-0.1101,umap,
client_00276,BAYCARE HEALTH SYSTEM,-0.1266,-0.3235,umap,
client_00277,GENESEE & WYOMING INC,0.2732,0.0092,umap,
client_00278,INDEPENDENT PETROLEUM ASSOCIATION OF AMERICA,0.4127,-0.3094,umap,
client_00279,LARGE PUBLIC POWER COUNCIL,0.4386,0.157,umap,
client_00280,CREDIT SUISSE SECURITIES (USA),-0.0778,0.0533,umap,
client_00281,PANASONIC CORPORATION OF NORTH AMERICA (PNA),0.5396,0.1072,umap,
client_00282,UNIDOSUS (FKA NATIONAL COUNCIL OF LA RAZA),0.4866,-0.3938,umap,
client_00283,PEABODY INVESTMENTS CORP,0.295,0.1301,umap,
client_00284,W.L. GORE & ASSOCIATES,0.1263,0.0271,umap,
client_00285,"AMERICANS FOR CARBON DIVIDENDS, INC",0.361,0.1317,umap,
client_00286,ADTALEM GLOBAL EDUCATION,-0.1202,0.3042,umap,
client_00287,CF INDUSTRIES INC,0.3432,0.0267,umap,
client_00288,"OMNITRAX, INC.",0.265,-0.2072,umap,
client_00289,BREAKTHROUGH T1D (FORMERLY KNOWN AS JDRF INTL.),-0.2282,0.1672,umap,
client_00290,AGRICULTURAL RETAILERS ASSOCIATION,0.3391,0.028,umap,
client_00291,AMERICAN APPAREL & FOOTWEAR ASSOCIATION,0.1395,-0.0137,umap,
client_00292,"FEDERATED HERMES, INC.(FORMERLY KNOWN AS FEDERATED INVESTORS, INC.)",-0.3279,-0.1195,umap,
client_00293,ALBEMARLE CORPORATION,-0.0156,-0.1749,umap,
client_00294,COMMUNITY FOUNDATION AWARENESS INITIATIVE (INFORMAL COALITION),-0.0188,0.1015,umap,
client_00295,"DANONE NORTH AMERICA, PBC",0.3391,0.0224,umap,
client_00296,UNITED FOOD & COMMERCIAL WORKERS INTERNATIONAL UNION,0.0248,0.1368,umap,
client_00297,"JACOBS SOLUTIONS, INC.",0.282,0.148,umap,
client_00298,"SAREPTA THERAPEUTICS, INC.",0.3554,-0.2777,umap,
client_00299,NEMOURS FOUNDATION - A FLORIDA NOT-FOR-PROFIT CORPORATION,0.3574,-0.2827,umap,
client_00300,BMO BANK N.A. (FKA BMO HARRIS BANK N.A.),-0.0965,0.0622,umap,
client_00301,SOUTHERN MINNESOTA BEET SUGAR COOP,0.3365,0.0215,umap,
client_00302,SHIELD AI,-0.1196,-0.1706,umap,
client_00303,CATHOLIC HEALTH ASSOCIATION OF THE UNITED STATES,0.087,0.1506,umap,
client_00304,ZTE CORPORATION (FORMERLY ZTE USA INC),0.5922,-0.0433,umap,
client_00305,CARNIVAL CORPORATION (FKA CARNIVAL NORTH AMERICA LLC),0.1902,0.0587,umap,
client_00306,ZOETIS INC.,0.2733,-0.051,umap,
client_00307,WEC ENERGY GROUP,0.4614,0.0308,umap,
client_00308,"SPARK THERAPEUTICS, INC.",-0.1277,-0.3242,umap,
client_00309,"FORIS DAX, INC & ITS AFFILIATED ENTITIES D/B/A CRYPTO.COM",-0.0397,0.1255,umap,
client_00310,"L3 TECHNOLOGIES, INC.",0.1525,-0.1016,umap,
client_00311,"MEDLINE, FORMERLY REPORTED AS MEDLINE INDUSTRIES, LP",0.1438,-0.0148,umap,
client_00312,"THE AMERICAN OCCUPATIONAL THERAPY ASSOCIATION, INC. (AOTA)",-0.1041,-0.2835,umap,
client_00313,GUARDANT HEALTH,-0.3112,0.2874,umap,
client_00314,BOOKING HOLDINGS INC.,0.2061,-0.0475,umap,
client_00315,CITIZENS FINANCIAL GROUP INC,0.1347,-0.3787,umap,
client_00316,BLUE CROSS BLUE SHIELD OF MICHIGAN,-0.1643,-0.337,umap,
client_00317,AMRIZE NORTH AMERICA INC.,0.2121,0.1653,umap,
client_00318,"DROPBOX, INC.",0.0339,0.0656,umap,
client_00319,EARTHJUSTICE,0.2608,0.0428,umap,
client_00320,MOTOR & EQUIPMENT MANUFACTURERS ASSOCIATION,0.2135,0.1654,umap,
client_00321,UNIVERSITY OF PITTSBURGH,-0.0139,-0.1243,umap,
client_00322,NORTHWESTERN UNIV,0.1292,0.1162,umap,
client_00323,NATIONAL ASSN FOR BEHAVIORAL HEALTHCARE,0.2764,-0.5,umap,
client_00324,MACANDREWS SOUTH CORPORATION,-0.3099,-0.0487,umap,
client_00325,THE UNIVERSITY OF FLORIDA BOARD OF TRUSTEES,-0.4061,-0.0134,umap,
client_00326,"BUNGE NORTH AMERICA, INC",0.3046,0.0454,umap,
client_00327,UNITED ASSN OF JOURNEYMEN & APPRENTICES OF THE PLUMBING & PIPEFITTING INDUSTRY,-0.3068,-0.0519,umap,
client_00328,THE AMERICAN WATERWAYS OPERATORS,0.1999,0.0124,umap,
client_00329,SPLC ACTION FUND,-0.1287,-0.1414,umap,
client_00330,HERSHEY COMPANY,0.3429,0.0259,umap,
client_00331,UNIVERSITY OF COLORADO,-0.1191,0.3034,umap,
client_00332,KLA CORPORATION,0.271,-0.2162,umap,
client_00333,PARKER MEGGITT,-0.2171,-0.3852,umap,
client_00334,NEW CALIFORNIA REPUBLIC CO.,0.3344,0.2009,umap,
client_00335,U.S. GLOBAL LEADERSHIP CAMPAIGN,-0.3573,-0.4085,umap,
client_00336,COMPETITIVE CARRIERS ASSOCIATION,-0.1113,0.0449,umap,
client_00337,NEW YORK AND PRESBYTERIAN HOSPITAL,0.3574,-0.283,umap,
client_00338,ARES CAPITAL CORPORATION,-0.3274,-0.1198,umap,
client_00339,AMERICAN SOYBEAN ASSOCIATION,0.3051,0.0423,umap,
client_00340,TRI-STATE GENERATION AND TRANSMISSION ASSOCIATION INC,0.3001,0.0524,umap,
client_00341,RECORDING ACADEMY,-0.1159,0.3049,umap,
client_00342,ATRIUM HEALTH - FORMERLY KNOWN AS CAROLINAS HEALTHCARE SYSTEM,0.4862,-0.3934,umap,
client_00343,J STREET,-0.0187,-0.1131,umap,
client_00344,CENTRUS ENERGY CORP,0.2794,0.1757,umap,
client_00345,BAUSCH HEALTH COMPANIES,-0.4585,-0.0966,umap,
client_00346,"CONTINENTAL AUTOMOTIVE SYSTEMS, INC.",0.2116,0.1655,umap,
client_00347,HEALTHCARE ASSOCIATION OF NYS,0.275,-0.499,umap,
client_00348,"ITG BRANDS, LLC (FORMERLY FONTEM US, INC.)",0.2702,-0.2093,umap,
client_00349,HORMEL FOODS CORPORATION,0.2744,-0.0504,umap,
client_00350,OCHSNER CLINIC FOUNDATION,0.3556,-0.2837,umap,
client_00351,GOTION INC.,0.2921,-0.1382,umap,
client_00352,"HAWAIIAN AIRLINES, INC.",-0.383,-0.6192,umap,
client_00353,GOVERNMENT OF U.S. VIRGIN ISLANDS,0.1441,0.0274,umap,
client_00354,HARVARD UNIVERSITY--PRESIDENT AND FELLOWS OF HARVARD COLLEGE,-0.3089,-0.0496,umap,
client_00355,HUMAN RIGHTS FIRST,-0.1395,-0.1367,umap,
client_00356,LAKEVIEW CAPITAL HOLDINGS INC ON BEHALF OF MR JAY ALIX,-0.143,-0.1613,umap,
client_00357,AMERICAN LEGION,-0.1379,-0.1256,umap,
client_00358,VETERANS GUARDIAN VA CLAIM CONSULTING LLC,0.1108,0.4356,umap,
client_00359,"EXPANSION FUNDING PARTNERS, LLC",-0.328,-0.1195,umap,
client_00360,NATIONAL PUBLIC FINANCE GUARANTEE CORPORATION,-0.0768,-0.1021,umap,
client_00361,NORTHERN CALIFORNIA POWER AGENCY,0.2892,-0.1348,umap,
client_00362,FISERV (FKA FIRST DATA CORPORATION),-0.0025,0.0853,umap,
client_00363,INTELSAT US LLC,-0.1922,-0.1211,umap,
client_00364,U.S. FUND FOR UNICEF,0.1265,0.1154,umap,
client_00365,"RAFAEL USA, INC.",-0.1949,-0.1245,umap,
client_00366,OUTDOOR ADVERTISING ASSOCIATION OF AMERICA INC,0.3582,-0.1222,umap,
client_00367,LIFEPOINT HEALTH,-0.2942,0.3189,umap,
client_00368,DUKE UNIVERSITY,-0.1189,0.3032,umap,
client_00369,LIBERTY MARITIME CORPORATION,0.3108,0.5767,umap,
client_00370,"PUBLIX SUPER MARKETS, INC.",0.2674,-0.2097,umap,
client_00371,KYNDRYL INC,0.2984,-0.1434,umap,
client_00372,INFECTIOUS DISEASES SOCIETY OF AMERICA,0.3549,-0.2825,umap,
client_00373,DISABLED AMERICAN VETERANS,0.1094,0.4368,umap,
client_00374,REPUBLIC OF INDIA,0.1936,0.4244,umap,
client_00375,"MAERSK AGENCY U.S.A., INC.",0.3556,-0.1188,umap,
client_00376,NATIONAL STONE SAND AND GRAVEL ASSOCIATION,0.5385,0.1062,umap,
client_00377,NATIONAL HOSPICE AND PALLIATIVE CARE ORGANIZATION,0.0716,-0.2188,umap,
client_00378,"ZIMMER BIOMET, INC.",-0.2406,-0.2025,umap,
client_00379,CORNELL UNIVERSITY,0.5406,0.108,umap,
client_00380,HAWKEYE 360 INC.,-0.1247,-0.1232,umap,
client_00381,NISSAN NORTH AMERICA,0.2704,-0.2103,umap,
client_00382,"PAYWARD INTERACTIVE, INC. D/B/A KRAKEN",-0.0766,0.0533,umap,
client_00383,ARCONIC CORPORATION,0.2962,-0.1416,umap,
client_00384,MARINE ENGINEERS' BENEFICIAL ASSOCIATION,0.2833,-0.0345,umap,
client_00385,THE CHILDREN'S HOSPITAL OF PHILADELPHIA,-0.4064,-0.0134,umap,
client_00386,ILLINOIS HEALTH & HOSPITAL ASSOCIATION (FORMERLY ILLINOIS HOSPITAL ASSOCIATION),0.027,-0.1826,umap,
client_00387,MAPLEBEAR INC. D/B/A INSTACART,0.081,0.0966,umap,
client_00388,TECHNOLOGY CEO COUNCIL,0.2644,-0.2075,umap,
client_00389,EMERSON,0.2944,-0.1398,umap,
client_00390,SYENSQO USA LLC,0.2984,0.035,umap,
client_00391,"REINSURANCE GROUP OF AMERICA, INCORPORATED",0.2694,-0.2153,umap,
client_00393,SAGE THERAPEUTICS,-0.1578,-0.3333,umap,
client_00394,ADVOCATES FOR HIGHWAY AND AUTO SAFETY,0.2278,0.0694,umap,
client_00395,ASSOCIATION FOR CLINICAL ONCOLOGY,0.2895,-0.302,umap,
client_00396,PLASMA PROTEIN THERAPEUTICS ASSOCIATION,-0.181,-0.051,umap,
client_00397,OATH INC AND VARIOUS SUBSIDIARIES,0.1647,-0.5938,umap,
client_00398,UNITED NEGRO COLLEGE FUND INC,0.4689,-0.0985,umap,
client_00399,"PEDIATRIX MEDICAL GROUP, INC.",-0.4602,-0.0964,umap,
client_00400,WACKER POLYSILICON NORTH AMERICA LLC,0.6069,-0.0406,umap,
client_00401,ASSOCIATION OF PUBLIC AND LAND-GRANT UNIVERSITIES (APLU) FORMERLY NASULGC,0.1685,-0.3236,umap,
client_00402,TRUSTEES OF THE UNIVERSITY OF PENNSYLVANIA,-0.309,-0.0496,umap,
client_00403,FIRST QUANTUM MINERALS LTD.,0.3562,0.0788,umap,
client_00404,COALITION FOR A PROSPEROUS AMERICA,-0.227,0.1656,umap,
client_00405,NATIONAL COLLEGIATE ATHLETIC ASSOCIATION,0.1628,-0.0085,umap,
client_00406,TELEDYNE FLIR LLC,0.1506,-0.1119,umap,
client_00407,"TECO HOLDINGS INC., FORMERLY KNOWN AS ENERGY, INC.",0.2131,0.164,umap,
client_00408,WARNERMEDIA GROUP (FORMERLY KNOWN AS TIME WARNER),0.177,-0.0236,umap,
client_00409,INTERNATIONAL UNION OF OPERATING ENGINEERS,0.5382,0.1061,umap,
client_00410,"BREAKTHROUGH ENERGY, LLC",0.2998,0.0417,umap,
client_00411,EMBASSY OF THE KINGDOM OF BAHRAIN TO THE UNITED STATES,0.1939,0.4244,umap,
client_00412,TATA AMERICA INTERNATIONAL CORPORATION,0.0499,0.0626,umap,
client_00413,ENERGY FORWARD,0.3577,0.2165,umap,
client_00414,"CHRYSALIS HOLDINGS, INC. (D.B.A. NEWDAY)",0.0766,0.4751,umap,
client_00415,SHIPBUILDERS COUNCIL OF AMERICA,-0.217,-0.3847,umap,
client_00416,AMERICAN SUGARBEET GROWERS ASSOCIATION,0.3371,0.0211,umap,
client_00417,THE IMMIGRATION HUB LLC,-0.1478,-0.1308,umap,
client_00418,"WORLD WILDLIFE FUND, INC.",0.3202,-0.0279,umap,
client_00419,PACCAR INC,0.2116,0.1673,umap,
client_00420,HOUSING POLICY COUNCIL,-0.1812,0.0834,umap,
client_00421,DOCTORS HOSPITAL AT RENAISSANCE,0.3172,-0.3027,umap,
client_00422,THE SOCIETY OF THORACIC SURGEONS,0.4889,-0.3908,umap,
client_00423,NATIONAL WATER RESOURCES ASSOCIATION,0.2801,0.0634,umap,
client_00424,UBS AMERICAS INC,-0.0212,0.0982,umap,
client_00425,ALLIANCE FOR CONNECTED CARE,-0.279,0.3038,umap,
client_00426,IDACORP INC,0.3692,0.2262,umap,
client_00427,CITY AND COUNTY OF SAN FRANCISCO,0.2182,0.0092,umap,
client_00428,KEURIG DR PEPPER INC.,-0.3511,-0.0442,umap,
client_00429,TENET HEALTHCARE,-0.4608,-0.0945,umap,
client_00430,GIFFORDS,-0.1437,-0.1385,umap,
client_00431,"GREENWICH BIOSCIENCES, INC.",0.128,0.2446,umap,
client_00432,DIGITAL MEDIA ASSN,0.1354,0.6042,umap,
client_00433,LEAGUE OF CONSERVATION VOTERS,0.3055,0.0419,umap,
client_00434,"SIDECAR HEALTH, INC",-0.2509,-0.5344,umap,
client_00435,SELECT MEDICAL CORPORATION,0.2751,-0.4987,umap,
client_00436,"SOUTHERN POVERTY LAW CENTER, INC.",-0.1319,-0.1416,umap,
client_00437,ECONOMIC INNOVATION GROUP,0.455,-0.2172,umap,
client_00438,THE COOK GROUP INC.,-0.2262,0.1648,umap,
client_00439,FRESENIUS KABI USA LLC,0.4838,-0.3955,umap,
client_00440,FLEET RESERVE ASSOCIATION,-0.1946,-0.1244,umap,
client_00441,FUTURE STANDARD,-0.0728,0.0446,umap,
client_00442,PENNSYLVANIA STATE UNIVERSITY,0.1426,0.1075,umap,
client_00443,ASME,0.0826,0.0772,umap,
client_00444,CONNECTED COMMERCE COUNCIL,0.2101,0.45,umap,
client_00445,THE PNC FINANCIAL SERVICES GROUP,-0.0085,0.2979,umap,
client_00446,"AMERIHEALTH CARITAS SERVICES, LLC",-0.2781,0.3075,umap,
client_00447,CHANGENT (FKA NURSE-FAMILY PARTNERSHIP COLORADO),0.558,-0.4295,umap,
client_00448,BORGWARNER INC.,0.05,0.0618,umap,
client_00449,BURFORD CAPITAL LLC,-0.0377,0.1279,umap,
client_00450,WESTERN CONFERENCE OF TEAMSTERS PENSION TRUST,0.6589,-0.3199,umap,
client_00451,CHIPOTLE MEXICAN GRILL INC,0.2701,-0.0706,umap,
client_00452,SANTA CLARA VALLEY WATER DISTRICT,0.2509,0.028,umap,
client_00453,AMERICAN THORACIC SOCIETY,-0.0958,-0.2845,umap,
client_00454,AMERICAN SOCIETY OF MECHANICAL ENGINEERS,0.1914,0.4722,umap,
client_00455,NORTH CAROLINA FARM BUREAU FEDERATION,-0.1196,0.3034,umap,
client_00456,COALITION FOR AUTO REPAIR EQUALITY,0.2282,0.4547,umap,
client_00457,NATIONAL ASSN OF INDEPENDENT COLLEGES & UNIVERSITIES,0.4678,-0.0975,umap,
client_00458,"AMERICAN PRESIDENT LINES, LLC",-0.0196,-0.1861,umap,
client_00459,PROVIDENCE ST. JOSEPH HEALTH,0.4844,-0.3956,umap,
client_00460,"ACCENDRA HEALTH, INC. (FORMERLY ""OWENS & MINOR, INC."")",0.4814,-0.397,umap,
client_00461,HERITAGE ACTION FOR AMERICA,0.0908,0.1987,umap,
client_00462,"TENCENT AMERICA, LLC",0.5989,-0.0426,umap,
client_00463,FINANCIAL INDUSTRY REGULATORY AUTHORITY,-0.3288,-0.12,umap,
client_00464,MATERION BRUSH INC.,-0.2403,-0.2024,umap,
client_00465,"REPSOL, S.A.",0.368,0.225,umap,
client_00466,MUNICIPAL CASTINGS ASSOCIATION FORMERLY MUNICIPAL CASTINGS FAIR TRADE COUNCIL,0.1668,-0.0259,umap,
client_00467,MEMORIAL SLOAN-KETTERING CANCER CENTER,-0.4585,-0.0953,umap,
client_00468,BACARDI NORTH AMERICA (FORMERLY BACARDI USA INC),0.2705,-0.0676,umap,
client_00470,MARATHON OIL CORPORATION,0.1359,0.038,umap,
client_00471,NIPPON KEIZAI DANTAI RENGOKAI (JAPAN BUSINESS FEDERATION),0.0739,0.0922,umap,
client_00472,PROTECTIVE LIFE CORPORATION,0.0033,0.08,umap,
client_00473,GLENMARK PHARMACEUTICALS USA,-0.2791,0.3042,umap,
client_00474,"HABITAT FOR HUMANITY INTERNATIONAL, INC.",0.0766,0.4751,umap,
client_00475,ARGENTEM CREEK PARTNERS LP,0.2921,-0.137,umap,
client_00476,FINANCIAL OVERSIGHT & MANAGEMENT BOARD OF PUERTO RICO,-0.4267,-0.1313,umap,
client_00477,PHYSICIAN ASSISTANT EDUCATION ASSOCIATION,0.4872,-0.3941,umap,
client_00478,"NEXSTAR MEDIA GROUP, INC. AND ITS AFFILIATES F/K/A NEXSTAR MEDIA GROUP INC.",-0.1116,0.0449,umap,
client_00479,BOYS & GIRLS CLUBS OF AMERICA,-0.1185,0.3025,umap,
client_00480,ENERGY TRANSFER PARTNERS,0.1693,0.0472,umap,
client_00481,"TELLURIAN, INC.",0.3667,0.2239,umap,
client_00482,UNIVERSITY OF ILLINOIS,0.1372,0.1239,umap,
client_00483,"RENEWABLE ENERGY AGGREGATORS, INC.",0.3677,0.2254,umap,
client_00484,AMERICANS UNITED FOR SEPARATION OF CHURCH AND STATE,-0.2499,-0.5338,umap,
client_00485,RPLCC,0.2015,0.0071,umap,
client_00486,UNIVERSITY OF ALASKA,0.5399,0.1075,umap,
client_00487,COALITION OF EPSCOR STATES,-0.0552,-0.1532,umap,
client_00488,HAMPTON ROADS MILITARY AND FEDERAL FACILITIES ALLIANCE,-0.2156,-0.3839,umap,
client_00489,CHURCH ALLIANCE,-0.2503,-0.5339,umap,
client_00490,NATIONAL TELECOMMUNICATIONS COOPERATIVE ASSOCIATION,0.2768,-0.0135,umap,
client_00491,SOO LINE RAILROAD COMPANY,0.1685,-0.0361,umap,
client_00492,CHILDREN'S HEALTHCARE OF ATLANTA,0.5578,-0.4292,umap,
client_00493,F HOFFMANN-LA ROCHE LTD AND ITS AFFILIATES,0.3559,-0.2782,umap,
client_00494,SONY PICTURES ENTERTAINMENT,-0.0374,0.1572,umap,
client_00495,"QVC GROUP, INC.",0.2071,-0.0484,umap,
client_00496,TRANE TECHNOLOGIES COMPANY LLC (FKA INGERSOLL RAND TRANE AMERICAN STANDARD),0.2107,0.1659,umap,
client_00497,EVERSOURCE ENERGY SERVICE COMPANY,0.1884,0.0288,umap,
client_00498,"HAIER US APPLIANCE SOLUTION, INC. DBA GE APPLIANCES",0.2952,-0.1407,umap,
client_00499,ZAMZAM CONSULTING LLC ON BEHALF OF GEORGE NADAR,0.1317,0.2121,umap,
client_00500,FGA ACTION (FORMERLY KNOWN AS OPPORTUNITY SOLUTIONS PROJECT),0.4881,-0.3924,umap,
client_00501,"NPR, INC.",-0.0098,0.1017,umap,
client_00502,SYLVAMO NORTH AMERICA LLC,0.3052,0.0423,umap,
client_00503,THE CONSERVATION FUND,-0.1859,0.4556,umap,
client_00504,ORGANOGENESIS INC.,-0.0219,-0.2292,umap,
client_00505,CLEAN ENERGY GROUP STRATEGY/MJB&A COALITIONS,0.0766,-0.4032,umap,
client_00506,U.S. TIRE MANUFACTURERS ASSOCIATION,0.1444,-0.0147,umap,
client_00507,ACA CONNECTS - AMERICA'S COMMUNICATION ASSOCIATION,-0.084,0.6764,umap,
client_00508,CAREER EDUCATION COLLEGES & UNIVERSITIES (FKA ASS'N OF PRIVATE SECTOR COLLEGES A,0.1289,-0.1043,umap,
client_00509,WASHINGTON GAS LIGHT COMPANY,0.4614,0.0307,umap,
client_00510,VITAS HEALTHCARE CORPORATION,-0.3111,0.2843,umap,
client_00511,"STRIPE, INC.",0.4107,-0.3082,umap,
client_00512,"EPIC GAMES, INC.",0.0858,0.139,umap,
client_00513,RELIANCE INDUSTRIES LIMITED,0.1953,0.1614,umap,
client_00514,"LANTHEUS HOLDINGS, INC.",0.3248,-0.3062,umap,
client_00515,"ASSOCIATION OF FOOD AND DAIRY RETAILERS, WHOLESALERS AND MANUFACTURERS",0.0849,0.1405,umap,
client_00516,HILL-ROM HOLDINGS,0.4822,-0.3964,umap,
client_00517,TRELLIX (FORMERLY MUSARUBA US LLC),-0.1287,-0.1256,umap,
client_00518,HCA,0.4867,-0.3931,umap,
client_00519,PRINCETON UNIVERSITY,-0.1459,-0.1372,umap,
client_00520,ARTBA,-0.0868,-0.0035,umap,
client_00521,GREEN PLAINS,0.5385,0.1063,umap,
client_00522,"TWENTY-FIRST CENTURY FOX, INC.",0.1738,-0.0334,umap,
client_00523,NATIONAL RURAL LETTER CARRIERS' ASSOCIATION,0.1885,-0.0766,umap,
client_00524,ALLIED UNIVERSAL (F/K/A ALLIED BARTON SECURITY SERVICES),0.2147,0.0692,umap,
client_00525,KEIDANREN,0.0497,0.0627,umap,
client_00526,U.S SUGAR CORPORATION,0.2707,-0.0687,umap,
client_00527,POINT32HEALTH INC.,-0.4559,-0.096,umap,
client_00528,APOLLO INVESTMENT MANAGEMENT LP,-0.0256,0.0959,umap,
client_00529,RAI SERVICES COMPANY (FKA- RAISC),0.1664,-0.6066,umap,
client_00530,INTERNATIONAL LONGSHOREMEN'S ASSOCIATION,0.0856,0.1399,umap,
client_00531,ORANO USA LLC (FORMERLY KNOWN AS AREVA NUCLEAR MATERIALS LLC),-0.0654,-0.1502,umap,
client_00532,CENTER FOR REPRODUCTIVE RIGHTS,0.1642,-0.5996,umap,
client_00533,WILLIAMS COMPANIES,0.4463,-0.2133,umap,
client_00534,AMERICAN MEDICAL GROUP ASSOCIATION,-0.4661,-0.0787,umap,
client_00535,"ELECTRONIC PAYMENTS COALITION (""EPC"")",0.0213,0.328,umap,
client_00536,"SCALE AI, INC.",0.1535,-0.1093,umap,
client_00537,"FRANKLIN RESOURCES, INC. (FRANKLIN TEMPLETON) AND AFFILIATES",0.1349,-0.3793,umap,
client_00538,TNC (US) HOLDINGS INC,-0.0509,-0.0453,umap,
client_00539,INTERNATIONAL BROTHERHOOD OF ELECTRICAL WORKERS,-0.2405,-0.2025,umap,
client_00540,"TRANSPORT WORKERS UNION OF AMERICA, AFL-CIO",0.1556,-0.042,umap,
client_00541,UNIVERSITY OF KENTUCKY,-0.054,-0.1553,umap,
client_00542,IROQUOIS HEALTHCARE ALLIANCE,-0.2789,0.3016,umap,
client_00543,"CERBERUS CAPITAL MANAGEMENT, L.P.",-0.3515,-0.0446,umap,
client_00544,ANADARKO PETROLEUM CORPORATION,0.1362,0.0389,umap,
client_00545,INTL. ASSN. OF AMUSEMENT PKS. & ATTRS.,0.1614,-0.0032,umap,
client_00546,NATIONAL AFFORDABLE HOUSING MANAGEMENT ASSOCIATION (NAHMA),-0.2394,0.1776,umap,
client_00547,"ID.ME, LLC",-0.1203,0.3054,umap,
client_00548,REFORM GOVERNMENT SURVEILLANCE,-0.1512,-0.1295,umap,
client_00550,OPTIONS CLEARING CORPORATION (OCC),-0.233,0.1716,umap,
client_00551,ENVISION HEALTHCARE,0.3575,-0.283,umap,
client_00552,MEAT INSTITUTE (FKA NORTH AMERICAN MEAT INSTITUTE),0.2836,-0.034,umap,
client_00553,COREWELL HEALTH,0.04,-0.2953,umap,
client_00554,TRANSPORTATION COMMUNICATIONS NATIONAL UNION/IAM (FKA TRANSPORTATION COMMUNICATI,0.2214,0.0724,umap,
client_00555,CITIZENS COMMITTEE FOR THE RIGHT TO KEEP AND BEAR ARMS,0.3592,0.4438,umap,
client_00556,AMERICAN FIDELITY CORPORATION,0.1342,-0.3788,umap,
client_00557,AMERICAN COLLEGE OF PHYSICIANS,-0.4585,-0.0948,umap,
client_00558,THE MOUNT SINAI HOSPITAL,0.3584,-0.2834,umap,
client_00559,YAHOO INC. AND VAR. SUBS/AFFILIATES,-0.015,0.1043,umap,
client_00560,LIBERTY MUTUAL INSURANCE COMPANY,-0.2122,0.0383,umap,
client_00561,MAGNA SERVICES OF AMERICA INC.,0.0499,0.0628,umap,
client_00562,NATIONAL CORN GROWERS ASSN,0.3429,0.0253,umap,
client_00563,ERISA INDUSTRY COMMITTEE,-0.2505,-0.5341,umap,
client_00564,THE UNIVERSITY OF NORTH CAROLINA SYSTEM,0.1509,-0.0875,umap,
client_00565,PROFESSIONAL AVIATION SAFETY SPECIALISTS,0.1701,-0.0673,umap,
client_00566,AFFORDABLE HOUSING DEVELOPERS COUNCIL,0.2366,-0.0078,umap,
client_00567,PPL CORPORATION,-0.2191,-0.2249,umap,
client_00568,ROCKET LP FKA RKT HOLDINGS,-0.1116,0.0447,umap,
client_00569,UNIVERSITY OF PITTSBURGH MEDICAL CENTER,0.3081,-0.2951,umap,
client_00570,"MUSCULAR DYSTROPHY ASSOCIATION, INC.",-0.1179,0.3003,umap,
client_00571,PACIRA PHARMACEUTICALS INC.,-0.4585,-0.0953,umap,
client_00572,MURPHY OIL CORPORATION,0.396,0.1533,umap,
client_00573,AMERICAN BEVERAGE ASSOCIATION,0.277,0.0007,umap,
client_00574,"AMERICAN SOCIETY OF COMPOSERS, AUTHORS AND PUBLISHERS (ASCAP)",0.1917,0.4721,umap,
client_00576,ENCOMPASS HEALTH,0.2752,-0.499,umap,
client_00577,ALSTOM TRANSPORTATION INC,0.1646,0.0606,umap,
client_00578,EMBASSY OF THE REPUBLIC OF AZERBAIJAN,0.1935,0.4242,umap,
client_00579,THE UNIVERSITY OF TEXAS MD ANDERSON CANCER CENTER,-0.4901,0.3333,umap,
client_00580,GEISINGER HEALTH,-0.2774,0.3047,umap,
client_00581,NAACP LEGAL DEFENSE & EDUCATIONAL FUND INC,0.1426,0.4594,umap,
client_00582,"CHILDREN'S HOSPITAL AND HEALTH SYSTEM, INC.",-0.4901,0.3333,umap,
client_00583,CLEAR,-0.3829,-0.6191,umap,
client_00585,"BEONE MEDICINES USA, INC (FORMERLY BEIGENE USA, INC.)",0.102,-0.1664,umap,
client_00586,H LEE MOFFITT CANCER CENTER & RESEARCH INSTITUTE,-0.0201,-0.2283,umap,
client_00587,TENET BUSINESS SERVICES CORPORATION,-0.1804,-0.0513,umap,
client_00589,CHRISTUS HEALTH SYSTEM,0.3561,-0.2837,umap,
client_00590,PARKER HANNIFIN,0.5388,0.1065,umap,
client_00592,UT SOUTHWESTERN MEDICAL CENTER,0.4866,-0.3944,umap,
client_00593,"BLUEBIRD BIO, INC.",-0.1263,-0.3232,umap,
client_00594,SHOPIFY INC,0.4113,-0.3082,umap,
client_00595,RHEEM MANUFACTURING COMPANY,0.2087,0.1659,umap,
client_00596,CHILDREN'S HOSPITAL BOSTON,0.3208,-0.2861,umap,
client_00597,NATIONAL ASSOCIATION OF SPECIALTY PHARMACY,-0.0227,-0.2325,umap,
client_00598,COMPUTING TECHNOLOGY INDUSTRY ASSOCIATION (COMPTIA),-0.0088,-0.0598,umap,
client_00599,POTLATCHDELTIC CORPORATION,0.2998,0.0463,umap,
client_00600,ENVISION HEALTHCARE (FORMERLY KNOWN AS EMCARE INC.),-0.1666,-0.3383,umap,
client_00601,ICKES & ENRIGHT GROUP (NORTHWELL HEALTH FKA NORTH SHORE-LIJ),0.3595,-0.2811,umap,
client_00602,ASSOCIATION OF CALIFORNIA WATER AGENCIES,0.2572,0.0132,umap,
client_00603,INTERNATIONAL UNION OF BRICKLAYERS & ALLIED CRAFTWORKERS,0.0714,0.1701,umap,
client_00604,WRITERS GUILD OF AMERICA WEST INC,-0.0452,0.1259,umap,
client_00605,"HEIDELBERG MATERIALS, US, INC., (FORMERLY LEHIGH HANSON, INC.)",0.1955,0.0246,umap,
client_00606,MATSON NAVIGATION,0.2712,-0.214,umap,
client_00607,NELNET INC,0.3673,0.2274,umap,
client_00608,INTERNATIONAL SWAPS & DERIVATIVES ASSOCIATION INC,0.2759,-0.0122,umap,
client_00609,CARDIOVASCULAR COALITION,-0.311,0.2844,umap,
client_00610,CAREFIRST BLUECROSS BLUESHIELD,-0.1825,-0.0498,umap,
client_00611,HANESBRANDS INC,0.271,-0.2154,umap,
client_00612,VSP,-0.1806,-0.0511,umap,
client_00613,DREXEL UNIVERSITY,-0.0227,-0.232,umap,
client_00614,HANWHA Q CELLS AMERICA INC.,0.2919,-0.1376,umap,
client_00615,KIDS IN NEED OF DEFENSE,-0.0511,-0.0461,umap,
client_00616,IEX GROUP,-0.3359,-0.1351,umap,
client_00617,PACKAGE COALITION LLC,-0.3577,0.1718,umap,
client_00618,UP FOR GROWTH ACTION INC,-0.2122,0.0382,umap,
client_00619,AMERICAN FOREST FOUNDATION,-0.3683,0.4385,umap,
client_00620,"BRISTOW GROUP, INC.",0.1797,0.0039,umap,
client_00621,DEBEVOISE & PLIMPTON LLP (ON BEHALF OF GRAMERCY FUNDS MANAGEMENT),-0.3293,-0.1202,umap,
client_00622,"MCAFEE, LLC",-0.1308,-0.1252,umap,
client_00623,"DEXCOM, INC.",-0.1534,-0.3317,umap,
client_00624,TOTAL SYSTEM SERVICES LLC FORMERLY REPORTED AS TOTAL SYSTEM SERVICES INC,0.0514,0.061,umap,
client_00625,GLOBAL BLOOD THERAPEUTICS,-0.1816,-0.0509,umap,
client_00626,AMERICAN DENTAL EDUCATION ASSOCIATION,0.5358,-0.4178,umap,
client_00627,HUNTINGTON BANCSHARES INCORPORATED,-0.0088,0.2977,umap,
client_00628,NATIONAL DOMESTIC WORKERS ALLIANCE,0.0399,-0.2954,umap,
client_00629,ENDO INTERNATIONAL,0.277,-0.5012,umap,
client_00630,MASCO CORPORATION,0.2115,0.1656,umap,
client_00631,"INSPIRE BRANDS, INC.",0.0256,0.137,umap,
client_00632,THE AFFORDABLE HOUSING TAX CREDIT COALITION,-0.2392,0.1775,umap,
client_00633,NATIONAL FOREIGN TRADE COUNCIL INC,0.2707,-0.2151,umap,
client_00634,AMERICAN COLLEGE OF RHEUMATOLOGY,0.3,-0.2974,umap,
client_00635,PROVINCE OF SASKATCHEWAN,0.3056,0.0408,umap,
client_00636,ASSOCIATION FOR UNCREWED VEHICLE SYSTEMS INTERNATIONAL,0.1565,-0.0996,umap,
client_00637,"VISTA OUTDOOR, INC.",0.1683,0.0927,umap,
client_00638,"LINDE INC., LINDE, PLC AND OTHER ENTITIES RELATED TO LINDE, PLC",-0.1715,0.0459,umap,
client_00640,BLOOMBERG LLP,-0.3298,-0.1196,umap,
client_00641,COMMUNITY ONCOLOGY ALLIANCE,-0.1267,-0.3234,umap,
client_00642,ESTEE LAUDER COMPANIES,-0.2402,-0.2023,umap,
client_00643,HASBRO INC,-0.2253,0.1643,umap,
client_00644,"SAFRAN USA, INC. (FORMERLY SNECMA USA, INC.)",0.1522,-0.0932,umap,
client_00645,M&T BANK CORPORATION,-0.0104,0.2948,umap,
client_00646,"INTUITIVE SURGICAL, INC.",0.1016,-0.1691,umap,
client_00647,TALOS ENERGY,0.356,0.0787,umap,
client_00648,NATIONAL CATTLEMEN'S BEEF ASSOCIATION,0.3425,0.0259,umap,
client_00649,ASSURED GUARANTY LTD. (AGL),-0.031,0.0348,umap,
client_00650,GRAND TRUNK CORPORATION,0.2645,-0.2069,umap,
client_00651,NORTHWELL HEALTH INC (FKA NSLIJ HEALTH SYSTEM),0.3557,0.4408,umap,no_issue_data
client_00653,"SNP ALLIANCE, INC.",0.2752,-0.4987,umap,
client_00654,ESSENTIAL MINERALS ASSOCIATION (FKA INDUSTRIAL MINERALS ASSOCIATION-NORTH AMERI),0.3424,0.0259,umap,
client_00655,"UNFI, INC.",0.2904,0.0113,umap,
client_00656,"WPX ENERGY, INC.",0.3533,0.078,umap,
client_00657,"DIRECT CHASSISLINK, INC.",0.3559,-0.119,umap,
client_00660,MONEYGRAM INTERNATIONAL INC.,0.1348,-0.3791,umap,
client_00661,NORTHERN TRUST CORPORATION,0.271,-0.0477,umap,
client_00662,POET LLC,0.2814,0.0435,umap,
client_00663,SHAKOPEE MDEWAKANTON DAKOTA (SIOUX) COMMUNITY,-0.4199,-0.4647,umap,
client_00664,CAPTIAL FUNDING GROUP INC,0.3638,0.1338,umap,
client_00665,EQUINOR WIND US LLC,0.4443,0.1576,umap,
client_00666,GAINWELL TECHNOLOGIES (FKA HEALTH MANAGEMENT SYSTEMS),0.3154,-0.3033,umap,
client_00667,COALITION FOR AMERICAN RETIREMENT LLC,0.4692,-0.2081,umap,
client_00668,MODA HEALTH,-0.4754,-0.1023,umap,
client_00669,SWISS REINSURANCE COMPANY LTD,0.2897,0.0151,umap,
client_00670,COMMITTEE FOR EDUCATION FUNDING,0.1692,-0.3245,umap,
client_00671,MOODY'S CORPORATION,0.2962,-0.0081,umap,
client_00672,SOLVENTUM CORPORATION,-0.0233,-0.2309,umap,
client_00673,"NATIONAL ASSOCIATION OF ELECTRICAL DISTRIBUTORS, INC.",0.1881,-0.0144,umap,
client_00674,"PLAINS ALL AMERICAN PIPELINE, L.P.",0.2916,-0.137,umap,
client_00675,CARNEGIE MELLON UNIVERSITY,-0.1441,-0.1391,umap,
client_00676,NLMK PENNSYLVANIA,-0.239,-0.2015,umap,
client_00677,PHI HEALTH LLC,0.0674,-0.1875,umap,
client_00678,KONGSBERG DEFENCE & AEROSPACE,-0.1431,-0.1608,umap,
client_00679,JBS USA FOOD COMPANY HOLDINGS (PREVIOUSLY REGISTERED AS JBS USA FOOD COMPANY),0.2704,-0.07,umap,
client_00680,PROMOTIONAL PRODUCTS ASSOCIATION INTERNATIONAL,-0.0377,0.157,umap,
client_00681,HUNT DEVELOPMENT GROUP LLC,-0.1374,-0.137,umap,
client_00682,NETWORK ADVERTISING INITIATIVE,0.1347,0.6022,umap,
client_00683,INTERNATIONAL BOTTLED WATER ASSOCIATION (IBWA),0.1445,-0.015,umap,
client_00684,NETWORK BRANDED PREPAID CARD ASSOCIATION,0.0154,0.3221,umap,
client_00685,PTTGC AMERICA LLC,0.2086,0.167,umap,
client_00686,THE UNIVERSITY OF TEXAS AT AUSTIN,0.0903,0.2005,umap,
client_00687,HC HOLDINGS S.A.,0.317,0.0003,umap,
client_00689,LIVE OAK BANK,0.3365,-0.0364,umap,
client_00690,"DETROIT INTERNATIONAL BRIDGE COMPANY, INC.",0.1745,-0.0338,umap,
client_00691,FOOTWEAR DISTRIBUTORS & RETAILERS OF AMERICA,0.3372,0.0238,umap,
client_00692,"PAYCHEX, INC.",-0.1216,0.3061,umap,
client_00693,ARTHRITIS FOUNDATION,0.2896,-0.3,umap,
client_00694,LETTERONE HOLDINGS S.A.,0.1674,-0.6068,umap,
client_00695,LLOYD'S OF LONDON,0.7562,0.2366,umap,
client_00696,BLUE OWL CAPITAL HOLDINGS LLC,0.1348,-0.3792,umap,
client_00697,DEUTSCHE BANK USA (FKA DEUTSCHE BANK SECURITIES INC.),0.1738,-0.0218,umap,
client_00698,UNIVERSITY OF WISCONSIN-MADISON,-0.3094,-0.0492,umap,
client_00699,ZUFFA AND AFFILIATES,0.1619,-0.5774,umap,
client_00700,GREATER NEW YORK HOSPITAL ASSOCIATION (FORMERLY GNYHA MANAGEMENT CORPORATION),-0.2953,0.3134,umap,
client_00701,AEROVIRONMENT INC.,-0.1949,-0.1245,umap,
client_00702,"AMERICAN UNITY FUND, INC.",0.1374,0.4619,umap,
client_00703,CROP INSURANCE AND REINSURANCE BUREAU,0.3914,-0.0308,umap,
client_00704,FRAGRANCE CREATORS ASSOCIATION,0.1748,-0.0338,umap,
client_00705,"GEVO, INC.",0.3058,0.0421,umap,
client_00706,"RISEPOINT, LLC",0.468,-0.0977,umap,
client_00707,"ONE WORLD TECHNOLOGIES, INC.",0.5933,-0.035,umap,
client_00708,RED HAT INC,-0.0438,-0.0799,umap,
client_00709,ASSOCIATION OF AMERICAN UNIVERSITIES,0.1368,0.1239,umap,
client_00710,TEAMHEALTH,-0.4759,-0.099,umap,
client_00711,ASSOCIATIONS OF MEXICAN TOMATO GROWERS,0.3177,0.0005,umap,
client_00712,NATIONAL ASSOCIATION OF ACCOUNTABLE CARE ORGANIZATIONS,0.29,-0.3004,umap,
client_00713,POSCO AMERICA CORPORATION,0.6059,-0.0403,umap,
client_00714,WTA -- ADVOCATES FOR RURAL BROADBAND,-0.0415,-0.1527,umap,
client_00715,BLACKROCK FUNDS SERVICES GROUP LLC (FORMERLY BLACKROCK CAPITAL MANAGEMENT INC.),-0.075,0.0469,umap,
client_00716,CRUISE LLC,0.3544,-0.1178,umap,
client_00717,BLACKBERRY CORP.,0.1514,-0.1102,umap,
client_00718,LARGE UROLOGY GROUP PRACTICE ASSOCIATION,-0.3091,0.2857,umap,
client_00719,QUALCOMM INCORPORATED,0.1847,-0.0379,umap,
client_00721,AMERICAN MOTORCYCLIST ASSOCIATION,0.278,1e-04,umap,
client_00722,"ASCENDIS PHARMA, INC.",-0.0847,-0.2985,umap,
client_00723,BLACKSTONE ADMINISTRATIVE SERVICES PARTNERSHIPS L.P.,0.0749,-0.0071,umap,
client_00724,SABIC INNOVATIVE PLASTICS US LLC,0.2132,0.1675,umap,
client_00725,VERTICAL AVIATION INTERNATIONAL,-0.383,-0.6192,umap,
client_00726,CLEAN ENERGY,0.219,0.0287,umap,
client_00727,GE HEALTHCARE TECHNOLOGIES INC.,-0.2404,-0.2024,umap,
client_00728,NONPROFIT KIDNEY CARE ALLIANCE,0.2904,-0.3,umap,
client_00729,PORT OF CORPUS CHRISTI AUTHORITY,0.1351,-0.0763,umap,
client_00730,INTERNATIONAL CODE COUNCIL (ICC),0.282,0.148,umap,
client_00731,DENKA PERFORMANCE ELASTOMER LLC,0.2777,0.4849,umap,
client_00732,HOSPICE COMPASSUS,-0.2782,0.3057,umap,
client_00733,"AMENTUM HOLDINGS, INC.",-0.0749,-0.1518,umap,
client_00734,FRONT LINE HOSPITAL ALLIANCE,-0.279,0.3044,umap,
client_00735,MANAGEMENT AND TRAINING CORPORATION,0.0982,0.1953,umap,
client_00736,ST REGIS MOHAWK TRIBE,0.0505,-0.3271,umap,
client_00737,ALLIANCE FOR AMERICAN MANUFACTURING,0.4115,-0.3083,umap,
client_00738,GOVERNMENT OF PUERTO RICO,0.0683,-0.1102,umap,
client_00739,PEARSON EDUCATION,0.1722,-0.0678,umap,
client_00740,UNIVERSITY OF MICHIGAN,-0.3094,-0.0488,umap,
client_00741,YWCA USA,0.1369,0.1241,umap,
client_00742,AMERICAN TELEVISION ALLIANCE,0.1993,0.4818,umap,
client_00743,APPLE,0.4481,-0.2164,umap,
client_00744,"BNP PARIBAS RCC, INC.",0.2546,-0.2169,umap,
client_00745,BROADCOM LIMITED,-0.0388,0.1555,umap,
client_00746,CHILDREN'S HOSPITAL ASSOCIATION F/K/A NAT'L ASSOCIATION OF CHILDREN'S HOSPITALS,-0.2773,0.3048,umap,
client_00747,HEALTHCARE DISTRIBUTION ALLIANCE (HEALTHCARE DISTRIBUTION MANAGMENT ASSN.),0.3542,-0.2773,umap,
client_00748,HILLTOP HOLDINGS INC.,-0.0087,0.2979,umap,
client_00749,THE J.M. SMUCKER COMPANY,0.2834,-0.0353,umap,
client_00750,TOM JAMES COMPANY,0.5939,-0.0342,umap,
client_00751,TRANSCANADA PIPELINES USA LTD,0.3341,0.2008,umap,
client_00752,EMPLOYEE-OWNED CONTRACTORS ROUNDTABLE,-0.1082,-0.1474,umap,
client_00753,OGE ENERGY CORP,-0.025,0.0378,umap,
client_00754,FARM CREDIT COUNCIL,0.2685,-0.0493,umap,
client_00755,NEW INDY CATAWBA LLC,0.3609,0.1314,umap,
client_00756,"SAFE PORT TERMINALS, LLC",0.156,-0.1073,umap,
client_00757,AIR CONDITIONING HEATING & REFRIGERATION INSTITUTE (FKA AIR CONDITIONING AND R),-0.0716,-0.1694,umap,
client_00758,NATIONAL ASSOCIATION FOR THE SELF-EMPLOYED (NASE),-0.2485,-0.5317,umap,
client_00759,PRIVACY FOR AMERICA,0.2164,0.4601,umap,
client_00760,PROTECTING ACCESS TO PAIN RELIEF COALITION,0.5518,-0.4231,umap,
client_00761,SACRAMENTO MUNICIPAL UTILITY DISTRICT,0.2929,0.1338,umap,
client_00762,"ARRAY DIGITAL INFRASTRUCTURE, INC. (FKA U.S. CELLULAR CORP)",0.1353,0.6043,umap,
client_00763,LONDON STOCK EXCHANGE GROUP,0.2694,-0.0939,umap,
client_00764,MONTEFIORE MEDICAL CENTER,0.293,-0.2992,umap,
client_00765,QUICKEN LOANS INC,-0.111,0.0452,umap,
client_00766,RIPPLE LABS INC.,0.0215,0.3284,umap,
client_00767,SONY INTERACTIVE ENTERTAINMENT LLC,0.2682,-0.2087,umap,
client_00768,STATE FUND CONGRESSIONAL ACTION GROUP (SFCAG),-0.2277,0.1666,umap,
client_00769,ALLIANCE FOR BIOSECURITY,0.5597,-0.4063,umap,
client_00770,LANXESS CORPORATION,0.3007,0.0515,umap,
client_00771,"ELEVANCE HEALTH, INC (F.K.A. ANTHEM, INC. & WELLPOINT, INC.)",0.3497,-0.2882,umap,
client_00772,MCKINSEY & COMPANY,-0.025,0.0963,umap,
client_00773,SINCLAIR BROADCAST GROUP,0.1992,0.4819,umap,
client_00774,WORKING GROUP ON COMPETITIVE INTERNATIONAL TAXATION (INFORMAL COALITION),0.4476,-0.218,umap,
client_00775,WINE INSTITUTE,-0.3508,-0.0444,umap,
client_00776,CHILDRENS HEALTH SYSTEM OF TEXAS,0.29,-0.3006,umap,
client_00777,WILLIS NORTH AMERICA INC.,0.4823,-0.3964,umap,
client_00778,MASS GENERAL BRIGHAM,-0.1664,-0.3382,umap,
client_00779,ACORN CONSULTING OBO SHELL USA INC.,0.4613,0.0291,umap,
client_00780,ASSOCIATION FOR DIAGNOSTICS & LABORATORY MEDICINE (FORMERLY AACC),0.3207,-0.2858,umap,
client_00781,BIOTECHNOLOGY INDUSTRY ORGANIZATION,0.3539,-0.2764,umap,
client_00782,"FEDERATION OF EXCHANGE ACCOMODATORS, INC.",0.4473,-0.2182,umap,
client_00783,INDIANA UNIVERSITY,0.1373,0.1242,umap,
client_00784,CONAGRA BRANDS INC,0.2832,-0.0346,umap,
client_00785,ZERO PROSTATE CANCER,0.5169,-0.0667,umap,
client_00786,AMERICAN COLLEGE OF CLINICAL PHARMACY,-0.2784,0.305,umap,
client_00788,SAN LUIS & DELTA-MENDOTA WATER AUTHORITY,0.3616,-0.0005,umap,
client_00789,RUTGERS THE STATE UNIVERSITY OF NEW JERSEY,-0.3088,-0.049,umap,
client_00790,THAI UNION GROUP PCL,0.2707,-0.0802,umap,
client_00791,"AT&T SERVICES, INC. (FKA AT&T)",-0.1103,0.0459,umap,
client_00792,ENDEAVORS,0.1605,0.0796,umap,
client_00793,SCHOTT NORTH AMERICA INC AND AFFILIATE (FORMERLY SCHOTT NORTH AMERICA INC),-0.0298,-0.2279,umap,
client_00794,S&P GLOBAL INC (FORMERLY MCGRAW HILL FINANCIAL),-0.3288,-0.1192,umap,
client_00795,ALZHEIMER'S ASSOCIATION,0.2902,-0.3005,umap,
client_00796,AUTOMOTIVE SERVICE ASSOCIATION,0.2312,0.4567,umap,
client_00797,COALITION FOR 21ST CENTURY PATENT REFORM,0.1911,0.4729,umap,
client_00798,"ASSOCIATION OF THE UNITED STATES ARMY, (INC.)",-0.2188,-0.3853,umap,
client_00799,MICHIGAN STATE UNIV,0.3573,-0.2821,umap,
client_00800,TEACH FOR AMERICA,-0.0506,-0.0459,umap,
client_00801,CENTER FOR RESPONSIBLE LENDING A SUPPORTING CORP OF CTR FOR COMMUNITY SELF-HELP,0.3251,-0.0405,umap,
client_00802,NATIONAL PTA,-0.0587,-0.1672,umap,
client_00803,BHP GROUP LIMITED,0.139,0.0396,umap,
client_00805,AMSCOT FINANCIAL CORPORATION,-0.0092,0.2973,umap,
client_00806,COALITION FOR BUSINESS DEVELOPMENT,-0.3293,-0.1194,umap,
client_00807,"LIVANOVA USA, INC.",-0.1675,-0.3391,umap,
client_00808,FRONTIER COMMUNICATIONS,0.1419,0.6002,umap,
client_00809,UNIVERSITY OF ROCHESTER,0.4871,-0.3954,umap,
client_00810,ABBOTT (FORMERLY KNOWN AS ALERE INC.),0.482,-0.3967,umap,
client_00811,HEARST CORPORATION,0.0398,-0.2968,umap,
client_00812,"JOBY AERO, INC.",0.1359,-0.0783,umap,
client_00813,LENNOX INTERNATIONAL INC.,0.3957,0.1534,umap,
client_00814,MASSDEVELOPMENT,0.1685,-0.1219,umap,
client_00816,INTERNATIONAL BROTHERHOOD OF BOILERMAKERS,0.1003,-0.049,umap,
client_00817,ALLIANCE FOR DRIVER SAFETY & SECURITY (THE TRUCKING ALLIANCE),0.3556,-0.1186,umap,
client_00818,FEDERATION OF STATE MEDICAL BOARDS,0.0401,-0.2952,umap,
client_00819,"REDWOOD HOLDINGS, LLC FKA REDWOOD CAPITAL INVESTMENTS",0.0219,0.0082,umap,
client_00820,UNIVERSITY OF GEORGIA,0.2928,0.0597,umap,
client_00821,AGUSTAWESTLAND PHILADELPHIA CORPORATION,-0.0616,-0.1222,umap,
client_00822,DUPONT SPECIALTY PRODUCTS(PREVIOUSLY REPORTED AS E.I. DU PONT DE NEMOURS AND CO),0.277,0.0008,umap,
client_00823,NUMBERS USA,0.157,-0.5474,umap,
client_00824,WAKE FOREST UNIVERSITY HEALTH SCIENCES,0.3579,-0.2814,umap,
client_00825,"ECONOMIC SECURITY PROJECT ACTION, INC. AND ITS AFFILIATES",-0.1217,0.3067,umap,
client_00826,COPPER DEVELOPMENT ASSOCIATION,0.4411,0.1566,umap,
client_00827,EMPIRE STATE DEVELOPMENT CORPORATION,-0.2171,-0.3846,umap,
client_00828,"INTERACTIVE ADVERTISING BUREAU, INC.",0.2157,0.4606,umap,
client_00829,"AMERICAN AUTOMOTIVE POLICY COUNCIL, INC.",0.2299,0.4561,umap,
client_00830,INTERNET CORPORATION FOR ASSIGNED NAMES AND NUMBERS,0.2257,0.447,umap,
client_00831,MORONGO BAND OF MISSION INDIANS,0.2177,0.0292,umap,
client_00832,ORACLE CERNER (FORMERLY CERNER CORPORATION),0.596,0.1778,umap,
client_00833,AMERICAN TRAFFIC SAFETY SERVICES ASSOCIATION,0.1645,0.0625,umap,
client_00834,NATIONAL MULTIPLE SCLEROSIS SOCIETY,0.4857,-0.3937,umap,
client_00835,AMERICAN ASSOCIATION FOR CANCER RESEARCH,0.5594,-0.4081,umap,
client_00836,DEVON ENERGY PRODUCTION COMPANY LP,0.1877,0.1576,umap,
client_00837,"FOUNDATION MEDICINE, INC.",-0.2807,0.3082,umap,
client_00839,PERSPECTA INC. AND AFFILIATES,-0.0799,-0.1438,umap,
client_00841,THE OHIO STATE UNIVERSITY,-0.1169,0.3013,umap,
client_00842,LOMA LINDA UNIVERSITY MEDICAL CENTER,-0.1207,-0.3409,umap,
client_00843,ENTERPRISE PRODUCTS PARTNERS LP (FORMERLY KNOWN AS ENTERPRISE PRODUCTS COMPANY O,0.1685,0.0473,umap,
client_00844,HF SINCLAIR CORPORATION,0.2722,-0.2161,umap,
client_00845,IAC INC. (FORMERLY IAC/INTERACTIVECORP),0.1358,0.5992,umap,
client_00846,LG&E AND KU ENERGY LLC,0.7284,-0.4823,umap,
client_00847,THE AMERICAN COUNCIL OF LIFE INSURERS,-0.0456,0.125,umap,
client_00848,STANDARD CHARTERED BANK,-0.0962,0.0627,umap,
client_00849,BURNS & MCDONNELL ENGINEERING COMPANY INC,0.2102,0.1663,umap,
client_00850,MITSUBISHI POWER AMERICAS INC F/K/A MHPS AMERICAS INC,0.2109,0.1649,umap,
client_00851,THE UNITED STATES PHARMACOPEIAL CONVENTION,0.5958,0.1774,umap,
client_00852,CARESOURCE MANAGEMENT SERVICES LLC FKA CARESOURCE MANAGEMENT GROUP CO,-0.0251,-0.2325,umap,
client_00853,"ATHENAHEALTH, INC.",-0.4609,-0.0835,umap,
client_00854,CENTERPOINT ENERGY,0.4451,0.1572,umap,
client_00855,"DELTA AIRLINES, INC.",0.2927,-0.1378,umap,
client_00856,LINCARE,0.2902,-0.3004,umap,
client_00857,THE BIOSIMILARS FORUM,-0.1256,-0.3295,umap,
client_00858,TRUSTEES OF COLUMBIA UNIVERSITY IN THE CITY OF NEW YORK,-0.1197,0.3043,umap,
client_00859,"DENDREON PHARMACEUTICALS, LLC",0.276,-0.4951,umap,
client_00860,KENTUCKY FARM BUREAU FEDERATION,0.3067,0.0418,umap,
client_00861,MICHIGAN FARM BUREAU,0.3366,0.0295,umap,
client_00862,"SAMSUNG SDI AMERICA, INC.",-0.0586,-0.1351,umap,
client_00863,"BRIGHTHOUSE SERVICES, LLC",-0.108,0.0466,umap,
client_00864,MCDONALD'S CORPORATION,0.2906,0.0113,umap,
client_00865,NMDP,0.0271,-0.182,umap,
client_00867,BITCOIN ASSOCIATION FOR BSV,-0.0087,0.2979,umap,
client_00868,CONSUMER ACCESS TO REPAIR (CAR) COALITION,0.3544,-0.1178,umap,
client_00869,"DOCUMENT STORAGE SYSTEMS, INC.",-0.2262,0.165,umap,
client_00870,PUERTO RICO INDUSTRIAL DEVELOPMENT COMPANY,-0.2512,-0.5346,umap,
client_00871,THE CAMPAIGN FOR SUSTAINABLE RX PRICING,-0.1581,-0.3336,umap,
client_00872,TOHONO O'ODHAM NATION,-0.0829,0.6688,umap,
client_00873,"AMERICAN FAMILY MUTUAL INSURANCE COMPANY, S.I.",0.2066,-0.0481,umap,
client_00874,PARALYZED VETERANS OF AMERICA,-0.1177,0.3017,umap,
client_00875,AMERICAN ASSOCIATION OF BIOANALYSTS,-0.2779,0.3052,umap,
client_00876,"BYD MOTORS, LLC AND VARIOUS U.S. SUBSIDIARIES",0.2262,0.067,umap,
client_00877,FOOD SOLUTIONS ACTION,0.3857,-0.0125,umap,
client_00878,"TTM TECHNOLOGIES, INC",-0.1407,-0.1625,umap,
client_00879,BOSTON UNIVERSITY,0.359,-0.2845,umap,
client_00880,RENAL HEALTHCARE ASSOCIATION,-0.2794,0.3047,umap,
client_00881,TPG,-0.52,-0.2725,umap,
client_00883,HOSPITAL COALITION FOR AGENCY ACCOUNTABILITY,-0.3076,0.3182,umap,
client_00884,"KOCH GOVERNMENT AFFAIRS, LLC",0.0915,-0.0494,umap,
client_00885,BUILDING OWNERS AND MANAGERS ASSOCIATION INTERNATIONAL,0.1673,0.0476,umap,
client_00886,NATIONAL OILSEED PROCESSORS ASSOCIATION,0.2829,-0.0352,umap,
client_00887,"INTELLECTUAL VENTURES MANAGEMENT, LLC",0.1911,0.4728,umap,
client_00888,WOODSIDE ENERGY GROUP LTD,0.2064,0.1635,umap,
client_00889,INTERNATIONAL MYELOMA FOUNDATION,0.5961,0.178,umap,
client_00890,WOUNDED WARRIOR PROJECT,-0.4063,-0.0133,umap,
client_00891,AMERICAN FUEL AND PETROCHEMICAL MANUFACTURERS (AFPM),0.4492,-0.2171,umap,
client_00892,ASSOCIATED EQUIPMENT DISTRIBUTORS,0.1306,0.0265,umap,
client_00893,CLEAN ENERGY BUYERS ASSOCIATION (FORMERLY RENEWABLE ENERGY BUYERS ALLIANCE),0.2949,-0.1405,umap,
client_00895,INNOVATION ALLIANCE,0.0895,-0.4486,umap,
client_00896,LURIE CHILDREN'S HOSPITAL OF CHICAGO,0.5581,-0.4295,umap,
client_00897,MR. JAY ALIX,-0.1433,-0.161,umap,
client_00898,QORVO,-0.0447,-0.0964,umap,
client_00899,SSAB ENTERPRISES LLC,0.1147,0.0679,umap,
client_00900,THE ICKES AND ENRIGHT GROUP (ON BEHALF OF GREATER NEW YORK HOSPITAL ASSOCIATION),-0.2822,0.3388,umap,
client_00901,"VIRGIN GALACTIC, LLC",0.1887,-0.0483,umap,
client_00902,EDISON CHOUEST OFFSHORE,0.4559,-0.2112,umap,
client_00903,VANADIUM PRODUCERS AND RECLAIMERS ASSOCIATION,-0.0258,-0.1127,umap,
client_00904,"EASTERN SHIPBUILDING GROUP, INC.",-0.0839,0.6761,umap,
client_00905,AMERICAN CANCER SOCIETY CANCER ACTION NETWORK (ACSCAN),0.2901,-0.3005,umap,
client_00906,"TELADOC HEALTH, INC.",0.3196,-0.3048,umap,
client_00907,TELECOMMUNICATIONS INDUSTRY ASSOCIATION,0.1354,0.6043,umap,
client_00908,OXFAM AMERICA INC,0.004,0.1007,umap,
client_00909,"S.C. JOHNSON & SON, INC.",-0.2417,-0.2013,umap,
client_00910,AMAC ACTION,0.3531,-0.2791,umap,
client_00911,AMERICA'S HEALTH INSURANCE PLANS,-0.4627,-0.0879,umap,
client_00912,BREAKTHROUGH T1D (FKA JUVENILE DIABETES RESEARCH FOUNDATION INTERNATIONAL),0.2899,-0.3007,umap,
client_00913,CHICKASAW NATION,-0.1211,0.3058,umap,
client_00914,"ESHARES, INC. D/B/A CARTA, INC.",-0.0688,0.034,umap,
client_00915,U.S. HEMP ROUNDTABLE,0.3925,-0.0319,umap,
client_00916,ONCOLOGY NURSING SOCIETY,-0.4623,-0.0899,umap,
client_00917,HOSPITAL & HEALTHSYSTEM ASSOCIATION OF PENNSYLVANIA,-0.1673,-0.3387,umap,
client_00918,CAMBIA HEALTH SOLUTIONS (FORMERLY KNOWN AS THE REGENCE GROUP),-0.2768,0.3067,umap,
client_00919,"LUCID USA, INC.",0.1884,-0.0148,umap,
client_00920,MARC COALITION,0.2754,-0.4993,umap,
client_00921,AMERICANS FOR TAX REFORM,-0.1186,0.3007,umap,
client_00922,"CLEARPATH ACTION FUND FOR CONSERVATIVE CLEAN ENERGY, INC.",0.4448,0.1579,umap,
client_00923,CORTEVA AGRISCIENCE LLC (FKA CORTEVA AGRISCIENCE),0.3933,-0.0326,umap,
client_00924,"NACCO INDUSTRIES, INC.",0.4423,0.1562,umap,
client_00925,RWC-340B,-0.4614,-0.0863,umap,
client_00926,"PROLOGIS, L.P.",0.1146,0.0674,umap,
client_00928,SILVERLINING,-0.0638,-0.1504,umap,
client_00929,AICPA,-0.0409,0.1195,umap,
client_00930,LIBERTY PARTNERS GROUP O/B/O APTQI-HSCHEIN-PDS-SANTAFE-SOUND-RCCS-AFHC-WELLVANA,-0.2738,0.3093,umap,
client_00931,"THE SUSAN G. KOMEN BREAST CANCER FOUNDATION, INC. DBA SUSAN G. KOMEN",-0.0182,-0.2265,umap,
client_00932,VALERO ENERGY CORPORATION,0.4338,0.1553,umap,
client_00933,NATIONAL ASSOCIATION OF PROFESSIONAL INSURANCE AGENTS,-0.1808,-0.0511,umap,
client_00934,"AVIS-BUDGET GROUP, INC.",0.2075,-0.0491,umap,
client_00935,DAIMLER TRUCK NORTH AMERICA LLC,0.2926,-0.1382,umap,
client_00937,SL GREEN REALTY CORP.,0.157,-0.5471,umap,
client_00939,ALLIANCE FOR RETIRED AMERICANS,0.4881,-0.3914,umap,
client_00940,THE CHEROKEE NATION,-0.1179,-0.1744,umap,
client_00941,RAPISCAN SYSTEMS INC,-0.1266,-0.1243,umap,
client_00942,ALABAMA-COUSHATTA TRIBE OF TEXAS,-0.4056,0.3109,umap,
client_00943,CHEGG INC.,0.1649,-0.3162,umap,
client_00944,THE GREENBRIER COMPANIES,0.207,-0.0476,umap,
client_00945,ALABAMA FARMERS FEDERATION,0.2912,0.0127,umap,
client_00946,CENTRAL PUGET SOUND REGIONAL TRANSIT,0.2253,0.0667,umap,
client_00947,"MARTIN BAKER AIRCRAFT CO., LTD.",-0.2173,-0.3844,umap,
client_00948,RECREATION VEHICLE INDUSTRY ASSOCIATION,0.4497,-0.2141,umap,
client_00949,CORECIVIC,-0.0091,0.2988,umap,
client_00950,"AXIOM SPACE, INC.",-0.1241,-0.1653,umap,
client_00951,"BEIJING XIAOMI MOBILE SOFTWARE CO., LTD (FKA EDWARD B. MACMAHON, JR., PLC)",0.6071,-0.0406,umap,
client_00952,"MCGRAW HILL, LLC",0.0886,0.1492,umap,
client_00953,"PLANNED PARENTHOOD FEDERATION OF AMERICA, INC",0.5986,0.1797,umap,
client_00954,AMERICAN FOREIGN SERVICE ASSOCIATION,-0.3573,-0.4085,umap,
client_00955,"CITY OF ATLANTA, GA",0.1741,-0.0005,umap,
client_00956,MMM HEALTHCARE,0.2744,-0.4987,umap,
client_00957,NATIONAL NURSES UNITED,0.4884,-0.3892,umap,
client_00958,SUNTRUST BANK,0.0223,0.3294,umap,
client_00959,CVS HEALTH INC,-0.232,0.1707,umap,
client_00960,AMERICAN SOCIETY OF PLASTIC SURGERY,-0.4607,-0.0841,umap,
client_00961,ENERGY INFRASTRUCTURE COUNCIL FKA MASTER LIMITED PARTNERSHIP ASSOCIATION,0.4353,0.1515,umap,
client_00962,AUGUSTA UNIVERSITY (FORMERLY GEORGIA REGENTS UNIVERSITY),-0.0786,0.6712,umap,
client_00963,AMERICAN SUPERCONDUCTOR CORPORATION,-0.0519,-0.0834,umap,
client_00964,CHILDREN'S TUMOR FOUNDATION,0.5579,-0.4291,umap,
client_00965,KUWAIT & GULF LINK HOLDING,0.1666,-0.6065,umap,
client_00966,MOVING HEALTH HOME,0.2769,-0.498,umap,
client_00967,NAMM: NATIONAL ASSOCIATION OF MUSIC MERCHANTS,0.4117,-0.3086,umap,
client_00968,REVENUE BASED FINANCE COALITION,-0.3295,-0.1194,umap,
client_00969,KINDRED HEALTHCARE D/B/A SCIONHEALTH,-0.2776,0.3076,umap,
client_00970,"OVERSEAS SHIPHOLDING GROUP, INC.",0.3119,0.5772,umap,
client_00971,"SIX CONTINENTS HOTELS, INC. D/B/A IHG HOTELS & RESORTS",-0.0157,-0.066,umap,
client_00972,TEXAS STATE UNIVERSITY SYSTEM,-0.0231,-0.137,umap,
client_00974,ASSURED GUARANTY MUNICIPAL CORP.,-0.233,0.1717,umap,
client_00975,"AT&T SERVICES, INC.",0.2613,-0.2082,umap,
client_00976,BLACK HILLS CORPORATION,0.2817,0.063,umap,
client_00977,GREATER NEW YORK HOSPITAL ASSN,0.3722,0.4519,umap,no_issue_data
client_00978,VERTEX PHARMACEUTICALS,-0.0231,-0.2316,umap,
client_00979,ZILLOW INC,0.0858,0.1396,umap,
client_00980,SALT RIVER PIMA MARICOPA INDIAN COMMUNITY,-0.3683,0.4385,umap,
client_00981,PHYSICIANS COMMITTEE FOR RESPONSIBLE MEDICINE,-0.4607,-0.0849,umap,
client_00982,NATIONAL ASSOCIATION OF ELEMENTARY SCHOOL PRINCIPALS (NAESP),0.0379,-0.1516,umap,
client_00983,CORRECTIONAL VENDORS ASSOCIATION,0.1317,0.2121,umap,
client_00984,FDD ACTION,-0.0145,-0.0732,umap,
client_00985,NATIXIS INVESTMENT MANAGERS LLC,-0.0726,0.0467,umap,
client_00986,NATURAL GAS SUPPLY ASSOCIATION,0.3517,0.0768,umap,
client_00987,BATTERY MATERIALS AND TECHNOLOGY COALITION,-0.021,-0.187,umap,
client_00988,CITY OF PHOENIX AZ,0.1814,0.0067,umap,
client_00989,GE AEROSPACE,-0.0213,-0.1872,umap,
client_00990,"MERCARI, INC.",0.0496,0.0633,umap,
client_00991,"PROLACTA BIOSCIENCE, INC.",0.5544,-0.4261,umap,
client_00992,PUBLIC ACCESS TO SUNSCREENS (PASS) COALITION,0.73,0.2973,umap,
client_00993,RTX CORPORATION,0.1755,-0.0352,umap,
client_00994,BOYD GAMING CORPORATION,0.2891,-0.1347,umap,
client_00996,VECTOR GROUP LTD,-0.0182,0.102,umap,
client_00997,HELENA AGRI-ENTERPRISES LLC FORMERLY REPORTED AS HELENA CHEMICAL COMPANY,0.2745,0.0114,umap,
client_00998,S&P GLOBAL,-0.3284,-0.1197,umap,
client_00999,UNITEDHEALTH GROUP,-0.1804,-0.0512,umap,
client_01000,UNIVERSITY OF NEBRASKA,0.1552,-0.1039,umap,
client_01001,CITY OF OAKLAND,0.1698,-0.0667,umap,
client_01002,CHRISTIANS UNITED FOR ISRAEL ACTION FUND,-0.1359,-0.14,umap,
client_01003,"ACCENTCARE, INC.",-0.3106,0.2898,umap,
client_01004,ENTEGRIS,0.2635,-0.2058,umap,
client_01006,MASS GENERAL BRIGHAM (FORMERLY KNOWN AS PARTNERS HEALTHCARE),-0.4652,-0.0896,umap,
client_01007,NOVOCURE INC.,0.066,-0.1849,umap,
client_01008,SANDOZ INC,-0.3085,0.3182,umap,
client_01009,"HIMS & HERS HEALTH, INC.",0.3544,-0.2783,umap,
client_01010,PROMERICA FINANCIAL CORPORATION,0.0213,0.3278,umap,
client_01011,SOLARWINDS CORPORATION,0.2263,0.4472,umap,
client_01012,APTERA MOTORS CORP,0.4639,0.0074,umap,
client_01013,WOOLPERT CORPORATION,0.1751,0.4295,umap,
client_01014,AMERICAN CLEANING INSTITUTE (FORMERLY KNOWN AS THE SOAP & DETERGENT ASSOCIATION),-0.0154,-0.1749,umap,
client_01015,"ALLISON TRANSMISSION, INC.",0.1686,-0.1219,umap,
client_01016,COALITION FOR SUSTAINABLE MULTIFAMILY HOUSING,0.0764,0.4747,umap,
client_01017,SUN LIFE FINANCIAL (U.S.) SERVICES COMPANY INC.,-0.1818,-0.05,umap,
client_01018,TANIUM INC.,-0.1949,-0.1244,umap,
client_01019,TIKTOK INC.,0.1994,0.4817,umap,
client_01020,WASHINGTON UNIVERSITY IN ST LOUIS,-0.1194,0.3044,umap,
client_01021,TOY ASSOCIATION INC,0.0732,0.094,umap,
client_01022,WISPA- WIRELESS INTERNET SERVICE PROVIDERS ASSOCIATION,0.3019,0.0057,umap,
client_01023,DYNAVAX TECHNOLOGIES,0.5858,0.3476,umap,
client_01024,ACCENTURE,0.4482,-0.2183,umap,
client_01026,DELTA,0.4478,-0.2187,umap,
client_01027,LEBANESE AMERICAN UNIVERSITY,-0.0838,0.6761,umap,
client_01028,MCGRAW-HILL EDUCATION,0.1699,-0.325,umap,
client_01029,NATIONAL PAWNBROKERS ASSOCIATION,-0.1212,0.1032,umap,
client_01030,"RIVIAN AUTOMOTIVE, LLC",0.4108,-0.3078,umap,
client_01031,SRC INC.,0.1687,-0.1221,umap,
client_01032,THE EARLY CARE AND EDUCATION CONSORTIUM,0.3212,-0.0387,umap,
client_01033,"THE GOLDMAN SACHS GROUP, INC",0.1348,-0.3792,umap,
client_01034,TRIPLE-S MANAGEMENT CORPORATION,0.3576,-0.2832,umap,
client_01035,UNITED STATES CELLULAR CORPORATION,-0.0822,-0.0648,umap,
client_01036,STRATA CLEAN ENERGY,0.1878,0.1575,umap,
client_01037,AL JAZEERA MEDIA NETWORK,0.2182,0.4287,umap,
client_01038,GLOBALFOUNDRIES U.S. INC.,0.0742,0.0894,umap,
client_01039,REPUBLICAN JEWISH COALITION,-0.0204,-0.0893,umap,
client_01040,SOUTHWEST AIRLINES PILOTS' ASSOCIATION,0.1629,-0.0114,umap,
client_01041,TRANSPORTATION INSTITUTE,-0.0485,0.2172,umap,
client_01042,WILDLIFE CONSERVATION SOCIETY,0.2547,0.0909,umap,
client_01043,TRACTOR SUPPLY COMPANY,0.2073,-0.0485,umap,
client_01044,"CARE IN ACTION, INC.",0.4871,-0.393,umap,
client_01045,KANSAS STATE UNIVERSITY,0.148,0.1083,umap,
client_01046,ATRIUM HEALTH WAKE FOREST BAPTIST,0.5582,-0.4294,umap,
client_01047,"CENTINEL PUBLIC PARTNERSHIPS, LLC",-0.2165,-0.3845,umap,
client_01048,ENVIVA INC. (FKA ENVIVA HOLDINGS LP),0.3065,0.0417,umap,
client_01049,MILLE LACS BAND OF OJIBWE INDIANS,-0.2376,0.1763,umap,
client_01050,REH COMPANY (FORMERLY THE SINCLAIR COMPANIES),0.1887,-0.0156,umap,
client_01051,REWORLD (F/K/A COVANTA ENERGY CORPORATION),0.0987,-0.0485,umap,
client_01052,SOCIETY FOR WORLDWIDE INTERBANK FINANCIAL TELECOMMUNICATION SC,0.0213,0.328,umap,
client_01053,ASCENSION HEALTH,-0.1263,-0.3233,umap,
client_01055,VESTAS-AMERICAN WIND TECHNOLOGY INC,0.293,-0.1384,umap,
client_01056,INSTITUTE FOR PORTFOLIO ALTERNATIVES FORMERLY INVESTMENT PROGRAM ASSOCIATION,-0.0437,0.1496,umap,
client_01057,AIRLINES FOR AMERICA (FORMERLY AIR TRANSPORT ASSOCIATION OF AMERICA INC.),-0.383,-0.6192,umap,
client_01058,BLUEHALO CORPORATION,-0.2204,-0.3904,umap,
client_01059,COHERENT,-0.2171,-0.3851,umap,
client_01060,NORTH CAROLINA MILITARY AFFAIRS COMMISSION,-0.1183,-0.1706,umap,
client_01061,US PHYSICIAN PARTNERS (INFORMAL COALITION),-0.2759,0.3108,umap,
client_01062,SANDY HOOK PROMISE ACTION FUND,0.1254,0.1141,umap,
client_01063,SKYDWELLER AERO INC.,-0.0403,-0.1529,umap,
client_01064,BOARD OF REGENTS OF UNIVERSITY OF WISCONSIN SYSTEM,-0.3093,-0.0493,umap,
client_01065,CHEVRON PHILLIPS CHEMICAL COMPANY LP,0.2091,0.166,umap,
client_01067,RIL USA,0.1871,0.1576,umap,
client_01068,SOUTH FLORIDA ADMIRALTY TRIAL LAWYERS ASSOCIATION,0.3096,0.5756,umap,
client_01069,CONSOL ENERGY INC,0.2641,-0.2079,umap,
client_01070,MASTERCARD WORLDWIDE,-0.0139,0.0737,umap,
client_01071,"AMERICAN INTERNATIONAL GROUP, INC.",0.0686,-0.5268,umap,
client_01072,NASDAQ INC,-0.3294,-0.1194,umap,
client_01073,NATIONAL ASSOCIATION OF SECONDARY SCHOOL PRINCIPALS,0.1376,0.1249,umap,
client_01074,SALLIE MAE BANK,0.4674,-0.0972,umap,
client_01075,TARGA RESOURCES PARTNERS LP,0.178,0.019,umap,
client_01076,WINDOW COVERING MANUFACTURERS ASSOCIATION,-0.2209,-0.3839,umap,
client_01077,NATIONAL ASSOCIATION FOR THE ADVANCEMENT OF COLORED PEOPLE,0.0898,0.1979,umap,
client_01078,NATIONAL RURAL HEALTH ASSOCATION,0.3062,-0.291,umap,
client_01079,L3 HARRIS TECHNOLOGIES,0.2428,-0.1634,umap,
client_01080,AMERICAN SMALL MANUFACTURERS COALITION,-0.2532,0.0002,umap,
client_01081,ENBRIDGE (U.S.) INC. (FORMERLY SPECTRA ENERGY),-0.0827,0.0018,umap,
client_01082,"ENTERPRISE HOLDINGS, INC. DBA ENTERPRISE MOBILITY",0.1547,-0.1046,umap,
client_01083,"KROLL BOND RATING AGENCY, INC.",-0.0027,0.3031,umap,
client_01084,INVESTMENT ADVISER ASSOCIATION,-0.0692,0.0343,umap,
client_01085,LUMMI NATION,-0.4208,-0.4655,umap,
client_01086,ROYAL CARIBBEAN CRUISES LTD.,-0.0109,0.1013,umap,
client_01087,TATA CONSULTANCY SERVICES,-0.0101,0.1032,umap,
client_01088,INTERNATIONAL FEDERATION OF PROFESSIONAL AND TECHNICAL ENGINEERS (IFPTE),-0.03,-0.0775,umap,
client_01089,DARLING INGREDIENTS INC,0.3379,0.0221,umap,
client_01090,INTERNATIONAL LONGSHORE AND WAREHOUSE UNION,-0.2091,0.1356,umap,
client_01091,PERATON CORP.,-0.1286,-0.1229,umap,
client_01092,ARDENT HEALTH SERVICES,-0.2763,0.3096,umap,
client_01093,BIOTECHNOLOGY INNOVATION ORGANIZATION (FORMERLY BIOTECHNOLOGY INDUSTRY ORG.),0.4822,-0.3966,umap,
client_01094,CRESCO LABS LLC,-0.4248,-0.134,umap,
client_01095,NEWS/MEDIA ALLIANCE,-0.0378,0.1571,umap,
client_01096,OCCIDENTAL PETROLEUM CORPORATION,0.2989,0.0536,umap,
client_01099,SYSCO CORPORATION,0.3412,0.0246,umap,
client_01100,ULTRA FKA ULTRA ELECTRONICS - FLIGHTLINE SYSTEMS,-0.1328,-0.1343,umap,
client_01101,VALERO ENERGY CORP.,0.2084,0.4127,umap,
client_01102,WABTEC CORPORATION,0.1399,-0.0565,umap,
client_01104,NATIONAL POTATO COUNCIL,0.3366,0.0226,umap,
client_01105,"TRUEBLUE, INC.",-0.0406,0.1539,umap,
client_01106,ASSOCIATION FOR BEHAVIORAL HEALTH AND WELLNESS,-0.2732,0.3096,umap,
client_01107,IRAQ AND AFGHANISTAN VETERANS OF AMERICA INC,0.1107,0.4359,umap,
client_01108,ACG ADVOCACY ON BEHALF OF RELX INC.,0.0892,-0.4483,umap,
client_01109,BALFOUR BEATTY COMMUNITIES,-0.119,-0.1703,umap,
client_01110,MARINETTE MARINE CORPORATION,-0.1273,-0.124,umap,
client_01111,ONEIDA INDIAN NATION,0.1633,-0.5981,umap,
client_01112,SABINE-NECHES NAVIGATION DISTRICT,0.2259,0.0677,umap,
client_01113,START EARLY,-0.1219,0.3066,umap,
client_01114,AITEO GROUP,0.3686,0.224,umap,
client_01115,ALLIANCE FOR RURAL HOSPITAL ACCESS,0.2753,-0.5009,umap,
client_01116,XYLEM INC.,-0.2192,-0.2249,umap,
client_01117,CENTURY ALUMINUM,0.6071,-0.0406,umap,
client_01118,GOOGLE PUBLIC SECTOR (FKA GOOGLE CLOUD),-0.218,-0.3849,umap,
client_01119,HONEYWELL INTERNATIONAL,0.2574,0.0117,umap,
client_01120,INTELLECTUAL KEYSTONE TECHNOLOGY LLC,0.0893,-0.4483,umap,
client_01121,"MCWANE, INC.",-0.047,-0.0818,umap,
client_01122,MGM RESORTS,-0.1717,0.0458,umap,
client_01123,"NORTH AMERICAN SUBARU, INC.",0.4118,-0.3086,umap,
client_01124,SANFORD HEALTH,0.274,-0.4967,umap,
client_01125,SHARE OUR STRENGTH,0.3926,-0.032,umap,
client_01126,UAB HEALTH SYSTEM,0.4865,-0.3933,umap,
client_01128,SOUTHERN UTE INDIAN TRIBE,0.3682,0.2239,umap,
client_01129,ADVENTIST HEALTHCARE,-0.4623,-0.0821,umap,
client_01130,"AMERICAN HONDA MOTOR CO., INC.",0.2129,0.1662,umap,
client_01131,NATIONAL ORGANIZATION FOR RARE DISORDERS INC (NORD),0.357,-0.2805,umap,
client_01132,SES S.A. FORMERLY KNOWN AS INTELSAT US LLC,-0.1174,-0.1707,umap,
client_01133,BLOOMBERG PHILANTHROPIES,-0.2331,0.1719,umap,
client_01134,"ESSILORLUXOTTICA (FKA ESSILOR OF AMERICA, INC.)",0.166,-0.6059,umap,
client_01135,GOTENNA,-0.1255,-0.1213,umap,
client_01136,"PERNOD RICARD USA., LLC",-0.0181,0.1026,umap,
client_01137,RESTAURANT BRANDS INTERNATIONAL INC (RBI),-0.0153,0.1032,umap,
client_01138,RSM,-0.2406,-0.2024,umap,
client_01139,"CLEAN AIR TASK FORCE, INC.",0.3092,0.045,umap,
client_01140,"MGM PUBLIC POLICY, LLC",-0.1716,0.0458,umap,
client_01141,"DJI TECHNOLOGY, INC.",-0.2097,-0.3959,umap,
client_01142,ELECTROLUX NORTH AMERICA,0.6017,-0.0381,umap,
client_01143,THE UNIVERSITY OF TEXAS SYSTEM,-0.0147,-0.1243,umap,
client_01144,VANDERBILT UNIVERSITY,-0.1186,0.3032,umap,
client_01145,ALASKA RAILROAD CORP,0.2365,-0.0078,umap,
client_01146,AMAZON.COM,0.2073,-0.0486,umap,
client_01148,ARCH CAPITAL GROUP (U.S.) INC.,0.0761,0.4747,umap,
client_01149,AUTONOMOUS VEHICLE INDUSTRY ASSOCIATION,0.2301,0.4566,umap,
client_01150,NAVIGATOR CO2 VENTURES LLC,0.3609,0.1316,umap,
client_01151,PGA TOUR,0.4467,-0.2198,umap,
client_01152,"SOLV ENERGY, LLC",0.2956,-0.1411,umap,
client_01153,CALIFORNIA MEDICAL ASSOCIATION INC,-0.1168,0.3014,umap,
client_01154,CAMECO CORPORATION,0.3776,0.2317,umap,
client_01155,VISTRA CORPORATE SERVICES COMPANY,0.4437,0.1576,umap,
client_01156,"VOYAGER SPACE HOLDINGS, INC.",-0.2055,-0.3976,umap,
client_01157,BIOCOM,-0.3507,-0.0442,umap,
client_01158,ALLIANCE FOR HOME DIALYSIS,-0.275,0.3133,umap,
client_01159,AMERICAN ACADEMY OF PHYSICIAN ASSOCIATES,-0.4621,-0.0821,umap,
client_01160,AMERICAN ASSOCIATION OF TISSUE BANKS,-0.4625,-0.081,umap,
client_01161,"ASG RESOLUTION CAPITAL, JSC ON BEHALF OF ERNESTS BERNIS",0.0229,0.3298,umap,
client_01162,"CENCORA, INC.",-0.1049,-0.0926,umap,
client_01164,COMMONWEALTH LNG,0.3667,0.2235,umap,
client_01165,EXPERIAN NORTH AMERICA,-0.3282,-0.118,umap,
client_01166,FEDERAL HOME LOAN BANK OF NEW YORK,0.0118,0.3179,umap,
client_01167,NATIONAL FRATERNAL ORDER OF POLICE,-0.1173,0.3014,umap,
client_01168,PASCUA YAQUI TRIBE,0.3572,0.0789,umap,
client_01169,PHRMA INC.,-0.1582,-0.3336,umap,
client_01170,SEAFARERS INTERNATIONAL UNION OF N.A. - AGLIW,0.3109,0.5767,umap,
client_01171,FUJIFILM HOLDINGS AMERICA CORPORATION,0.4813,-0.3973,umap,
client_01172,BRIDGESTONE AMERICAS HOLDING INC,0.2765,-0.006,umap,
client_01173,NEWS MEDIA ALLIANCE,-0.0373,0.1571,umap,
client_01174,COMPETE AMERICA,0.1569,-0.5471,umap,
client_01175,GLOBAL BUSINESS TRAVEL ASSOCIATION,0.1684,0.0054,umap,
client_01176,ISLAND MOUNTAIN DEVELOPMENT GROUP (IMDG),0.3573,0.079,umap,
client_01177,AIG,-0.0208,0.2832,umap,
client_01178,EAGLEPICHER TECHNOLOGIES LLC,-0.0713,-0.1678,umap,
client_01179,NATIONAL ASSOCIATION OF FREESTANDING EMERGENCY CENTERS (NAFEC),0.2923,-0.2987,umap,
client_01180,THE UNIVERSITY OF TENNESSEE,-0.0387,-0.1534,umap,
client_01181,SEATTLE CHILDREN'S HOSPITAL RESEARCH AND FOUNDATION,0.3199,-0.2858,umap,
client_01182,TACOMA PUBLIC UTILITIES,0.4483,-0.2144,umap,
client_01183,ALLSTATE INSURANCE COMPANY,0.0439,-0.3121,umap,
client_01184,AMERICAN RESORT DEVELOPMENT ASSOCIATION,-0.1079,0.0473,umap,
client_01186,MEDELA LLC,-0.4736,-0.0949,umap,
client_01187,"AMERICAN FLOOD COALITION ACTION, INC.",0.258,0.0125,umap,
client_01188,ARCTIC SLOPE REGIONAL CORPORATION,0.4432,0.1568,umap,
client_01190,EXPERIAN INC,-0.3269,-0.1196,umap,
client_01191,FITBIT LLC,0.0792,0.0092,umap,
client_01192,"GUARDING AGAINST PANDEMICS, INC.",0.5577,-0.4089,umap,
client_01193,JBS USA FOOD COMPANY,0.3928,-0.0322,umap,
client_01194,PHARMACEUTICAL CARE MANAGEMENT ASSOCIATION (PCMA),-0.1265,-0.323,umap,
client_01195,FEDERAL AGRICULTURAL MORTGAGE CORPORATION,0.2983,0.0527,umap,
client_01196,"ALTICOR, INC.",0.2151,0.4621,umap,
client_01197,AM GENERAL CORPORATION,-0.1179,-0.1704,umap,
client_01198,"ARES MANAGEMENT, FORMERLY REPORTED AS, ARES MANAGEMENT LLC",-0.0225,0.0966,umap,
client_01199,DOMINO'S NATIONAL ADVERTISING FUND INC,0.2701,-0.0824,umap,
client_01200,EXPERIMENTAL AIRCRAFT ASSOCIATION INC,-0.383,-0.6192,umap,
client_01201,FARMERS EDUCATIONAL COOPERATIVE UNION OF AMERICA,-0.3683,0.4385,umap,
client_01202,KING COUNTY,0.2186,0.0103,umap,
client_01203,LS POWER,0.3955,0.1527,umap,
client_01204,MATRIX DESIGN GROUP ON BEHALF OF THE VIRGINIA SEC. OF VETERANS & DEFENSE AFFAIRS,-0.1231,-0.1668,umap,
client_01205,MORGAN STANLEY DEAN WITTER & COMPANY,0.4473,-0.2196,umap,
client_01206,SNAC INTERNATIONAL,0.3402,0.0238,umap,
client_01207,SPARTANBURG REGIONAL HEALTHCARE SYSTEM,-0.4633,-0.0797,umap,
client_01208,TEXAS ASSOCIATION FOR HOME CARE & HOSPICE,-0.2747,0.3131,umap,
client_01209,VALERO ENERGY,0.4117,-0.3086,umap,
client_01210,NATIONAL RIGHT LIFE COMMITTEE,0.4861,-0.3933,umap,
client_01212,BROWN UNIVERSITY,-0.1133,-0.0918,umap,
client_01213,"CHEVRON U.S.A., INC.",0.4646,0.006,umap,
client_01214,COLORADO STATE UNIVERSITY FOUNDATION,-0.038,-0.1531,umap,
client_01215,DENVER REGIONAL TRANSPORTATION DISTRICT,0.2367,-0.0079,umap,
client_01216,AMNESTY INTERNATIONAL OF THE USA INC,-0.1412,-0.1407,umap,
client_01217,ASSOCIATION OF ORGAN PROCUREMENT ORGANIZATIONS,0.3211,-0.2859,umap,
client_01218,"CERES, INC.",0.2858,0.0462,umap,
client_01219,"GILEAD SCIENCES, INC.",0.559,-0.4286,umap,
client_01220,"GOVERNOR'S DEFENSE INITIATIVE, GEORGIA DEPT. OF ECONOMIC DEVELOPMENT",-0.2156,-0.3843,umap,
client_01221,SHINGLE SPRINGS RANCHERIA,-0.042,0.1501,umap,
client_01222,US GUATEMALA BUSINESS COUNCIL,-0.2383,-0.2016,umap,
client_01223,ZOCDOC,-0.4627,-0.0806,umap,
client_01225,AMERICAN PACIFIC,-0.22,-0.3848,umap,
client_01226,AMERICAN RETIREMENT ASSOCIATION (FORMERLY ASPPA),-0.2504,-0.5328,umap,
client_01227,KOHLBERG KRAVIS ROBERTS & COMPANY,0.2954,-0.1407,umap,
client_01229,"MANAGEMENT HEALTH SYSTEMS, LLC (D/B/A MEDPRO)",0.127,0.1155,umap,
client_01230,MUSCOGEE CREEK NATION,-0.4199,-0.4647,umap,
client_01231,NATIONAL ASSOCIATION OF RURAL HEALTH CLINICS,0.2887,-0.3007,umap,
client_01232,NORD STREAM 2 AG,0.6094,-0.0412,umap,
client_01233,STARKIST CO,0.4118,-0.3086,umap,
client_01234,THE PATRIOTIC MILLIONAIRES LLC,-0.122,0.3069,umap,
client_01235,"THE VUCCI LAW GROUP, P.A.",0.0849,0.1389,umap,
client_01236,OHIO FARM BUREAU FEDERATION,-0.3682,0.4385,umap,
client_01237,HERMEUS CORP.,0.1522,-0.1144,umap,
client_01238,ABBVIE,0.4476,-0.2184,umap,
client_01239,CENTRIENT PHARMACEUTICALS LLC,-0.4082,-0.0132,umap,
client_01240,CEO ADVISORS,0.1909,0.4255,umap,
client_01241,COIN CENTER INC.,-0.0952,0.0472,umap,
client_01242,DELTA AIRLINES,0.1879,-0.0192,umap,
client_01243,HYUNDAI STEEL COMPANY,-0.2388,-0.2011,umap,
client_01244,KUCOIN,-0.3376,-0.1387,umap,
client_01245,NATIONAL ASSOCIATION OF REAL ESTATE INVESTMENT TRUSTS,0.263,-0.2171,umap,
client_01246,NATIONAL ELECTRICAL MANUFACTURERS ASSOCIATION (MITA),0.3584,-0.2838,umap,
client_01247,RSM US LLP (FORMERLY KNOWN AS MCGLADREY LLP),0.1714,-0.0133,umap,
client_01248,V2X,-0.1268,-0.1234,umap,
client_01249,ACHIEVE,-0.0779,0.0516,umap,
client_01250,THE NATIONAL ALLIANCE FOR EYE AND VISION RESEARCH,-0.0254,-0.2271,umap,
client_01251,DRUMMOND COMPANY INC.,0.3347,0.0191,umap,
client_01252,COMMUNITY BANKERS ASSOCIATION OF ILLINOIS,0.2961,0.0103,umap,
client_01253,CURE SMA,0.4868,-0.3944,umap,
client_01254,"ENERGY TRANSFER PARTNERS, L.P.",0.2082,0.4128,umap,
client_01255,SANOFI US SERVICES INC (FORMERLY KNOWN AS GENZYME CORPORATION),0.3593,-0.2808,umap,
client_01256,NATIONWIDE CHILDREN'S HOSPITAL INC,0.3576,-0.2826,umap,
client_01257,"DIGESTIVE HEALTH PHYSICIANS ASSOCIATION, INC.",-0.2796,0.3072,umap,
client_01258,DTEK INTERNATIONAL LIMITED,0.3688,0.2257,umap,
client_01259,ENVIRI F/K/A HARSCO CORPORATION,0.36,0.1327,umap,
client_01260,FOOD AND AGRICULTURE CLIMATE ALLIANCE,0.3616,-0.0005,umap,
client_01261,HNTB CORPORATION,0.3558,-0.1187,umap,
client_01262,"IGM BIOSCIENCES, INC.",0.73,0.2973,umap,
client_01263,"NASDAQ OMX GROUP (FORMERLY ""THE NASDAQ STOCK MARKET"")",0.26,-0.2168,umap,
client_01264,NATIONAL CABLE & TELECOMMUNICATIONS ASSOCIATION,-0.2331,0.1718,umap,
client_01265,NRG ENERGY,-0.0755,-0.1049,umap,
client_01266,THE MEDICAL DEVICE COMPETITIVENESS COALITION,0.4475,-0.2193,umap,
client_01267,NATIONAL CANNABIS ROUNDTABLE,-0.1812,0.0837,umap,
client_01268,FINANCIAL INNOVATION NOW,-0.014,0.2903,umap,
client_01269,FIRSTENERGY SERVICE COMPANY,0.7284,-0.4823,umap,
client_01272,PROFESSIONAL BACKGROUND SCREENERS ASSOCIATION,-0.0148,0.1043,umap,
client_01273,SHIPPERS COALITION,0.3558,-0.1187,umap,
client_01274,LOYOLA UNIVERSITY CHICAGO,0.1347,0.1211,umap,
client_01275,"AMAZON.COM, INC.",-0.3278,-0.0459,umap,
client_01276,ATHENE USA,-0.3352,-0.1334,umap,
client_01277,"BOOM TECHNOLOGY, INC.",-0.3829,-0.6192,umap,
client_01278,INDEPENDENT PILOTS ASSOCIATION,0.1686,-0.014,umap,
client_01279,MAMMOTH ENERGY SERVICES INC,0.3677,0.2258,umap,
client_01280,PECHANGA BAND OF LUISENO MISSION INDIANS,-0.0415,0.15,umap,
client_01281,PILOT TRAVEL CENTERS LLC (F/K/A PILOT FLYING J),0.2837,-0.0756,umap,
client_01282,"TOTALENERGIES WASHINGTON OFFICE, F/K/A TOTAL WASHINGTON, DC REPRESENTATIVE OFFIC",0.2066,0.1659,umap,
client_01283,TWIN METALS MINNESOTA LLC,0.3532,0.0782,umap,
client_01284,ASSN. OF STATE AND TERRITORIAL HEALTH OFFICIALS,0.5959,0.1775,umap,
client_01285,NATIONAL ASSOCIATION OF SPINE SPECIALISTS,0.3543,-0.2834,umap,
client_01286,FEDEX CORPORATION,0.1348,-0.009,umap,
client_01287,FOUNDATION MEDICINE,-0.1588,-0.3339,umap,
client_01288,KIDNEY CARE PARTNERS,-0.2743,0.3153,umap,
client_01289,"OAK VIEW GROUP, LLC",-0.0176,0.1024,umap,
client_01290,ORANGE COUNTY TRANSPORTATION AUTHORITY,0.2361,-0.0077,umap,
client_01291,PLAINS ALL AMERICAN GP LLC,0.1893,0.0288,umap,
client_01292,UNIVERSITY OF IOWA,0.1373,0.1238,umap,
client_01293,UNIVERSITY OF WISCONSIN MEDICAL FOUNDATION/UW HEALTH,-0.4632,-0.0797,umap,
client_01294,SMURFIT WESTROCK(FKA WESTROCK),0.2939,0.1307,umap,
client_01295,PET FOOD INSTITUTE,0.279,-0.019,umap,
client_01296,ALTERNATIVE & DIRECT INVESTMENT SECURITIES ASSOCIATION,0.0688,-0.5267,umap,
client_01297,ALIGNING FOR HEALTH,-0.4633,-0.08,umap,
client_01298,AIR AND SPACE FORCES ASSOCIATION (F/K/A AIR FORCE ASSOCIATION),-0.1199,-0.1713,umap,
client_01299,AIRBNB,-0.2272,0.1659,umap,
client_01300,AMERICAN HONEY PRODUCERS ASSOCIATION,0.2767,0.0005,umap,
client_01301,APOLLO MANAGEMENT LP,0.1348,-0.3792,umap,
client_01302,COWEN GROUP,0.0208,0.3276,umap,
client_01303,NATIONAL COALITION FOR ACCESS TO AUTISM SERVICES (NCAAS),-0.0232,-0.2317,umap,
client_01304,NORTHEAST ILLINOIS REGIONAL COMMUTER RAILROAD CORPORATION,0.224,0.0679,umap,
client_01305,SONOVA USA INC.,0.4818,-0.3968,umap,
client_01307,B&H FOTO & ELECTRONICS CORP,0.1333,-0.0094,umap,
client_01308,CIGAR RIGHTS OF AMERICA,0.6822,-0.2085,umap,
client_01309,CLIMATE INNOVATION ACTION,0.2892,0.0574,umap,
client_01310,"COEUR MINING, INC.",0.3517,0.077,umap,
client_01311,"ONEMAIN FINANCIAL GROUP, LLC",-0.1081,0.0447,umap,
client_01312,"QEP RESOURCES, INC.",0.3964,0.1524,umap,
client_01313,ALLIANCE FOR PHYSICAL THERAPY QUALITY AND INNOVATION,-0.2807,0.3176,umap,
client_01314,AMERICAN SOCIETY OF ADDICTION MEDICINE,0.3104,-0.2917,umap,
client_01315,AIDS HEALTHCARE FOUNDATION,0.0505,-0.327,umap,
client_01316,AMERICAN COLLEGE OF SURGEONS,-0.464,-0.0795,umap,
client_01317,"AMERICAN FINANCIAL GROUP, INC.",0.7561,0.2366,umap,
client_01318,AMT - THE ASSOCIATION FOR MANUFACTURING TECHNOLOGY,0.1068,-0.0185,umap,
client_01319,ARCHER AVIATION INC.,0.143,-0.0511,umap,
client_01320,BOSTON MEDICAL CENTER,-0.2736,0.3144,umap,
client_01321,CALIFORNIA RICE COMMISSION,0.3927,-0.032,umap,
client_01322,CELLEBRITE INC.,-0.0966,-0.0577,umap,
client_01323,CITADEL LLC,0.4468,-0.2187,umap,
client_01324,"CME GROUP, INC.",-0.2333,0.1719,umap,
client_01325,DISCOVERY COMMUNICATIONS,0.4476,-0.2192,umap,
client_01326,EMBRAER EMPRESA BRASILEIRA DE AERONAUTICA S.A.,-0.0471,-0.0833,umap,
client_01327,FRANKLIN TEMPLETON INVESTMENTS,0.4475,-0.2193,umap,
client_01328,GRANITE TELECOMMUNICATIONS,0.1353,0.6043,umap,
client_01329,"GREAT BASIN TRANSMISSION, LLC",0.3726,0.2272,umap,
client_01330,HUDSON RIVER TRADING LLC,-0.3299,-0.1194,umap,
client_01331,"HUNTINGTON INGALLS INDUSTRIES, INC. (FKA HUNTINGTON INGALLS INCORPORATED)",-0.2176,-0.3849,umap,
client_01332,KLEINER PERKINS CAUFIELD & BYERS,0.043,0.0299,umap,
client_01333,KRATOS DEFENSE & SECURITY SOLUTIONS,-0.2173,-0.3848,umap,
client_01334,KURDISTAN REGIONAL GOVERNMENT,0.1931,0.4241,umap,
client_01335,LARGE UROLOGY GROUP PRACTICE ASSOCIATION (LUGPA),-0.2798,0.307,umap,
client_01336,MARITIME INSTITUTE FOR RESEARCH AND INDUSTRIAL DEVELOPMENT,0.3121,0.5778,umap,
client_01337,MCKESSON CORPATION AND ITS AFFILIATE US ONCOLOGY (FORMERLY US ONCOLOGY),-0.3108,0.2846,umap,
client_01338,MOLSON COORS BEVERAGE COMPANY USA LLC (FORMERLY KNOWN AS MILLERCOORS LLC),0.2692,-0.069,umap,
client_01339,OUTSOURCING FACILITIES ASSOCIATION,-0.4635,-0.0794,umap,
client_01340,PWC US GROUP LLP (FORMERLY PRICEWATERHOUSECOOPERS LLP),0.284,0.4593,umap,
client_01341,"RED BULL NORTH AMERICA, INC.",0.2746,-0.0173,umap,
client_01342,RTX CORPORATION (FKA RAYTHEON TECHNOLOGIES CORPORATION AND AFFILIATES),0.4477,-0.2192,umap,
client_01343,SAFARI CLUB INTERNATIONAL,0.2546,0.0907,umap,
client_01344,"SECRETARY OF STATE, STATE OF DELAWARE",0.1695,0.092,umap,
client_01345,SOUTHERN COMPANY,-0.0891,-0.2311,umap,
client_01346,SUMITOMO CORPORATION OF AMERICAS,0.2698,-0.0747,umap,
client_01347,"SUN PHARMACEUTICAL INDUSTRIES, INC.",0.5858,0.3476,umap,
client_01348,"SWIFT, INC.",0.2696,-0.0931,umap,
client_01349,THE BUILDSTRONG COALITION,0.1299,0.465,umap,
client_01350,"THE VANGUARD GROUP, INC.",-0.0701,0.0346,umap,
client_01351,UNIVERSITY OF KANSAS,-0.1188,0.3031,umap,
client_01352,UNITYPOINT HEALTH (FORMERLY KNOWN AS: IOWA HEALTH SYSTEM),-0.2743,0.3137,umap,
client_01353,ARTHUR J. GALLAGHER & CO.,-0.0131,0.1049,umap,
client_01354,NATIONAL GRAIN AND FEED ASSOCIATION,0.2704,-0.0702,umap,
client_01356,"BREWER SCIENCE, INC.",-0.1121,-0.09,umap,
client_01357,CENTRAL ARIZONA WATER CONSERVATION DISTRICT (CAWCD),0.353,0.0775,umap,
client_01358,HISTORIC TAX CREDIT COALITION,0.449,-0.2184,umap,
client_01359,HUDSON TECHNOLOGIES,0.0861,0.0063,umap,
client_01360,MITSUBISHI ELECTRIC US INC,-0.0157,-0.1749,umap,
client_01361,NATIONAL COUNCIL FOR MENTAL WELLBEING FKA NATIONAL COUNCIL FOR BEHAVIORAL HEALTH,-0.2746,0.3131,umap,
client_01362,NEW YORK LIFE,-0.2119,0.0385,umap,
client_01363,THE SENECA NATION OF INDIANS,-0.2122,0.0383,umap,
client_01364,TRGROUP (ALSO DOING BUSINESS AS ACT - ALLIANCE FOR COMPETITIVE TAXATION),0.45,-0.2201,umap,
client_01365,FEDERATION FOR AMERICAN IMMIGRATION REFORM,0.1572,-0.5476,umap,
client_01366,FINANCIAL OVERSIGHT AND MANAGEMENT BOARD FOR PUERTO RICO,0.302,-0.2975,umap,
client_01367,ARIANESPACE INC,-0.0515,-0.0842,umap,
client_01368,BRAEBURN INC FORMERLY KNOWN AS BRAEBURN PHARMACEUTICALS INC,-0.1274,-0.323,umap,
client_01369,DECISION SCIENCES INTERNATIONAL CORP,0.1562,-0.1071,umap,
client_01370,NATIONAL ASSOCIATION OF DENTAL PLANS,0.3559,-0.284,umap,
client_01371,"ORMAT NEVADA, INC.",0.4436,0.1581,umap,
client_01372,THE ROTARY FOUNDATION OF ROTARY INTERNATIONAL,0.5511,-0.4222,umap,
client_01373,URANIUM PRODUCERS OF AMERICA,0.3341,0.201,umap,
client_01374,WEYERHAEUSER CO,0.2684,0.0059,umap,
client_01375,OHIO MUNICIPAL ELECTRIC ASSOCIATION,0.4612,0.0312,umap,
client_01376,"FENIX INTERNATIONAL, LTD.",0.226,0.4468,umap,
client_01377,"ACCOUNTABLE FOR HEALTH, INC.",-0.3097,0.3192,umap,
client_01378,"AIR TRACTOR, INC.",-0.1947,-0.1244,umap,
client_01379,BLUE CROSS BLUE SHIELD OF MASSACHUSETTS,-0.2728,0.3152,umap,
client_01380,CONTRA COSTA WATER DISTRICT,0.2547,0.0909,umap,
client_01381,GEOTHERMAL EXCHANGE ORGANIZATION,-0.0765,-0.1034,umap,
client_01382,GLAXOSMITHKLINE,-0.4638,-0.0795,umap,
client_01383,"KELLOGG, BROWN AND ROOT (KBR)",0.1501,-0.1132,umap,
client_01384,LONGEVITY HEALTH PLAN,0.2913,-0.3009,umap,
client_01386,NATIXIS IM,-0.0953,0.0623,umap,
client_01387,"TE CONNECTIVITY, INC.",0.2629,-0.2062,umap,
client_01388,VIETNAM VETERANS OF AMERICA,0.111,0.4357,umap,
client_01389,WESTERN ALLIANCE BANCORPORATION,-0.0784,0.0526,umap,
client_01390,NATIONAL AUTOMATIC MERCHANDISING ASSOCIATION,-0.3511,-0.0447,umap,
client_01391,AMERICAN SOCIETY OF LANDSCAPE ARCHITECTS,-0.0822,0.002,umap,
client_01392,"PENSKE TRUCK LEASING COMPANY, L.P.",-0.3305,-0.1198,umap,
client_01393,BAY AREA RAPID TRANSIT DISTRICT,0.1604,-0.0054,umap,
client_01394,DAYTON DEVELOPMENT COALITION,0.1751,0.4296,umap,
client_01395,GBX ASSOCIATES LLC,0.4494,-0.2171,umap,
client_01396,HYUNDAI MOTOR COMPANY,0.2658,-0.208,umap,
client_01397,IONQ INC.,-0.1234,-0.1622,umap,
client_01398,"LOCKTON MANAGEMENT, LLC",-0.4626,-0.0806,umap,
client_01399,"NATIONAL CABLE AND TELECOMMUNICATIONS ASSOCIATION (""NCTA"")",-0.1117,0.0445,umap,
client_01400,NATURAL GAS SUPPLY ASSN,0.2909,-0.1383,umap,
client_01401,VIZIENT INC,-0.1261,-0.3229,umap,
client_01402,SAGINAW CHIPPEWA INDIAN TRIBE OF MICHIGAN,-0.0386,0.1398,umap,
client_01403,OREGON HEALTH & SCIENCE UNIVERSITY,0.3565,-0.2793,umap,
client_01404,THE UNIVERSITY OF CHICAGO MEDICAL CENTER,-0.4639,-0.0791,umap,
client_01405,AMALGAMATED TRANSIT UNION,-0.1207,0.3053,umap,
client_01406,MERLIN LABS,-0.2222,-0.3901,umap,
client_01407,"TALLGRASS ENERGY PARTNERS, LP",0.1876,0.0283,umap,
client_01408,MEDISYS HEALTH NETWORK,0.5595,-0.4069,umap,
client_01409,NORTH AMERICAN EQUIPMENT DEALERS ASSOCIATION (FORMERLY KNOWN AS EQUIPMENT DEALER,0.0131,0.1059,umap,
client_01410,WINDOW AND DOOR MANUFACTURERS ASSOCIATION,0.2974,-0.1427,umap,
client_01412,ASSOCIATION FOR MATERIALS PROTECTION AND PERFORMANCE (AMPP),0.1352,-0.0773,umap,
client_01413,"CITY OF SEATTLE, WA",0.1737,-0.0033,umap,
client_01414,CONTINUING MEDICAL EDUCATION COALITION,-0.101,-0.2842,umap,
client_01415,ECMC SHARED SERVICES CO. OBO ECMC,0.0873,0.1508,umap,
client_01416,EPIC SYSTEMS CORPORATION,0.3245,-0.307,umap,
client_01417,LVMH MOET HENNESSY LOUIS VUITTON INC.,0.2187,0.4623,umap,
client_01418,NUTRIEN US LLC,0.2766,0.0003,umap,
client_01420,"SIEMENS HEALTHINEERS (FKA VARIAN MEDICAL SYSTEMS, INC.)",0.4818,-0.3969,umap,
client_01421,TAXBIT,-0.0392,0.1556,umap,
client_01422,"DIRECTORS GUILD OF AMERICA, INC.",-0.0374,0.1577,umap,
client_01423,TC ENERGY,0.3679,0.2253,umap,
client_01424,AMEDISYS HOME HEALTH AND HOSPICE CARE,-0.279,0.3181,umap,
client_01425,BIO-RAD LABORATORIES,-0.0185,-0.2268,umap,
client_01426,CARLYLE INVESTMENT MANAGEMENT,-0.1806,-0.051,umap,
client_01427,"H&R BLOCK MANAGEMENT, LLC",0.2428,-0.1633,umap,
client_01428,MUSKET CORPORATION,0.3677,0.2255,umap,
client_01429,NIDEC AMERICAS HOLDING CORPORATION,-0.0154,-0.1752,umap,
client_01430,TEXAS HOSPITAL ASSOCIATION,-0.2733,0.3119,umap,
client_01431,ZTE USA,0.59,-0.0436,umap,
client_01432,NAMMO INC.,-0.2204,-0.3875,umap,
client_01433,ACTE,-0.1205,0.3044,umap,
client_01434,ALLIANCE FOR PHARMACY COMPOUNDING,0.5515,-0.4237,umap,
client_01435,AMERICAN ASSOCIATION OF ORAL AND MAXILLOFACIAL SURGEONS,0.04,-0.2951,umap,
client_01436,AMERICAN UNIVERSITY OF BEIRUT,-0.0841,0.6761,umap,
client_01437,CVS PREVIOUSLY AETNA,-0.1813,-0.0509,umap,
client_01439,HARTFORD FINANCIAL SERVICES GROUP,0.003,0.0806,umap,
client_01440,"KIOXIA AMERICA, INC.",0.6072,-0.0411,umap,
client_01441,"MIZUHO BANK, LTD.",0.293,-0.1381,umap,
client_01442,NATIONAL ASSN OF BROADCASTERS,-0.0414,0.154,umap,
client_01444,UNIVERSITY OF LOUISVILLE,-0.0143,-0.1232,umap,
client_01445,NATIONAL CHILDREN'S ALLIANCE,-0.1126,-0.0439,umap,
client_01446,"OVINTIV, INC. (FKA ENCANA OIL AND GAS (USA), INC.)",0.2063,0.163,umap,
client_01447,ASSOCIATION OF ACCESSIBLE MEDICINES (FORMERLY KNOWN AS GPHA),0.6073,-0.0404,umap,
client_01448,EASTERN BAND OF CHEROKEE INDIANS,-0.4056,0.311,umap,
client_01449,"ELECTION SYSTEMS & SOFTWARE, LLC",0.1657,-0.4792,umap,
client_01450,EQUITABLE HOLDINGS (FORMERLY KNOW AS AXA FINANCIAL/EQUITABLE LIFE ASSURANCE,-0.0457,0.1491,umap,
client_01451,"SOLUGEN, INC.",0.2542,0.02,umap,
client_01452,WESTLAKE CHEMICAL PARTNERS LP,0.4481,-0.2184,umap,
client_01453,SOUTH COAST AIR QUALITY MANAGEMENT DISTRICT,0.221,0.0157,umap,
client_01454,INTERNATIONAL ALLIANCE OF THEATRICAL STAGE EMPLOYEES,-0.3104,-0.0487,umap,
client_01455,SAAB,-0.1183,-0.1704,umap,
client_01456,AON SERVICE CORPORATION (FKA AON HEWITT),-0.0168,0.1031,umap,
client_01457,BEST BUY CO. INC.,-0.2267,0.1654,umap,
client_01458,"CJ AMERICA, INC.",0.5958,-0.0358,umap,
client_01459,DYNAVAX TECHNOLOGIES CORP.,-0.4994,-0.1131,umap,
client_01460,LEVI STRAUSS & COMPANY,0.2698,-0.216,umap,
client_01461,NATIONAL SCHOOL TRANSPORTATION ASSOCIATION,-0.2108,0.137,umap,
client_01462,THE ADVERTISING COALITION,0.4513,-0.2154,umap,
client_01463,CALIFORNIA ASSOCIATION OF REALTORS,-0.0437,0.1451,umap,
client_01464,"INDIANA FARM BUREAU, INC.",-0.3683,0.4385,umap,
client_01465,OVATION LLC,0.1975,0.4803,umap,
client_01466,BLOOD CANCER UNITED (FORMERLY REPORTED ASTHE LEUKEMIA AND LYMPHOMA SOCIETY),0.3539,-0.2764,umap,
client_01467,CENTER FOR PROCUREMENT ADVOCACY,-0.1063,-0.1448,umap,
client_01468,COALITION OF SEMICONDUCTOR EQUIPMENT MANUFACTURERS,0.5939,-0.0342,umap,
client_01469,DEL MONTE FRESH PRODUCE COMPANY,0.2937,0.0114,umap,
client_01471,GSO CAPITAL PARTNERS,-0.3313,-0.1219,umap,
client_01472,NATIONAL FOOTBALL LEAGUE,-0.4052,0.3112,umap,
client_01473,PARAMOUNT SKYDANCE CORPORATION (FKA PARAMOUNT GLOBAL),-0.52,-0.2725,umap,
client_01474,TAXPAYERS AGAINST FRAUD,-0.0173,0.103,umap,
client_01476,COALITION FOR THE 21ST CENTURY,-0.2766,0.3171,umap,
client_01477,OGLETHORPE POWER CORPORATION,0.3706,0.2269,umap,
client_01478,"BECHTEL NATIONAL, INC.",-0.0694,-0.1666,umap,
client_01479,BORDER TRADE ALLIANCE,0.1739,-0.0335,umap,
client_01480,CALIFORNIA SCHOOLS VOLUNTARY EMPLOYEE BENEFITS ASSOC. (VEBA),-0.4648,-0.0784,umap,
client_01481,CONAFAY GROUP ON BEHALF OF ANTIBIOTICS WORKING GROUP,-0.4645,-0.0785,umap,
client_01482,"ELUSYS THERAPEUTICS INC FKA NIGHTHAWK BIOSCIENCES, INC.",0.596,0.1775,umap,
client_01483,"KARL STORZ ENDOSCOPY - AMERICA, INC",-0.4639,-0.079,umap,
client_01484,LIBERTY MUTUAL (FORMERLY KNOWN AS AKIN GUMP ON BEHALF OF LIBERTY MUTUAL),-0.0827,0.0018,umap,
client_01485,NATIONAL LIFELINE ASSOCIATION,0.1354,0.6043,umap,
client_01486,"PORT OF HOUSTON AUTHORITY OF HARRIS COUNTY, TEXAS",0.1262,-0.1039,umap,
client_01487,SALESFORCE.COM INC.,0.0741,0.0889,umap,
client_01488,SILICON VALLEY TAX DIRECTORS GROUP,0.4482,-0.2185,umap,
client_01489,TC ENERGY CORPORATION,0.3681,0.2254,umap,
client_01490,SENTRY INSURANCE COMPANY (FORMERLY SENTRY INSURANCE A MUTUAL COMPANY),-0.02,0.0735,umap,
client_01491,"FINANCIAL DATA AND TECHNOLOGY ASSOCIATION, FORMERLY FIN'L DATA & TECH'Y ASS'N NA",-0.0066,0.2985,umap,
client_01492,STONY BROOK UNIVERSITY SUNY STONY BROOK,-0.0625,-0.1442,umap,
client_01493,AMERICAN CLINICAL LABORATORY ASSOCIATION,-0.2744,0.3163,umap,
client_01494,"BOEHRINGER INGELHEIM PHARMACEUTICALS, INC.",-0.2735,0.3138,umap,
client_01497,"GOODRX, INC.",-0.1267,-0.3236,umap,
client_01498,ONCOR ELECTRIC DELIVERY,0.3719,0.2279,umap,
client_01499,RICE UNIVERSITY,-0.1459,-0.1365,umap,
client_01500,SECURING AMERICA'S FUTURE ENERGY ALLIANCE,-0.2194,-0.2245,umap,
client_01501,"TRANSDIGM GROUP, INC.",-0.2258,-0.3938,umap,
client_01502,"HELIX, INC.",-0.0725,-0.1212,umap,
client_01503,DANA-FARBER CANCER INSTITUTE,0.3539,-0.2819,umap,
client_01504,"PRATT INDUSTRIES (USA), INC.",0.2938,0.1302,umap,
client_01505,INVITAE INC.,0.3159,-0.2896,umap,
client_01506,ALBERTSONS COMPANIES INC.,0.0168,0.1274,umap,
client_01507,ANSCHUTZ ENTERTAINMENT GROUP INC.,0.3506,-0.113,umap,
client_01508,BALL CORPORATION,0.1923,0.1285,umap,
client_01509,"BEONE MEDICINES USA, INC. (FKA BEIGENE USA, INC.)",-0.1583,-0.3336,umap,
client_01510,CONTINENTAL CASUALTY COMPANY,0.2397,-0.0373,umap,
client_01511,GENTIVA (FORMERLY REPORTED AS HUMANA & KINDRED AT HOME),0.2904,-0.301,umap,
client_01512,"OUTOKUMPU STAINLESS USA, LLC",0.0769,0.0826,umap,
client_01514,"USA EB5 IMMIGRATION, LLC",0.1297,0.1179,umap,
client_01515,VOICES FOR NON-OPIOID CHOICES,-0.3112,0.2843,umap,
client_01516,SHORELIGHT EDUCATION,0.0725,0.0933,umap,
client_01517,AMERICAN RENTAL ASSOCIATION,0.2716,-0.2159,umap,
client_01518,COMPTEL DBA INCOMPAS,0.3674,0.2301,umap,
client_01519,COUNTY OF VENTURA,0.1666,-0.6065,umap,
client_01520,DUKE ENERGY CORPORATION,0.2086,0.1645,umap,
client_01521,HO-CHUNK NATION LEGISLATURE,-0.421,-0.4657,umap,
client_01523,MARE FINANCE INVESTMENT HOLDINGS,-0.0088,0.2972,umap,
client_01524,MASSACHUSETTS MUTUAL LIFE INSURANCE COMPANY (MASSMUTUAL FINANCIAL GROUP),-0.0712,0.037,umap,
client_01525,MEDICAID AND MEDICARE ADVANTAGE PRODUCTS ASSOCIATION OF PUERTO RICO,0.2759,-0.5005,umap,
client_01526,NATAT (NATIONAL ASSN OF TOWNS AND TOWNSHIPS,0.1509,-0.0015,umap,
client_01527,"REDDIT, INC.",0.2262,0.447,umap,
client_01528,STATE OF CALIFORNIA,0.0665,0.1895,umap,
client_01529,"THE ACADEMY ADVISORS, INC.",-0.2721,0.3169,umap,
client_01530,THE INTERNET & TELEVISION ASSN (FORMERLY NTL CABLE & TELECOMMUNICATIONS ASSN),-0.52,-0.2726,umap,
client_01531,"ATLANTIC DIVING SUPPLY, INC.",-0.1911,-0.1246,umap,
client_01532,NATIONAL COMMUNITY ACTION AGENCY,-0.0732,0.6677,umap,
client_01533,PUBLIC POWER COUNCIL,0.4613,0.031,umap,
client_01534,DELTA COUNCIL,0.2241,0.0107,umap,
client_01535,AMERICAN HOSPITAL ASSOCIATION,0.0246,-0.3082,umap,
client_01536,"EHEALTH INSURANCE SERVICES, INC.",0.5583,-0.4294,umap,
client_01537,MASSACHUSETTS MEDICAL SOCIETY,-0.0908,-0.2886,umap,
client_01538,MAXAR TECHNOLOGIES HOLDINGS INC F/K/A SSL MDA HOLDINGS,-0.2058,-0.3974,umap,
client_01540,NATIONAL ASSOCIATION OF CHILDREN'S HOSPITALS,-0.0223,-0.2321,umap,
client_01541,UNIVERSITY OF NORTH CAROLINA AT CHAPEL HILL,-0.1457,-0.1361,umap,
client_01542,SNOQUALMIE TRIBE,0.2935,0.1303,umap,
client_01543,"DR. REDDY'S LABORATORIES, LTD",0.5858,0.3476,umap,
client_01544,VANDERBILT UNIVERSITY MEDICAL CENTER,0.3495,-0.2733,umap,
client_01545,"CONTINENTAL TIRE THE AMERICAS, LLC FKA CONTINENTAL AUTOMOTIVE SYSTEMS US, INC.",0.0765,0.0839,umap,
client_01546,ESS INC.,0.292,-0.1379,umap,
client_01547,FIRST SOLAR INC.,0.294,-0.1381,umap,
client_01548,NORC AT THE UNIVERSITY OF CHICAGO,0.0276,-0.1317,umap,
client_01549,RENT-A-CENTER,0.0189,0.3258,umap,
client_01550,SOUTHWEST RESEARCH INSTITUTE,-0.0883,-0.0638,umap,
client_01551,"TEAMHEALTH HOLDINGS, INC.",-0.4871,-0.1096,umap,
client_01552,"TIBER CREEK HEALTH STRATEGIES, INC. (ON BEHALF OF NOVARTIS)",0.482,-0.3967,umap,
client_01553,UNIVERSITY OF PHOENIX,0.17,-0.3253,umap,
client_01555,VISA,0.0494,0.0629,umap,
client_01556,FOOD RESEARCH AND ACTION CENTER,-0.1178,0.3016,umap,
client_01557,"LIVERAMP, INC.",0.2165,0.4601,umap,
client_01558,"MEAD JOHNSON & COMPANY, LLC",0.0806,0.0116,umap,
client_01559,ALG SENIOR LLC,-0.4683,-0.0774,umap,
client_01560,AMERICAN ASSOCIATION OF CROP INSURERS (AACI),0.3326,-0.0398,umap,
client_01561,CONSEJO COORDINADOR EMPRESARIAL,0.6058,-0.0405,umap,
client_01562,CORAL ENERGY,0.3672,0.2241,umap,
client_01563,ENVIVA LLC (FORMERLY KNOWN AS ENVIVA LP),0.2093,0.1649,umap,
client_01564,FBI AGENTS ASSOCIATION,-0.1525,-0.129,umap,
client_01565,"HYSTER-YALE MATERIALS HANDLING, INC.",-0.038,0.1565,umap,
client_01566,"LG ENERGY SOLUTION, LTD.",0.6045,-0.0389,umap,
client_01567,"PCI SECURITY STANDARDS COUNCIL, LLC",0.0343,0.0664,umap,
client_01568,PIPE LINE CONTRACTORS ASSOCIATION,-0.2123,0.0384,umap,
client_01569,RECEIVABLES MANAGEMENT ASSOCIATION F/K/A DEBT BUYERS ASSOCIATION,-0.3272,-0.1186,umap,
client_01570,RIADA (KNOWN AS BI-STATE REGIONAL COMMISSION - QUAD CITIES DEFENSE ALLIANCE),-0.2188,-0.3838,umap,
client_01571,SYRACUSE UNIVERSITY,-0.0137,-0.1241,umap,
client_01572,SOCIETY FOR NEUROSCIENCE,0.0917,0.1968,umap,
client_01573,MORTGAGE GUARANTY INSURANCE CORPORATION,-0.0789,0.0529,umap,
client_01574,UNIVERSITY OF HOUSTON,0.104,-0.0477,umap,
client_01575,ACADEMY OF MODEL AERONAUTICS,-0.383,-0.6193,umap,
client_01576,AMAZON CORPORATE LLC,0.1589,-0.0063,umap,
client_01577,GLOBAL LASER ENRICHMENT LLC,0.368,0.2253,umap,
client_01578,"KINROSS GOLD U.S.A., INC.",-0.0829,0.0019,umap,
client_01579,"LHC GROUP, INC.",-0.4827,-0.0997,umap,
client_01580,"PAUL, WEISS, RIFKIND, WHARTON & GARRISON LLP ON BEHALF OF QUALCOMM INCORPORATED",0.191,0.4728,umap,
client_01581,"THE VINYL INSTITUTE, INC.",0.0767,-0.4032,umap,
client_01582,UNIVERSITY OF MISSISSIPPI,-0.0843,0.6765,umap,
client_01583,HEALTHCARE INSTITUTE OF NEW JERSEY,-0.4631,-0.0797,umap,
client_01584,"SOLARWINDS, INC.",-0.1951,-0.1245,umap,
client_01585,ALLIANCE FOR TRADE ENFORCEMENT (AFTE),0.6081,-0.04,umap,
client_01586,AMERICANS FOR PUERTO RICO'S SELF-DETERMINATION,0.4553,-0.2176,umap,
client_01587,"AMERIQUAL GROUP, LLC",-0.039,-0.1531,umap,
client_01588,"ARCOSA, INC.",0.1967,-0.0365,umap,
client_01590,CALPINE CORPORATION,0.444,0.1574,umap,
client_01591,CMH SERVICES,-0.3258,-0.1132,umap,
client_01592,CONSORTIUM OF STATE MARITIME ACADEMIES,-0.1269,-0.1653,umap,
client_01593,DAIKIN U.S. CORPORATION,0.2095,0.1732,umap,
client_01594,EVGO,0.1876,0.0286,umap,
client_01595,INNOVATIVE PAYMENTS ASSOCIATION,-0.0236,0.0951,umap,
client_01596,IVANTI,0.2055,0.4323,umap,
client_01597,LAND O'LAKES INC,-0.1064,0.5476,umap,
client_01598,MOTOROLA SOLUTIONS,-0.0505,-0.0461,umap,
client_01599,YARA NORTH AMERICA INC.,0.3063,0.0412,umap,
client_01600,AMERICAN PUBLIC POWER ASSOCIATION,0.4447,0.158,umap,
client_01601,BALKAN ENERGY DMCC,0.365,0.2221,umap,
client_01602,CIGNA CORPORATION AND SUBSIDIARIES,-0.0188,-0.2358,umap,
client_01603,CIRCLE,-0.0796,0.0546,umap,
client_01605,HEALTHFIRST,-0.27,0.3121,umap,
client_01606,"HELLEN SYSTEMS, LLC",0.1608,0.0766,umap,
client_01607,"KINDRED HEALTHCARE D/B/A SCIONHEALTH (FKA KINDRED HEALTHCARE OPERATING, INC)",-0.4645,-0.0784,umap,
client_01608,LOUISIANA ARMED FORCES ALLIANCE (PREVIOUSLY KNOWN FORT POLK PROGRESS COMMITTEE),-0.2166,-0.3843,umap,
client_01609,META PLATFORMS INC (FORMERLY FACEBOOK INC & VARIOUS SUBSIDIARIES),0.1278,0.2085,umap,
client_01610,PJM INTERCONNECTION LLC,0.7285,-0.4824,umap,
client_01611,SORENSON HOLDINGS LLC,0.1354,0.6043,umap,
client_01612,"UNIVERSAL SAVINGS FOR AMERICANS, FORMERLY REPORTED AS, SAVINGUSA",0.6588,-0.3199,umap,
client_01613,"WYNN RESORTS, LIMITED",-0.0176,0.1026,umap,
client_01614,"EXELA PHARMA SCIENCES, LLC",-0.0901,-0.2941,umap,
client_01615,AMERICAN SOCIETY OF TRANSPLANT SURGEONS,-0.4637,-0.0789,umap,
client_01616,AMERICAN GASTROENTEROLOGICAL ASSOCIATION,-0.4622,-0.0787,umap,
client_01617,"ARAMARK SERVICES, INC.",1e-04,0.0753,umap,
client_01618,BAYER CORPORATION (FKA MONSANTO COMPANY),0.3142,0.0125,umap,
client_01619,BOMBARDIER AEROSPACE (HOLDINGS) USA INC (FORMER CLIENT BOMBARDIER TRANSIT CORP),0.3559,-0.1189,umap,
client_01620,BROADCAST MUSIC INC,0.1353,0.6043,umap,
client_01621,BROWARD COUNTY FLORIDA,0.1666,-0.6066,umap,
client_01622,"CONNECT HOLDING II, LLC D/B/A BRIGHTSPEED",0.1342,0.6054,umap,
client_01623,H & R BLOCK MANAGEMENT LLC,0.4593,-0.2115,umap,
client_01624,HEALTH NET FEDERAL SERVICES,0.5951,0.1773,umap,
client_01625,MCKESSON CORPORATION,0.2754,-0.4997,umap,
client_01626,"MCS ADVANTAGE, INC.",0.2754,-0.5,umap,
client_01627,NATIONAL ASSOCIATION OF COMMUNITY HEALTH CENTERS,-0.2734,0.3166,umap,
client_01628,PEBBLE PARTNERSHIP LIMITED,0.3584,0.1275,umap,
client_01629,PURDUE PHARMA LLP,0.3026,-0.2973,umap,
client_01630,REFORM ACTION FUND,0.1316,0.2121,umap,
client_01631,TIMKEN COMPANY,0.0705,0.0202,umap,
client_01632,GIRL SCOUTS OF THE U.S.A.,0.243,-0.1633,umap,
client_01633,UNIVERSITY OF NORTH TEXAS SYSTEM,-0.1367,-0.1482,umap,
client_01634,ABBOTT,-0.025,-0.2319,umap,
client_01635,AIRLINES FOR AMERICA,-0.3829,-0.6191,umap,
client_01636,BOEHRINGER INGELHEIM,0.2895,-0.3012,umap,
client_01637,CARDINAL HEALTH (F.K.A. THE GLOVER PARK GROUP),0.291,-0.301,umap,
client_01638,CONSTELLATION BRANDS,0.0768,0.1036,umap,
client_01639,DALLAS AREA RAPID TRANSIT (DART),0.2371,-0.0085,umap,
client_01640,"DELTA AIR LINES, INC.",0.2721,-0.2166,umap,
client_01641,GEN DIGITAL INC (FORMERLY NORTONLIFELOCK INC.),-0.0785,0.6702,umap,
client_01642,"HERON THERAPEUTICS, INC.",-0.1261,-0.3229,umap,
client_01643,INTERNET WORKS,0.2262,0.447,umap,
client_01644,INTRAFI,0.0208,0.3276,umap,
client_01645,"JOHN HANCOCK LIFE INSURANCE COMPANY (USA) (FKA JOHN HANCOCK FIN. SERVICES, INC.)",-0.2506,-0.5342,umap,
client_01648,"SANOFI, U.S.",0.4823,-0.3965,umap,
client_01649,"STUBHUB, INC.",-0.0411,0.1542,umap,
client_01650,MONSTER WORLDWIDE,0.1653,-0.6045,umap,
client_01651,OREGON STATE UNIVERSITY,0.4615,0.0304,umap,
client_01653,"ACADIA PHARMACEUTICALS, INC.",-0.1682,-0.3392,umap,
client_01654,AIRPORTS COUNCIL INTERNATIONAL - NORTH AMERICA,0.1646,0.0612,umap,
client_01655,ALTRIA CLIENT SERVICES,-0.2331,0.1718,umap,
client_01656,"AMGEN, INC.",-0.2729,0.3099,umap,
client_01657,AMGEN USA INC.,0.4825,-0.3969,umap,
client_01658,BAXTER,-0.2965,0.32,umap,
client_01659,BOSTON COLLEGE,0.1693,-0.3246,umap,
client_01660,CCC INTELLIGENT SOLUTIONS INC.,0.2734,1e-04,umap,
client_01661,CREA,0.0761,0.4752,umap,
client_01662,EQUITY MARKETS ASSOCIATION,-0.3313,-0.1213,umap,
client_01663,FRED HUTCHINSON CANCER CENTER (FORMERLY KNOWN AS SEATTLE CANCER CARE ALLIANCE),0.5593,-0.4304,umap,
client_01664,GATE GOURMET INC.,0.1702,-0.0672,umap,
client_01665,GPA MIDSTREAM ASSOCIATION,0.1692,0.0194,umap,
client_01666,HEALTH AND HOSPITAL CORPORATION OF MARION COUNTY INDIANA,-0.168,-0.3391,umap,
client_01667,"INTERCONTINENTALEXCHANGE, INC.",0.0018,0.3074,umap,
client_01668,MONDELEZ INTERNATIONAL,0.4481,-0.2194,umap,
client_01669,"NIANTIC, INC.",0.0747,0.0928,umap,
client_01670,"NOVARTIS, INC.",-0.1528,-0.3314,umap,
client_01671,"OCEAN AERO, INC.",0.3109,0.5768,umap,
client_01672,PORTABLE GENERATOR MANUFACTURERS ASSOCIATION (PGMA),0.3611,0.1319,umap,
client_01673,"REPUBLIC SERVICES, INC.",0.1723,-0.0059,umap,
client_01674,"STRIDE, INC.",-0.0963,-0.1418,umap,
client_01675,SUPIMA,0.6069,-0.0405,umap,
client_01676,THE BANK OF NEW YORK MELLON,0.4502,-0.2163,umap,
client_01677,TIBER CREEK GROUP (ON BEHALF OF VERTEX PHARMACEUTICALS),-0.2723,0.3177,umap,
client_01678,ZOETIS,-0.3509,-0.0443,umap,
client_01679,FAMILIES USA ACTION,0.2896,-0.3008,umap,
client_01680,AMERICAN INSURANCE ASSN,0.1636,0.0614,umap,
client_01681,BWX TECHNOLOGIES INC,-0.0771,-0.1426,umap,
client_01682,SERCO INC.,-0.1133,-0.0911,umap,
client_01683,U.S. CHAMBER OF COMMERCE FKA U.S. CHAMBER OF COMMERCE-INSTITUTE FOR LEGAL REFORM,0.1249,0.2045,umap,
client_01684,TRIMBLE NAVIGATION LIMITED,0.1958,-0.0379,umap,
client_01685,WHOLESALE & SPECIALTY INSURANCE ASSOCIATION,0.7562,0.2366,umap,
client_01686,BRADFORD WHITE CORPORATION,0.2951,-0.1409,umap,
client_01687,CONSTRUCTION INDUSTRY ROUND TABLE,-0.1204,0.3042,umap,
client_01688,AMERICAN ROAD & TRANSPORTATION BUILDERS ASSOCIATION,0.1349,-0.0091,umap,
client_01689,ASTCT,-0.0939,-0.2851,umap,
client_01690,"CARDTRONICS USA, INC.",0.2208,0.461,umap,
client_01691,COLUMBUS CHAMBER OF COMMERCE,-0.2107,0.137,umap,
client_01692,"CONSTELLATION ENERGY GENERATION, LLC, FORMERLY REPORTING AS EXELON CORPORATION",-0.0594,-0.1344,umap,
client_01693,DANONE NORTH AMERICA PUBLIC BENEFIT CORPORATION,0.3047,0.0034,umap,
client_01694,DSM-FIRMENICH,0.3189,-0.0266,umap,
client_01695,EMBASSY OF BANGLADESH,0.1936,0.4237,umap,
client_01696,"ENERGIZER HOLDINGS, INC.",0.2138,0.1655,umap,
client_01697,FAA MANAGERS ASSOCIATION INC,0.1619,-0.0057,umap,
client_01698,GEORGIA PEANUT COMMISSION,0.394,-0.0331,umap,
client_01699,GILDAN,0.2704,-0.2164,umap,
client_01700,HEALTHCARE DISTRIBUTION ALLIANCE,0.3034,-0.2974,umap,
client_01701,HUNTINGTON INGALLS INDUSTRIES,-0.1271,-0.119,umap,
client_01702,JACKSON FAMILY ENTERPRISES,0.0013,0.0986,umap,
client_01704,"RICOH USA, INC.",-0.1517,-0.1267,umap,
client_01705,"RWE CLEAN ENERGY (F/K/A RWE RENEWABLES AMERICAS, LLC)",-0.2411,-0.2032,umap,
client_01706,"SOUTHERN GLAZER'S WINE AND SPIRITS, LLC",0.0859,0.1393,umap,
client_01707,THE GOOD FOOD INSTITUTE,0.3324,-0.0397,umap,
client_01708,UPMC,-0.3013,0.3195,umap,
client_01709,AK STEEL HOLDING CORPORATION,0.2123,0.1655,umap,
client_01710,BLINK HEALTH LTD (A BERMUDA LIMITED COMPANY),-0.0845,-0.2993,umap,
client_01711,ALCON VISION LLC,-0.1679,-0.339,umap,
client_01712,AMERICAN BANKERS ASSOCIATION'S CARD POLICY COUNCIL,-0.1804,0.0838,umap,
client_01713,AMERICAN FRATERNAL ALLIANCE,0.1351,-0.3679,umap,
client_01714,"BABCOCK & WILCOX ENTERPRISES, INC.",0.2097,0.1646,umap,
client_01715,CACI,0.15,-0.1128,umap,
client_01716,CATHOLIC HEALTH ASSOCIATION,-0.2501,-0.5336,umap,
client_01717,CHILDREN'S NATIONAL MEDICAL CENTER,-0.0195,-0.228,umap,
client_01718,DINE BRANDS GLOBAL INC.,0.386,-0.0127,umap,
client_01719,GCI COMMUNICATION CORP.,0.5585,-0.429,umap,
client_01720,IBM,0.2711,-0.2144,umap,
client_01721,IRON MOUNTAIN,-0.1131,-0.0911,umap,
client_01722,PALA BAND OF MISSION INDIANS,-0.4205,-0.4653,umap,
client_01723,PHARMA & BIOPHARMA OUTSOURCING ASSOCIATION,-0.0857,-0.2965,umap,
client_01724,SIRIUSXM,0.1885,0.4742,umap,
client_01725,THE HOME DEPOT,-0.1123,-0.0895,umap,
client_01726,WELLINGTON MANAGEMENT CO LLP,-0.3308,-0.1187,umap,
client_01727,WEX HEALTH,-0.1809,-0.0511,umap,
client_01728,NATIONAL COUNCIL ON TEACHER RETIREMENT 9370 STUDIO COURT ELK GROVE CA 95758,-0.0418,0.1167,umap,
client_01729,AMERICAN ASSOCIATION OF CHILD & ADOLESCENT PSYCHIATRY,-0.4901,0.3333,umap,
client_01730,VISTRA ENERGY (FKA ENERGY FUTURE HOLDINGS),0.3584,0.2169,umap,
client_01731,SAN DIEGO ZOO GLOBAL,0.5297,0.0997,umap,
client_01732,THE JUDGE ROTENBERG CENTER,0.5602,-0.4315,umap,
client_01733,AMERICAN SOCIETY OF INTERVENTIONAL PAIN PHYSICIANS,-0.1255,-0.3224,umap,
client_01734,"BOLDYN NETWORKS (FKA SIGNAL POINT SYSTEMS, INC.)",-0.219,-0.3845,umap,
client_01735,CENOVUS US CORPORATION (FKA CENOVUS ENERGY),0.2933,0.1321,umap,
client_01736,DUKE ENERGY BUSINESS SERVICES LLC,0.4615,0.0309,umap,
client_01737,"INSPERITY SERVICES, L.P.",-0.2507,-0.5341,umap,
client_01738,MOTION PICTURE ASSOCIATION OF AMERICA,0.5844,-0.0455,umap,
client_01739,NATIONWIDE INSURANCE,-0.0833,0.0493,umap,
client_01740,PACIFIC LIFE INSURANCE COMPANY,0.1347,-0.3793,umap,
client_01741,THE KROGER CO.,-0.3682,0.4385,umap,
client_01742,THE REGENTS OF THE UNIVERSITY OF COLORADO,0.1496,-0.1132,umap,
client_01743,"TIBER CREEK HEALTH STRATEGIES, INC. (ON BEHALF OF ELI LILLY AND COMPANY)",0.482,-0.3969,umap,
client_01744,UNIVERSITY OF SOUTHERN MISSISSIPPI,-0.1276,-0.1236,umap,
client_01745,"XCEL ENERGY SERVICES, INC.",0.4461,0.1551,umap,
client_01747,BAVARIAN NORDIC INC.,-0.4644,-0.0775,umap,
client_01748,FOUNDATION CONSUMER HEALTHCARE LLC,-0.0855,-0.299,umap,
client_01749,MEDICAL PROFESSIONAL LIABILITY ASSOCIATION,-0.4756,-0.1027,umap,
client_01750,JEFFERSON PARISH,-0.0841,0.6762,umap,
client_01751,DIAMOND PET FOODS INC.,0.3161,0.0829,umap,
client_01752,"EVENTBRITE, INC.",-0.1016,-0.0939,umap,
client_01753,FUJIAN JINHUA INTEGRATED CIRCUIT CO. LTD,0.0892,-0.4483,umap,
client_01754,"LPA ENVIRONMENTAL FUND, LLC",0.3621,-0.0004,umap,
client_01755,NATIONAL GROCERS ASSOCIATION,0.3734,-0.0208,umap,
client_01756,NEBRASKA FARM BUREAU FEDERATION,0.1913,0.1272,umap,
client_01757,PRECISION CASTPARTS CORPORATION,-0.0477,-0.0808,umap,
client_01758,"SKYDIO, INC.",0.1554,-0.1076,umap,
client_01759,WHITE MOUNTAIN APACHE TRIBE,-0.0518,-0.0473,umap,
client_01760,"AMAZON.COM SERVICES, INC.",-0.1211,0.3003,umap,
client_01761,AMERICA'S HEALTH INSURANCE PLANS OBO COALITION AGAINST SURPRISE MEDICAL BILLING,-0.2508,-0.5343,umap,
client_01763,"AUCTANE, INC.",-0.0861,0.6777,umap,
client_01764,CULTURAL CARE AU PAIR,0.1289,0.1171,umap,
client_01765,"EXELON BUSINESS SERVICES CO., LLC",0.4471,-0.2203,umap,
client_01766,FINCANTIERI MARINE GROUP LLC,-0.1271,-0.1258,umap,
client_01767,GOOGLE CLIENT SERVICES,0.1244,0.2034,umap,
client_01768,HILL-ROM,0.3488,-0.2896,umap,
client_01769,"MARVELL TECHNOLOGY, INC.",0.211,-0.1585,umap,
client_01770,"MEDLINE INDUSTRIES, L.P. (FORMERLY MEDLINE INDUSTRIES, INC.)",0.0836,0.0041,umap,
client_01771,PMI US CORPORATE SERVICES INC.,-0.1817,0.0841,umap,
client_01773,TIAA,-0.0116,0.2946,umap,
client_01774,TOYOTA,0.1441,-0.0148,umap,
client_01775,UNIVERSITY OF DELAWARE,-0.0243,-0.1318,umap,
client_01776,ZERO - THE END OF PROSTATE CANCER,-0.02,-0.2283,umap,
client_01777,LOUISIANA STATE UNIVERSITY FOUNDATION,-0.0861,0.6782,umap,
client_01778,ALLIANCE FOR REGENERATIVE MEDICINE,-0.2752,0.3188,umap,
client_01779,"ALVOGEN, PHARMA US, INC.",-0.0848,-0.2988,umap,
client_01780,BLINK CHARGING CO.,0.3562,-0.1191,umap,
client_01781,EATING DISORDERS COALITION,-0.0527,-0.1581,umap,
client_01782,RURAL COUNTY REPRESENTATIVES OF CALIFORNIA,0.1337,-0.1032,umap,
client_01783,UTAH DEFENSE ALLIANCE,-0.119,-0.1704,umap,
client_01784,"SHORELIGHT, LLC (FKA SHORELIGHT EDUCATION, LLC)",0.0745,0.0951,umap,
client_01786,ACCENTURE FEDERAL SERVICES,0.2882,-0.3117,umap,
client_01787,ADULT VACCINE ACCESS COALITION,0.2897,-0.3011,umap,
client_01788,ALLIANCE OF DEDICATED CANCER CENTERS,-0.3006,0.32,umap,
client_01789,ALLIANT ENERGY,-0.1717,0.0459,umap,
client_01790,AMERICAN ASSN FOR THE STUDY OF LIVER DISEASES,0.2878,-0.3022,umap,
client_01791,AMERICAN COLLEGE OF OSTEOPATHIC FAMILY PHYSICIANS,-0.2724,0.3175,umap,
client_01792,AMERICAN COLLEGE OF RADIOLOGY ASSOCIATION,0.3222,-0.2848,umap,
client_01793,ARC OF THE UNITED STATES,-0.1174,0.301,umap,
client_01794,AT&T SERVICES INC AND ITS AFFILIATES,-0.0381,0.1466,umap,
client_01795,AUGUSTA UNIVERSITY RESEARCH INSTITUTE,-0.0185,-0.2266,umap,
client_01796,AVANGRID,0.4484,-0.2182,umap,
client_01797,BLUE SHIELD OF CALIFORNIA,-0.1271,-0.3247,umap,
client_01798,BLUECROSS BLUESHIELD OF SOUTH CAROLINA,-0.2503,-0.5339,umap,
client_01799,BROWN-FORMAN CORP,0.2716,-0.0684,umap,
client_01800,CANADIAN NATIONAL RAILROAD,0.3554,-0.1183,umap,
client_01801,CENCORA FKA AMERISOURCEBERGEN CORPORATION,-0.4666,-0.0756,umap,
client_01802,"CENTRAL ADMIXTURE PHARMACY SERVICES, INC.",-0.4654,-0.0773,umap,
client_01804,COMITE INTERPROFESSIONNEL DU VIN DE CHAMPAGNE,0.0892,-0.4483,umap,
client_01805,COUNTY OF ALAMEDA CALIFORNIA,0.04,-0.2953,umap,
client_01806,ECOLAB INC. ON BEHALF OF NALCO COMPANY,0.2129,0.1642,umap,
client_01807,"ELDRIDGE BUSINESS SERVICES, LLC",0.3286,-0.0065,umap,
client_01808,ELI LILLY & COMPANY,-0.1196,0.3039,umap,
client_01809,ERNST & YOUNG LLP,0.1815,-0.0374,umap,
client_01810,FEDERAL EXPRESS CORPORATION,0.1739,-0.0335,umap,
client_01811,FEEDING AMERICA,0.3436,-0.043,umap,
client_01812,"FLUOR ENTERPRISES, INC.",0.1645,0.0613,umap,
client_01813,FOX REHABILITATION,-0.2725,0.3174,umap,
client_01814,FRIANT WATER AUTHORITY (FORMERLY FRIANT WATER USERS AUTHORITY),0.2548,0.0908,umap,
client_01815,HEALTHPARTNERS,0.2884,-0.3015,umap,
client_01817,INSTITUTE OF INTERNATIONAL BANKERS,-0.0782,0.0553,umap,
client_01818,INTERNATIONAL BOTTLED WATER ASSOCIATION,0.1448,-0.0154,umap,
client_01819,"IRON MOUNTAIN INFORMATION MANAGEMENT, LLC",-0.0509,-0.046,umap,
client_01820,JACKSON NATIONAL LIFE INSURANCE COMPANY,-0.0714,0.0383,umap,
client_01821,JAZZ PHARMACEUTICALS,0.5595,-0.4069,umap,
client_01822,"JEFFERIES & COMPANY, INC.",0.0208,0.3276,umap,
client_01823,KIRBY CORPORATION,0.1489,-0.1142,umap,
client_01824,"LUTRON ELECTRONICS CO., INC.",0.2925,-0.1384,umap,
client_01825,MATCH-E-BE-NASH-SHE-WISH BAND OF POTTAWATOMI INDIANS (GUN LAKE TRIBE),-0.0404,0.1322,umap,
client_01826,MAZZETTA COMPANY LLC,0.6073,-0.0406,umap,
client_01827,MELLON FINANCIAL SERVICES CORPORATE #1 (FORMERLY BANK OF NEW YORK MELLON CORP.),0.0202,0.327,umap,
client_01828,MIDCONTINENT INDEPENDENT TRANSMISSION SYSTEM OPERATOR (MISO) FKA MIDWEST INDEPEN,0.7285,-0.4824,umap,
client_01829,MIDWESTERN UNIVERSITY,0.3309,-0.2983,umap,
client_01830,MISSISSIPPI STATE UNIVERSITY,0.2576,0.0105,umap,
client_01831,NATIONAL ASSN OF STATE TREASURERS (NAST),-0.2279,0.1668,umap,
client_01832,"NATIONAL ASSOCIATION OF POLICE ORGANIZATIONS, INC.",0.0915,0.1969,umap,
client_01833,NATIONAL EMPLOYMENT OPPORTUNITIES NETWORK,0.4472,-0.2188,umap,
client_01834,NATIONAL FUNERAL DIRECTORS ASSN,0.0842,0.0004,umap,
client_01835,NEW ERA FUND,-0.2021,-0.3984,umap,
client_01836,OPTIMUM COMMUNICATIONS F/K/A ALTICE USA,0.1356,0.6036,umap,
client_01837,ORACLE AMERICAN INC.,0.1356,0.6036,umap,
client_01838,OUTDOOR AMUSEMENT BUSINESS ASSOCIATION,0.1617,-0.0068,umap,
client_01839,"OUTPATIENT OPHTHALMIC SURGERY SOCIETY, INC",-0.2731,0.3171,umap,
client_01840,R-CALF UNITED STOCKGROWERS OF AMERICA,0.2966,0.0039,umap,
client_01841,SAC & FOX TRIBE OF THE MISSISSIPPI IN IOWA,-0.0831,0.6691,umap,
client_01842,SAFETY NET HOSPITAL ALLIANCE OF FLORIDA,-0.2729,0.317,umap,
client_01843,STELLANTIS N.V.,0.2695,-0.2086,umap,
client_01844,TE CONNECTIVITY,0.2708,-0.21,umap,
client_01845,TRAVELERS COMPANIES INC AND SUBSIDIARIES (WAS THE TRAVELERS COMPANIES INC,0.7562,0.2366,umap,
client_01846,TRIMBLE NAVIGATION LTD,0.3558,-0.1187,umap,
client_01847,TTX COMPANY,0.2257,0.0708,umap,
client_01848,UNION PACIFIC,0.1436,-0.0153,umap,
client_01849,UNIVERSITY OF OKLAHOMA,-0.0247,-0.0982,umap,
client_01850,"UNIVERSITY OF PHOENIX, INC.",0.1694,-0.3247,umap,
client_01851,"UNIVERSITY OF PITTSBURGH, SCHOOL OF HEALTH AND REHABILITATION SCIENCES",-0.1261,-0.1237,umap,
client_01852,"VIGOR INDUSTRIAL, LLC",0.1506,-0.1124,umap,
client_01853,VISTRA CORPORATE SERVICES COMPANY F/K/A VISTRA ENERGY,0.2906,-0.1365,umap,
client_01854,YUM! BRANDS,0.2705,-0.0707,umap,
client_01855,ADVION (FORMERLY NATIONAL ASSOCIATION FOR THE SUPPORT OF LONG TERM CARE),-0.0218,-0.231,umap,
client_01856,CALIBER FINANCIAL SERVICES,-0.2204,-0.3826,umap,
client_01857,JOHN NAU III,0.3514,0.0763,umap,
client_01858,STRATEGIC EDUCATION INC (FKA CAPELLA EDUCATION COMPANY),0.4677,-0.0974,umap,
client_01859,AMERICAN EXPRESS COMPANY,-0.0961,0.0624,umap,
client_01860,ASSOCIATION FOR ACCESSIBLE MEDICINES (FORMERLY GENERIC PHARMACEUTICAL ASSOC.),0.125,0.247,umap,
client_01861,"CIVITAS CAPITAL MANAGEMENT, LLC",0.157,-0.5474,umap,
client_01862,FUTURE OF PHARMACY COALITION LLC,-0.5064,-0.1203,umap,
client_01863,"LUMEN TECHNOLOGIES, INC. (FORMERLY CENTURYLINK, INC.)",-0.0385,0.1553,umap,
client_01864,"OWENS & MINOR, INC.",-0.0228,-0.2299,umap,
client_01865,PORT OF PORTLAND,0.1764,-0.036,umap,
client_01866,"RED ROCK RESORTS, INC.",-0.0404,0.1542,umap,
client_01867,SAN FRANCISCO INTERNATIONAL AIRPORT,0.223,0.0158,umap,
client_01868,ST. GEORGES UNIVERSITY,-0.4604,-0.1007,umap,
client_01869,VIRGIN HYPERLOOP,0.356,-0.1191,umap,
client_01870,WING AVIATION LLC,0.3559,-0.1188,umap,
client_01871,TAXRESOURCES INC,0.1347,-0.3793,umap,
client_01872,"COUNTY OF SAN BERNARDINO, CA",-0.1751,-0.082,umap,
client_01873,ALLIANT ENERGY CORPORATION,0.2969,0.0543,umap,
client_01874,AMERICAN HONDA MOTOR CO INC (FORMERLY HONDA NORTH AMERICA),0.4144,-0.311,umap,
client_01876,"DOMINION RESOURCES SERVICE, INC.",0.3676,0.2255,umap,
client_01877,FRATERNAL GOVERNMENT RELATIONS COALITION,0.4617,-0.2172,umap,
client_01878,FWD.US,-0.0136,0.1032,umap,
client_01879,GE HEALTHCARE,-0.2782,0.3198,umap,
client_01880,INVESCO LTD,0.1348,-0.3792,umap,
client_01881,MICROSOFT CORP,0.033,0.0652,umap,
client_01882,NCTA - THE INTERNET & TELEVISION ASSOCIATION (FKA NAT'L CABLE & TELECOM ASSOC.),-0.2533,1e-04,umap,
client_01883,NV ENERGY,-0.0295,0.0371,umap,
client_01884,PHILLY SHIPYARD,-0.2127,-0.3914,umap,
client_01885,PROCTER & GAMBLE,-0.1217,0.3,umap,
client_01886,"SANOFI U.S. SERVICES, INC.",0.4812,-0.3983,umap,
client_01887,SUPERNUS PHARMACEUTICALS FKA SAGE THERAPEUTICS,-0.2731,0.3176,umap,
client_01888,"TIVITY HEALTH, INC.",-0.2706,0.3188,umap,
client_01889,VERIZON SERVICES CORPORATION,-0.1117,0.0445,umap,
client_01890,VIRTUA,-0.4666,-0.0765,umap,
client_01891,CENTER FOR BIOLOGICAL DIVERSITY,0.2924,0.1312,umap,
client_01892,ARCELORMITTAL NORTH AMERICA HOLDINGS LLC AND ITS US SUBSIDIARIES,0.211,0.1663,umap,
client_01893,"ARDENT MILLS, LLC",0.3182,0.0004,umap,
client_01894,"ATI, INC. (F/K/A ALLEGHENY TECHNOLOGIES INCORPORATED)",-0.0155,-0.1746,umap,
client_01895,CHRONIC CARE POLICY ALLIANCE,-0.5004,-0.1139,umap,
client_01896,COMPRESSED GAS ASSOCIATION,0.0796,0.0026,umap,
client_01897,LOAN SYNDICATIONS AND TRADING ASSOCIATION,-0.0141,0.2923,umap,
client_01900,MINN-DAK FARMERS COOPERATIVE,0.316,-0.0125,umap,
client_01901,NATIONAL ASSOCIATION OF CONVENIENCE STORES,-0.0382,0.1568,umap,
client_01902,THORN RUN PARTNERS (ON BEHALF OF THE PARTNERSHIP TO IMPROVE PATIENT CARE),-0.4669,-0.0763,umap,
client_01903,"TPI COMPOSITES, INC.",0.2921,-0.1372,umap,
client_01904,"TYSON SHARED SERVICES, INC.",0.0235,0.1332,umap,
client_01905,WEST VIRGINIA UNIVERSITY,0.281,0.1754,umap,
client_01906,TRUST FOR AMERICA'S HEALTH,-0.4663,-0.0761,umap,
client_01907,IOWA HOSPITAL ASSOCIATION,-0.2716,0.3184,umap,
client_01908,INTERNATIONAL HEALTH RACQUET & SPORTSCLUB ASSOCIATION,0.0053,-0.0056,umap,
client_01909,SOO LINE CORPORATION DBA CPKC (F/K/A CANADIAN PACIFIC KANSAS CITY),0.1668,-0.0364,umap,
client_01910,AMEREN SERVICES,0.3679,0.2256,umap,
client_01911,"AMERICAN MULTI-CINEMA, INC",-0.038,0.1567,umap,
client_01913,CA STATE ASSEMBLY,-0.0038,0.0973,umap,
client_01914,"CHSPSC, LLC",-0.251,-0.5344,umap,
client_01915,COUNCIL OF INSURANCE AGENTS AND BROKERS,-0.2507,-0.5342,umap,
client_01916,EXELIXIS,-0.2792,0.3202,umap,
client_01917,"LAW OFFICES OF MICHAEL JASON LEE, APLC (ON BEHALF OF TETHER OPERATIONS LIMITED)",-0.009,0.2979,umap,
client_01918,NATIONAL WILD TURKEY FEDERATION,0.3349,-0.0384,umap,
client_01919,NIKOLA CORPORATION,0.4615,0.0307,umap,
client_01920,PUERTO RICO PUBLIC PRIVATE PARTNERSHIPS AUTHORITY,-0.3512,-0.0442,umap,
client_01921,ROCHESTER INSTITUTE OF TECHNOLOGY,-0.0391,-0.1529,umap,
client_01923,"SHELL USA, INC.",0.1649,0.1547,umap,
client_01924,"UMICORE USA, INC.",0.3574,0.1263,umap,
client_01925,UNIVERSITY OF CHICAGO,0.2873,-0.301,umap,
client_01926,"YAHOO INC, AND VAR. SUBS/AFFILIATES (FKA COLLEGE PARENT, L.P. DBA ""YAHOO"")",0.1282,0.2083,umap,
client_01928,MOTORCYCLE INDUSTRY COUNCIL,0.2925,-0.1379,umap,
client_01929,JUUL LABS,0.5573,-0.4191,umap,
client_01930,NORWEGIAN CRUISE LINE HOLDINGS LTD.,0.6659,0.1149,umap,
client_01931,NATIONAL AUDUBON SOCIETY INC,0.28,0.063,umap,
client_01932,AMERICAN KIDNEY FUND,0.5584,-0.4296,umap,
client_01933,"CIENA CORPORATION (FORMERLY CIENA CORPORATION, BROADBAND GROUP)",0.0516,0.0615,umap,
client_01934,"COMPRESSED GAS ASSOCIATION, INC.",-0.2509,-0.5343,umap,
client_01935,CORN REFINERS ASSOCIATION,0.2759,0.0,umap,
client_01936,"KANEKA PHARMA AMERICA, LLC",0.2753,-0.5002,umap,
client_01937,LIVERAMP HOLDINGS INC.,0.2263,0.447,umap,
client_01938,MODERNA US INC.,-0.0842,-0.299,umap,
client_01940,PHARMACEUTICAL PRINTED LITERATURE ASSOCIATION,0.5958,0.1775,umap,
client_01941,SPACE EXPLORATION TECHNOLOGIES CORPORATION,-0.1757,-0.0819,umap,
client_01943,PRAGER DREIFUSS AG (ON BEHALF OF MARE FINANCE INVESTMENT HOLDINGS),-0.0089,0.2971,umap,
client_01945,NORTH AMERICAN MILLERS' ASSOCIATION,0.2791,-0.0202,umap,
client_01946,BLUE OWL CAPITAL INC.,-0.338,-0.1393,umap,
client_01947,CARRIER CORPORATION,0.2114,0.167,umap,
client_01948,CITADEL ENTERPRISE AMERICAS SERVICES LLC,0.1347,-0.3794,umap,
client_01949,DIAGNOSTIC TEST WORK GROUP (DTWG),-0.4839,-0.0979,umap,
client_01950,FINSECA (PREVIOUSLY REPORTED AS ASSOCIATION FOR ADVANCED LIFE UNDERWRITING),0.4502,-0.2156,umap,
client_01951,GORDIAN GROUP,-0.1275,-0.1245,umap,
client_01952,"HEXION, INC.",-0.2394,-0.2015,umap,
client_01953,INTERNATIONAL TRADEMARK ASSOCIATION,0.1884,0.4709,umap,
client_01954,LOS ANGELES COUNTY EMPLOYEES' RETIREMENT SYSTEM,0.4477,-0.2278,umap,
client_01955,MALLINCKRODT PHARMACEUTICALS,0.3572,-0.2829,umap,
client_01956,"MILBANK, TWEED, HADLEY & MCCLOY AS LEGAL COUNSEL TO AMBAC ASSURANCE CORPORATION",-0.0072,0.2966,umap,
client_01957,PHILIPS NORTH AMERICA LLC (FORMERLY REPORTING AS PHILIPS HEALTHCARE/HOLDING),-0.0702,-0.1202,umap,
client_01958,PHYSICIAN-LED HEALTHCARE FOR AMERICA (FORMERLY PHYSICIAN HOSPITALS OF AMERICA),0.2755,-0.5,umap,
client_01959,THALES USA,0.1687,-0.1218,umap,
client_01960,UNITED STATES STEEL CORPORATION,0.3334,0.0216,umap,
client_01961,EVERGY FORMERLY KANSAS CITY POWER AND LIGHT COMPANY,-0.1717,0.0458,umap,
client_01962,B. BRAUN MEDICAL,-0.0876,-0.2967,umap,
client_01963,TOURETTE ASSOCIATION OF AMERICA,0.4876,-0.3921,umap,
client_01964,ALLIANCE FOR A STRONGER FDA,-0.0843,0.6761,umap,
client_01965,"AVANOS MEDICAL, INC. (FKA HALYARD HEALTH, INC.)",-0.1523,-0.3307,umap,
client_01966,CALIFORNIA ASSOCIATION OF WINEGRAPE GROWERS,0.3178,0.0006,umap,
client_01967,KIDNEY TRANSPLANT COLLABORATIVE,-0.4993,-0.1127,umap,
client_01968,LIBERTY MEDIA CORPORATION,-0.1102,0.0455,umap,
client_01969,NATIONAL HOME INFUSION ASSOCIATION,0.2758,-0.5006,umap,
client_01970,"OLD DOMINION FREIGHT LINE, INC.",0.3552,-0.1181,umap,
client_01971,"OPTIMUM COMMUNICATIONS (FORMERLY REPORTING AS ALTICE USA, INC.)",-0.1114,0.0447,umap,
client_01972,PANDORA MEDIA LLC,0.079,0.0925,umap,
client_01973,SWITCH,0.1372,-0.0463,umap,
client_01974,"TRINET USA, INC.",-0.0404,0.1541,umap,
client_01975,WERNER ENTERPRISES,0.3558,-0.1187,umap,
client_01976,WIGGINS CHILDS PANTAZIS FISHER GOLDFARB,-0.1301,-0.1516,umap,
client_01977,"HOGAN SRK, INC.; R&C MOTOR CORPORATION; HFP, LTD.",0.1732,-0.0329,umap,
client_01978,"DELOS LIVING, LLC",-0.1046,-0.0937,umap,
client_01979,"ASTROSCALE U.S., INC.",-0.2115,-0.3905,umap,
client_01980,ELECTRICITY CANADA (FORMERLY KNOWN AS CANADIAN ELECTRICITY ASSOCIATION),0.3669,0.2258,umap,
client_01981,INTERNATIONAL MOTORS FKA NAVISTAR,0.2113,0.1672,umap,
client_01982,INTERNET & TELEVISION ASSOCIATION,0.0787,0.0952,umap,
client_01983,LAS VEGAS SANDS CORP.,-0.2271,0.1661,umap,
client_01984,MARUBENI OIL & GAS (USA) INC.,0.3583,0.127,umap,
client_01985,NATIONAL INDEPENDENT VENUE ASSOCIATION,-0.2515,-0.5348,umap,
client_01986,ORACLE,-0.2401,-0.2022,umap,
client_01987,"PERMOBIL, INC.",-0.1592,-0.334,umap,
client_01988,RWJ BARNABAS HEALTH - FKA BARNABAS HEALTH,0.3572,-0.2832,umap,
client_01989,"SIGA TECHNOLOGIES, INC.",0.596,0.1777,umap,
client_01990,SOUTHWEST COUNCIL OF AGRIBUSINESS,0.2745,-0.0087,umap,
client_01991,STEADMAN PHILIPPON RESEARCH INSTITUTE,-0.1178,-0.1709,umap,
client_01992,TAYLOR FARMS,0.3941,-0.0332,umap,
client_01994,SOCIETY OF NUCLEAR MEDICINE AND MOLECULAR IMAGING,0.3019,-0.2995,umap,
client_01995,ADP LLC,-0.0409,0.1541,umap,
client_01996,"AMERICAN ROLL-ON ROLL-OFF CARRIER GROUP, INC.",0.2631,-0.2057,umap,
client_01997,BAIN CAPITAL LLC,-0.2508,-0.5342,umap,
client_01998,"CLARK COUNTY DEPARTMENT OF AVIATION, HARRY REID INTERNATIONAL AIRPORT",0.1641,0.079,umap,
client_01999,FLH COMPANY,-0.2322,0.1709,umap,
client_02000,KNOXVILLE AREA HOSPITAL ALLIANCE (INFORMAL COALITION),-0.2725,0.3184,umap,
client_02001,NEW YORK LIFE INSURANCE COMPANY,-0.0457,0.1245,umap,
client_02002,"THE GEO GROUP, INC. (FORMERLY CAPITOL COUNSEL OF BEHALF OF THE GEO GROUP, INC.)",0.1678,-0.602,umap,
client_02003,"THE HARTFORD FINANCIAL SERVICES GROUP, INC.",0.1351,-0.366,umap,
client_02004,CANNABIS TRADE FEDERATION ACTION,-0.0399,0.1285,umap,
client_02005,AMERICAN COMPOSITES MANUFACTURERS ASSOCIATION,0.2127,0.1658,umap,
client_02006,AFRICELL HOLDING,0.1341,0.6053,umap,
client_02007,AMAZON.COM (FRA PILLPACK AN AMAZON COMPANY),0.5858,0.3476,umap,
client_02009,AMERICAN PUBLIC TRANSPORTATION ASSOCIATION (APTA),0.2255,0.0661,umap,
client_02010,BAE SYSTEMS LAND & ARMAMENTS LP,-0.2198,-0.3845,umap,
client_02011,"CAREQUEST INSTITUTE FOR ORAL HEALTH, INC.",0.3249,-0.3066,umap,
client_02012,"CLACKAMAS COUNTY, OR",-0.0853,-0.0044,umap,
client_02014,DISH NETWORK,-0.2533,1e-04,umap,
client_02015,"FENNEMORE CRAIG, P.C.",0.3158,0.0829,umap,
client_02016,"GALACTIC VENTURES, LLC",-0.203,-0.3985,umap,
client_02017,HARRIS COUNTY,-0.2108,0.1369,umap,
client_02018,METALS AFFORDABILITY INITIATIVE ASSOCIATION,-0.2181,-0.3844,umap,
client_02019,NATIONAL MARINE MANUFACTURERS ASSOCIATION,0.1919,0.1275,umap,
client_02020,SCP-HEALTH,-0.4775,-0.0914,umap,
client_02021,STARBUCKS COFFEE CORP,-0.3093,-0.0494,umap,
client_02022,STRIDE,0.1693,-0.3242,umap,
client_02023,THE UNIVERSITY OF UTAH,0.2941,-0.3064,umap,
client_02024,UNITED PARKS & RESORTS,0.1627,0.0773,umap,
client_02025,WESTERN GOVERNORS UNIVERSITY,0.1661,-0.3184,umap,
client_02026,"NEW BALANCE ATHLETIC SHOE, INC.",-0.0446,-0.0791,umap,
client_02027,ASSOCIATION FOR MOLECULAR PATHOLOGY,0.3155,-0.2896,umap,
client_02028,ALNYLAM PHARMACEUTICALS,-0.2753,0.32,umap,
client_02029,"CHARGEPOINT, INC.",0.2134,0.1648,umap,
client_02030,HUDBAY MINERALS,0.3516,0.0767,umap,
client_02031,"HUNT COMPANIES, INC.",-0.2199,-0.3837,umap,
client_02032,"KELLEY DRYE & WARREN LLP ON BEHALF OF TETRA TECH, INC.",-0.2239,-0.3921,umap,
client_02033,KENTUCKY COMMUNITY AND TECHNICAL COLLEGE SYSTEM,0.4676,-0.0973,umap,
client_02034,NATIONAL ASSOCIATION OF WATER COMPANIES,0.0688,-0.5266,umap,
client_02035,PEDIATRIX MEDICAL GROUP (MEDNAX NATIONAL MEDICAL GROUP),-0.3111,0.2843,umap,
client_02036,PRVO PLINARSKO DRUTVO D.O.O.,0.1867,0.157,umap,
client_02038,PUBLIC BROADCASTING SERVICE,-0.0362,-0.0421,umap,
client_02039,"RECURRENT ENERGY, LLC",0.2923,-0.1377,umap,
client_02040,TEXAS TECH UNIVERSITY SYSTEM,-0.0415,-0.1201,umap,
client_02041,THE WONDERFUL COMPANY,0.3191,0.0003,umap,
client_02042,"DARDEN RESTAURANTS, INC.",-0.0413,0.154,umap,
client_02043,LAM RESEARCH CORPORATION,-0.0225,-0.189,umap,
client_02044,"THE STATE UNIVERSITY OF NEW YORK, SYSTEM ADMINISTRATION",0.3069,-0.2909,umap,
client_02045,ABSOLUTE SOFTWARE CORPORATION,0.2104,-0.1583,umap,
client_02046,AIRBUS GROUP INC.,-0.0464,-0.0814,umap,
client_02047,"AMGEN, INC. FKA HORIZON THERAPEUTICS USA, INC.",0.5584,-0.4299,umap,
client_02048,ASSOCIATION OF INDEPENDENT RESEARCH INSTITUTES,0.5959,0.1778,umap,
client_02049,BROTHERHOOD OF RAILROAD SIGNALMEN,0.2259,0.0702,umap,
client_02050,EDGE DAIRY FARMER COOPERATIVE,0.3397,0.0232,umap,
client_02051,ILLINOIS CORN GROWERS ASSOCIATION,0.2099,0.4125,umap,
client_02052,INDEPENDENT PHARMACY COOPERATIVE,0.3028,-0.2982,umap,
client_02053,"KINDER MORGAN, INC.",0.2098,0.1642,umap,
client_02054,LIFEBRIDGE HEALTH SYSTEM,0.04,-0.2955,umap,
client_02055,LIVE NATION ENTERTAINMENT,-0.0407,0.1544,umap,
client_02057,MEDICAL COUNTERMEASURES COALITION,-0.5101,-0.1215,umap,
client_02058,NATIONAL ASSOCIATION OF PROTON THERAPY,0.3245,-0.3064,umap,
client_02059,OCEAN SPRAY CRANBERRIES,0.3934,-0.0327,umap,
client_02060,PERDOCEO EDUCATION CORPORATION,0.4674,-0.0973,umap,
client_02061,RSL INVESTMENT CORPORATION,-0.3388,-0.1403,umap,
client_02062,SANTA CLARA COUNTY,0.2506,0.0268,umap,
client_02063,SPACE DYNAMICS LABORATORY (SDL),-0.125,-0.1223,umap,
client_02064,DOUGLAS DEVELOPMENT CORPORATION,0.1726,0.4267,umap,
client_02065,TRANSPORTATION CORRIDOR AGENCIES,0.3559,-0.1188,umap,
client_02066,MEDECINS SANS FRONTIERES D/B/A DOCTORS WITHOUT BORDERS,-0.1017,-0.2837,umap,
client_02067,"ADVANCED EMISSIONS SOLUTIONS, INC.",0.4698,-0.2079,umap,
client_02068,AMAZON.COM SERVICES LLC,0.6119,0.5018,umap,
client_02069,APARTMENT INVESTMENT MANAGEMENT COMPANY,-0.0257,0.0389,umap,
client_02070,BAYER CORPORATION,-0.0855,-0.2993,umap,
client_02071,"FORIS DAX, INC. D/B/A CRYPTO.COM",-0.0967,0.0626,umap,
client_02072,HITACHI ENERGY USA INC,0.2941,0.1309,umap,
client_02073,IMPRIVATA INC,-0.4659,-0.0769,umap,
client_02074,"INDEPENDENT ELECTRICAL CONTRACTORS, INC",-0.3099,-0.0491,umap,
client_02075,"INDIGO AGRICULTURE, INC.",0.2915,0.012,umap,
client_02076,INTELSAT GENERAL COMMUNICATIONS LLC,-0.1217,-0.1703,umap,
client_02077,NATIONAL LIMOUSINE ASSOCIATION,0.3575,-0.1203,umap,
client_02078,NOVOLEX (FORMERLY HILEX POLY COMPANY),0.2703,-0.0822,umap,
client_02079,SCULPTOR CAPITAL MANAGEMENT,-0.0784,0.0538,umap,
client_02080,STEM EDUCATION COALITION,0.1695,-0.3248,umap,
client_02081,SUN AFRICA,0.3692,0.2262,umap,
client_02082,T-MOBILE US INC.,-0.1116,0.0447,umap,
client_02083,"UNITED SEATING AND MOBILITY, LLC DBA NUMOTION",0.2754,-0.5002,umap,
client_02086,AUTISM SPEAKS INC.,-0.2271,0.1661,umap,
client_02087,"BROADRIDGE FINANCIAL SOLUTIONS, INC.",-0.3316,-0.1223,umap,
client_02088,CATERPILLAR INC,0.2724,-0.2172,umap,
client_02089,EDGE DAIRY FARMER COOPERATIVE (FORMERLY EDGE),0.315,0.0039,umap,
client_02090,FAIR ISAAC CORPORATION (DBA FICO),-0.0494,-0.0455,umap,
client_02091,KPMG LLP,-0.2213,-0.3952,umap,
client_02093,NATIONAL PUBLIC RADIO,-0.2328,0.1715,umap,
client_02094,PEOPLE FOR THE AMERICAN WAY,-0.1865,-0.1259,umap,
client_02095,SANMINA CORPORATION,-0.2333,0.172,umap,
client_02096,SOCIETY OF AMERICAN FLORISTS,0.3183,0.0014,umap,
client_02097,SUN RIVER HEALTH,0.2866,-0.3029,umap,
client_02098,THE BUSINESS ROUNDTABLE,0.2162,0.1629,umap,
client_02099,UTE INDIAN TRIBE,0.3348,-0.0165,umap,
client_02100,"PORTER AND KORVICK, P.A.",0.1316,0.2121,umap,
client_02102,THE BATTERY ADVOCACY FOR TECHNOLOGY TRANSFORMATION (BATT) COALITION,0.2921,-0.1375,umap,
client_02103,"AGILON HEALTH, INC.",-0.3109,0.3195,umap,
client_02105,CITY OF NORFOLK VIRGINIA,0.2398,-0.0375,umap,
client_02106,COMMONSPIRIT HEALTH,-0.4814,-0.0918,umap,
client_02107,INTERNATIONAL SWAPS AND DERIVATIVES ASSOCIATION,0.2943,-0.006,umap,
client_02108,JMA WIRELESS,-0.0569,-0.097,umap,
client_02109,NATIONAL SOCIETY OF GENETIC COUNSELORS NSGC,-0.278,0.3211,umap,
client_02110,NEXTERA ENERGY CAPITAL HOLDINGS INC. (FORMERLY NEXTERA ENERGY INC.),0.292,-0.1378,umap,
client_02111,"NRG ENERGY, INC.",0.464,0.0067,umap,
client_02112,PHOEBE PUTNEY HEALTH SYSTEM,0.0263,-0.1351,umap,
client_02113,"QUANTUM COMPUTING, INC.",-0.0854,0.0765,umap,
client_02114,"RAPID7, INC.",0.1658,-0.4787,umap,
client_02115,"STRIVETOGETHER, INC.",0.1887,-0.0762,umap,
client_02116,"SUNOVION PHARMACEUTICALS, INC. (FORMERLY KNOWN AS SEPRACOR INC.)",0.2761,-0.4952,umap,
client_02117,THE GAVI ALLIANCE,0.5512,-0.4229,umap,
client_02118,THE INSTITUTE FOR LEGAL REFORM - U.S. CHAMBER OF COMMERCE,-0.0172,0.1046,umap,
client_02119,VANGUARD CHARITABLE,0.4667,-0.2089,umap,
client_02121,AMERICAN CHEMICAL SOCIETY (ACS),0.2938,0.1331,umap,
client_02122,ALIBABA GROUP HOLDING LIMITED,0.2693,-0.0919,umap,
client_02123,AMERICAN SECURITIES ASSOCIATION,0.2604,-0.2141,umap,
client_02124,BARRICK GOLD CORPORATION OF NORTH AMERICA INC,0.4484,-0.2156,umap,
client_02125,BLUE ORIGIN,-0.123,-0.17,umap,
client_02126,CANOPY GROWTH USA LLC,0.333,-0.0397,umap,
client_02127,CITY OF LAS VEGAS,0.2398,-0.0378,umap,
client_02128,COMPASSION AND CHOICES,-0.4628,-0.0808,umap,
client_02129,CROWE LLP,-0.0098,0.0997,umap,
client_02130,CTIA,0.1354,0.6042,umap,
client_02131,"DAY & ZIMMERMANN GROUP, INC.",-0.2275,-0.4008,umap,
client_02132,ELEVATE CREDIT,0.0211,0.3279,umap,
client_02133,"FERMIFORWARD DISCOVERY GROUP, LLC",0.1358,-0.0773,umap,
client_02134,INGRAM BARGE COMPANY,0.1876,0.0268,umap,
client_02135,INTERMOUNTAIN HEALTH,0.2892,-0.3024,umap,
client_02136,MISSISSIPPI BAND OF CHOCTAW INDIANS,-0.1136,-0.0434,umap,
client_02137,NUTRIEN US LLC (FORMERLY KNOWN AS AGRIUM U.S. INC.) (A NUTRIEN LTD SUBSIDIARY),0.393,-0.0323,umap,
client_02138,OLD DOMINION UNIVERSITY,-0.0664,-0.1493,umap,
client_02139,SEQIRUS,0.5953,0.1769,umap,
client_02140,SWEETENER USERS ASSOCIATION,0.1827,-0.2032,umap,
client_02141,"THE FRIEDKIN GROUP, INC.",0.1128,-0.0098,umap,
client_02142,TUFTS UNIVERSITY,-0.0378,-0.152,umap,
client_02143,"VISA, U.S.A., INC.",-0.0377,0.1566,umap,
client_02144,ZOOM VIDEO COMMUNICATION INC.,0.0769,0.0084,umap,
client_02145,LEADINGAGE (FKA AMER ASSOC OF HOMES AND SERVICES FOR THE AGING),-0.167,-0.3386,umap,
client_02146,"JSW STEEL, USA",0.1158,0.0689,umap,
client_02147,"COMMUNITY CATALYST, INC",-0.2735,0.31,umap,
client_02148,MASSACHUSETTS INSTITUTE OF TECHNOLOGY,-0.1181,0.3025,umap,
client_02149,"FRAMATOME, INC. (FORMELY KNOWN AS AREVA, INC.)",-0.0598,-0.1343,umap,
client_02150,ADVANCED DRAINAGE SYSTEMS,0.3556,-0.1185,umap,
client_02151,AMERICAN BENEFITS COUNCIL OBO ALLIANCE TO FIGHT FOR HEALTH CARE,-0.2509,-0.5344,umap,
client_02152,AMERICA'S POISON CENTERS (APC),-0.2533,0.0002,umap,
client_02153,DOMTAR CORPORATION FKA PAPER EXCELLENCE HOLDINGS CORPORATION FKA DOMTAR,0.3048,0.0403,umap,
client_02154,"FUTUREWEI TECHNOLOGIES, INC.",-0.0443,-0.0812,umap,
client_02155,GS1 US,0.1022,-0.1665,umap,
client_02156,HII,-0.2215,-0.3851,umap,
client_02157,HORIZON THERAPEUTICS (F/K/A) HORIZON PHARMA USA INC,-0.1819,-0.0513,umap,
client_02158,LA 2028 -LOS ANGELES ORGANIZING COMMITTEE FOR OLYMPIC AND PARALYMPIC GAMES 2028,0.1523,-0.1103,umap,
client_02159,MISSOURI FARM BUREAU FEDERATION,-0.3682,0.4385,umap,
client_02160,"MUSIC.INNOVATION.CONSUMERS COALITION ""MIC""",0.0862,0.1402,umap,
client_02161,"NOTARIZE, INC. DBA PROOF.COM",0.1669,-0.6071,umap,
client_02162,PHILANTHROPY ROUNDTABLE,0.4663,-0.2091,umap,
client_02163,"PURPOSE FINANCIAL, INC.",-0.331,-0.1201,umap,
client_02164,TRULIEVE,0.163,-0.0073,umap,
client_02165,"UNITEDHEALTH GROUP, INC.",-0.3042,0.3199,umap,
client_02166,ZIONIST ORGANIZATION OF AMERICA,0.4677,-0.0974,umap,
client_02167,ALLIANCE FOR SAFE ONLINE PHARMACIES (ASOP GLOBAL),-0.0847,-0.298,umap,
client_02168,AMAZON CORPORATE,-0.1191,-0.1708,umap,
client_02169,BROADCOM INC.,-0.0368,0.1565,umap,
client_02170,CLARK STREET ASSOCIATES LLC ON BEHALF OF QORVO,0.6041,0.1846,umap,
client_02171,"DLA PIPER LLP (US) (FOR ADP, LLC)",-0.0407,0.1541,umap,
client_02172,HOLLAND & KNIGHT LLP (ON BEHALF OF ADVANCED BIOFUELS ASSOCIATION),0.3195,-0.0263,umap,
client_02173,INNOVATIVE DEFENSE TECHNOLOGIES,-0.221,-0.384,umap,
client_02174,MATCH GROUP,0.0782,0.0139,umap,
client_02175,"MERCHANTS PAYMENTS COALITION, INC.",-0.0385,0.1558,umap,
client_02177,OWENS-ILLINOIS INC,0.2117,0.1657,umap,
client_02178,PACIFIC INVESTMENT MANAGEMENT COMPANY LLC,-0.3324,-0.1215,umap,
client_02179,PICERNE MILITARY HOUSING A/K/A CORVIAS GROUP,-0.1188,-0.1689,umap,
client_02180,RAKUTEN SYMPHONY USA LLC,-0.2532,0.0002,umap,
client_02181,SOCIETY FOR IMMUNOTHERAPY OF CANCER,-0.0858,0.6778,umap,
client_02182,SOTHEBY'S,0.2694,-0.2116,umap,
client_02183,TELEDYNE FLIR (FORMERLY FLIR SYSTEMS INC AND SUBSIDIARIES),0.1512,-0.1107,umap,
client_02184,"THE SEQUOIA PROJECT (FORMERLY HEALTHEWAY, INC.)",-0.4686,-0.075,umap,
client_02185,TP-LINK SYSTEMS INC. (FKA TP-LINK GLOBAL INC.),0.5889,-0.044,umap,
client_02186,TRINITY HEALTH,-0.2729,0.3201,umap,
client_02187,"VILLAGE PRACTICE MANAGEMENT COMPANY HOLDINGS, LLC",-0.3035,0.3197,umap,
client_02188,CITY OF TUCSON,0.1373,0.1235,umap,
client_02189,RAIN AND HAIL LLC,0.3933,-0.0325,umap,
client_02191,"PORTS AMERICA GROUP, INC.",0.1273,-0.1046,umap,
client_02193,AMERICAN PROPERTY CASUALTY INSURERS ASSOCIATION,-0.2125,0.0385,umap,
client_02194,BLUESCOPE STEEL NORTH AMERICA CORPORATION,0.606,-0.0408,umap,
client_02195,"CARGILL, INCORPORATED",0.2766,0.0089,umap,
client_02196,"CHANEL, INC.",0.1975,0.4694,umap,
client_02197,CITY OF MESA,-0.3099,-0.0492,umap,
client_02198,COALITION FOR ENERGY ASSISTANCE MODERNIZATION,0.2798,0.1756,umap,
client_02199,DAY & ZIMMERMANN,-0.0648,-0.1508,umap,
client_02200,DISTILLED SPIRITS COUNCIL,0.2793,-0.0195,umap,
client_02201,GOODWILL INDUSTRIES INTERNATIONAL INC,-0.0464,0.1253,umap,
client_02202,"JAZZ PHARMACEUTICALS, INC. AND ITS SUBSIDIARIES, INCLUDING GREENWICH BIOSCIENCES",0.5596,-0.4068,umap,
client_02203,KEEP US POSTED,-0.3578,0.1718,umap,
client_02204,KIRIL DOMUSCHIEV AND GEORGI DOMUSCHIEV,0.1746,0.4301,umap,
client_02205,PACIFIC GAS AND ELECTRIC,0.2932,0.1332,umap,
client_02206,PHI AIR MEDICAL,0.0686,-0.1808,umap,
client_02207,REINSURANCE GROUP OF AMERICA,0.4515,-0.2135,umap,
client_02208,ROPER ST. FRANCIS HEALTHCARE,0.5585,-0.4298,umap,
client_02209,"RYAN, INC.",0.4467,-0.2129,umap,
client_02210,TRANSITAMERICA SERVICES,0.3563,-0.119,umap,
client_02211,TURLOCK IRRIGATION DISTRICT,0.2917,0.1341,umap,
client_02212,NUVANCE HEALTH / HEALTH QUEST,0.2871,-0.3024,umap,
client_02213,DRAGOS,-0.0822,-0.1424,umap,
client_02214,NATIONAL FAIR HOUSING ALLIANCE,-0.0514,-0.0457,umap,
client_02215,FIBER OPTIC SENSING ASSOCIATION,0.1797,0.0056,umap,
client_02216,ARAMARK DESTINATIONS,0.1579,-0.5551,umap,
client_02218,AVENTIV TECHNOLOGIES LLC AND VARIOUS SUBSIDIARIES,0.0767,0.0781,umap,
client_02219,"BRAEBURN PHARMACEUTICALS, INC.",-0.4702,-0.0735,umap,
client_02220,"CALIFORNIA STEEL INDUSTRIES, INC.",-0.2391,-0.2015,umap,
client_02221,CHATHAM AREA TRANSIT (CAT),0.2257,0.0673,umap,
client_02222,CITY OF PORTLAND,0.2398,-0.0376,umap,
client_02223,CMS ENERGY CORP,0.1674,0.0471,umap,
client_02224,COLLEGE AVENUE STUDENT LOANS LLC,0.1694,-0.3248,umap,
client_02225,"CREDIT UNION NATIONAL ASSOCIATION, INC. DBA AMERICA'S CREDIT UNIONS",-0.0363,-0.0427,umap,
client_02226,"FOOD FIX CAMPAIGN ACTION, INC.",-0.0179,-0.2257,umap,
client_02227,"FRANKLIN SQUARE HOLDINGS, L.P.",0.1366,-0.3777,umap,
client_02228,GREATER NEW YORK HOSPITAL ASSOCIATION,-0.277,0.321,umap,
client_02229,HOUSTON AIRPORT SYSTEM,0.1474,-0.1125,umap,
client_02230,"LUMEN TECHNOLOGIES SERVICE GROUP, LLC",-0.4064,-0.0133,umap,
client_02231,MEDICAL PLACE,-0.0476,-0.0828,umap,
client_02232,METROPOLITAN WATER RECLAMATION DISTRICT OF GREATER CHICAGO,0.2502,0.0293,umap,
client_02233,POPULUS FINANCIAL GROUP,-0.3347,-0.1271,umap,
client_02234,PROFESSIONAL NON-PROFIT THEATER COALITION,0.105,-0.0198,umap,
client_02235,SAN CARLOS APACHE TRIBE,-0.4207,-0.4654,umap,
client_02237,TEXAS INSTRUMENTS INCORPORATED,0.0783,0.0305,umap,
client_02238,THE DUAL ELIGIBLE COALITION,-0.4697,-0.0743,umap,
client_02239,THE R&D COALITION,0.4629,-0.2099,umap,
client_02240,TRIMBLE INC.,0.1981,-0.1607,umap,
client_02241,U.S. RENAL CARE,-0.2805,0.3369,umap,
client_02242,"VIR BIOTECHNOLOGY, INC.",0.1026,-0.1675,umap,
client_02243,"VIRGIN ORBIT, LLC AND SUBSIDIARIES",-0.2024,-0.3984,umap,
client_02244,WORLD FUEL (FKA WORLD FUEL SERVICES),-0.2282,-0.3872,umap,
client_02245,MASSACHUSETTS PORT AUTHORITY,-0.383,-0.6193,umap,
client_02246,PANTHEON DATA (FKA THE KENIFIC GROUP),-0.126,-0.1233,umap,
client_02247,NATIONAL COUNCIL OF RESISTANCE OF IRAN,0.1931,0.424,umap,
client_02248,CALIFORNIA STATE ASSOCIATION OF COUNTIES,0.303,0.0487,umap,
client_02249,CITGO,0.1875,-0.0169,umap,
client_02250,CTC GLOBAL CORPORATION,0.3682,0.2255,umap,
client_02251,DOE RUN COMPANY,0.3597,0.1302,umap,
client_02252,"EISAI, INC.",0.4816,-0.3967,umap,
client_02253,FAIRBANKS MORSE ENGINE,0.1548,-0.1059,umap,
client_02254,"HYUNDAI MOTOR COMPANY, LTD.",0.4118,-0.3086,umap,
client_02255,"LIV GOLF, INC",0.2712,-0.216,umap,
client_02256,MAINSPRING ENERGY INC,-0.1714,0.046,umap,
client_02257,MODESTO IRRIGATION DISTRICT,0.2919,0.134,umap,
client_02258,NASSCOM (NATIONAL ASSOCIATION OF SOFTWARE AND SERVICE COMPANIES),0.0501,0.0623,umap,
client_02259,ORSTED NORTH AMERICA INC.,0.4615,0.0306,umap,
client_02260,"PLUG POWER, INC.",0.4443,0.1576,umap,
client_02261,"REDWIRE SPACE, INC.",-0.0895,0.68,umap,
client_02262,RUSH UNIVERSITY MEDICAL CENTER,-0.0214,-0.2293,umap,
client_02265,T-MOBILE ASSOCIATION,0.1355,0.6041,umap,
client_02266,TRINITY INDUSTRIES INC,0.2885,-0.1348,umap,
client_02267,TYSON FOODS INC,0.2714,-0.0673,umap,
client_02268,UNITED MOTORCOACH ASSOCIATION,-0.2404,-0.2023,umap,
client_02269,DALLAS/FORT WORTH INTERNATIONAL AIRPORT,0.3504,-0.1133,umap,
client_02270,ARMENIAN ASSEMBLY OF AMERICA INC,-0.1292,-0.1588,umap,
client_02272,PHLOW CORPORATION,0.5959,0.1775,umap,
client_02273,ADVANCED MICRO DEVICES (AMD),-0.0223,-0.1882,umap,
client_02274,ANHEUSER-BUSCH COMPANIES INC,0.2353,-0.0007,umap,
client_02275,APPALACHIAN NATURAL GAS OPERATORS COALITION,0.3824,0.2345,umap,
client_02276,"BROWARD COUNTY, FL",0.5299,0.0998,umap,
client_02277,CHENEGA CORPORATION,-0.118,-0.1747,umap,
client_02278,CITY OF NEW ORLEANS,0.1684,-0.0138,umap,
client_02279,CITY OF SAN FRANCISCO (WATER AND POWER DIVISION),0.7284,-0.4824,umap,
client_02280,COMMERCIAL METALS COMPANY,-0.0497,-0.0829,umap,
client_02281,DIAGEO NORTH AMERICA,-0.1198,0.3045,umap,
client_02282,"ELEVANCE HEALTH, INC. (FORMERLY REPORTED AS ANTHEM, INC.)",0.0613,-0.1644,umap,
client_02283,ELLIS HOSPITAL,0.2873,-0.3021,umap,
client_02284,ESQUEL ENTERPRISES LIMITED,0.623,-0.0541,umap,
client_02286,NATIONAL ASSOCIATION OF BROADCASTERS (NAB),-0.52,-0.2726,umap,
client_02287,"OFFICE OF THE GOVERNOR, STATE OF COLORADO",-0.3103,-0.0489,umap,
client_02288,ONEIDA TRIBE OF INDIANS OF WISCONSIN,0.4568,-0.2122,umap,
client_02289,ONTARIO INTERNATIONAL AIRPORT AUTHORITY,0.3508,-0.1133,umap,
client_02290,RESOURCE MANAGEMENT SERVICE LLC,-0.0394,0.1579,umap,
client_02291,"STRATASYS, INC.",-0.1226,-0.1658,umap,
client_02292,"COMMUNITY HEALTH NETWORK, INC. INDIANAPOLIS",-0.4693,-0.073,umap,
client_02293,INSTITUTE OF MAKERS OF EXPLOSIVES,0.1908,0.0592,umap,
client_02294,AMERICAN PUBLIC WORKS ASSOCIATION,0.1712,0.0097,umap,
client_02295,"AMERICAN AIRLINES, INC.",-0.0187,0.0763,umap,
client_02296,SPINA BIFIDA ASSOCIATION OF AMERICA,-0.1009,-0.2841,umap,
client_02297,"ALTRIA CLIENT SERVICES, LLC",0.0045,0.0889,umap,
client_02298,AMERICAN PROPERTY CASUALTY INSURANCE ASSOCIATION FKA PROPERTY CASUALTY INSURERS,0.7561,0.2366,umap,
client_02299,"ANT GROUP CO., LTD.",-0.3359,-0.135,umap,
client_02300,BIOMERIEUX,-0.2271,0.166,umap,
client_02301,BOWLING PROPRIETORS' ASSOCIATION OF AMERICA,0.0859,0.1393,umap,
client_02302,CITY OF HOPE MEDICAL CENTER,0.3229,-0.2847,umap,
client_02303,NANA REGIONAL CORPORATION,-0.224,-0.3877,umap,
client_02304,NASCAR,-0.2324,0.1712,umap,
client_02305,NATIONAL ASSOCIATION OF EMS PHYSICIANS,-0.4713,-0.0731,umap,
client_02306,ONLINE LENDERS ALLIANCE,-0.2192,-0.3822,umap,
client_02307,PERRIGO COMPANY PLC,-0.0865,-0.2968,umap,
client_02308,PLUMBING-HEATING-COOLING CONTRACTORS--NATIONAL ASSOCIATION,-0.1202,0.3032,umap,
client_02309,"PORT LINK GP, LTD (ON BEHALF OF THE PORT FUND L.P.)",-0.336,-0.132,umap,
client_02310,SOCIETY OF INDEPENDENT GASOLINE MARKETERS OF AMERICA,0.1665,0.0469,umap,
client_02311,"STIDD SYSTEMS, INC",-0.2234,-0.3826,umap,
client_02313,WASHINGTON GAS,0.3685,0.2255,umap,
client_02314,FEDERATION OF AMERICAN SOCIETIES FOR EXPERIMENTAL BIOLOGY,-0.405,-0.0137,umap,
client_02315,LOUISIANA COASTAL PROTECTION AND RESTORATION AUTHORITY,0.3584,0.1275,umap,
client_02316,"ROBOTIC RESEARCH OPCO, LLC (DBA FORTERRA)",0.1519,-0.1109,umap,
client_02317,LAMBERT-ST LOUIS INTERNATIONAL AIRPORT,0.1616,0.0778,umap,
client_02318,LIQUID ENERGY PIPELINE ASSOCIATION,0.1864,-0.0118,umap,
client_02319,4DD SOFTWARE,-0.03,-0.2257,umap,
client_02320,ALLIANCE OF SPECIALTY MEDICINE,-0.471,-0.0721,umap,
client_02321,AMERICAN MARITIME OFFICERS SERVICE (AMOS),0.3109,0.5768,umap,
client_02322,AMERICAN SAFETY COUNCIL,0.086,0.139,umap,
client_02323,A.O. SMITH CORPORATION,0.2796,0.0635,umap,
client_02324,BAVARIAN NORDIC,0.5959,0.1776,umap,
client_02325,BAYER CORPORATION (FORMERLY KNOWN AS MONSANTO COMPANY),0.2702,-0.0711,umap,
client_02326,BRAIN INJURY ASSOCIATION OF AMERICA (FKA BRAIN INJURY ASSOCIATION),-0.4702,-0.0738,umap,
client_02327,CHESAPEAKE ENERGY CORPORATION,0.412,-0.3088,umap,
client_02328,CHILDREN'S HOSPITAL OF THE KING'S DAUGHTERS,-0.0188,-0.2275,umap,
client_02329,CIT GROUP INC.,0.2615,-0.2166,umap,
client_02330,CLEAN FUELS ALLIANCE AMERICA,0.2927,-0.1376,umap,
client_02331,"CORECIVIC, INC.",0.1678,-0.602,umap,
client_02332,COUNCIL ON SOCIAL WORK EDUCATION,-0.4901,0.3333,umap,
client_02333,"H-E-B GROCERY COMPANY, LP",0.0068,0.1192,umap,
client_02334,"HCBS ADVOCACY, LLC",0.1748,0.4296,umap,
client_02335,HORIZON THERAPEUTICS (FORMALLY KNOWN AS HORIZON PHARMA),-0.4875,-0.1034,umap,
client_02336,INSURED RETIREMENT INSTITUTE,-0.0823,0.677,umap,
client_02338,LAKE ERIE COLLEGE OF OSTEOPATHIC MEDICINE,0.4872,-0.393,umap,
client_02339,MARSH MCLENNAN,0.0494,0.0625,umap,
client_02340,MINNESOTA CORN GROWERS,0.2834,-0.0342,umap,
client_02341,NATIONAL ASSOCIATION OF BENEFITS AND INSURANCE PROFESSIONALS (FKA NAHU),-0.1681,-0.3392,umap,
client_02342,NATIONAL ASSOCIATION OF REALTORS,0.057,-0.0378,umap,
client_02344,NATIONAL LUMBER AND BUILDING MATERIAL DEALERS ASSOCIATION,0.0474,0.062,umap,
client_02345,NATIONAL SORGHUM PRODUCERS,0.2836,-0.0342,umap,
client_02346,PARTNERSHIP FOR PART D ACCESS,0.2768,-0.5024,umap,
client_02347,"PEGASYSTEMS, INC.",-0.1521,-0.1297,umap,
client_02348,PRAIRIE ISLAND INDIAN COMMUNITY,-0.4206,-0.4654,umap,
client_02350,SMALL REFINERY OWNERS AD HOC COALITION,0.2082,0.4128,umap,
client_02351,SNAP INC.,0.2256,0.4466,umap,
client_02352,SOUTHWIRE COMPANY,0.2929,-0.138,umap,
client_02353,STATE STREET BANK AND TRUST COMPANY,-0.3308,-0.1196,umap,
client_02354,"TIBER CREEK HEALTH STRATEGIES, INC. (ON BEHALF OF GENENTECH, INC.)",-0.1558,-0.3327,umap,
client_02355,UNIVERSITY OF ALABAMA SYSTEM,0.4888,-0.3911,umap,
client_02356,UTAH TRANSIT AUTHORITY (UTA),0.3572,-0.1198,umap,
client_02357,"YCI METHANOL ONE, LLC (F/K/A YUHUANG CHEMICAL INC.)",0.0775,-0.4032,umap,
client_02358,CEPI-U.S.,0.5511,-0.4227,umap,
client_02359,ADVANCED ENVIRONMENTAL MONITORING HOLDINGS (AEMH),0.5301,0.1,umap,
client_02360,PROMEDICA HEALTH SYSTEM,0.3251,-0.3064,umap,
client_02361,GOOGLE CLIENT SERVICES LLC (FORMERLY REPORTING AS GOOGLE),0.1245,0.2042,umap,
client_02362,BBVA USA,0.2557,-0.217,umap,
client_02365,AMERICAN ASSOCIATION OF INTERNATIONAL HEALTHCARE RECRUITMENT,0.0506,-0.3268,umap,
client_02366,AMERICAN COLLEGE OF EMERGENCY PHYSICIANS,-0.4843,-0.0949,umap,
client_02367,AMERICAN COUNCIL OF LIFE INSURERS (ACLI),0.4497,-0.2128,umap,
client_02368,BLOOM ENERGY,0.4494,0.1587,umap,
client_02370,CLIMATE POWER,0.2949,0.1318,umap,
client_02371,COHNREZNICK LLP,0.077,0.4767,umap,
client_02372,ELECTRIC POWER BOARD,-0.2534,0.0002,umap,
client_02373,HENRY FORD HEALTH SYSTEM,0.3289,-0.3002,umap,
client_02374,METROPOLITAN LIFE INSURANCE COMPANY,-0.0715,0.0369,umap,
client_02375,PALO ALTO NETWORKS,-0.1948,-0.1243,umap,
client_02376,"REVVITY, INC.",-0.3509,-0.0445,umap,
client_02379,"WITH HONOR ACTION, INC.",0.2715,-0.0536,umap,
client_02380,ZIMMER BIOMET,-0.1672,-0.3387,umap,
client_02381,ALLIANCE FOR AGING RESEARCH,0.4832,-0.3956,umap,
client_02382,NOURYON,0.2918,-0.0123,umap,
client_02383,ADOBE SYSTEMS INC.,-0.0456,0.1253,umap,
client_02384,"ANALOG DEVICES, INC.",0.0042,-0.0063,umap,
client_02385,ARCH CAPITAL GROUP LIMITED,0.4529,-0.2111,umap,
client_02386,CGCN GROUP ON BEHALF OF BRADFORD WHITE CORPORATION,0.2114,0.1662,umap,
client_02387,COBHAM ADVANCED ELECTRONIC SOLUTIONS (PREVIOUSLY: COBHAM MANAGEMENT SERVICES INC,-0.2287,-0.4037,umap,
client_02388,COPYRIGHT ALLIANCE,0.1908,0.4727,umap,
client_02389,CROWDSTRIKE,-0.1414,-0.1615,umap,
client_02390,EOS ENERGY ENTERPRISES LLC (FKA EOS ENERGY STORAGE LLC),0.2956,-0.1413,umap,
client_02391,GREAT LAKES DREDGE & DOCK CORPORATION,0.225,0.0686,umap,
client_02392,ICANN (INTERNET CORPORATION FOR ASSIGNED NAMES AND NUMBERS),0.2263,0.447,umap,
client_02393,LINDE (FKA PRAXAIR INC ),0.5384,0.1061,umap,
client_02394,"MICRON TECHNOLOGY, INC.",0.2712,-0.216,umap,
client_02395,"NETJETS, INC.",-0.31,-0.0491,umap,
client_02396,NORTH CAROLINA STATE UNIVERSITY,-0.0457,-0.1524,umap,
client_02398,PORT OF SEATTLE,0.1756,-0.0354,umap,
client_02399,TEVA PHARMACEUTICALS USA,-0.1538,-0.3317,umap,
client_02400,"VMWARE LLC (FORMERLY KNOWN AS VMWARE, INC.)",-0.0428,-0.1159,umap,
client_02401,PEOPLEFORBIKES COALITION,0.1431,-0.0147,umap,
client_02402,C3.AI,-0.1212,-0.1734,umap,
client_02403,AMERICAN SOCIETY FOR CLINICAL PATHOLOGY,-0.1204,-0.3356,umap,
client_02404,ADVANCED TECHNOLOGY INTERNATIONAL ON BEHALF OF NATIONAL ARMAMENTS CONSORTIUM,-0.1405,-0.1619,umap,
client_02405,AMERICAN CLINICAL LABORATORY ASSOCIATION (ACLA),0.73,0.2973,umap,
client_02406,CENTER FOR ORGAN RECOVERY & EDUCATION (LOBBYING ON BEHALF OF DONOR ALLIANCE),-0.3033,0.3209,umap,
client_02407,"CHURCHILL COUNTY, NEVADA",-0.1757,-0.0819,umap,
client_02408,COLUMBIA RIVER TREATY POWER GROUP,0.3156,0.0816,umap,
client_02409,DAIMLER TRUCKS NORTH AMERICA,0.188,-0.0182,umap,
client_02410,DAR AL HANDASAH CONSULTANTS SHAIR & PARTNERS HOLDINGS LTD,0.2261,0.0672,umap,
client_02411,EASTERN MUNICIPAL WATER DISTRICT,0.069,-0.5265,umap,
client_02412,"ENBRIDGE ENERGY COMPANY, INC.",0.367,0.2252,umap,
client_02413,"FLEXTRONICS INTERNATIONAL USA, INC.",0.5939,-0.0343,umap,
client_02414,FRESENIUS MEDICAL CARE NORTH AMERICA (FKA FRESENIUS MEDICAL CARE),0.2759,-0.5003,umap,
client_02415,"HORIZON THERAPEUTICS USA, INC. (FORMERLY KNOWN AS HORIZON PHARMA USA, INC.)",-0.29,0.3254,umap,
client_02416,INTEALTH,0.0505,-0.327,umap,
client_02417,LUFTHANSA GERMAN AIRLINES,0.1642,-0.4789,umap,
client_02418,MALLINCKRODT,-0.1681,-0.339,umap,
client_02419,OAK STREET HEALTH D/B/A CVS HEALTH,-0.4997,-0.1126,umap,
client_02420,OTIS ELEVATOR COMPANY,-0.2514,-0.5348,umap,
client_02421,PEPSICO,0.2769,0.0014,umap,
client_02422,"RAILWAY SUPPLY INSTITUTE, INC.",0.3409,0.3945,umap,
client_02423,RESCARE INC (DBA BRIGHTSPRING HEALTH SERVICES),-0.168,-0.3392,umap,
client_02424,SIGA TECHNOLOGIES,-0.085,0.6773,umap,
client_02425,THE CITY OF FORT WORTH,-0.1756,-0.082,umap,
client_02426,VARIAN MEDICAL SYSTEMS,0.6125,-0.0479,umap,
client_02427,ACCURAY INCORPORATED,0.1046,-0.1691,umap,
client_02428,AMERICAN ACADEMY OF DERMATOLOGY,0.356,-0.284,umap,
client_02429,AMERICAN ACADEMY OF HOSPICE AND PALLIATIVE CARE,-0.4729,-0.0717,umap,
client_02430,"AMERICAN EXPRESS TRAVEL RELATED SERVICES, FORMERLY REPORTED AS AMERICAN EXPRESS",0.4483,-0.2129,umap,
client_02431,AMERICAN SPEECH-LANGUAGE-HEARING ASSOCIATION,-0.0896,-0.2832,umap,
client_02432,AMPERE COMPUTING EMPLOYER LLC,0.1149,0.068,umap,
client_02433,ASTELLAS PHARMA US,-0.0228,-0.2325,umap,
client_02434,BARRICK MINING CORPORATION,0.4701,-0.208,umap,
client_02435,BLUE CROSS BLUE SHIELD OF ARIZONA,-0.1808,-0.0509,umap,
client_02436,CARIS SCIENCE INC,-0.1213,-0.3411,umap,
client_02437,CHAMBERS COUNTY IMPROVEMENT DISTRICT NO. 1,0.3567,-0.1192,umap,
client_02438,CLOUDFLARE,0.0698,0.0972,umap,
client_02439,COLORADO STATE UNIVERSITY,0.0965,0.1929,umap,
client_02440,COMMISIMPEX,0.1933,0.4242,umap,
client_02441,CONFEDERATED TRIBES OF THE CHEHALIS RESERVATION,-0.4206,-0.4653,umap,
client_02442,"DOMINION VOTING SYSTEMS, INC.",0.1657,-0.4786,umap,
client_02443,DR. KOCHO ANGJUSHEV,0.6095,-0.0412,umap,
client_02445,GENERAL CIGAR CO INC,0.2651,-0.2064,umap,
client_02446,GEORGIA INSTITUTE OF TECHNOLOGY,-0.4062,-0.0132,umap,
client_02447,GEOSYNTHETIC MATERIALS ASSOCIATION - ATA (FORMERLY KNOWN AS GMA - IFAI),0.4617,0.0299,umap,
client_02448,GUARDIAN LIFE INSURANCE COMPANY,-0.4689,-0.1009,umap,
client_02449,HALLMARK CARDS,0.4503,-0.2123,umap,
client_02450,"ICEYE US, INC.",-0.1233,-0.1604,umap,
client_02451,ITG BRANDS,-0.2279,0.1669,umap,
client_02452,K-LOVE,-0.1115,0.0447,umap,
client_02453,"LEONARDO DRS, INC.",0.1651,-0.1195,umap,
client_02454,LOS ANGELES COUNTY DEVELOPMENT AUTHORITY,0.4062,0.6604,umap,
client_02455,MARSHALL UNIVERSITY RESEARCH CORP.,-0.0742,-0.1215,umap,
client_02456,MCKESSON SPECIALTY HEALTH,0.2753,-0.5004,umap,
client_02457,MESCALERO APACHE,-0.4206,-0.4653,umap,
client_02458,NUSTAR ENERGY CORPORATION,0.367,0.2259,umap,
client_02459,PHARMAVITE LLC,0.022,0.139,umap,
client_02460,RESPONSIBLE INDUSTRY FOR A SOUND ENVIRONMENT,0.0774,-0.4033,umap,
client_02461,"SELECT MILK PRODUCERS, INC./CONTINENTAL DAIRY PRODUCTS, INC.",0.1529,-0.1004,umap,
client_02462,"SHARE OUR STRENGTH, INC.",0.3924,-0.0318,umap,
client_02463,SOUTH DAKOTA SCIENCE & TECHNOLOGY AUTHORITY,-0.2395,-0.202,umap,
client_02464,SOUTH DAKOTA STATE UNIVERSITY,0.222,0.01,umap,
client_02465,SOUTHERN CALIFORNIA TRIBAL CHAIRMEN'S ASSOCIATION,-0.4206,-0.4653,umap,
client_02466,TEIJIN HOLDINGS USA INC.,0.6074,-0.041,umap,
client_02467,TESLA,0.1679,0.0462,umap,
client_02468,TEXAS CATTLE FEEDERS ASSOCIATION,0.3427,0.0259,umap,
client_02469,THE JOHNS HOPKINS UNIVERSITY APPLIED PHYSICS LABORATORY LLC,-0.1233,-0.1656,umap,
client_02470,TUFTS MEDICINE,-0.4893,-0.1018,umap,
client_02471,SNOHOMISH COUNTY PUBLIC UTILITY DISTRICT,0.2764,0.172,umap,
client_02472,FEDERATED INVESTORS,-0.331,-0.1196,umap,
client_02473,HEALTH CARE SUPPLY CHAIN ASSOCIATION,-0.1809,-0.051,umap,
client_02474,PFS INVESTMENTS INC.,-0.1803,-0.052,umap,
client_02475,"DNV USA, INC.",0.4639,0.0052,umap,
client_02476,ANDURIL INDUSTRIES,-0.1943,-0.1239,umap,
client_02477,ARM LIMITED,0.2108,-0.1585,umap,
client_02478,"ATLANTIC SHORES OFFSHORE WIND, LLC",0.4445,0.1575,umap,
client_02479,"AVANCI F/K/A MARCONI, LLC",0.1914,0.4728,umap,
client_02480,COALITION FOR ENERGY EFFICIENT JOBS & INVESTMENT,0.4491,-0.213,umap,
client_02481,ENTERPRISE HOLDINGS,-0.2125,0.0384,umap,
client_02482,EQT CORPORATION,0.3965,0.1534,umap,
client_02483,ESSENTIAL MINERALS ASSOCIATION (FORMERLY REPORTING AS IMA-NA),-0.121,0.3045,umap,
client_02484,"HONOLULU AUTH. FOR RAPID TRNS. (PREVIOUSLY KNOWN AS INFRACONSULT, LLC.)",0.3567,-0.1195,umap,
client_02485,JARDEN ZINC PRODUCTS,0.3434,0.497,umap,
client_02486,JOINT COMMISSION ON ACCREDITATION OF HEALTHCARE ORGANIZATIONS,0.3251,-0.3063,umap,
client_02487,KOCH GOVERNMENT AFFAIRS (FKA KOCH COMPANIES PUBLIC SECTOR),0.2796,-0.0648,umap,
client_02488,"QUECTEL WIRELESS SOLUTIONS CO., LTD.",0.1332,0.6061,umap,
client_02489,REINVESTMENT FUND,0.2786,-0.011,umap,
client_02490,RETAIL INDUSTRY LEADERS ASSOCIATION (RILA),-0.0375,0.157,umap,
client_02491,RURAL STATES FED TRANSP POLICY DEVELOPMENT GROUP,0.358,-0.1206,umap,
client_02492,SAFEWAY,0.2897,0.0119,umap,
client_02493,THE DEPOSITORY TRUST & CLEARING CORPORATION,-0.3257,-0.1245,umap,
client_02494,"VAST, INC. (FKA VAST SPACE LLC)",-0.0895,0.68,umap,
client_02495,EMBLEMHEALTH,0.3253,-0.2997,umap,
client_02496,ELECTRICITY CUSTOMER ALLIANCE,0.3319,0.1989,umap,
client_02497,ALLIANCE FOR VEHICLE EFFICIENCY,0.2227,0.0153,umap,
client_02498,ASSN. OF SMALL BUSINESS DEV. CENTERS,0.2091,0.4498,umap,
client_02499,ASSOCIATION FOR COMMUNITY AFFILIATED PLANS,-0.2746,0.3212,umap,
client_02500,AXNES AVIATION,-0.224,-0.3833,umap,
client_02501,BRIGGS & STRATTON LLC,0.2103,0.1666,umap,
client_02502,CLEAN FUELS ALLIANCE AMERICA (FORMERLY REPORTED AS NATIONAL BIODIESEL BOARD),0.4568,-0.2106,umap,
client_02503,COALITION FOR GSP,0.6085,-0.042,umap,
client_02504,EXHIBITIONS & CONFERENCES ALLIANCE,-0.0465,0.1253,umap,
client_02505,FLORIDA ATLANTIC UNIVERSITY,-0.067,-0.1519,umap,
client_02506,HUMANA,-0.1681,-0.3391,umap,
client_02507,"IRIDIUM COMMUNICATIONS INC (FORMERLY SATELLES, INC.)",0.1497,-0.1107,umap,
client_02508,OPAL FUELS INC.,0.3948,0.1528,umap,
client_02509,"PURFOODS, LLC",0.1057,-0.2028,umap,
client_02510,RIPPLE,-0.0077,0.2921,umap,
client_02511,"SAMSUNG ELECTRONICS AMERICA, INC.",-0.1255,-0.0287,umap,
client_02512,SEMICONDUCTORS INDUSTRY ASSOCIATION,0.1917,0.1277,umap,
client_02513,"THALES DEFENSE & SECURITY, INC.",-0.1417,-0.1616,umap,
client_02514,TIBER CREEK GROUP (OBO JAZZ PHARMACEUTICALS),0.3215,-0.2852,umap,
client_02515,CAPELLA SPACE CORP. AND SUBSIDIARIES,-0.1084,-0.1177,umap,
client_02516,COLORADO RIVER INDIAN TRIBES,0.3337,0.2002,umap,
client_02517,PRIDE MOBILITY PRODUCTS CORP,0.2753,-0.5004,umap,
client_02518,"VIRTU FINANCIAL, LLC",0.3293,-0.005,umap,
client_02519,"RWE CLEAN ENERGY SERVICES, LLC",0.295,-0.1404,umap,
client_02520,SOUTHCOAST HEALTH SYSTEM,0.2868,-0.3018,umap,
client_02521,CDR MAGUIRE INC.,0.0451,-0.1486,umap,
client_02522,CHARTER BROKERAGE SERVICES,0.272,-0.2168,umap,
client_02523,ENERGY INFRASTRUCTURE COUNCIL (FKA MASTER LIMITED PARTNERSHIP ASSOC),0.4523,-0.2114,umap,
client_02524,EOG RESOURCES,0.4427,0.1569,umap,
client_02525,EVONIK CORPORATION,0.1917,0.1276,umap,
client_02526,GIFFORDS (FORMERLY REPORTING AS AMERICANS FOR RESPONSIBLE SOLUTIONS),-0.1816,0.0834,umap,
client_02527,"HADASSAH, THE WOMEN'S ZIONIST ORGANIZATION OF AMERICA, INC.",0.1278,0.116,umap,
client_02528,"INFIN, A FINANCIAL SERVICES ALLIANCE (F/K/A FINANCIAL SERVICE CENTERS AMERICA)",-0.181,0.0836,umap,
client_02529,METROPOLITAN DISTRICT COMMISSION OF CONNECTICUT,0.2545,0.0896,umap,
client_02530,PET RESIN ASSOCIATION,-0.0264,0.0394,umap,
client_02531,RTX CORPORATION AND AFFILIATES (FKA RAYTHEON TECHNOLOGIES CORP. AND AFFILIATES),-0.2245,-0.3825,umap,
client_02532,SEMI (FORMERLY FLEXTECH ALLIANCE),-0.1168,-0.1691,umap,
client_02533,SMX (FKA SMARTRONIX),-0.1245,-0.1229,umap,
client_02534,VOYA SERVICES COMPANY,0.0821,0.143,umap,
client_02535,WOODBERRY ASSOCIATES LLC ON BEHALF OF COLORADO STATE UNIVERSITY FOUNDATION,0.107,-0.2017,umap,
client_02536,CENTRAL PUGET SOUND REGIONAL TRANSIT AUTHORITY (SOUND TRANSIT),0.358,-0.1206,umap,
client_02537,METROPOLITAN WATER DISTRICT OF SOUTHERN CALIFORNIA,0.53,0.0999,umap,
client_02538,AMERICAN ASSOCIATION OF NEUROLOGICAL SURGEONS,0.3575,-0.2829,umap,
client_02539,CONGRESS OF NEUROLOGICAL SURGEONS,0.3561,-0.2825,umap,
client_02540,AMERICAN ACADEMY OF FAMILY PHYSICIANS,-0.3232,0.1413,umap,
client_02541,AMERICAN SOCIETY OF PLANT BIOLOGISTS,-0.04,-0.1533,umap,
client_02542,AMERICAN SUGAR ALLIANCE,0.1827,-0.2032,umap,
client_02543,"APA SERVICES, INC.",0.5583,-0.4295,umap,
client_02544,ARCBEST,0.6589,-0.3199,umap,
client_02546,"BEEP, INC.",0.3529,-0.1161,umap,
client_02547,BEER INSTITUTE,0.2635,-0.2056,umap,
client_02548,"BLUETRITON BRANDS, INC. (NESTLE WATERS NORTH AMERICA)",0.0826,0.0037,umap,
client_02549,BOMBARDIER AEROSPACE HOLDINGS (USA) INC FORMERLY BOMBARDIER TRANSIT CORPORATION,0.3568,-0.1195,umap,
client_02550,"CENTERPOINT ENERGY, INC.",0.3851,0.2364,umap,
client_02551,CITY OF DALLAS,0.4061,0.6605,umap,
client_02552,CITY OF SAN MARCOS,0.1712,-0.0039,umap,
client_02553,"CONSOLIDATED EDISON COMPANY OF NEW YORK, INC.",0.462,0.0312,umap,
client_02554,COOK INLET REGION INCORPORATED (CIRI),0.1424,-0.0536,umap,
client_02555,COUNCIL FOR AFFORDABLE AND RURAL HOUSING,-0.2401,0.1783,umap,
client_02556,COUNTY OF PLACER,-0.0854,0.6776,umap,
client_02557,DENVER HEALTH AND HOSPITAL AUTHORITY,-0.2727,0.321,umap,
client_02558,DISH NETWORK CORPORATION,0.1427,0.5979,umap,
client_02559,FEDERAL HOME LOAN BANK OF ATLANTA,-0.0962,0.0626,umap,
client_02560,FEDEX,0.176,-0.0354,umap,
client_02561,FITCH RATINGS,0.0213,0.3282,umap,
client_02562,FLAGSHIP PIONEERING,0.5589,-0.4301,umap,
client_02563,FLAGSTAR BANK,0.0214,0.3283,umap,
client_02564,"FRED HUTCHINSON CANCER CENTER FORMER ""FRED HUTCHISON CANCER RESEARCH CENTER""",0.3207,-0.2846,umap,
client_02565,HYOSUNG CORPORATION,0.6101,-0.0417,umap,
client_02566,IAC,-0.0812,0.6733,umap,
client_02567,INDEPENDENT FILM & TELEVISION ALLIANCE,0.2677,-0.211,umap,
client_02568,"INTUIT, INC. AND AFFILIATES (F.K.A. INTUIT, INC.)",-0.2327,0.1713,umap,
client_02569,JACOBS ENGINEERING GROUP INC.,-0.1758,-0.0818,umap,
client_02570,JEFFREY MODELL FOUNDATION,-0.0833,0.6756,umap,
client_02571,LATHROP & GAGE ON BEHALF OF BRIDGETON LANDFILL LLC AND ROCK ROAD INDUSTRIES I,0.3608,0.1314,umap,
client_02572,MIAMI-DADE COUNTY FLORIDA,0.1372,0.124,umap,
client_02573,MUCKLESHOOT INDIAN TRIBE,0.2829,0.0587,umap,
client_02574,NATIONAL BUSINESS AVIATION ASSOCIATION INC,0.467,-0.2096,umap,
client_02575,NATIONAL TRUCK EQUIPMENT ASSOCIATION,0.4492,-0.2141,umap,
client_02576,OPTIONS CLEARING CORPORATION,-0.3322,-0.1231,umap,
client_02577,PACIFIC GAS & ELECTRIC,0.3342,0.2003,umap,
client_02578,PAYPAL,-0.1081,0.0447,umap,
client_02579,RECORDING INDUSTRY ASSOCIATION OF AMERICA INC,0.0894,-0.4483,umap,
client_02580,RIVERSIDE CO. FLOOD CONTROL & WATER CONSERVATION DISTRICT,0.2488,0.0276,umap,
client_02581,SAN ANTONIO RIVER AUTHORITY,0.5314,0.0986,umap,
client_02582,"SOUTHEASTERN UNIVERSITIES RESEARCH ASSOCIATION, INC.",0.2797,0.1756,umap,
client_02583,SSA MARINE,0.2074,-0.0487,umap,
client_02584,STANDARD INDUSTRIES,0.3952,0.1527,umap,
client_02585,SUSTAINABLE FOOD POLICY ALLIANCE,0.3626,-0.0026,umap,
client_02586,TENCATE PROTECTIVE FABRICS NORTH AMERICA,-0.2218,-0.3919,umap,
client_02587,THE BOSTON BEER COMPANY,-0.2354,0.174,umap,
client_02588,THE BROADWAY LEAGUE,-0.2325,0.1712,umap,
client_02589,THE CAMPBELL'S COMPANY (FKA CAMPBELL SOUP COMPANY),0.3741,-0.0203,umap,
client_02590,THE EVANGELICAL LUTHERAN GOOD SAMARITAN SOCIETY,0.3562,-0.2838,umap,
client_02591,TRUCKERS INTEGRAL TO OUR ECONOMY INC (TIE),0.209,0.3568,umap,
client_02592,TRUCKLOAD CARRIERS ASSOCIATION,0.2211,0.0646,umap,
client_02593,"VIASAT, INC.",0.2094,-0.1596,umap,
client_02594,ZERO EMISSION TRANSPORTATION ASSOCIATION,0.192,0.128,umap,
client_02595,"DIGITAL THERAPEUTICS ALLIANCE, INC",-0.2715,0.3113,umap,
client_02597,ZIONS BANCORP,0.021,0.3279,umap,
client_02598,"AMARIN PHARMA, INC.",-0.4891,-0.1006,umap,
client_02599,"AMERICAN RHEINMETALL MUNITIONS, INC.",-0.1169,-0.1702,umap,
client_02600,AMSTED INDUSTRIES,0.1532,-0.1005,umap,
client_02601,ANMED HEALTH SYSTEM,0.5597,-0.4314,umap,
client_02602,CANADA PENSION PLAN INVESTMENT BOARD,-0.0266,0.0971,umap,
client_02603,"CBOE GLOBAL MARKETS, INC.",-0.3331,-0.1234,umap,
client_02604,CENTRAL STATES FUNDS,0.0402,-0.2949,umap,
client_02605,CENTURY ALUMINUM COMPANY,0.5948,-0.0348,umap,
client_02606,DELL INC.,0.4474,-0.2161,umap,
client_02607,GEORGIA SOUTHERN UNIVERSITY,0.2426,-0.1634,umap,
client_02608,GRAIL LLC,-0.311,0.2898,umap,
client_02609,GRIDLIANCE,0.7284,-0.4824,umap,
client_02610,HANGER INC (FORMERLY HANGER ORTHOPEDIC),-0.1154,-0.2839,umap,
client_02611,HILL EAST GROUP ON BEHALF OF AIRPORTS COUNCIL INTERNATIONAL - NORTH AMERICA,0.1648,0.0609,umap,
client_02612,IAERO AIRWAYS (F.K.A. BLUE SKIES AEROSPACE GROUP),0.1679,0.0029,umap,
client_02613,INSULET CORPORATION,-0.1274,-0.3243,umap,
client_02614,K&L GATES LLP ON BEHALF OF THE PACKAGE COALITION LLC,-0.3577,0.1718,umap,
client_02615,NATIONAL COUNCIL ON CIVIL ADVOCACY,0.188,0.4279,umap,
client_02616,"NORDIC AMMUNITION COMPANY (D/B/A NAMMO, INC.)",-0.228,-0.3834,umap,
client_02617,"REGAL BELOIT AMERICA, INC.",0.2114,0.1657,umap,
client_02618,RELATED FUND MANAGEMENT,0.1586,-0.5563,umap,
client_02619,SIERRA NEVADA COMPANY,-0.1363,-0.134,umap,
client_02620,TENNESSEE VALLEY PUBLIC POWER ASSOCIATION,0.2936,0.1342,umap,
client_02621,UNITED KEETOOWAH BAND OF CHEROKEE INDIANS IN OKLAHOMA,-0.4207,-0.4654,umap,
client_02622,UNITED STATES OLYMPIC AND PARALYMPIC COMMITTEE,0.2758,-0.0498,umap,
client_02623,"U.S. ACUTE CARE SOLUTIONS, LLC",-0.476,-0.0741,umap,
client_02624,WORLD RESOURCES INSTITUTE,0.2228,0.0308,umap,
client_02625,WWF,0.3188,-0.0269,umap,
client_02626,ILLINOIS AGRICULTURAL ASSOCIATION,0.2122,0.1655,umap,
client_02627,"SUMITOMO PHARMA CO., LTD. (FORMERLY SUNOVION PHARMACEUTICALS, INC.)",-0.2886,0.3259,umap,
client_02628,AMERICAN CATALOG MAILERS ASSOCIATION,0.2705,-0.217,umap,
client_02629,MAZDA MOTOR OF AMERICA DBA MAZDA NORTH AMERICAN OPERATIONS,0.6113,-0.0409,umap,
client_02631,AMERICAN BIRD CONSERVANCY,0.3622,0.0003,umap,
client_02632,"ASML US, LLC",0.2628,-0.2069,umap,
client_02633,ASSURED GUARANTY LTD,0.4581,-0.2106,umap,
client_02634,CELANESE CORPORATION,0.4506,0.1495,umap,
client_02635,CLECO POWER LLC,0.4453,0.1583,umap,
client_02636,COHERUS BIOSCIENCES,-0.0836,-0.3004,umap,
client_02637,CONSUMER BRANDS ASSOCIATION,0.3377,0.0241,umap,
client_02638,CUBIC CORPORATION,0.156,-0.1079,umap,
client_02639,EDP ENTERPRISES INC,-0.1185,-0.17,umap,
client_02640,EXACT SCIENCES CORPORATION,0.2901,-0.3128,umap,
client_02641,HCR MANORCARE,0.2891,-0.3131,umap,
client_02642,ONE MEDICAL,0.3572,-0.2828,umap,
client_02643,"PATHWARD, NATIONAL ASSOCIATION (FKA PATHWARD (FORMERLY METABANK, N.A.))",0.0237,0.3307,umap,
client_02644,RETIREMENT CLEARINGHOUSE,0.6589,-0.3199,umap,
client_02645,ROCKET LAB USA INC.,0.127,0.4255,umap,
client_02646,SEIA,0.2738,-0.217,umap,
client_02647,"STRATEGIC EDUCATION, INC.",0.1688,-0.3243,umap,
client_02648,"SYNOPSYS, INC.",-0.2282,-0.3978,umap,
client_02649,THE ORTHOFORUM,0.2777,-0.5034,umap,
client_02650,VISTRA ENERGY CORP (FORMERLY ENERGY FUTURE HOLDINGS),0.0766,-0.4032,umap,
client_02651,WEST BASIN MUNICIPAL WATER DISTRICT,0.2217,0.0161,umap,
client_02652,WEST VALLEY WATER DISTRICT,0.7285,-0.4824,umap,
client_02653,TRULIEVE CANNABIS CORP.,0.3939,-0.0332,umap,
client_02654,WESTERN STATES REGIONAL COUNCIL OF CARPENTERS,-0.2106,0.1368,umap,
client_02655,AERONAUTICAL REPAIR STATION ASSOCIATION,-0.4062,-0.0134,umap,
client_02656,AVISTA CORPORATION,0.2797,0.1756,umap,
client_02657,CVS HEALTH,-0.0848,-0.2989,umap,
client_02658,6K INC.,0.4594,0.0216,umap,
client_02659,AMERICAN SHEEP INDUSTRY ASSOCIATION,0.3212,-0.0101,umap,
client_02660,"APTARGROUP, INC.",0.3129,-0.0471,umap,
client_02661,BLUE DIAMOND GROWERS,0.6062,-0.0404,umap,
client_02662,BMO FINANCIAL CORP. F/K/A BMO HARRIS BANK,-0.3323,-0.1185,umap,
client_02663,CARD POLICY COUNCIL,0.0219,0.3289,umap,
client_02664,"CARLYLE INVESTMENT MANAGEMENT, INC.",0.1348,-0.3794,umap,
client_02665,"CHARLES SCHWAB & CO., INC.",-0.0733,0.0446,umap,
client_02666,CLEAN FUELS ALLIANCE AMERICA (FKA NATIONAL BIODIESEL BOARD),0.2082,0.4128,umap,
client_02667,COMPUTER & COMMUNICATIONS INDUSTRY ASSOCIATION,-0.0398,0.1538,umap,
client_02668,"DAYBROOK HOLDINGS, INC.",0.157,-0.5476,umap,
client_02670,HEWLETT PACKARD ENTERPRISE COMPANY,0.1352,0.6046,umap,
client_02671,"HURON CONSULTING SERVICES, LLC.",0.5961,0.1779,umap,
client_02672,OFFICE OF RONALD LAUDER,-0.3573,-0.4085,umap,
client_02673,OMNI BRIDGEWAY (USA) LLC (F.K.A. BENTHAM IMF),0.2151,0.4616,umap,
client_02674,PDV WIRELESS (NOW DBA ANTERIX),0.3681,0.2271,umap,
client_02675,PORT AUTHORITY OF SAN ANTONIO,0.1489,-0.1143,umap,
client_02676,"PRICESMART, INC",-0.2405,-0.2029,umap,
client_02677,PROFESSIONAL PHOTOGRAPHERS OF AMERICA,0.1886,0.4738,umap,
client_02678,"PROJECT FOR PRIVACY AND SURVEILLANCE ACCOUNTABILITY, INC.",0.142,0.4574,umap,
client_02679,PTC THERAPEUTICS,-0.4884,-0.0978,umap,
client_02680,RENEWABLE FUELS ASSOCIATION,0.2082,0.4125,umap,
client_02681,"RESOURCES ENVIRONMENTAL SOLUTIONS (""RES"")",0.2107,0.0268,umap,
client_02682,"SAGENT M&C, LLC",0.0759,0.4754,umap,
client_02683,SHAZAM INC.,-0.0096,0.299,umap,
client_02684,"THE FIRST CHURCH OF CHRIST, SCIENTIST",0.3558,-0.2806,umap,
client_02685,THE NORTHWEST SEAPORT ALLIANCE,0.1755,-0.0356,umap,
client_02686,THE SHERWIN-WILLIAMS COMPANY,0.2084,0.172,umap,
client_02687,TRIDENT USA HEALTH SERVICES,0.2759,-0.5012,umap,
client_02688,"VENNTEL, INC.",0.3569,-0.1198,umap,
client_02689,BRISTOL BAY NATIVE CORPORATION,0.3373,-0.0157,umap,
client_02690,KANSAS FARM BUREAU,0.3059,0.0432,umap,
client_02691,NXP USA INC,0.0915,0.1975,umap,
client_02692,OCCIDENTAL PETROLEUM,-0.0761,-0.1034,umap,
client_02693,PRIVATE ESSENTIAL ACCESS COMMUNITY HOSPITALS,-0.2734,0.3213,umap,
client_02694,"SPIE, THE INTERNATIONAL SOCIETY FOR OPTICS AND PHOTONICS",-0.0496,-0.0858,umap,
client_02695,FLORIDA STATE UNIVERSITY,-0.0648,-0.1509,umap,
client_02696,1-800 CONTACTS,-0.4698,-0.0997,umap,
client_02697,"AGC AMERICA, INC.",-0.2407,-0.2024,umap,
client_02698,AMERICAN BANKERS ASSOCIATION HSA COUNCIL,-0.251,-0.5344,umap,
client_02699,"AMERICAN POSTAL WORKERS UNION, AFL-CIO",-0.3577,0.1718,umap,
client_02700,"BECTON, DICKINSON AND COMPANY",-0.5029,-0.1148,umap,
client_02701,"C. H. ROBINSON WORLDWIDE, INC.",-0.2132,0.039,umap,
client_02702,CARE.COM,-0.4892,-0.1009,umap,
client_02703,"C&S WHOLESALE GROCERS, INC.",-0.0115,0.103,umap,
client_02704,ENTERGY SERVICES LLC,0.4498,0.1585,umap,
client_02705,"FERRERO USA, INC.",0.2722,-1e-04,umap,
client_02706,"FORESCOUT TECHNOLOGIES, INC.",-0.1202,-0.1726,umap,
client_02707,GEMCORP CAPITAL MANAGEMENT LIMITED,0.4345,0.1557,umap,
client_02708,"KBR, INC. F/K/A SGT, INC.",0.1494,-0.1145,umap,
client_02709,KOCH GOVERNMENT AFFAIRS,-0.0955,0.0628,umap,
client_02710,LIVEONNY,-0.2896,0.3263,umap,
client_02711,LOS ANGELES COMMUNITY COLLEGE DISTRICT,0.1457,-0.0327,umap,
client_02712,NATIONAL READY MIXED CONCRETE ASSOCIATION,0.2383,-0.0022,umap,
client_02713,NORTH CAROLINA STATE PORTS AUTHORITY,0.1474,-0.1124,umap,
client_02714,SEALASKA CORPORATION,-0.2345,0.1732,umap,
client_02715,UNIVERSITY OF NEW MEXICO,-0.0635,-0.1511,umap,
client_02716,UNIVERSITY OF SOUTH FLORIDA,0.1503,-0.1132,umap,
client_02717,VOLUNTEERS OF AMERICA,-0.251,-0.5345,umap,
client_02718,"NATIONAL ACADEMY OF ELDER LAW ATTORNEYS, INC.",-0.1699,-0.3408,umap,
client_02719,FRESH PRODUCE ASSOCIATION OF THE AMERICAS,0.2801,-0.0053,umap,
client_02720,SAN JOAQUIN COUNTY FLOOD CONTROL AND WATER CONSERVATION DISTRICT,0.2596,0.0678,umap,
client_02721,SYMBION POWER SERVICES,0.1923,0.4245,umap,
client_02722,RURAL COMMUNITY ASSISTANCE PARTNERSHIP INC,-0.0872,0.6793,umap,
client_02723,US OIL & GAS ASSOCIATION,0.2088,0.4124,umap,
client_02724,ARNOLD & ITKIN,0.2775,0.4844,umap,
client_02725,"BARRICK GOLD OF NORTH AMERICA, FKA BARRICK GOLD AND NEVADA GOLD MINES",0.3527,0.0774,umap,
client_02726,BETTER WORLD FUND,0.3131,-0.0471,umap,
client_02727,"CENGAGE LEARNING, INC.",0.1649,-0.3164,umap,
client_02728,CIBO TECHNOLOGIES,0.394,-0.0331,umap,
client_02729,COLONIAL PIPELINE COMPANY,0.4452,0.158,umap,
client_02730,HUMANE WORLD ACTION FUND (FKA HUMANE SOCIETY LEGISLATIVE FUND),0.3558,-0.1187,umap,
client_02731,KEYSTONE INC,0.4527,-0.2166,umap,
client_02732,"NOVEON MAGNETICS, INC",-0.1117,-0.0891,umap,
client_02733,O'GRADY PEYTON INTERNATIONAL (USA),0.157,-0.5474,umap,
client_02734,PERSONAL CARE PRODUCTS COUNCIL,0.2687,-0.2093,umap,
client_02735,SMALL BUSINESS & ENTREPRENEURSHIP COUNCIL (SBE COUNCIL),0.2095,0.4498,umap,
client_02736,SOUTHEAST PENNSYLVANIA TRANSPORTATION AUTHORITY (SEPTA),0.355,-0.1179,umap,
client_02737,THE ANSCHUTZ CORPORATION,0.4623,-0.2096,umap,
client_02738,THE LUBRIZOL CORPORATION,0.307,0.0425,umap,
client_02739,VILLAGEMD,-0.2781,0.3221,umap,
client_02740,AMERICAN ARBITRATION ASSOCIATION,0.1071,-0.1931,umap,
client_02741,CITADEL INVESTMENT GROUP,-0.3306,-0.1191,umap,
client_02742,PASKENTA BAND OF NOMLAKI INDIANS,-0.4055,0.3109,umap,
client_02743,BSA THE SOFTWARE ALLIANCE (FORMERLY BSA BUSINESS SOFTWARE ALLIANCE INC),-0.1449,-0.1363,umap,
client_02744,A-TO-BE USA LLC,0.3555,-0.1185,umap,
client_02745,ADVANCED ENERGY MANAGEMENT ALLIANCE,0.3953,0.153,umap,
client_02746,BRISTOL MYERS SQUIBB,0.2893,-0.3122,umap,
client_02747,"CISCO SYSTEMS, INC.",0.2651,-0.2018,umap,
client_02748,"EMVCO, LLC",-0.014,0.2903,umap,
client_02749,"ENTERPRISE COMMUNITY PARTNERS, INC.",-0.1115,-0.0907,umap,
client_02750,FINSECA,-0.0449,0.1466,umap,
client_02751,HCA HEALTHCARE,0.3556,-0.2836,umap,
client_02752,HRB TAX GROUP INC (FORMERLY KNOWN AS H&R BLOCK INC ),-0.0191,0.1032,umap,
client_02753,IGT GLOBAL SOLUTIONS (FORMERLY GTECH),-0.4052,0.3112,umap,
client_02754,INSTITUTE OF INTERNATIONAL CONTAINER LESSORS,0.311,0.5768,umap,
client_02755,ITC MODERNIZATION ALLIANCE,0.191,0.4727,umap,
client_02756,LABORATORY CORPORATION OF AMERICA HOLDINGS,-0.1532,-0.3315,umap,
client_02757,LUMEN TECHNOLOGIES,-0.1125,-0.0895,umap,
client_02758,"MACQUARIE INFRASTRUCTURE AND REAL ASSETS, INC.",0.1866,-0.0147,umap,
client_02759,MICHIGAN RESEARCH INSTITUTE,-0.1178,-0.1705,umap,
client_02760,STRYKER CORPORATION,-0.4909,-0.1042,umap,
client_02761,TRINET GROUP,0.0024,0.0807,umap,
client_02762,UNITED NETWORK FOR ORGAN SHARING (UNOS),-0.4907,-0.1016,umap,
client_02763,USANA HEALTH SCIENCES INC.,0.0799,0.0984,umap,
client_02764,WISCONSIN HOSPITAL ASSOCIATION,0.0505,-0.3271,umap,
client_02765,WORKIVA,-0.0088,0.2984,umap,
client_02766,YAKIMA BASIN JOINT BOARD,0.2594,0.0677,umap,
client_02767,CHUGACH ALASKA CORPORATION,-0.2202,-0.3882,umap,
client_02768,ACADEMY OF MANAGED CARE PHARMACY,-0.4921,-0.1046,umap,
client_02769,"BEIJING XIAOMI MOBILE SOFTWARE CO., LTD.",0.6085,-0.041,umap,
client_02770,BLACK & VEATCH,0.5391,0.107,umap,
client_02771,DEVON ENERGY,0.3742,0.2246,umap,
client_02772,HALLIBURTON ENERGY SERVICES,0.29,-0.1349,umap,
client_02773,HOLISTIC INDUSTRIES INC.,-0.0733,0.0481,umap,
client_02774,INTERNATIONAL MARINE CONTRACTORS ASSOCIATION,0.3111,0.5769,umap,
client_02775,"KROPP HOLDINGS, INC.",-0.144,-0.1606,umap,
client_02776,"MCCAIN FOODS USA, INC.",0.3271,0.0166,umap,
client_02777,"NUTANIX, INC. AND ITS AFFILIATES",-0.0384,-0.1534,umap,
client_02778,PATRIOT RAIL COMPANY (FKA PIONEER LINES (FKA PIONEER RAILCORP)),-0.2344,0.173,umap,
client_02779,QUANTINUUM,0.2109,-0.1586,umap,
client_02780,SMALL PUBLIC COMPANY COALITION,0.2093,0.4499,umap,
client_02781,TEEKAY SHIPPING (UK) LTD,0.157,-0.5474,umap,
client_02782,TRANS-ATLANTIC BUSINESS COUNCIL,0.2952,-0.1403,umap,
client_02783,UNIVERSITY OF IDAHO,-0.0496,-0.1555,umap,
client_02784,VETERANS OF FOREIGN WARS OF THE UNITED STATES,0.1106,0.4354,umap,
client_02785,"VOLTA INDUSTRIES, INC.",0.2873,-0.133,umap,
client_02786,WILMERHALE ON BEHALF OF APPLE INC.,0.1031,-0.166,umap,
client_02787,GLOBAL ALLIANCE FOR CANNABIS COMMERCE,-0.0397,0.1552,umap,
client_02788,NATIONAL COALITION FOR ASSISTIVE AND REHAB TECHNOLOGY,0.2755,-0.5011,umap,
client_02789,"GREYHOUND LINES, INC.",0.2256,0.0669,umap,
client_02790,NEW SHIPPER BOND PETITIONERS COALITION,0.6066,-0.0407,umap,
client_02791,SAN GABRIEL BASIN WATER QUALITY AUTHORITY,0.2778,0.4849,umap,
client_02792,"SCHWEITZER ENGINEERING LABORATORIES, INC.",-0.3106,-0.049,umap,
client_02793,AMERICAN ACADEMY OF ORTHOPAEDIC SURGEONS,0.2761,-0.4952,umap,
client_02794,PARTNERSHIP FOR OPEN & FAIR SKIES,-0.3834,-0.6196,umap,
client_02795,9/11 MEMORIAL,-0.1859,0.4556,umap,
client_02796,"ABF FREIGHT SYSTEMS, INC.",0.6589,-0.3199,umap,
client_02797,ACADEMY OF DOCTORS OF AUDIOLOGY,0.0405,-0.2958,umap,
client_02798,ADTRAN,-0.0513,-0.084,umap,
client_02799,"AIRBUS HELICOPTERS, INC.",-0.3831,-0.6193,umap,
client_02800,AMEREN SERVICES COMPANY,0.1258,0.0274,umap,
client_02801,AMERICAN MARITIME OFFICERS,0.3111,0.5768,umap,
client_02802,APIJECT SYSTEMS CORP.,0.5596,-0.4059,umap,
client_02803,"BIOGEN, INC.",-0.1684,-0.3393,umap,
client_02804,"BLUCORA, INC.",-0.0167,0.1022,umap,
client_02805,"CALIFORNIA DAIRIES, INC.",0.2749,-0.0495,umap,
client_02806,CALIFORNIA STATE TEACHERS' RETIREMENT SYSTEM,-0.0696,0.0346,umap,
client_02807,CAMEL ENERGY INC.,0.0764,0.0842,umap,
client_02808,CANADIAN NATIONAL RAILWAY,0.3409,0.3945,umap,
client_02809,"CELLPHIRE, INC.",0.5958,0.1774,umap,
client_02810,"CITY OF HENDERSON, NEVADA",0.1882,0.0278,umap,
client_02811,COLONIAL PIPELINE,0.4606,0.0182,umap,
client_02812,"CORASCLOUD, INC.",-0.227,-0.3894,umap,
client_02813,COUNCIL FOR QUALITY RESPIRATORY CARE,0.2733,-0.4997,umap,
client_02814,CREDIT KARMA AN INTUIT AFFILIATE,-0.0187,0.0958,umap,
client_02815,EMPIRICAL FOODS (FKA BEEF PRODUCTS INC.),0.3938,-0.033,umap,
client_02816,FRONTERA RESOURCES CORPORATION,0.3781,0.232,umap,
client_02817,FUTURES INDUSTRY ASSOCIATION,-0.3313,-0.1198,umap,
client_02818,"HEALTHCARE ASSOCIATION OF NEW YORK STATE, INC.",-0.2726,0.3226,umap,
client_02819,HOUSTON FIREFIGHTERS RELIEF AND RETIREMENT FUND,0.448,-0.2268,umap,
client_02820,IDEMIA CIVIL IDENTITY NA LLC,0.1517,-0.1108,umap,
client_02821,INTERNATIONAL INFORMATION SYSTEM SECURITY CERTIFICATION CONSORTIUM,-0.1281,-0.1215,umap,
client_02822,INTRAFI NETWORK,-0.0089,0.2977,umap,
client_02823,JOINT COUNCIL OF ALLERGY ASTHMA & IMMUNOLOGY D/B/A ADVOCACY COUNCIL OF ACAAI,0.2876,-0.3038,umap,
client_02825,"KOHL'S DEPARTMENT STORES, INC.",0.2668,-0.2129,umap,
client_02826,"KOREA ZINC COMPANY, LTD.",0.3546,0.0784,umap,
client_02827,LANZAJET INC,0.2185,0.0288,umap,
client_02828,LOGICAL STRATEGIES LLC,0.36,0.1309,umap,
client_02829,MANAGEYOURID,-0.1182,-0.1716,umap,
client_02830,MONDELEZ GLOBAL LLC (SUCCESSOR BY MERGER TO CLIF BAR & COMPANY),0.3341,-0.018,umap,
client_02831,NATIONAL ASSOCIATION FOR SURFACE FINISHING,0.0766,-0.4032,umap,
client_02833,NATIONAL RETAIL FEDERATION,0.6115,0.5015,umap,
client_02834,NEW JERSEY HOSPITAL ASSOCIATION,-0.4746,-0.0725,umap,
client_02835,PADRON CIGARS,0.6822,-0.2085,umap,
client_02836,"REYES HOLDING, L.L.C",0.4696,-0.2086,umap,
client_02837,SANDY HOOK PROMISE ACTION FUND (FKA SANDY HOOK PROMISE (SHP),0.1258,0.1148,umap,
client_02838,SELLERS DORSEY,-0.4746,-0.07,umap,
client_02839,SEMPRA ENERGY,0.2923,-0.1387,umap,
client_02840,SIERRA NEVADA CORPORATION,-0.1951,-0.1244,umap,
client_02841,"SONOSITE, A SUBSIDIARY OF FUJIFILM (FORMERLY SONOSITE, INC.)",0.0479,-0.144,umap,
client_02842,TENET HEALTHCARE CORPORATION,0.277,-0.5027,umap,
client_02843,"TIBER CREEK GROUP (ON BEHALF OF EMD SERONO, INC.)",-0.2767,0.3232,umap,
client_02844,"TNC (US) HOLDINGS, INC. (FORMERLY NIELSEN)",0.032,0.0661,umap,
client_02845,UI LABS D/B/A MXD,-0.0748,-0.1217,umap,
client_02846,WAU HOLLAND STIFTUNG,0.2198,0.4434,umap,
client_02848,"ALTERA DIGITAL HEALTH (FKA ALLSCRIPTS HEALTHCARE SOLUTIONS, INC)",0.04,-0.2952,umap,
client_02849,SPECIALTY CROP FARM BILL ALLIANCE,0.3856,-0.0125,umap,
client_02850,KYOCERA INTERNATIONAL (FKA KYOCERA AVX),-0.0284,-0.2284,umap,
client_02851,SERVICENOW,0.555,-0.4144,umap,
client_02852,WESTERN ENERGY ALLIANCE,0.316,0.0832,umap,
client_02853,HOUSING AUTHORITY OF THE COUNTY OF SAN BERNARDINO (HACSB),-0.0851,0.677,umap,
client_02854,"ACT EDUCATION CORP (FKA ACT, INC.)",0.0732,0.1675,umap,
client_02855,AIRBOSS DEFENSE GROUP (FKA CRITICAL SOLUTIONS INTERNATIONAL),-0.1958,-0.1252,umap,
client_02856,AMALGAMATED BANK,0.0216,0.3286,umap,
client_02857,AMERICAN BURN ASSOCIATION,-0.082,0.6741,umap,
client_02858,APOTEX CORPORATION,0.5949,0.1765,umap,
client_02859,BIOMEDICAL RESEARCH FOUNDATION OF NORTHWEST LOUISIANA,0.5978,0.1789,umap,
client_02860,COALITION FOR STUDENT OPPORTUNITY AND SUCCESS,0.4675,-0.0973,umap,
client_02861,ENCORE CAPITAL GROUP,-0.0905,0.0762,umap,
client_02862,FIRST FOR INSPIRATION AND RECOGNITION OF SCIENCE AND TECHNOLOGY,0.4675,-0.0973,umap,
client_02863,"GARMIN INTERNATIONAL, INC. (FORMERLY REPORTED AS GARMIN LTD.)",0.4484,-0.2112,umap,
client_02864,INVEST IN UNITED STATES OF AMERICA (IIUSA),0.1661,-0.4822,umap,
client_02865,METRC LLC,0.3326,-0.0395,umap,
client_02866,"MITSUBISHI HEAVY INDUSTRIES AMERICA, INC.",0.3687,0.226,umap,
client_02867,"NEXTERA ENERGY, INC./FLORIDA POWER AND LIGHT COMPANY",0.2927,-0.1381,umap,
client_02868,"NMI HOLDINGS, INC.",0.0758,0.4754,umap,
client_02869,ROTECH HEALTHCARE INC.,-0.477,-0.0696,umap,
client_02870,SMITHS GROUP PLC,0.2112,0.1731,umap,
client_02872,THE CRANEWARE GROUP (F.K.A. SENTRY DATA SYSTEMS),-0.085,-0.2991,umap,
client_02873,THE SOLAR ENERGY INDUSTRIES ASSOCIATION,0.6066,-0.0405,umap,
client_02874,UNITED STATES ANTI-DOPING AGENCY,0.1296,0.1172,umap,
client_02875,"PLAINS COTTON GROWERS, INC.",0.3936,-0.0327,umap,
client_02876,LOEWS CORPORATION,-0.0309,0.0349,umap,
client_02877,OFFSHORE MARINE SERVICE ASSOCIATION,0.3121,0.5778,umap,
client_02878,COULSON AIRCRANE USA,-0.2105,-0.3966,umap,
client_02879,DXC TECHNOLOGY CO AND AFFILIATES,-0.1948,-0.1246,umap,
client_02880,"AIRBUS AMERICAS, INC.",-0.0229,-0.073,umap,
client_02881,AMERICAN FOREST AND PAPER ASSOCIATION,0.4499,-0.2113,umap,
client_02882,"CANCER TREATMENT CENTERS OF AMERICA GLOBAL, INC.",0.2768,-0.5027,umap,
client_02883,CHARM INDUSTRIAL,0.4436,0.1583,umap,
client_02884,CITY OF GLENDALE,-0.2371,-0.3767,umap,
client_02885,CITY OF ST. PAUL,-0.4573,0.1411,umap,
client_02886,COMMUNITY NEWS MEDIA LLC,0.1328,0.6066,umap,
client_02887,FERMAT CAPITAL MANAGEMENT,0.4518,-0.215,umap,
client_02888,"FRANKLIN RESOURCES, INC.",-0.3314,-0.1199,umap,
client_02889,"KEARNEY & COMPANY, P.C.",0.2839,0.4593,umap,
client_02890,MEDGENE LABS,0.3124,-0.047,umap,
client_02891,NATIONAL CREDITORS BAR ASSOCIATION,0.0153,0.322,umap,
client_02892,"NATIONAL GRID USA SERVICE COMPANY, INC. D/B/A NATIONAL GRID",0.3968,0.1521,umap,
client_02893,"NORTH AMERICAN INTERPIPE, INC.",0.6225,-0.054,umap,
client_02894,PACIFIC GAS AND ELECTRIC COMPANY,0.4736,-0.5772,umap,
client_02895,PROTECT AMERICA'S SMALL SELLERS COALITION (INFORMAL COALITION),0.4659,-0.2189,umap,
client_02896,REGIONAL TRANSPORTATION AUTHORITY (RTA),0.2256,0.0669,umap,
client_02897,RPM INTERNATIONAL INC,0.432,0.1558,umap,
client_02900,UNITED STATES CANNABIS COUNCIL FRA CANNABIS TRADE FEDERATION,-0.0191,0.1024,umap,
client_02901,AMERICAN PHARMACISTS ASSOCIATION,0.313,-0.2903,umap,
client_02902,NATIONAL PSORIASIS FOUNDATION,0.3045,-0.2962,umap,
client_02903,CHELAN COUNTY PUBLIC UTILITY DISTRICT,0.2797,0.1757,umap,
client_02904,"IOWA INTERSTATE RAILROAD, LTD",-0.2364,0.1748,umap,
client_02905,AMPUTEE COALITION,-0.0208,-0.2287,umap,
client_02906,AICPA ASSOCIATION OF INTERNATIONAL CERTIFIED PROFESSIONAL ACCOUNTANTS,-0.0165,0.1032,umap,
client_02907,AMERICAN ASSOCIATION OF VETERINARY MEDICAL COLLEGES (FKA ASSOCIATION OF AMERICAN,-0.121,0.3039,umap,
client_02908,ATNI,-0.1137,0.0435,umap,
client_02909,BANK POLICY INSTITUTE (FKA THE FINANCIAL SERVICES ROUNDTABLE),-0.0992,0.0462,umap,
client_02910,BIOMADE,-0.0409,-0.1539,umap,
client_02911,BLINK CHARGING COMPANY,0.1427,-0.0512,umap,
client_02912,BNSF RAILWAY CO,0.4483,-0.2138,umap,
client_02913,"BOARDWALK PIPELINE, LP",0.4459,0.1584,umap,
client_02914,"BYHEART, INC.",0.3204,0.0047,umap,
client_02915,CANADIAN INTERNATIONAL PHARMACY ASSOCIATION,0.5858,0.3476,umap,
client_02916,CARROLLTON REGIONAL MEDICAL CENTER,-0.3116,0.3204,umap,
client_02917,"CENCORA, INC. (FORMERLY AMERISOURCEBERGEN CORPORATION)",-0.1813,-0.0508,umap,
client_02918,"EXECUTIVE AFFILIATES, INC.",0.4681,-0.2083,umap,
client_02919,EXPAND ENERGY CORPORATION (FKA CHESAPEAKE ENERGY),0.4448,0.158,umap,
client_02921,GALLAUDET UNIVERSITY,0.169,-0.3241,umap,
client_02922,HENRY SCHEIN,0.3032,-0.297,umap,
client_02923,HILCORP ENERGY COMPANY,0.3802,0.2336,umap,
client_02924,HORIZON THERAPEUTICS USA INC,-0.1237,-0.3332,umap,
client_02925,INTERNATIONAL FRANCHISE ASSOCIATION (IFA),0.2018,0.4559,umap,
client_02927,NEVADA SYSTEM OF HIGHER EDUCATION,0.1014,-0.0498,umap,
client_02928,NEW MEXICO STATE UNIVERSITY,-0.3093,-0.049,umap,
client_02929,PWC US GROUP LLP,-0.0133,0.2912,umap,
client_02930,"RACETRAC, INC.",-0.0827,0.0016,umap,
client_02931,SKYDIO,0.1651,-0.4792,umap,
client_02932,SPORTS BETTING ALLIANCE,-0.4052,0.3112,umap,
client_02933,THE MUNGER COMPANIES,0.3937,-0.0328,umap,
client_02934,U. S. CENTER FOR SAFESPORT,-0.0834,0.6755,umap,
client_02935,"U.S. VENTURE, INC. (FORMERLY U.S. OIL)",0.4492,-0.2102,umap,
client_02936,WATERWAYS COUNCIL INC.,0.311,0.5768,umap,
client_02937,CONSCIOUS DISCIPLINE,0.5858,0.3477,umap,
client_02938,GREATER CLEVELAND PARTNERSHIP,0.1498,-0.1133,umap,
client_02939,CEDARS-SINAI MEDICAL CENTER,0.6002,0.1812,umap,
client_02940,"KPC GLOBAL MANAGEMENT, LLC",-0.4901,-0.0984,umap,
client_02941,NATIONAL PARK FOUNDATION,0.1693,-0.3246,umap,
client_02942,10X GENOMICS,0.2935,-0.3275,umap,
client_02943,"AEROSTAR INTERNATIONAL, LLC",-0.2272,-0.3927,umap,
client_02944,"AMERICAN CHIROPRACTIC ASSOCIATION, INC.",-0.0255,-0.2342,umap,
client_02945,APEX CLEAN ENERGY,0.3953,0.1528,umap,
client_02946,"AURORA INNOVATION, INC.",0.1685,-0.0027,umap,
client_02947,BOISE STATE UNIVERSITY,-0.0845,0.6767,umap,
client_02948,BROKER ACTION COALITION,-0.3215,-0.1079,umap,
client_02949,DIRECTORS GUILD OF AMERICA,0.0486,0.0635,umap,
client_02950,ECOLAB,0.1919,0.1279,umap,
client_02951,ENERGIA NATURALIS AND PPD GROUP,0.3695,0.2259,umap,
client_02952,ENERGY MARKETERS OF AMERICA,0.1876,0.0299,umap,
client_02953,"FRESENIUS MEDICAL CARE HOLDINGS, INC.",-0.4899,-0.0981,umap,
client_02954,"ICON TECHNOLOGY, INC.",-0.1223,-0.1608,umap,
client_02955,JOHN DEERE,0.3943,-0.0337,umap,
client_02956,"LEIDOS HOLDINGS, INC.",-0.0642,-0.1516,umap,
client_02957,LOS ANGELES COUNTY,0.242,0.0228,umap,
client_02958,NATIONAL AIR TRAFFIC CONTROLLERS ASSOCIATION,-0.1429,-0.1614,umap,
client_02959,NATIONAL BLEEDING DISORDER FOUNDATION (FKA NATIONAL HEMOPHILIA FOUNDATION),0.3138,-0.29,umap,
client_02960,NATIONAL CREDIT ALLIANCE,-0.3379,-0.139,umap,
client_02962,NLIGHT CORPORATION,-0.2267,-0.388,umap,
client_02963,ROCHESTER REGIONAL HEALTH,0.2894,-0.3155,umap,
client_02964,SANTA CLARA VALLEY TRANSPORTATION AUTHORITY,0.2273,0.0686,umap,
client_02965,THE AMPUTEE COALITION,0.3251,-0.3064,umap,
client_02966,UNIVERSITY OF CONNECTICUT,-0.0102,-0.1295,umap,
client_02967,UNIVERSITY OF MASSACHUSETTS AMHERST,-0.1192,-0.1702,umap,
client_02968,US OCEAN LLC,0.3109,0.5767,umap,
client_02969,"VAISALA, INC.",0.4616,0.0087,umap,
client_02970,W DIAMOND GROUP CORPORATION,0.5922,-0.0334,umap,
client_02971,"REMITLY GLOBAL, INC.",-0.0792,0.054,umap,
client_02972,"GREIF, INC.",0.2928,0.1322,umap,
client_02973,RISK & INSURANCE MANAGEMENT SOCIETY INC,-0.2509,-0.5344,umap,
client_02974,"PELOTON INTERACTIVE, INC.",-0.2407,-0.2025,umap,
client_02975,ASSOCIATION OF SCHOOLS AND PROGRAMS OF PUBLIC HEALTH (OLD: ASSOCIATION OF SCHOOL,0.5344,0.1031,umap,
client_02976,"BELLWETHER DISTRICT HOLDINGS, LLC",0.2222,0.0152,umap,
client_02977,BINANCE HOLDINGS LTD.,-0.0256,0.0962,umap,
client_02978,CLOVER HEALTH,-0.2796,0.3388,umap,
client_02979,CONSERVATION TRUST OF PUERTO RICO,0.0687,-0.5268,umap,
client_02980,FINANCIAL ACCOUNTING FOUNDATION,0.2835,0.4593,umap,
client_02981,FREEPORT LNG EXPANSION,0.3946,0.1529,umap,
client_02982,INSTITUTE FOR GENE THERAPIES,-0.4899,-0.0975,umap,
client_02983,INTREPID POTASH INC.,0.3057,0.0423,umap,
client_02984,"JOSHCO GROUP, LLC",0.1108,0.4357,umap,
client_02985,KEURIG DR PEPPER INC. AND AFFILIATES,0.3193,-0.0273,umap,
client_02986,LINKEDIN,0.0751,0.0985,umap,
client_02987,"MONOLITH MATERIALS, INC.",0.334,0.2008,umap,
client_02988,PEACE OFFICERS RESEARCH ASSOCIATION OF CALIFORNIA,0.1253,0.2051,umap,
client_02989,POLARIS CONSULTING,0.449,-0.2083,umap,
client_02990,SOUTHERN AIRWAYS EXPRESS,0.1293,-0.0578,umap,
client_02991,S&P GLOBAL MOBILITY (FORMERLY KNOWN AS IHS MARKIT D/B/A R.L. POLK & CO.),0.2293,0.4516,umap,
client_02992,TAMPA GENERAL HOSPITAL,-0.2904,0.3274,umap,
client_02993,OMAHA PUBLIC POWER DISTRICT,0.1315,0.0278,umap,
client_02994,LOS ANGELES COUNTY METROPOLITAN TRANSPORTATION AUTHORITY,0.2277,0.0688,umap,
client_02995,REGULATORY RELIEF COALITION,-0.483,-0.0663,umap,
client_02996,"HF MANAGEMENT SERVICES, LLC FKA HEALTHFIRST",-0.181,-0.0511,umap,
client_02997,US - CHINA BUSINESS COUNCIL,0.6062,-0.0409,umap,
client_02998,ACCENTURE LLP,0.1883,0.0292,umap,
client_02999,AMERICAN CHEMISTRY COUNCIL,0.7133,0.1822,umap,
client_03000,AMERICAN SOCIETY OF TRANSPLANTATION,-0.5044,-0.1158,umap,
client_03001,AMPLIFON USA,0.2893,-0.3142,umap,
client_03002,ATLANTA REGIONAL COMMISSION,0.1745,-0.0691,umap,
client_03003,BAYLOR COLLEGE OF MEDICINE,-0.2268,0.1657,umap,
client_03004,CENTRAL UTAH WATER CONSERVANCY DISTRICT,0.1802,0.0883,umap,
client_03005,CITY OF NORTH LAS VEGAS,0.148,-0.1156,umap,
client_03006,CLEANING COALITION OF AMERICA,0.0872,0.1459,umap,
client_03007,EL PASO WATER UTILITIES -- PUBLIC SERVICE BOARD DBA EL PASO WATER,0.186,0.0867,umap,
client_03008,EPS INDUSTRY ALLIANCE,0.4116,-0.3085,umap,
client_03009,FAIR CREDIT COALITION,0.4673,-0.2084,umap,
client_03010,FAMILY FARM ALLIANCE,0.2803,0.0613,umap,
client_03011,FREEPOINT COMMODITIES LLC,0.0774,-0.4032,umap,
client_03012,GALT AEROSPACE AND AFFILIATES,-0.243,-0.3771,umap,
client_03013,GENERAL FUSION INC.,0.2781,0.1742,umap,
client_03014,GINKGO BIOWORKS,-0.0538,-0.1538,umap,
client_03015,H&R BLOCK,-0.0957,0.063,umap,
client_03016,"IEX GROUP, INC.",-0.3347,-0.133,umap,
client_03017,INDIAN GAMING ASSOCIATION,-0.0176,0.104,umap,
client_03018,INSTITUTE OF INTERNATIONAL EDUCATION,-0.3573,-0.4085,umap,
client_03019,MARTIN'S POINT HEALTHCARE INC.,-0.0288,-0.23,umap,
client_03020,NEMOURS CHILDREN'S HEALTH,0.3573,-0.2825,umap,
client_03021,OLD HARBOR NATIVE CORPORATION,-0.0761,-0.1041,umap,
client_03022,POLICYLINK,0.3187,-0.0271,umap,
client_03023,"PRIMERICA, INC.",-0.1798,-0.0509,umap,
client_03024,PRIVATE INVESTOR COALITION,0.4689,-0.2073,umap,
client_03025,PUBLIC SERVICE ENTERPRISE GROUP,0.3955,0.1526,umap,
client_03026,ROBERT BOSCH LLC,0.1865,0.157,umap,
client_03027,"SOUND PHYSICIANS (FKA SOUND INPATIENT PHYSICIANS, INC.)",-0.1214,-0.3409,umap,
client_03028,"SPIDER STRATEGIES, INC.",-0.2415,-0.3784,umap,
client_03029,"SPIRIT AEROSYSTEMS, INC.",-0.2398,-0.202,umap,
client_03030,THE AMALGAMATED SUGAR COMPANY LLC,0.3169,-0.0007,umap,
client_03031,VANGUARD,-0.3353,-0.1343,umap,
client_03032,VICTIMS OF TERRORISM - SUDAN AND EAST AFRICA,-0.3573,-0.4085,umap,
client_03033,WEBBANK,-0.009,0.2983,umap,
client_03034,"WSP USA (FKA AS PARSONS BRINCKERHOFF, INC.)",0.1347,-0.0772,umap,
client_03035,QUINAULT INDIAN NATION,0.2904,0.059,umap,
client_03036,NATIONAL HUMANITIES ALLIANCE,0.1697,-0.3256,umap,
client_03037,ABBVIE INC.,-0.2513,-0.5347,umap,
client_03038,ACT FOR NIH: ADVANCING CURES TODAY,-0.0853,0.6775,umap,
client_03039,ADEIA,0.0892,-0.4483,umap,
client_03040,ADOBE INC.,0.1258,0.2057,umap,
client_03041,"ANTHEM, INC.",-0.0215,-0.2315,umap,
client_03042,BOMBARDIER RECREATIONAL PRODUCTS,0.1917,0.1274,umap,
client_03043,CITY OF JACKSONVILLE,-0.1527,-0.1286,umap,
client_03044,ETSY,0.2645,-0.2091,umap,
client_03045,FLUOR,-0.0657,-0.1505,umap,
client_03046,MEDICAL UNIVERSITY HOSPITAL AUTHORITY,0.3574,-0.2825,umap,
client_03047,METROPOLITAN ATLANTA RAPID TRANSIT AUTHORITY,0.2258,0.0672,umap,
client_03048,"MODIVCARE SOLUTIONS, LLC",0.2757,-0.5022,umap,
client_03049,NATIONAL ASSOCIATION OF CHRONIC DISEASE DIRECTORS,0.5584,-0.4296,umap,
client_03050,NATIONAL ASSOCIATION OF TRAILER MANUFACTURERS,0.3574,-0.1204,umap,
client_03051,NOKIA OF AMERICA CORPORATION (FORMERLY KNOWN AS ALCATEL-LUCENT USA INC.),0.4512,-0.2096,umap,
client_03052,OWENS CORNING CORPORATION,0.6076,-0.0407,umap,
client_03053,PODIMETRICS,0.3236,-0.3082,umap,
client_03054,REPRODUCTIVE FREEDOM FOR ALL,0.0916,0.1965,umap,
client_03055,"SAM ACTION, INC.",0.0729,0.1683,umap,
client_03056,SANTA CLARA COUNTY HOUSING AUTHORITY,0.076,0.4753,umap,
client_03057,SHIRLEY RYAN ABILITYLAB,0.329,-0.3,umap,
client_03058,SMALL UAV COALITION,0.1614,0.0773,umap,
client_03059,SOCIETY OF HOSPITAL MEDICINE,0.0406,-0.2981,umap,
client_03060,"STEELCASE, INC.",0.0847,0.0155,umap,
client_03061,THE POKEMON COMPANY INTERNATIONAL,0.6081,-0.041,umap,
client_03062,"TRC COMPANIES, INC.",0.1892,0.0267,umap,
client_03063,UNIVERSITY OF NORTH DAKOTA,0.5367,-0.4179,umap,
client_03064,"ZAYO GROUP, LLC",0.1357,0.6042,umap,
client_03065,UNIVERSITY OF HOUSTON SYSTEM,0.5346,-0.4183,umap,
client_03066,GENERAL DYNAMICS CORPORATION,-0.1109,-0.0955,umap,
client_03067,"NEWSMAX, INC. F/K/A NEWSMAX MEDIA, INC.",0.1415,0.599,umap,
client_03068,IRIDIUM COMMUNICATIONS,0.1355,0.6044,umap,
client_03069,OPTICA (FKA THE OPTICAL SOCIETY),-0.0829,0.6752,umap,
client_03070,POKAGON BAND OF POTAWATOMI,-0.0385,0.1402,umap,
client_03071,SAN DIEGO ASSOCIATION OF GOVERNMENTS (SANDAG),0.1688,-0.1221,umap,
client_03072,THE COLLEGE ENTRANCE EXAMINATION BOARD,0.4675,-0.0973,umap,
client_03073,AMERICAN GREAT LAKES PORTS ASSOCIATION,0.3109,0.5768,umap,
client_03074,AUSTAL USA,-0.0875,0.6802,umap,
client_03075,"AXON ENTERPRISE, INC.",-0.1401,-0.1361,umap,
client_03076,"BUCKEYE PARTNERS, L.P.",0.1876,-0.0161,umap,
client_03077,CALIFORNIA LIFE SCIENCES,0.4825,-0.3962,umap,
client_03078,CERUS CORPORATION,-0.4063,-0.0134,umap,
client_03079,COALITION FOR THE NORTHEAST CORRIDOR,0.225,0.0689,umap,
client_03080,CONFEDERATED TRIBES OF GRAND RONDE,-0.4206,-0.4654,umap,
client_03081,"COUNTY OF LOS ANGELES, CALIFORNIA",0.3055,-0.2978,umap,
client_03082,CRESCENT PEAK RENEWABLES,0.3525,0.0775,umap,
client_03083,DAIICHI SANKYO INC,-0.4906,-0.0974,umap,
client_03084,GENERAL ATOMICS AERONAUTICAL SYSTEMS,-0.1158,-0.17,umap,
client_03085,HIGHLAND ELECTRIC TRANSPORTATION,0.2253,0.0674,umap,
client_03086,ILLINOIS SOYBEAN ASSOCIATION,0.2779,0.0007,umap,
client_03087,"KABBAGE, INC.",-0.2366,0.1749,umap,
client_03088,"KERN OIL & REFINING CO., DBA KERN ENERGY (FKA KERN OIL & REFINING COMPANY)",0.3949,0.1528,umap,
client_03089,MESSER,0.2834,-0.0344,umap,
client_03090,"MODERNA, INC.",0.0733,-0.2192,umap,
client_03092,NETJETS ASSOCIATION OF SHARED AIRCRAFT PILOTS,-0.2109,0.1373,umap,
client_03093,NIRON MAGNETICS,-0.076,-0.1032,umap,
client_03094,OCEANEERING INTERNATIONAL INC,0.1685,-0.123,umap,
client_03095,ONEONCOLOGY INC.,-0.1251,-0.3217,umap,
client_03096,PASHA GROUP,0.1254,-0.1037,umap,
client_03097,PROFESSIONAL ENGINEERS IN CALIFORNIA GOVERNMENT,0.3619,-0.1257,umap,
client_03098,"SAGE THERAPEUTICS, INC.",-0.1107,-0.3135,umap,
client_03099,"SAP AMERICA, INC.",0.0724,0.0331,umap,
client_03100,"SAVING AMERICAS FAMILY ENTERPRISES, INC.",0.4719,-0.2062,umap,
client_03101,SEA GRANT ASSOCIATION,0.5303,0.1001,umap,
client_03102,SHEE ATIKA INC.,0.1331,-0.1029,umap,
client_03103,SILA NANOTECHNOLOGIES INC.,0.2926,-0.1383,umap,
client_03104,SMARTBIZ LOANS,0.2099,0.45,umap,
client_03105,Y,-0.0836,0.676,umap,
client_03106,AMERICAN SUNTANNING ASSOCIATION,0.4492,-0.2104,umap,
client_03107,MASTERCARD,0.2596,-0.2106,umap,
client_03108,ENCOURA (FORMERLY NAT'L RESEARCH CTR FOR COLLEGE AND UNIVERSITY ADMISSIONS),-0.0997,-0.1448,umap,
client_03109,COMMAND STRATEGIES ON BEHALF OF NORTHERN ARIZONA UNIVERSITY,-0.0756,-0.1243,umap,
client_03110,ANSCHUTZ CORPORATION,0.3684,0.2257,umap,
client_03111,BROWN-FORMAN,-0.2264,0.1653,umap,
client_03112,CALIFORNIA STATE COASTAL CONSERVANCY,0.5301,0.0998,umap,
client_03113,COLUSA INDIAN COMMUNITY,0.3691,0.2239,umap,
client_03114,"CRUISE LINES INTERNATIONAL ASSOCIATION, INC.",-0.4069,-0.262,umap,
client_03115,"HERITAGE HEALTH SOLUTIONS, INC.",-0.0249,-0.2305,umap,
client_03116,KANSAS CITY AREA TRANSPORTATION SYSTEM (FKA KC AREA TRANSPORTATION AUTHORITY),0.3556,-0.1187,umap,
client_03117,KANSAS DEPARTMENT OF COMMERCE,0.0914,0.1991,umap,
client_03118,MATTRESS FIRM,0.1663,-0.6063,umap,
client_03119,MILITARY SUPPORT COALITION,-0.1167,-0.1703,umap,
client_03120,MP MATERIALS,-0.073,-0.1666,umap,
client_03121,NATIONAL ASSOCIATION OF LOCAL HOUSING FINANCE AGENCIES,-0.2409,0.179,umap,
client_03123,NISQUALLY INDIAN TRIBE,-0.041,-0.154,umap,
client_03124,POSIT SCIENCE,-0.0219,-0.2336,umap,
client_03125,"REPUBLIC SERVICES, FORMERLY REPORTED AS U.S. ECOLOGY",0.5298,0.0998,umap,
client_03126,SANDVINE,0.211,-0.1586,umap,
client_03127,"SOCIAL FINANCE, INC.",0.1695,-0.3249,umap,
client_03128,START EARLY (FOR FIRST FIVE YEARS FUND) FKA OUNCE OF PREVENTION (FOR FFYF),-0.1199,0.3052,umap,
client_03129,THE LINCOLN ELECTRIC COMPANY,0.6002,-0.0368,umap,
client_03130,VAPOR TECHNOLOGY ASSOCIATION,-0.2276,0.1663,umap,
client_03131,WALKER & DUNLOP INC.,-0.2126,0.0391,umap,
client_03132,"LAKEMOOR VENTURES, LLC",0.3525,0.0777,umap,
client_03133,3M HEALTH INFORMATION SYSTEMS,-0.2931,0.3263,umap,
client_03134,ADVANCED MEDICAL TECHNOLOGY ASSOCIATION,0.019,0.0123,umap,
client_03135,"AIR LINE PILOTS ASSOCIATION, INTERNATIONAL",-0.3829,-0.6192,umap,
client_03136,ALLEGIANT TRAVEL COMPANY,0.4665,-0.2096,umap,
client_03137,"ANDURIL INDUSTRIES, INC",0.1598,0.0801,umap,
client_03138,CACI INTERNATIONAL INC.,-0.2299,-0.3977,umap,
client_03139,CENTENE CORPORATION,0.3552,-0.2838,umap,
client_03140,"DELL TECHNOLOGIES, INC.",-0.1101,0.044,umap,
client_03141,GENENTECH,-0.1247,-0.3309,umap,
client_03142,IDEMIA IDENTITY & SECURITY USA LLC,0.165,-0.4782,umap,
client_03143,INNOCENCE PROJECT,-0.113,-0.0436,umap,
client_03145,IVANHOE MINES LTD.,0.3533,0.0778,umap,
client_03147,LONGI SOLAR TECHNOLOGY (US) INC.,0.2864,-0.1327,umap,
client_03148,LUGERT-ALTUS IRRIGATION DISTRICT,0.3343,-0.039,umap,
client_03149,MEDIATEK USA INC.,-0.2271,-0.2086,umap,
client_03150,NEBIUS GROUP N.V. (FKA YANDEX N.V.),0.623,-0.0542,umap,
client_03151,"NUCLEAR ENERGY SYSTEMS OF UKRAINE, LLC",0.3649,0.2215,umap,
client_03152,OCHSNER HEALTH SYSTEM,-0.2861,0.3353,umap,
client_03153,PERMA-FIX ENVIRONMENTAL SERVICES,0.3691,0.226,umap,
client_03154,PONCE HEALTH SCIENCES UNIVERSITY,0.2941,-0.3066,umap,
client_03155,RARE DISEASE COMPANY COALITION,-0.1275,-0.3219,umap,
client_03156,RED RIVER,0.2267,0.4475,umap,
client_03158,SIXAXIS LLC,0.0796,0.0989,umap,
client_03159,SOCIETY OF GENERAL INTERNAL MEDICINE,0.2865,-0.3027,umap,
client_03160,SPR THERAPEUTICS,-0.2914,0.3277,umap,
client_03161,"STRIDE INC. (F/K/A K12, INC.)",0.1692,-0.3246,umap,
client_03162,TALON NICKEL (USA) LLC,0.189,0.1575,umap,
client_03163,"TEMPLE UNIVERSITY HEALTH SYSTEM, INC.",-0.4847,-0.0658,umap,
client_03164,THE UNIVERSITY OF TULSA,-0.1171,-0.1725,umap,
client_03165,TRAVEL MANAGEMENT COALITION,0.1652,-0.0029,umap,
client_03166,"TWO SIGMA INVESTMENTS, LP",-0.3311,-0.1192,umap,
client_03167,"UCB, INC.",-0.251,-0.5345,umap,
client_03168,VALLEY METRO,0.2364,-0.0078,umap,
client_03169,"NATIONAL ORGANIZATION OF VETERANS' ADVOCATES, INC.",0.1108,0.4354,umap,
client_03170,FIVE POINT OPERATING COMPANY,-0.0746,0.6691,umap,
client_03171,INSTITUTIONAL SHAREHOLDER SERVICES,-0.2267,0.1649,umap,
client_03172,WUXI APPTEC SALES LLC,-0.5094,-0.1229,umap,
client_03173,"LANNETT COMPANY, INC",0.5857,0.3477,umap,
client_03174,ENEL NORTH AMERICA INC AND ITS AFFILIATES,0.09,-0.0506,umap,
client_03175,HILLSBOROUGH COUNTY AVIATION AUTHORITY,0.1613,0.0773,umap,
client_03176,AMEREN,0.4447,0.1576,umap,
client_03177,AMERICA'S ESSENTIAL HOSPITALS,-0.4788,-0.0686,umap,
client_03178,ARM HOLDINGS PLC,0.208,0.1637,umap,
client_03179,ASSOCIATION OF AMERICAN PUBLISHERS,0.0782,0.0838,umap,
client_03180,BROWN-FORMAN CORPORATION,0.2689,-0.2166,umap,
client_03181,CANAVERAL PORT AUTHORITY,0.1753,-0.0349,umap,
client_03182,CHILDREN'S HOSPITAL ASSOCIATION,0.0385,-0.294,umap,
client_03183,COINSTAR,0.3362,0.4472,umap,
client_03184,COMMUNITY MEDICAL CENTERS,0.275,-0.501,umap,
client_03185,"COSENTINO, S.A.U.",0.2686,-0.2189,umap,
client_03186,"COUPANG, INC.",0.6154,-0.041,umap,
client_03187,CRRC MA CORPORATION,0.1283,-0.1038,umap,
client_03188,CYSTIC FIBROSIS FOUNDATION,-0.1213,-0.3409,umap,
client_03189,DOUGHERTY COUNTY COMMISSION,-0.0851,0.6769,umap,
client_03190,"GEOST, INC.",-0.1171,-0.1706,umap,
client_03191,GRUP IMMOBILIARI CIERCO,0.025,0.3318,umap,
client_03192,LIGHTHOUSE RESOURCES INC. AND ITS SUBSIDIARIES,0.2096,0.1657,umap,
client_03193,MAIN STREET SPORTS GROUP DBA FANDUEL SPORTS NETWORK,0.1987,0.4819,umap,
client_03195,OMIDYAR NETWORK SERVICES LLC,0.0738,0.0944,umap,
client_03196,PACIFIC GAS AND ELECTRIC COMPANY (FORMERLY PG&E CORPORATION),0.4457,-0.2178,umap,
client_03197,SASOL CHEMICALS USA LLC (THROUGH HARRIS DEVILLE AND ASSOCIATES),0.1157,0.0699,umap,
client_03198,"SIGNIFY (F.K.A. REMEDY BPCI PARTNERS, LLC)",0.2936,-0.328,umap,
client_03199,UNIVERSITY OF ARIZONA,-0.0032,-0.1249,umap,
client_03200,USTC,0.2714,-0.2161,umap,
client_03201,YAHOO MEDIA (FORMERLY REPORTING AS OATH INC AND VARIOUS SUBSIDIARIES),0.04,-0.2955,umap,
client_03202,UTILITY WORKERS UNION OF AMERICA,0.3307,0.1979,umap,
client_03203,COMMUNITY DEVELOPMENT CORPORATIONS,0.1749,0.4292,umap,
client_03204,BROOKFIELD ASSET MANAGEMENT,0.4574,-0.2185,umap,
client_03205,CARBON UTILIZATION RESEARCH COUNCIL (FORMERLY COAL UTILIZATION RESEARCH COUNCIL),0.4616,0.0306,umap,
client_03206,HDNET LLC,0.2212,0.4406,umap,
client_03208,AIS HEALTHCARE,0.2936,-0.3276,umap,
client_03209,AMERICAN WATER WORKS ASSOCIATION,0.3939,-0.033,umap,
client_03210,AMERICA'S VETDOGS,-0.2409,-0.3777,umap,
client_03211,ANTHEIA,-0.0276,-0.2289,umap,
client_03212,BAXTER HEALTHCARE CORPORATION,0.2857,-0.3048,umap,
client_03213,CHUGACH ALASKA CORP,0.1334,-0.0772,umap,
client_03214,CIENA CORPORATION,-0.0422,-0.0783,umap,
client_03215,CONSUMER BANKERS ASSOCIATION,-0.181,0.0836,umap,
client_03216,"COUNCIL FOR INVESTOR RIGHTS AND CORPORATE ACCOUNTABILITY, INC.",-0.3333,-0.1291,umap,
client_03217,"DIRECT SUPPLY, INC.",-0.3065,0.3226,umap,
client_03218,DISCOVERY COMMUNICATIONS LLC (FKA DISCOVERY COMMUNICATIONS),0.3943,-0.0332,umap,
client_03219,ELECTRICITY CONSUMERS RESOURCE COUNCIL (ELCON),0.3676,0.2255,umap,
client_03220,FEDERATED INDIANS OF THE GRATON RANCHERIA,0.3569,0.0789,umap,
client_03221,FIA / PTG,-0.3313,-0.1199,umap,
client_03223,IFM INVESTORS PTY LTD.,0.3552,-0.1183,umap,
client_03224,INTERNATIONAL FACILITY MANAGEMENT ASSN,0.3339,0.2008,umap,
client_03225,JOHNSON MATTHEY INC.,0.2138,0.1628,umap,
client_03226,KGL LOGISTICS,-0.2315,-0.3978,umap,
client_03228,"MITSUBISHI POWER AMERICAS, INC.",0.2931,-0.1385,umap,
client_03229,MOLEKULE GROUP,-0.4063,-0.0135,umap,
client_03230,NAREIT,-0.1808,-0.0507,umap,
client_03231,NATIONAL TOOLING AND MACHINING ASSOCIATION,-0.2433,-0.205,umap,
client_03232,NEAR AIRPORT PARKING INDUSTRY TRADE ASSOCIATION (NAPITA),-0.2128,0.0385,umap,
client_03233,PARA LA NATURALEZA INC,0.459,-0.2093,umap,
client_03234,PERIMETER SOLUTIONS,-0.3829,-0.6192,umap,
client_03235,PRECISION METALFORMING ASSOCIATION,-0.2403,-0.2022,umap,
client_03236,SHOSHONE-BANNOCK TRIBES,-0.4207,-0.4654,umap,
client_03237,SIG SAUER INC,-0.1935,-0.1248,umap,
client_03238,SOCIETY FOR INDUSTRIAL AND APPLIED MATHEMATICS,-0.1447,-0.1396,umap,
client_03239,SVB FINANCIAL GROUP,0.1564,-0.5398,umap,
client_03240,TAXBIT INC.,0.1346,-0.3795,umap,
client_03241,TECHNET,0.2262,0.4473,umap,
client_03242,TENNESSEE RURAL HEALTH IMPROVEMENT ASSOCIATION,-0.5059,-0.1164,umap,
client_03243,TIDAL BASIN,0.134,0.6055,umap,
client_03244,UMASS CHAN MEDICAL SCHOOL (FKA UNIVERSITY OF MASSACHUSETTS MEDICAL SCHOOL),-0.2443,-0.3775,umap,
client_03245,UNITED FOR MEDICAL RESEARCH,-0.1018,-0.2835,umap,
client_03246,VIRGINIA POLYTECHNIC INSTITUTE AND STATE UNIVERSITY (VIRGINIA TECH),0.1471,-0.1151,umap,
client_03247,VOITH HYDRO,0.1884,-0.0166,umap,
client_03248,YESHIVA UNIVERSITY,0.1682,-0.3237,umap,
client_03249,ZEKELMAN INDUSTRIES (FORMERLY KNOWN AS JMC STEEL GROUP),0.6099,-0.0416,umap,
client_03250,ANIMAL WELFARE INSTITUTE FKA SOCIETY FOR ANIMAL PROTECTIVE LEGISLATION,-0.1092,0.547,umap,
client_03251,NORTH FUND,0.1398,0.462,umap,
client_03252,ADP TOTALSOURCE,-0.2504,-0.534,umap,
client_03253,AK CHIN INDIAN COMMUNITY,0.3207,-0.0398,umap,
client_03254,AMERICAN CEMENT ASSOCIATION (FORMERLY PORTLAND CEMENT ASSOCIATION),0.3554,-0.1185,umap,
client_03255,ASSOCIATION OF BANKS IN LEBANON,0.023,0.3299,umap,
client_03256,CLARK COUNTY NV (OFFICE OF THE COUNTY MANAGER),0.0276,-0.1356,umap,
client_03257,"CURALEAF, INC.",0.0138,0.3207,umap,
client_03258,FINANCIAL SERVICES INSTITUTE,-0.0439,0.1488,umap,
client_03259,FMC CORPORATION,-0.3509,-0.0442,umap,
client_03260,FULBRIGHT UNIVERSITY VIETNAM USA,-0.1297,-0.1594,umap,
client_03261,HORIZON PHARMA,-0.0849,-0.2992,umap,
client_03262,INTELLECTUAL PROPERTY OWNERS ASSOCIATION,0.1882,0.4704,umap,
client_03263,LEARNING CARE GROUP,-0.0458,0.125,umap,
client_03264,"MASTER BOAT BUILDERS, INC.",0.1512,-0.1122,umap,
client_03265,NATIONAL ANIMAL INTEREST ALLIANCE,-0.1057,0.5477,umap,
client_03266,NATIONAL AUTOMOBILE DEALERS ASSOCIATION,0.0687,-0.5268,umap,
client_03267,NEW FLYER OF AMERICA INC.,0.106,-0.02,umap,
client_03268,NOMI HEALTH,-0.5097,-0.1228,umap,
client_03269,ONTARIO TEACHERS' PENSION PLAN,0.1347,-0.3794,umap,
client_03270,SACRAMENTO COUNTY,-0.0851,0.6773,umap,
client_03271,STARMAN HOTEL HOLDINGS LLC,-0.3364,-0.131,umap,
client_03272,STRIPE,-0.0198,0.0976,umap,
client_03273,THE EUROPEAN JEWISH CONGRESS,0.1666,-0.6066,umap,
client_03274,TIFFANY & CO,0.3377,0.0235,umap,
client_03275,TRINE UNIVERSITY,0.4683,-0.0978,umap,
client_03276,MICCOSUKEE TRIBE OF INDIANS OF FLORIDA,0.46,-0.2116,umap,
client_03277,"COUNTER BRANDS, LLC",0.1383,0.5861,umap,
client_03278,ACG ADVOCACY ON BEHALF OF MOTION PICTURE ASSOCIATION OF AMERICA,0.0892,-0.4491,umap,
client_03279,AMERICAN ASSOCIATION FOR HOMECARE (AAHOMECARE),-0.2943,0.3186,umap,
client_03280,ANTA SPORTS PRODUCTS LIMITED,0.5939,-0.0342,umap,
client_03281,ASSOCIATION OF O & C COUNTIES,0.3514,0.0765,umap,
client_03282,"AVATHON, INC.",-0.2314,-0.3981,umap,
client_03283,BERING STRAITS NATIVE CORPORATION,-0.2132,-0.3907,umap,
client_03285,"ELEVANCE HEALTH, INC.",0.0364,-0.2353,umap,
client_03286,"FERMACA DE MEXICO, S.A.R.L.",0.1883,0.1579,umap,
client_03287,"GODADDY, INC.",0.2221,0.4477,umap,
client_03288,GTS,-0.2434,-0.3777,umap,
client_03289,INFINEON TECHNOLOGIES AMERICA CORP.,0.04,-0.2954,umap,
client_03290,NATIONAL MOBILITY EQUIPMENT DEALERS ASSOCIATION,0.3582,-0.1276,umap,
client_03291,PEARL MOBILE DTV COMPANY LLC,0.1998,0.4824,umap,
client_03292,PHOENIX TAILINGS,-0.0736,-0.1708,umap,
client_03293,PINTEREST INC.,0.0398,-0.2962,umap,
client_03294,POINT OF CARE TESTING ASSOCIATION,0.2749,-0.5011,umap,
client_03295,"RENRE NORTH AMERICA HOLDINGS, INC.",0.4561,-0.21,umap,
client_03296,SECURING AMERICA'S FUTURE ENERGY FOUNDATION (SAFE),0.2898,-0.1345,umap,
client_03297,TD AMERITRADE HOLDING CORPORATION,-0.3382,-0.1396,umap,
client_03298,THE GEO GROUP,0.1692,-0.6014,umap,
client_03299,THE REHABILITATION INNOVATION CENTERS COALITION,0.2751,-0.5011,umap,
client_03300,TIBER CREEK GROUP (ON BEHALF OF MERCK & CO INC),0.2753,-0.501,umap,
client_03301,TRIBAL COUNCIL POARCH CREEK INDIANS,-0.4205,-0.4653,umap,
client_03302,W. L. GORE & ASSOCIATES,0.3609,0.1314,umap,
client_03303,"WIPRO, LLC",-0.0116,0.1031,umap,
client_03304,UTAH DEPARTMENT OF TRANSPORTATION,0.3538,-0.1171,umap,
client_03305,LEHIGH UNIVERSITY,-0.0511,-0.0454,umap,
client_03306,POWER TO DECIDE,-0.4901,0.3333,umap,
client_03307,"ARCH RESOURCES, INC. (FORMERLY ARCH COAL, INC.)",0.2792,0.1751,umap,
client_03308,"TRAVELERS COMPANIES, INC. AND SUBSIDIARIES",-0.0388,0.1266,umap,
client_03309,SUBURBAN HEALTH ORGANIZATION,0.2747,-0.5011,umap,
client_03310,"ACP TECHNOLOGIES, LLC",-0.2316,-0.4012,umap,
client_03311,ALLIANTGROUP,0.4698,-0.2079,umap,
client_03312,AMAG PHARMACEUTICAL,0.2754,-0.501,umap,
client_03313,AMERICAN ACADEMY OF PEDIATRIC DENTISTRY,0.3531,-0.2858,umap,
client_03314,ANALYTICAL GRAPHICS INC,-0.2288,-0.404,umap,
client_03315,"APPLIED MATERIALS, INC.",-0.082,-0.0651,umap,
client_03316,"ARTHUR J. GALLAGHER FINANCIAL SERVICES, INC.",-0.0434,0.1501,umap,
client_03317,ASSOCIATION OF CRITICAL CARE TRANSPORT,-0.1142,-0.2841,umap,
client_03318,"BAE SYSTEMS, INC.",-0.1176,-0.1748,umap,
client_03319,BANYAN COMMUNITY HEALTH CENTER,0.5584,-0.4297,umap,
client_03320,BEAM SUNTORY,-0.0223,-0.1882,umap,
client_03321,BIPARTISAN POLICY CENTER ADVOCACY NETWORK,0.1821,0.007,umap,
client_03322,"CAE USA, INC",0.1507,-0.1123,umap,
client_03323,CALIFORNIA HOSPITAL ASSOCIATION,-0.487,-0.0645,umap,
client_03324,"COALITION FOR CANNABIS POLICY, EDUCATION, AND REGULATION",0.3283,-0.0207,umap,
client_03325,COINFLIP,-0.0787,0.054,umap,
client_03326,EASTMAN KODAK COMPANY,0.2071,-0.0485,umap,
client_03327,FLORIDA HOSPITAL ASSOCIATION,0.0505,-0.3267,umap,
client_03328,"GHARDA CHEMICALS INTERNATIONAL, INC.",0.3324,-0.0392,umap,
client_03329,"GUARDIAN CENTERS OF GEORGIA, LLC",0.1665,-0.6066,umap,
client_03330,"GUNDERSEN LUTHERAN ADMINISTRATIVE SERVICES, INC.",0.2884,-0.3145,umap,
client_03331,HEALTH-E COMMERCE INCLUDING SUBSIDIARIES,-0.2511,-0.5345,umap,
client_03332,HEMATOLOGY ONCOLOGY PHARMACY ASSOCIATION,0.5601,-0.4312,umap,
client_03333,INTERNATIONAL FLAVORS & FRAGRANCES INC.,0.3625,-0.0012,umap,
client_03334,"IQVIA HOLDINGS, INC.",-0.5043,-0.1154,umap,
client_03335,IRIDIUM SATELLITE LLC,-0.213,-0.3911,umap,
client_03336,"MULTI SERVICE TECHNOLOGY SOLUTIONS, INC. (D/B/A TREVIPAY)",-0.1265,-0.1444,umap,
client_03337,NATIONAL JOB CORPS ASSOCIATON,-0.1413,-0.1601,umap,
client_03338,PARALLEL BRANDS INC (IN REPLACEMENT OF SURTERRA HOLDINGS INC ),-0.1817,0.0834,umap,
client_03339,PARAMOUNT GLOBAL (FORMERLY VIACOMCBS INC.),-0.022,-0.1883,umap,
client_03340,"PATINO & ASSOCIATES, P.A.",0.6229,-0.0541,umap,
client_03341,PERPETUA RESOURCES,-0.0881,-0.1601,umap,
client_03342,PRUDENTIAL INSURANCE COMPANY OF AMERICA,0.4482,-0.2259,umap,
client_03343,"SB ENERGY DEVCO (US), INC.",0.2916,-0.1369,umap,
client_03344,SECURITIES INDUSTRY & FINANCIAL MARKETS ASSN.,-0.0695,0.0346,umap,
client_03345,SOUTH FLORIDA REGIONAL TRANSPORTATION AUTHORITY,0.2239,0.0679,umap,
client_03346,THE DOW CHEMICAL COMPANY,0.3339,0.2008,umap,
client_03347,TOTAL MILITARY MANAGEMENT,-0.1153,-0.1691,umap,
client_03348,TRUCKEE RIVER FLOOD PROJECT,0.1797,0.0883,umap,
client_03349,TURNING POINT BRANDS,-0.0857,0.6785,umap,
client_03350,URANIUM ENERGY CORPORATION,0.2798,0.1756,umap,
client_03351,WEB 3.0 TECHNOLOGIES FOUNDATION,-0.3246,-0.1233,umap,
client_03352,WORLD ENERGY,0.4449,0.1578,umap,
client_03353,DECOMMISSIONING PLANT COALITION,0.2794,0.1762,umap,
client_03354,ADVANCE PUBLICATIONS,0.4488,-0.2157,umap,
client_03355,AFFORDABLE HEALTHCARE FOR AMERICANS,-0.4864,-0.065,umap,
client_03356,AMERICAN ASSOCIATION OF ORTHODONTISTS,0.0809,-0.0007,umap,
client_03357,ASSOCIATION FOR THE IMPROVEMENT OF AMERICAN INFRASTRUCTURE,0.2798,0.1754,umap,
client_03358,ASSOCIATION OF PUBLIC AND LAND-GRANT UNIVERSITIES,0.313,-0.0472,umap,
client_03359,"CITY OF GLENWOOD SPRINGS, CO",0.4061,0.6605,umap,
client_03360,CITY OF LAKEWOOD,0.1828,0.0064,umap,
client_03361,COALITION FOR AMERICAN ELECTRONICS RECYCLING,0.0714,0.0975,umap,
client_03362,COALITION TO HEAL INVISIBLE WOUNDS,-0.0276,-0.2289,umap,
client_03363,CONOCOPHILLIPS,0.4448,0.158,umap,
client_03364,ENHABIT HOME HEALTH & HOSPICE,0.2768,-0.5028,umap,
client_03366,FRESENIUS MEDICAL CARE NORTH AMERICA,-0.3086,0.3234,umap,
client_03367,GOOGLE CLIENT SERVICES LLC,0.1966,-0.0596,umap,
client_03368,INMARSAT PLC D/B/A INMARSAT AVIATION,0.1494,-0.1135,umap,
client_03369,INTERNATIONAL ASSOCIATION OF AMUSEMENT PARKS AND ATTRACTIONS,0.1623,-0.0028,umap,
client_03371,LAFAYETTE AIRPORT COMMISSION,0.1614,0.0771,umap,
client_03372,"MAVENIR SYSTEMS, INC.",0.134,0.6057,umap,
client_03373,MIDLAND BUSINESS ALLIANCE,-0.0845,0.6765,umap,
client_03374,MILLERCOORS LLC,0.2784,0.4596,umap,
client_03375,"MODERN TECHNOLOGY SOLUTIONS, INC.",-0.2286,-0.4021,umap,
client_03376,MUELLER WATER PRODUCTS,0.352,0.0773,umap,
client_03377,NUCOR CORPORATION,0.2117,0.1687,umap,
client_03378,"PERLES LAW FIRM, PC",0.1315,0.2118,umap,
client_03379,PFIZER,-0.5064,-0.1171,umap,
client_03380,PHARMACEUTICAL INDUSTRY LABOR MANAGEMENT ASSOCIATION (PILMA),-0.2824,0.3271,umap,
client_03381,PUBLIC HEALTH TRUST OF MIAMI-DADE COUNTY (ON BEHALF OF JACKSON HEALTH SYSTEMS),-0.2823,0.3266,umap,
client_03382,PUGET SOUND ENERGY,0.4529,-0.2065,umap,
client_03383,RAI SERVICES COMPANY (FORMERLY KNOWN AS REYNOLDS AMERICAN),0.0476,0.0643,umap,
client_03384,RTX CORPORATION AND AFFILIATES,-0.5195,-0.4965,umap,
client_03385,SOUNDTHINKING INC. ( FORMERLY KNOWN AS SHOTSPOTTER INC. ),0.1601,0.0802,umap,
client_03386,SOUTHEAST LOUISIANA FLOOD PROTECTION AUTHORITY EAST,0.1315,0.212,umap,
client_03387,"STANLEY BLACK & DECKER, INC.",0.2066,-0.0477,umap,
client_03388,SUQUAMISH TRIBE,-0.1181,-0.1747,umap,
client_03389,"TENASKA, INC.",0.4452,0.1594,umap,
client_03390,THE WALT DISNEY CORPORATION,0.1978,0.4801,umap,
client_03391,"URAC, INC.",-0.4782,-0.1137,umap,
client_03392,VERUS RESEARCH,-0.2116,-0.3942,umap,
client_03393,"AT&T SERVICES, INC (FORMERLY SBC COMMUNICATIONS, INC.)",0.1416,0.5988,umap,
client_03394,KLAMATH WATER USERS ASSOCIATION,0.2546,0.0908,umap,
client_03395,"ARCIMOTO, INC",0.4462,0.1561,umap,
client_03396,CITY OF BUENA PARK,0.1596,0.0795,umap,
client_03397,NORTH SAN DIEGO WATER REUSE COALITION,0.0766,-0.4033,umap,
client_03398,GRAPHIC PACKAGING INTERNATIONAL,0.2939,0.1313,umap,
client_03399,"AIRBUS AMERICAS, INC. (FORMERLY KNOWN AS AIRBUS GROUP, INC.)",-0.022,-0.1886,umap,
client_03400,ALLIANCE OF U.S. STARTUPS AND INVENTORS FOR JOBS,0.2676,-0.2133,umap,
client_03401,ALLSUP,-0.251,-0.5345,umap,
client_03402,CERION LLC,-0.2449,-0.3766,umap,
client_03403,CITY OF BATON ROUGE AND PARISH OF EAST BATON ROUGE,0.4062,0.6605,umap,
client_03404,COUNCIL OF FEDERAL HOME LOAN BANKS,0.0214,0.3285,umap,
client_03405,CUMBERLAND COMMUNITY IMPROVEMENT DISTRICT,0.3538,-0.117,umap,
client_03406,"EMD SERONO, INC.",-0.0261,-0.2349,umap,
client_03407,FIDELIS NEW ENERGY,0.4441,0.158,umap,
client_03408,HARBINGER MEDICAL GROUP LLC DBA TIDES MEDICAL,-0.2955,0.3281,umap,
client_03409,HIGHMARK HEALTH,0.0035,0.081,umap,
client_03410,IMAGINE LEARNING,0.1705,-0.3257,umap,
client_03411,JOBY AVIATION,0.1353,-0.0782,umap,
client_03412,"LUPUS FOUNDATION OF AMERICA (ON BEHALF OF MAPRX COALITION, AN LFA INITIATIVE).",0.2749,-0.5018,umap,
client_03413,"MCKINSEY AND COMPANY, INC.",0.1656,-0.6056,umap,
client_03414,NATIONAL ASSOCIATION FOR HOME CARE & HOSPICE,-0.3103,0.3217,umap,
client_03415,NIC FEDERAL LLC,-0.0882,0.6809,umap,
client_03416,"NUCLEAR ENERGY INSTITUTE, INC.",0.4438,0.1579,umap,
client_03417,OMNICELL,-0.29,0.3275,umap,
client_03418,OTC MARKETS,0.1347,-0.3794,umap,
client_03419,PERFORMANCE DRONE WORKS,-0.0878,0.6805,umap,
client_03420,REGIONAL TRANSPORTATION COMMISSION OF SOUTHERN NEVADA,0.3564,-0.1194,umap,
client_03421,ROBINHOOD,-0.3336,-0.1323,umap,
client_03422,"SENTINELONE, INC.",0.1655,-0.4793,umap,
client_03423,"SKYNRG AMERICAS, INC.",0.4459,0.1584,umap,
client_03424,TDX CORP,0.2268,0.0681,umap,
client_03426,THE INSTITUTE FOR OPERATIONS RESEARCH AND THE MANAGEMENT SCIENCES (INFORMS),0.123,0.2016,umap,
client_03427,UNIVERSITY OF PENNSYLVANIA PERELMAN SCHOOL OF MEDICINE,0.3218,-0.2863,umap,
client_03428,WK KELLOGG CO (FKA KELLOGG COMPANY),0.3859,-0.0126,umap,
client_03429,BIOREFERENCE LABORATORIES AN OPKO HEALTH COMPANY,-0.4933,-0.0951,umap,
client_03430,NEPHRON PHARMACEUTICALS CORPORATION,-0.251,-0.5345,umap,
client_03431,TWIST BIOSCIENCE CORPORATION,-0.4056,-0.014,umap,
client_03432,BAPTIST HEALTHCARE SYSTEM,-0.3111,0.2844,umap,
client_03433,A PLACE FOR ROVER,-0.0403,0.1546,umap,
client_03434,"AEROJET ROCKETDYNE, AN L3HARRIS TECHNOLOGIES CO (FKA AEROJET ROCKETDYNE INC.)",-0.1758,-0.0819,umap,
client_03435,AIR METHODS CORPORATION,-0.3111,0.2843,umap,
client_03436,ALLISON TRANSMISSION INCORPORATED,-0.2452,-0.3764,umap,
client_03437,AMERICAN FOUNDRY SOCIETY,0.2128,0.1652,umap,
client_03438,AN ACHIEVABLE DREAM ACADEMIES,0.1693,-0.3247,umap,
client_03439,"ANNALY CAPITAL MANAGEMENT, INC.",-0.1087,-0.0957,umap,
client_03440,APPRAISAL INSTITUTE,0.0172,0.3237,umap,
client_03441,"ARENA OFFSHORE, LP",0.3526,0.0777,umap,
client_03442,ARMIS,0.211,-0.1586,umap,
client_03443,BEAST CODE,-0.2442,-0.3776,umap,
client_03444,"BEONE MEDICINES ( FORMERLY KNOWN AS BEIGENE USA, INC.)",0.1032,-0.1671,umap,
client_03445,BIG 12 CONFERENCE,0.4675,-0.0973,umap,
client_03446,"BIODESIX, INC.",-0.1214,-0.3409,umap,
client_03447,CARE IN ACTION,0.0874,0.152,umap,
client_03448,"CASA SYSTEMS, INC.",0.1336,0.6059,umap,
client_03449,CENTER FOR POLICING EQUITY,0.0422,-0.2981,umap,
client_03450,CHILDREN'S HOSPITAL COLORADO,-0.1214,-0.3409,umap,
client_03451,CITY AND BOROUGH OF SITKA,0.4612,0.0305,umap,
client_03452,CITY OF WEST SACRAMENTO,0.2209,0.0104,umap,
client_03453,COASTAL VILLAGES REGION FUND,0.311,0.5768,umap,
client_03454,COLORADO SPRINGS UTILITIES,0.1875,0.0283,umap,
client_03455,COMMON CAUSE,-0.1528,-0.1284,umap,
client_03456,"COUNTY OF ORANGE, CALIFORNIA",-0.1175,0.3019,umap,
client_03457,"DONNELLEY FINANCIAL SOLUTIONS, INC.",-0.0278,0.0947,umap,
client_03458,"ENDO USA, INC., A MALLINCKRODT-ENDO COMPANY",-0.1546,-0.3322,umap,
client_03459,F.E.B. CORP.,0.1666,0.4205,umap,
client_03460,"FLORA FOOD US, INC. (FKA UPFIELD US INC.)",0.3191,-0.027,umap,
client_03461,FORD MOTOR COMPANY,0.1628,0.0195,umap,
client_03462,GOVERNOR'S MILITARY COUNCIL,-0.2446,-0.3767,umap,
client_03463,HEARING INDUSTRIES ASSOCIATION,0.3235,-0.3068,umap,
client_03464,"HERBALIFE INTERNATIONAL OF AMERICA, INC.",0.2702,-0.0712,umap,
client_03465,"HIGHMARK WHOLECARE (FORMERLY GATEWAY HEALTH PLAN, LP.)",0.3073,-0.2942,umap,
client_03466,INDIAN PHARMACEUTICAL ALLIANCE(FORMERLY INDIAN PHARMACEUTICAL ASSOCIATION),-0.0225,-0.2314,umap,
client_03467,INSTITUTE FOR LEGAL REFORM,-0.154,0.5416,umap,
client_03468,"INVESCO HOLDING COMPANY (US), INC.",-0.3333,-0.1265,umap,
client_03469,JP MORGAN CHASE HOLDINGS,-0.0091,0.2984,umap,
client_03470,"KRATOS DEFENSE & SECURITY SOLUTION, INC.",-0.245,-0.3764,umap,
client_03471,LAKE CUMBERLAND MARINA LLC,0.1665,0.4205,umap,
client_03472,MCCAIN INSTITUTE FOUNDATION,-0.0879,0.6807,umap,
client_03473,MIDDLEGROUND CAPITAL,-0.3578,0.1718,umap,
client_03474,MILLENNIUM CORPORATION,-0.2414,-0.3832,umap,
client_03475,MORGAN CITY HARBOR AND TERMINAL DISTRICT,-0.2394,-0.2018,umap,
client_03476,NATIONAL HOMEBUYERS FUND,0.0757,0.4754,umap,
client_03477,NATIONAL JEWISH HOSPITAL,-0.1156,-0.1695,umap,
client_03478,OHIO CHRISTIAN UNIVERSITY,0.1694,-0.3245,umap,
client_03479,"ONEMAIN HOLDINGS, INC.",-0.0097,0.2966,umap,
client_03480,OURO MINING INC.,0.3678,0.2255,umap,
client_03481,"POINTCLICKCARE TECHNOLOGIES, INC.",-0.5037,-0.1136,umap,
client_03482,RIVEER,-0.2443,-0.3778,umap,
client_03483,"SEMINOLE HARD ROCK DIGITAL, LLC",-0.4052,0.3112,umap,
client_03484,SIERRA PACIFIC INDUSTRIES,-0.0884,0.6811,umap,
client_03485,STRAVA INC.,0.0453,-0.1455,umap,
client_03487,SWIFT SOLAR,-0.1713,0.046,umap,
client_03488,TRANSBAY JOINT POWERS AUTHORITY,0.1621,0.0772,umap,
client_03489,U.S. WOMEN'S HEALTH ALLIANCE,-0.5061,-0.1166,umap,
client_03490,VERAX BIOMEDICAL,-0.4998,-0.1084,umap,
client_03491,WALGREEN CO.,-0.1211,0.3054,umap,
client_03492,RETIRESAFE,-0.1682,-0.3393,umap,
client_03493,BROOKFIELD POWER US ASSET MANAGEMENT LLC,0.2941,0.1311,umap,
client_03494,OREGON DEPARTMENT OF TRANSPORTATION,0.1615,0.0768,umap,
client_03495,INTEGRA LIFESCIENCES CORPORATION,-0.168,-0.3391,umap,
client_03496,RECKITT BENCKISER LLC,0.3365,0.0241,umap,
client_03497,NATIONAL ASSOCIATION OF RESIDENTIAL PROPERTY MANAGERS,0.077,0.4744,umap,
client_03498,FOOD ALLERGY RESEARCH AND EDUCATION (FARE),0.5525,-0.4244,umap,
client_03499,ACG ADVOCACY ON BEHALF OF SOUNDEXCHANGE,0.0892,-0.4484,umap,
client_03500,ADAPTIVE BIOTECHNOLOGIES,-0.1213,-0.3411,umap,
client_03501,BROWARD COLLEGE FOUNDATION,0.468,-0.0976,umap,
client_03502,"CITY OF SAN JOSE, CA",0.191,0.0007,umap,
client_03503,COALITION FOR DEEP SPACE EXPLORATION,0.211,-0.1586,umap,
client_03504,COLORADO SCHOOL OF MINES FOUNDATION,-0.0879,0.6805,umap,
client_03505,COMMUNITY HOME LENDERS ASSOCIATION,0.0755,0.4754,umap,
client_03506,"CONSUMER REPORTS, INC. (F.K.A. CONSUMERS UNION OF UNITED STATES, INC.)",0.0783,0.0688,umap,
client_03507,ESRI,-0.0356,-0.1446,umap,
client_03508,"FISHER & PHILLIPS LLP, ON BEHALF OF FORTREX, INC. LTD.",0.3329,-0.0169,umap,
client_03510,HARRIS COUNTY SHERIFF'S OFFICE,-0.0874,0.6798,umap,
client_03511,ILLUMINATE USA LLC,0.2915,-0.1377,umap,
client_03512,JACKSONVILLE PORT AUTHORITY (PREVIOUSLY THROUGH ALCALDE & FAY),0.1624,0.0764,umap,
client_03513,LSU HEALTH SCIENCES FOUNDATION,-0.0277,-0.2283,umap,
client_03514,NATIONAL PACE ASSOCIATION,0.324,-0.3076,umap,
client_03515,PORT OF VANCOUVER,0.1261,-0.1033,umap,
client_03516,"QUANTUM TECHNOLOGY SCIENCES, INC.",-0.1267,-0.1239,umap,
client_03517,QUAPAW TRIBAL BUSINESS COMMITTEE,-0.4209,-0.4656,umap,
client_03518,REGIONAL AIRLINE ASSOCIATION,0.1704,-0.3256,umap,
client_03519,ROBERTSON MONAGLE & EASTAUGH (FORMERLY HOFFMAN SILVER GILMAN & BLASCO),0.28,0.1752,umap,
client_03520,SKF USA INC.,-0.0221,-0.1885,umap,
client_03521,SOUTHWESTERN POWER GROUP,0.7285,-0.4824,umap,
client_03522,VALLEY CHILDREN'S HEALTHCARE,-0.1077,-0.278,umap,
client_03523,WASHINGTON STATE POTATO COMMISSION,0.3943,-0.0337,umap,
client_03524,"WATERWAYS COUNCIL, INCORPORATED",0.2273,0.0686,umap,
client_03525,"WORKMONEY, INC (DBA WORKMONEY)",0.175,0.4296,umap,
client_03526,GLEN RAVEN INC 1831 NORTH PARK AVENUE GLEN RAVEN NC 27217,-0.242,-0.2038,umap,
client_03527,NATIONAL PARTNERSHIP FOR WOMEN & FAMILIES,-0.4072,-0.2612,umap,no_issue_data
client_03528,ENERGY NORTHWEST,-0.4064,-0.0132,umap,
client_03529,COUNTY OF RIVERSIDE,0.3204,-0.295,umap,
client_03530,ADVANCED NAVIGATION AND POSITIONING CORPORATION,-0.0621,-0.1248,umap,
client_03531,AGA SERVICE COMPANY,-0.383,-0.6193,umap,
client_03532,"ALEXION PHARMACEUTICALS, INC.",-0.507,-0.1177,umap,
client_03533,AMPAC FINE CHEMICALS,0.5857,0.3477,umap,
client_03534,ASSOCIATION FOR CONSUMER DEBT RELIEF (FORMERLY AMERICAN ASS'N FOR DEBT RELIEF),0.0152,0.322,umap,
client_03535,ASSOCIATION OF INTERNATIONAL CERTIFIED PROFESSIONAL ACCOUNTANTS (AICPA),-0.0166,0.1039,umap,
client_03536,"ASURION, LLC",-0.0829,0.0014,umap,
client_03537,"BIOCARE DONOR TISSUE NETWORK, LLC",-0.5088,-0.1214,umap,
client_03538,CITADEL ENTERPRISE AMERICAS LLC,-0.3351,-0.1338,umap,
client_03539,"CONTURA ENERGY, INC.",0.1464,-0.0163,umap,
client_03540,"CROSSFIT, INC.",-0.1126,-0.0925,umap,
client_03541,EARTH NETWORKS,0.5299,0.0997,umap,
client_03542,EDWARDS LIFESCIENCES LLC,-0.3067,0.3241,umap,
client_03543,"ENOVA INTERNATIONAL, INC",-0.0088,0.2987,umap,
client_03544,"EYEPOINT PHARMACEUTICALS, INC.",0.2941,-0.3289,umap,
client_03545,"FISERV, INC.",0.1631,-0.4822,umap,
client_03546,FLEXTECH,-0.1157,-0.1729,umap,
client_03547,FRED DAIBES,0.1318,0.2122,umap,
client_03548,"HUAWEI TECHNOLOGIES USA, INC.",0.6001,-0.0428,umap,
client_03549,IMPOSSIBLE FOODS INC.,0.3857,-0.0125,umap,
client_03550,INSTITUTIONAL SHAREHOLDER SERVICES INC. (ISS),-0.3347,-0.1334,umap,
client_03551,"JOHNSON & JOHNSON SERVICES, INC.",-0.4901,0.3333,umap,
client_03552,LOCKHEED MARTIN,0.243,-0.1634,umap,
client_03553,"LYTX, INC.",0.208,-0.0489,umap,
client_03554,MARQUETTE UNIVERSITY,-0.0651,-0.1504,umap,
client_03555,MONTANA STATE UNIVERSITY,0.2581,0.0113,umap,
client_03556,NORTHPORT HEALTH SERVICES,0.3575,-0.2833,umap,
client_03557,"ORGANON, LLC",0.2897,-0.3184,umap,
client_03558,"PHI, INC.",0.0679,-0.1861,umap,
client_03559,PORT OF LOS ANGELES,0.1758,-0.0363,umap,
client_03560,"POST ACUTE MEDICAL, LLC",0.2927,-0.3263,umap,
client_03561,PREPASS SAFETY ALLIANCE FORMERLY REPORTED AS HELP INC,0.3541,-0.1175,umap,
client_03562,PRODUCE MARKETING ASSOCIATION,0.2725,-0.0012,umap,
client_03563,SCIONHEALTH FKA KINDRED HEALTH CARE OPERATING INC.,0.3292,-0.3009,umap,
client_03564,SCOTT SHEFFIELD,0.0861,0.1396,umap,
client_03565,SEASONAL EMPLOYMENT ALLIANCE,0.0858,0.1389,umap,
client_03566,SECURIAN FINANCIAL GROUP,-0.039,0.1398,umap,
client_03567,"TELEVISAUNIVISION, INC.",-0.2538,-1e-04,umap,
client_03568,THE COALITION FOR 21ST CENTURY MEDICINE,-0.3031,0.3253,umap,
client_03569,"THE GORDIAN GROUP, LLC",-0.1433,-0.1301,umap,
client_03570,THE JACKSON LABORATORY,-0.0396,-0.1539,umap,
client_03571,THE PROCTER & GAMBLE COMPANY,0.1384,0.5855,umap,
client_03572,VIZIENT INC (FORMERLY NOVATION LLC),-0.495,-0.0959,umap,
client_03573,"W. L. GORE & ASSOCIATES, INC.",0.3618,0.1322,umap,
client_03574,WEST COAST UNIVERSITY,0.169,-0.3244,umap,
client_03575,WORCESTER POLYTECHNIC INSTITUTE,-0.0712,-0.1678,umap,
client_03576,"YUM RESTAURANT SERVICES GROUP, LLC",0.3407,0.0239,umap,
client_03577,EQUITY GROUP HOLDINGS,0.6229,-0.0541,umap,
client_03578,QUANTUM SPATIAL,0.2549,0.0906,umap,
client_03579,SES SPACE & DEFENSE,-0.1291,-0.1639,umap,
client_03580,SOUTH DAKOTA ELLSWORTH DEVELOPMENT AUTHORITY,-0.0609,-0.1232,umap,
client_03581,AMVETS/AMERICAN VETERANS,0.4528,-0.2023,umap,
client_03582,BCBSM INC,0.5482,-0.4223,umap,
client_03583,"TRIMEDX, LLC",-0.4884,-0.0642,umap,
client_03584,AFFF LITIGATION CORPORATION,0.0766,-0.4032,umap,
client_03585,AIR DISTRIBUTION USA,0.45,-0.2085,umap,
client_03586,ALEUTIAN PRIBILOF ISLAND COMMUNITY DEVELOPMENT ASSOCIATION,-0.0727,0.6675,umap,
client_03587,"ALLIANCE ONE INTERNATIONAL, INC.",0.6822,-0.2085,umap,
client_03588,AMERICAN ACADEMY OF OPHTHALMOLOGY,-0.4901,0.3333,umap,
client_03589,AMERICAN ASSOCIATION OF STATE HIGHWAY AND TRANSPORTATION OFFICIALS,0.3525,-0.1163,umap,
client_03590,AMERICAN BUREAU OF SHIPPING,0.3111,0.5769,umap,
client_03591,AMERICAN FEDERATION FOR AGING RESEARCH,-0.1182,-0.1751,umap,
client_03592,AMERICAN INDIAN HIGHER EDUCATION CONSORTIUM,0.3267,-0.0407,umap,
client_03593,AMYLYX PHARMACEUTICALS,-0.3098,0.3217,umap,
client_03594,ANDURIL,-0.1164,-0.1714,umap,
client_03595,ASSOCIATION FOR QUALITY IMAGING,-0.2922,0.3279,umap,
client_03596,ASSOCIATION OF CLAIMS PROFESSIONALS (FORMERLY AAICP),0.7562,0.2366,umap,
client_03597,"ATLANTA BELTLINE, INC.",0.2257,0.0669,umap,
client_03598,"CITY OF MCALLEN, TEXAS",0.4061,0.6605,umap,
client_03599,"CITY OF PHILADELPHIA, PA",-0.2104,0.1367,umap,
client_03600,CITY OF TAMPA,0.2196,0.0651,umap,
client_03601,CITY OF WEST PALM BEACH,-0.0836,0.6758,umap,
client_03602,CONDUENT INCORPORATED AND ITS AFFILIATES,0.1074,-0.2016,umap,
client_03603,COZEN O'CONNOR,0.1656,-0.4788,umap,
client_03604,ELI LILLY AND COMPANY,0.0436,-0.3106,umap,
client_03605,ENTERTAINMENT STUDIOS NETWORKS INC,0.1355,0.6044,umap,
client_03606,EUTELSAT S.A.,-0.223,-0.3847,umap,
client_03607,"FORETREX, INC. LTD (FORMERLY PACKERS SANITATION SERVICES, INC., LTD.)",0.3331,-0.0161,umap,
client_03608,"FUELCELL ENERGY, INC.",-0.1682,-0.3394,umap,
client_03609,GREATER COLUMBIA CHAMBER OF COMMERCE,-0.1159,-0.1725,umap,
client_03610,GREETING CARD ASSOCIATION,0.2688,-0.2184,umap,
client_03611,HERBERT J. THOMAS MEMORIAL HOSPITAL ASSOCIATION (FKA THOMAS HEALTH),0.3107,-0.0453,umap,
client_03612,HMS HOLDING LIMITED PARTNERSHIP,-0.1589,0.5343,umap,
client_03613,HUMAN FACTORS AND ERGONOMICS SOCIETY,0.1495,-0.1141,umap,
client_03614,INTERNATIONAL ASSOCIATION OF MOVERS - (FORMERLY -H H G F A A),0.1519,-0.095,umap,
client_03615,"MARSH & MCLENNAN COMPANIES, INC.",0.4503,-0.2161,umap,
client_03616,"MILITARY PRODUCE GROUP, LLC",0.1673,-0.6076,umap,
client_03617,NATIONAL ASSOCIATION FOR FIXED ANNUITIES,-0.0452,0.1487,umap,
client_03619,NATIONAL FIRE PROTECTION ASSOCIATION,0.1648,-0.6081,umap,
client_03620,NOKIA OF AMERICA CORPORATION,0.1952,-0.1619,umap,
client_03621,NORTH AMERICAN COAL ROYALTY COMPANY,0.3513,0.0771,umap,
client_03622,"OTO ANALYTICS, INC",0.4661,-0.2191,umap,
client_03623,PARTNERSHIP FOR JOB CREATION,0.2921,0.011,umap,
client_03624,PATTERN ENERGY GROUP LP,-0.0155,-0.175,umap,
client_03625,"PRAIRIE STATE GENERATING COMPANY, LLC",0.351,0.0762,umap,
client_03626,PRINCIPAL FINANCIAL GROUP,-0.0213,0.2838,umap,
client_03627,"QUALCOMM, INC.",0.2631,-0.2059,umap,
client_03628,"QUINN, EMANUEL, URQUHART & SULLIVAN (OBO LAWFUL CONSTITUTIONAL DEBT COALITION)",-0.0847,0.6766,umap,
client_03629,RISEPOINT,0.4681,-0.0976,umap,
client_03630,SAN DIEGO UNIFIED PORT DISTRICT,-0.1756,-0.0819,umap,
client_03631,SENTRILLION,0.1657,-0.4787,umap,
client_03632,SHAW INDUSTRIES GROUP,0.1385,0.5851,umap,
client_03633,SOCIETY FOR INDUSTRIAL AND ORGANIZATIONAL PSYCHOLOGY,-0.0214,-0.1145,umap,
client_03634,SOLANO COUNTY,0.2595,0.0682,umap,
client_03635,SOUTHERN CALIFORNIA PUBLIC POWER AUTHORITY (SCPPA),0.2866,-0.1324,umap,
client_03636,SOUTHERN NEVADA WATER AUTHORITY,0.2547,0.0909,umap,
client_03637,STOCKBRIDGE MUNSEE MOHICAN COMMUNITY,-0.4056,0.3109,umap,
client_03638,SUNNOVA ENERGY INTERNATIONAL,0.2912,-0.1364,umap,
client_03639,THE BARONA BAND OF MISSION INDIANS,-0.125,0.3094,umap,
client_03640,THE COALITION TO END DOUBLE TAXATION OF CONSUMER CLAIMS,0.4699,-0.2079,umap,
client_03641,TRUIST (FORMERLY SUNTRUST BANK),-0.2339,0.1725,umap,
client_03642,UNITED LAUNCH ALLIANCE,0.1478,-0.1137,umap,
client_03643,UNIVERSITY OF ARKANSAS AT LITTLE ROCK,0.2554,0.0099,umap,
client_03644,UNUM GROUP,0.0035,0.0812,umap,
client_03645,VESPER ENERGY DEVELOPMENT LLC,0.3664,0.223,umap,
client_03646,WATER RESEARCH FOUNDATION,0.2547,0.091,umap,
client_03647,NATIONAL ASSOCIATION OF EMERGENCY MEDICAL TECHNICIANS (NAEMT),-0.4887,-0.0642,umap,
client_03648,LAWYERS FOR CIVIL JUSTICE,-0.3949,0.2657,umap,
client_03649,"DPWN HOLDINGS (USA) INC. (FORMERLY KNOWN AS DEUTSCHE POST WORLD NET-USA, INC.)",0.1602,-0.0038,umap,
client_03650,SEATTLE CITY LIGHT,-0.3947,0.2657,umap,no_issue_data
client_03651,TRUST FOR PUBLIC LAND,0.2499,0.0276,umap,
client_03652,GLOBAL TECHNICAL SYSTEMS,-0.1927,-0.1211,umap,
client_03653,"ESSENT US HOLDINGS, INC.",0.4657,-0.2104,umap,
client_03654,PIERCE COUNTY,0.1281,-0.1024,umap,
client_03655,NATIONAL ASSOCIATION OF COLLEGE AND UNIVERSITY BUSINESS OFFICERS (NACUBO),-0.0122,0.103,umap,
client_03656,AFFORDABLE EQUITY PARTNERS INC.,0.1364,-0.3781,umap,
client_03657,AMERICAN ALLIANCE FOR ECONOMIC DEVELOPMENT,0.1569,-0.5475,umap,
client_03658,AMERICAN ASSOCIATION OF NURSE PRACTITIONERS,-0.0183,-0.2267,umap,
client_03659,AMERICAN COUNSELING ASSOCIATION,-0.311,0.2844,umap,
client_03660,ARCONIC,-0.0154,-0.1745,umap,
client_03661,ARM INC,-0.2193,-0.2245,umap,
client_03662,ASSOCIATION FOR ACCESSIBLE MEDICINES,0.0801,0.01,umap,
client_03663,ASSOCIATION OF PRIVATE COLLEGES,0.4677,-0.0975,umap,
client_03664,BALLAD HEALTH,0.2936,-0.3284,umap,
client_03665,BLUE CROSS BLUE SHIELD OF SOUTH CAROLINA,0.2766,-0.5024,umap,
client_03666,"BOSTON DYNAMICS, INC.",0.1384,0.5853,umap,
client_03667,CALIFORNIA LEAFY GREEN PRODUCTS HANDLER MARKETING AGREEMENT,0.1076,-0.2011,umap,
client_03668,"CAPITOL SOLUTIONS ON BEHALF OF BIPARTISAN POLICY CENTER ADVOCACY NETWORK, INC.",0.1821,0.0127,umap,
client_03669,CATAWBA INDIAN NATION OF SOUTH CAROLINA,-0.4057,0.311,umap,
client_03670,CORNING INCORPORATED,0.286,-0.1322,umap,
client_03671,"DHL EXPRESS (USA), INC.",0.1751,-0.0336,umap,
client_03672,DRAFTKINGS,0.3385,0.5192,umap,
client_03673,EXIGER,-0.0514,-0.0852,umap,
client_03674,FARM CREDIT BANK OF TEXAS,0.2743,-0.0119,umap,
client_03675,FINDHELP,-0.507,-0.1178,umap,
client_03676,GEN DIGITAL INC (FORMERLY REPORTED AS MONEYLION TECHNOLOGIES INC. (MONEYLION),-0.009,0.2983,umap,
client_03677,GENERAL MOTORS LLC,0.2949,-0.1401,umap,
client_03678,"GLENMARK PHARMACEUTICALS, INC., USA",-0.1282,-0.3243,umap,
client_03679,HOUCHENS INDUSTRIES,0.2796,-0.0195,umap,
client_03680,HOUSTON METHODIST HOSPITAL,0.2894,-0.318,umap,
client_03681,"INSEPARABLE ACTION, INC.",0.4884,-0.3923,umap,
client_03682,INTERDIGITAL,0.0892,-0.4483,umap,
client_03683,"JM FAMILY ENTERPRISES, INC",-0.2129,0.0387,umap,
client_03684,KESSLER FOUNDATION,0.73,0.2973,umap,
client_03685,"LA PAZ COUNTY, ARIZONA",0.2546,0.091,umap,
client_03686,LASALLE GENERAL HOSPITAL,-0.4884,-0.0637,umap,
client_03687,"MIDWEST HOUSING EQUITY GROUP, INC.",-0.234,0.1726,umap,
client_03688,NAPA COUNTY FLOOD CONTROL AND WATER CONSERVATION DISTRICT,0.2489,0.0277,umap,
client_03689,NATIONAL COALITION OF STD DIRECTORS,-0.0846,0.6769,umap,
client_03690,NCR VOYIX CORPORATION,-0.0221,-0.1885,umap,
client_03691,NORTHWESTERN MEMORIAL HOSPITAL,-0.0177,-0.2271,umap,
client_03692,"PERKINS COIE ON BEHALF OF MOUNTAIN VALLEY PIPELINE, LLC",0.3339,0.2008,umap,
client_03694,"PINDROP SECURITY, INC.",0.2104,-0.1594,umap,
client_03696,"QUANTUM RESEARCH INTERNATIONAL, INC.",-0.138,-0.1365,umap,
client_03697,RESIDENTIAL EATING DISORDERS CONSORTIUM,-0.0269,-0.2277,umap,
client_03698,SAN MANUEL BAND OF MISSION INDIANS,0.3601,-0.1223,umap,
client_03699,SHATTERPROOF,0.5519,-0.4238,umap,
client_03700,SOUTHWEST KEY PROGRAMS,0.1578,-0.5466,umap,
client_03701,STILLAGUAMISH TRIBE OF INDIANS,0.278,0.4854,umap,
client_03702,TENNESSEE RURAL HEALTH IMPROVEMENT ASSOCIATION (FKN TENNESSEE FARM BR. ASSN.),-0.4884,-0.064,umap,
client_03703,THE GLOBAL ATLANTIC FINANCIAL GROUP LLC,-0.0697,0.0347,umap,
client_03704,THOMAS JEFFERSON UNIVERSITY,-0.4885,-0.0641,umap,
client_03705,UNIVERSITY OF MASSACHUSETTS LOWELL,-0.2456,-0.3762,umap,
client_03706,UNIVERSITY OF NOTRE DAME,0.2933,0.1357,umap,
client_03707,"VMWARE, INC. OBO BROADCOM INC.",-0.2331,0.1718,umap,
client_03708,XTX MARKETS LLC (AMERICAS),-0.3356,-0.1345,umap,
client_03709,"DH DIAGNOSTICS, LLC",-0.3088,0.3213,umap,
client_03710,MICHIGAN TECHNOLOGICAL UNIVERSITY,-0.0537,-0.1557,umap,
client_03711,BOSSIER PARISH POLICE JURY,-0.1796,-0.1246,umap,
client_03712,SPIE,-0.0832,0.6755,umap,
client_03713,STATE OF UTAH SCHOOL & INSTITUTIONAL TRUST-LANDS ADMINISTRATION (SITLA),0.3513,0.0767,umap,
client_03714,CROSS RIVER BANK,0.0233,0.3302,umap,
client_03715,THE INSTITUTE OF ELECTRICAL AND ELECTRONICS ENGINEERS,0.1147,-0.0034,umap,
client_03716,"AMERICAN KENNEL CLUB, INC",0.1596,-0.1033,umap,
client_03717,AMERICAN PHYSICAL THERAPY ASSOCIATION,-0.4672,-0.0784,umap,
client_03718,AMERICAN SOCIETY FOR RADIATION ONCOLOGY,0.0823,-0.1892,umap,
client_03719,ARCBEST CORPORATION,-0.2264,0.1649,umap,
client_03720,ASSOCIATION OF UNIVERSITY PROGRAMS IN OCCUPATIONAL HEALTH AND SAFETY,0.558,-0.4293,umap,
client_03721,BILLINGS CLINIC,0.274,-0.5025,umap,
client_03722,BLH CAPITAL & MANAGEMENT SERVICES LLC,0.2267,0.0682,umap,
client_03723,BLUE CROSS AND BLUE SHIELD ASSOCIATION,0.0364,-0.2353,umap,
client_03724,"BMW OF NORTH AMERICA, LLC",0.2726,-0.2117,umap,
client_03725,BOEHRINGER INGELHEIM USA CORPORATION,-0.0414,-0.1544,umap,
client_03726,BRENTWOOD SCHOOL,0.1666,0.4206,umap,
client_03727,BRIGHTMARK,0.3335,0.2008,umap,
client_03728,CISCO SYSTEMS,-0.0227,-0.1883,umap,
client_03729,"CITY OF MIAMI BEACH, FLORIDA",0.1613,0.0772,umap,
client_03730,COUNCIL ON RADIONUCLIDES AND RADIOPHARMACEUTICALS,0.1761,0.012,umap,
client_03731,DEVOTED HEALTH,-0.4968,-0.0955,umap,
client_03732,"DOYON UTILITIES, LLC",-0.2452,-0.3764,umap,
client_03733,ENTOMOLOGICAL SOCIETY OF AMERICA,-0.0493,-0.1521,umap,
client_03734,ESSILORLUXOTTICA USA INC.,0.559,-0.4302,umap,
client_03735,FEDERAL BAR ASSOCIATION,-0.1492,-0.1318,umap,
client_03736,FINANCIAL TECHNOLOGY ASSOCIATION (FTA),0.1347,-0.3794,umap,
client_03737,HARRIS COUNTY PRECINCT 2,0.2256,0.0676,umap,
client_03738,"HERTZ GLOBAL HOLDINGS, INC.",0.2242,0.4589,umap,
client_03739,INTOXALOCK,0.215,0.0691,umap,
client_03740,KENNEWICK IRRIGATION DISTRICT,0.2512,0.029,umap,
client_03741,LEXINGTON FAYETTE COUNTY UNIFIED GOVERNMENT,0.2519,0.0255,umap,
client_03742,MIAMI-DADE COUNTY PUBLIC SCHOOLS,0.1693,-0.3248,umap,
client_03743,PARTNERSHIP FOR PART D ACCESS (INFORMAL COALITION),0.2778,-0.502,umap,
client_03744,PITNEY BOWES,-0.3578,0.1718,umap,
client_03745,RECKITT BENCKISER,0.3182,0.0005,umap,
client_03747,"RIOT PLATFORMS, INC. (F/K/A RIOT BLOCKCHAIN, INC.)",0.4414,0.1572,umap,
client_03748,SAFRAN USA,-0.1253,-0.1243,umap,
client_03749,SOUTHERN MARYLAND NAVY ALLIANCE,0.1688,-0.122,umap,
client_03750,STERIS CORPORATION,0.0992,-0.1763,umap,
client_03751,STURGEON INDUSTRY ALLIANCE OF AMERICA,0.3109,0.5768,umap,
client_03752,THE CSL GROUP INC.,0.1437,-0.0151,umap,
client_03754,TRIDENTCARE,-0.1132,-0.2843,umap,
client_03755,VALVE CORPORATION,-0.038,0.1572,umap,
client_03756,"ZOGENIX, INC.",-0.5064,-0.1165,umap,
client_03757,UNIVERSITY OF RHODE ISLAND,-0.0528,-0.1604,umap,
client_03758,ASSOCIATION OF COMMUNITY COLLEGE TRUSTEES,0.1522,0.104,umap,
client_03759,BEAM INC. (PREVIOUSLY REPORTED AS FORTUNE BRANDS INC.),0.2717,-0.2123,umap,
client_03760,PORT OF HOUSTON AUTHORITY,-0.0827,0.6745,umap,
client_03761,"PREMIER BANKCARD, LLC",-0.0912,0.075,umap,
client_03762,BRAMBLES (PREVIOUSLY REPORTED AS BRAMBLES LIMITED),-0.0215,0.0451,umap,
client_03763,CORINTHIA HOLDINGS PTE. LTD.,0.164,-0.4804,umap,
client_03764,FAMILIES USA FOUNDATION INC,0.0399,-0.2953,umap,
client_03765,JAPAN AUTO MFRS ASS'N INC,0.6113,-0.0409,umap,
client_03766,"ORIGIN MATERIALS OPERATING, INC.",0.2813,0.0634,umap,
client_03767,TEMPUS LABS INC,-0.1213,-0.3411,umap,
client_03768,BIZ2CREDIT INC.,-0.12,0.1023,umap,
client_03769,AFFORD GROUP (FORMERLY CLIMATE POLICY GROUP),0.3609,0.1315,umap,
client_03770,"AFLAC, INC.",0.7562,0.2366,umap,
client_03771,AFRICELL UK LIMITED,0.1338,0.6057,umap,
client_03772,"AMENTUM SERVICES, INC. (FORMERLY KNOWN AS AECOM)",0.2786,0.1769,umap,
client_03773,AMERICAN AMBULANCE ASSOCIATION,0.2767,-0.5033,umap,
client_03774,AMERICAN ASSOCIATION FOR HOMECARE,0.2744,-0.5018,umap,
client_03775,AMERICAN ASSOCIATION OF COMMUNITY COLLEGES,0.1673,-0.3207,umap,
client_03776,AMERICAN ASSOCIATION OF HIP AND KNEE SURGEONS (AAHKS),-0.2828,0.3272,umap,
client_03777,AMERICAN FOREST RESOURCE COUNCIL,0.2552,0.0906,umap,
client_03778,"AMERICAN SOC. OF AGRONOMY, CROP SCI. SOC. OF AMERICA & SOIL SCI. SOC. OF AMERICA",0.333,-0.039,umap,
client_03779,"AMERICAN TRANSMISSION COMPANY, LLC",0.2797,0.1757,umap,
client_03780,ARMATEC SURVIVABILITY CORP.,-0.2453,-0.3765,umap,
client_03781,ARMENIAN NATIONAL COMMITTEE OF AMERICA,0.1934,0.4241,umap,
client_03782,ASSOCIATION OF KENTUCKY FRIED CHICKEN FRANCHISEES,-0.2511,-0.5345,umap,
client_03783,"BAM TRADING SERVICES, INC./BINANCE.US",-0.077,0.0528,umap,
client_03784,BARBARA BANKE,0.4002,-0.0297,umap,
client_03786,"BDV SOLUTIONS, LLC",0.1567,-0.5463,umap,
client_03787,BEACON CAPITAL PARTNERS LLC,0.4575,-0.2185,umap,
client_03788,BINATIONAL SOFTWOOD LUMBER COUNCIL,0.3504,0.0762,umap,
client_03789,"(""BIO"") BIOTECHNOLOGY INDUSTRY ORGANIZATION",-0.3312,-0.1178,umap,
client_03790,BIOTECHNOLOGY INNOVATION ORGANIZATION (BIO),0.2067,0.4142,umap,
client_03791,"BLACKROCK FUNDS SERVICES GROUP LLC (FKA BLACKROCK, INC.)",-0.0091,0.2981,umap,
client_03792,BLACKSKY HOLDINGS,-0.2466,-0.3749,umap,
client_03793,BP AMERICA INC.,-0.0215,-0.1876,umap,
client_03794,BRADLEY UNIVERSITY,-0.087,0.6798,umap,
client_03795,BREAD FINANCIAL,0.4462,-0.2164,umap,
client_03796,BRISTOL-MYERS SQUIBB COMPANY,0.4826,-0.3961,umap,
client_03797,BROWNSVILLE PUBLIC UTILITIES BOARD,0.2547,0.0913,umap,
client_03798,C SPIRE,-0.2535,0.0,umap,
client_03799,CALIFORNIA STATE SENATE,-0.118,0.3019,umap,
client_03800,CAPE COD HEALTHCARE,0.3574,-0.283,umap,
client_03801,CASCADE AEROSPACE INC.,-0.2458,-0.3762,umap,
client_03802,CATHOLIC CHARITIES USA,-0.117,0.3022,umap,
client_03803,CENTRACARE HEALTH,0.1075,-0.2016,umap,
client_03804,CHILDHELP,0.5599,-0.4316,umap,
client_03805,"CHROMALLOY GAS TURBINE, LLC",0.149,-0.1129,umap,
client_03806,CITIZENS ENERGY GROUP,0.2395,-0.0383,umap,
client_03807,"CITY OF AURORA, CO",0.1293,-0.1043,umap,
client_03808,CITY OF ENID,-0.2465,-0.3756,umap,
client_03809,"CITY OF MOBILE, ALABAMA",-0.084,0.6761,umap,
client_03810,"CITY OF PASADENA, CA",0.4061,0.6605,umap,
client_03811,CITY PUBLIC SERVICE,0.7285,-0.4824,umap,
client_03812,COALITION FOR ENTERPRISE OPEN SOURCE SOFTWARE IN GOVERNMENT,0.1672,-0.6073,umap,
client_03813,COALITION ORGANIZED FOR THE FUTURE OF INSURANCE REGULATION (COFIR),0.7562,0.2366,umap,
client_03814,"COLLIER COUNTY, FLORIDA",0.1645,0.0609,umap,
client_03815,COORDINTAED CARE NETWORK,-0.4882,-0.0653,umap,
client_03816,"CORE NATURAL RESOURCES, INC.",0.2934,-0.1391,umap,
client_03817,DAIRY FARMERS OF CANADA,0.6088,-0.0423,umap,
client_03818,DELTA AIR LINES,0.1734,-0.0208,umap,
client_03819,DESERT RESEARCH INSTITUTE,-0.0228,-0.1362,umap,
client_03820,DISH NETWORK LLC,0.1415,0.5989,umap,
client_03821,DSG TECHNOLOGY,-0.233,-0.3987,umap,
client_03822,ELECTRICITIES OF NC,0.7285,-0.4824,umap,
client_03823,"ENERSYS ENERGY PRODUCTS, INC.",-0.2456,-0.3761,umap,
client_03824,ENTRAVISION COMMUNICATIONS CORPORATION,0.1994,0.4819,umap,
client_03825,"ERC MODULAR INC., A DELAWARE CORP.",0.4061,0.6605,umap,
client_03826,FIRSTBANK HOLDING CO.,0.4514,-0.208,umap,
client_03827,FISERV,-0.009,0.2983,umap,
client_03828,FNH USA,-0.2458,-0.3761,umap,
client_03829,GIRL SCOUTS OF THE UNITED STATES OF AMERICA - GSUSA,0.4675,-0.0973,umap,
client_03830,GOJO INDUSTRIES,0.1384,0.5854,umap,
client_03831,GOLD STAR FOODS,0.3858,-0.0124,umap,
client_03832,HAPAG-LLOYD (AMERICA) LLC,0.318,1e-04,umap,
client_03833,HARD ROCK JAPAN K.K.,0.1665,-0.6041,umap,
client_03834,IHEARTMEDIA,-0.1125,0.0437,umap,
client_03835,ISO NEW ENGLAND,0.3719,0.2279,umap,
client_03836,KIDNEY CARE COUNCIL,-0.2822,0.3272,umap,
client_03837,KYIVSTAR,0.1335,0.6056,umap,
client_03838,"LEONARDO DRS, INC (FORMER DRS TECHNOLOGIES, INC.)",-0.2459,-0.3761,umap,
client_03839,LOCAL INITIATIVES SUPPORT CORPORATION,-0.1131,-0.0439,umap,
client_03840,"LUMEN TECHNOLOGIES (FORMERLY KNOWN AS CENTURYLINK, INC.)",-0.1122,-0.0901,umap,
client_03841,MADISON COUNTY BOARD OF SUPERVISORS,0.4615,0.0306,umap,
client_03842,MAERSK INC,0.1791,-0.0348,umap,
client_03843,MANAGEMENT ASSOCIATION FOR PRIVATE PHOTOGRAMMETRIC SURVEYORS,0.2528,0.0222,umap,
client_03844,MULLEN,-0.2471,-0.3747,umap,
client_03845,NATIONAL ASSOCIATION OF FARM SERVICE AGENCY COUNTY OFFICE EMPLOYEES (NASCOE),0.018,0.1266,umap,
client_03846,NATIONAL BEER WHOLESALERS ASSOCIATION,0.47,-0.2075,umap,
client_03847,NATIONAL CENTER FOR MANUFACTURING SCIENCES,-0.0818,-0.0647,umap,
client_03848,NATIONAL TAXPAYERS UNION,-0.3096,-0.0491,umap,
client_03849,NEW HANOVER COUNTY,0.0687,-0.5268,umap,
client_03850,NORTHERN INDIANA COMMUTER TRANSPORTATION DISTRICT,0.1651,0.0608,umap,
client_03851,"OAK RIDGE ASSOCIATED UNIVERSITIES, INC.",-0.0624,-0.1524,umap,
client_03852,OMEGA AIR,-0.246,-0.3758,umap,
client_03853,OPERATIONAL TECHNOLOGY CYBERSECURITY COALITION,-0.1116,-0.0919,umap,
client_03854,"ORANGE COUNTY, FLORIDA",-0.2111,0.1372,umap,
client_03855,"OSCEOLA COUNTY, FL",-0.081,0.6734,umap,
client_03856,PARRY LABS,-0.117,-0.1737,umap,
client_03857,"PATHWARD, N.A.",-0.0109,0.3003,umap,
client_03858,PESTICIDE REGISTRATION IMPROVEMENT ACT COALITION,0.32,-0.0272,umap,
client_03859,"PGP INVESTORS, LLC",0.1664,-0.6066,umap,
client_03860,PHILADELPHIA COLLEGE OF OSTEOPATHIC MEDICINE,0.5358,-0.4179,umap,
client_03861,"POINT DIGITAL FINANCE, INC.",0.012,0.318,umap,
client_03862,POINTCLICKCARE TECHNOLOGIES USA CORP.,-0.5105,-0.1232,umap,
client_03863,"POPULUS FINANCIAL GROUP, INC. (FORMERLY ACE CASH EXPRESS, INC.)",-0.1808,0.0839,umap,
client_03864,POSCO AMERICA CORP,0.6084,-0.0405,umap,
client_03865,"POTOMAC CENTER NORTH, INC.",0.1666,0.4202,umap,
client_03866,PRESERVATION STATIONS PRESERVE,-0.1133,0.5464,umap,
client_03867,PROFESSIONAL GOLFERS' ASSOCIATION OF AMERICA,-0.2511,-0.5345,umap,
client_03868,R3 EDUCATION FKA/EQUINOX CAPITAL INC,0.4675,-0.0973,umap,
client_03869,REAL ESTATE ROUNDTABLE,0.1674,0.0453,umap,
client_03870,"RIDDELL SPORTS, INC.",0.1384,0.5858,umap,
client_03871,SASOL CHEMICALS (USA) LLC,0.4447,0.1585,umap,
client_03872,SESAC RIGHTS MANAGEMENT INC,-0.0407,0.1545,umap,
client_03873,SOLANO TRANSPORTATION AUTHORITY,0.3521,-0.1159,umap,
client_03874,SOUTH EAST DAIRY FARMERS ASSOCIATION,0.3417,0.0254,umap,
client_03875,SUSTAINABLE PFAS ACTION NETWORK,0.361,0.1314,umap,
client_03876,TAPS,0.7284,-0.4823,umap,
client_03877,TECO ENERGY,0.2105,0.1645,umap,
client_03878,TELEVISION OPERATORS CAUCUS (TOC),0.1619,-0.3139,umap,
client_03879,THE COLLEGE BOARD,0.1696,-0.3248,umap,
client_03880,THE TASK FORCE ON AMERICAN INNOVATION,0.2095,-0.1588,umap,
client_03881,"THYSSENKRUPP NORTH AMERICA, INC",-0.0222,-0.1883,umap,
client_03882,TRACFONE WIRELESS,-0.2533,0.0002,umap,
client_03883,TRI-CITY DEVELOPMENT COUNCIL,0.2759,0.1719,umap,
client_03884,TRINITY INDUSTRIES,0.2057,-0.0471,umap,
client_03885,TUBEROUS SCLEROSIS ALLIANCE,0.6014,0.1821,umap,
client_03886,UNITED SERVICES AUTOMOBILE ASSOCIATION (USAA),0.5584,-0.4298,umap,
client_03887,"UNIVERSAL HEALTH SERVICES, INC.: UHS",0.5584,-0.4297,umap,
client_03888,UNIVERSITY OF MIAMI,0.5357,-0.4179,umap,
client_03889,"WEATHER GROUP TELEVISION, LLC D/B/A THE WEATHER CHANNEL",0.195,-0.1615,umap,
client_03890,WESTERN MUNICIPAL WATER DISTRICT,0.0688,-0.5267,umap,
client_03891,"WHEMCO, INC. (FORMERLY LEHIGH HEAVY FORGE CORP.)",-0.1129,-0.1683,umap,
client_03892,WIREGRASS ECONOMIC DEVELOPMENT CORPORATION,0.1753,0.4292,umap,
client_03893,"X CORP. (FORMERLY TWITTER, INC.)",0.0755,0.0834,umap,
client_03894,ZURICH AMERICAN INSURANCE COMPANY,0.7561,0.2366,umap,
client_03895,"X, INC. F/K/A TWITTER, INC.",0.1662,-0.6057,umap,
client_03896,VALLEY WATER,0.22,0.0098,umap,
client_03897,DJI TECHNOLOGY,-0.1955,-0.1246,umap,
client_03898,LOS ANGELES WORLD AIRPORTS,-0.2332,0.1719,umap,
client_03899,SECURITYSCORECARD,0.1657,-0.4796,umap,
client_03900,AFRICA FINANCE CORPORATION,0.2693,-0.091,umap,
client_03901,CHESAPEAKE BAY FOUNDATION INC,0.3192,-0.0273,umap,
client_03902,"NATIONAL TANK TRUCK CARRIER, INC.",0.354,-0.1175,umap,
client_03903,"CONSTELLATION ENERGY GENERATION, LLC (FKA CONSTELLATION ENERGY CONSERVATION)",0.4455,0.1579,umap,
client_03904,UNITED WAY OF AMERICA,0.4875,-0.3924,umap,
client_03905,ALLIANTGROUP L.P.,0.4531,-0.2036,umap,
client_03906,AMERICAN FINANCIAL SERVICES ASSOCIATION (AFSA),-0.0911,0.0768,umap,
client_03909,AMITY FOUNDATION,0.0756,0.4755,umap,
client_03910,BDT CAPITAL PARTNERS LLC,0.4679,-0.0975,umap,
client_03912,BROKEN HILL PROPRIETARY (USA) INC.,0.3582,0.0808,umap,
client_03913,"CITIGROUP WASHINGTON, INC",0.2576,-0.2156,umap,
client_03914,"CLEAN HARBORS, INC.",0.3568,0.1306,umap,
client_03915,DEVON ENERGY CORPORATION,0.368,0.2251,umap,
client_03916,DIGITAL HEALTH FOR EQUITABLE HEALTH ALLIANCE,-0.5037,-0.1125,umap,
client_03917,FLORIDA INLAND NAVIGATION DISTRICT,-0.0835,0.6755,umap,
client_03918,FOOD FIX CAMPAIGN ACTION INC (F/K/A FOOD FIX CAMPAIGN),0.1062,-0.2035,umap,
client_03919,"GRANITE TELECOMMUNICATIONS, LLC",0.1334,0.6063,umap,
client_03920,HALSTEAD NEW ENGLAND CORPORATION,0.157,-0.5474,umap,
client_03921,HARVARD UNIVERSITY,0.3564,-0.2832,umap,
client_03922,HOPI TRIBE,0.2791,0.1751,umap,
client_03923,HORIZON THERAPEUTICS,0.3572,-0.2831,umap,
client_03925,MICROCHIP TECHNOLOGY INC. (FKA MICROSEMI),-0.2461,-0.3759,umap,
client_03926,"MORTGAGE RESEARCH CENTER, LLC",-0.3249,-0.1122,umap,
client_03927,MUFG AMERICAS HOLDINGS CORPORATION,-0.027,0.0388,umap,
client_03928,NATIONAL ASSOCIATION OF ENROLLED AGENTS,-0.2305,0.1694,umap,
client_03929,NATIONAL ASSOCIATION OF LETTER CARRIERS,-0.358,0.172,umap,
client_03930,NATIONAL SAFETY COUNCIL,0.1705,-0.0673,umap,
client_03931,NORTHERN TRUST,-0.2369,0.1753,umap,
client_03932,OPPORTUNITY FINANCIAL,-0.3333,-0.1278,umap,
client_03933,PARTICIPATE (FORMERLY VIF INTERNATIONAL EDUCATION),0.4676,-0.0974,umap,
client_03934,QUEST DIAGNOSTICS INCORPORATED,0.29,-0.32,umap,
client_03935,SECURITY TRADERS ASSOCIATION,0.1347,-0.3794,umap,
client_03936,SOUTH COM,0.2239,0.0249,umap,
client_03938,TENNESSEE TECHNOLOGICAL UNIVERSITY,0.1695,-0.3249,umap,
client_03939,TRIPADVISOR LLC,-0.0414,0.1556,umap,
client_03940,UNIVERSITY OF KANSAS HOSPITAL AUTHORITY,0.306,-0.3001,umap,
client_03941,WINCHESTER AMMUNITION,-0.0884,0.6811,umap,
client_03942,COALITION OF LONG TERM ACUTE CARE HOSPITALS,-0.2756,0.3228,umap,
client_03943,LIBERTY HEALTHSHARE,-0.2511,-0.5345,umap,
client_03944,AMERICAN WILD HORSE CAMPAIGN,0.3517,0.077,umap,
client_03945,GLASS PACKAGING INSTITUTE (GPI),0.1253,0.027,umap,
client_03946,NATIONAL MENTORING PARTNERSHIP INC,-0.046,0.1264,umap,
client_03947,S&P GLOBAL INC.,-0.3345,-0.1323,umap,
client_03948,AMERICAN SOCIETY OF TRAVEL ADVISORS INC,0.1576,-0.0036,umap,
client_03949,COMMUNITIES IN SCHOOLS,0.1693,-0.3245,umap,
client_03950,LOCKHEED MARTIN AERONAUTIC SECTOR,-0.1121,-0.0906,umap,
client_03951,ABIR,0.4593,-0.2108,umap,
client_03952,AMERICAN ASSOCIATION FOR HOMEOPATHIC PRODUCTS,-0.4687,-0.0749,umap,
client_03953,AMERICAN SOCIETY OF NEPHROLOGY,-0.4712,-0.0713,umap,
client_03954,ATA ACTION,-0.3114,0.3205,umap,
client_03955,"ATMOSPHERE I, LLC, FORMERLY IGNEIO, LLC",0.3283,-0.0065,umap,
client_03956,AUTOS DRIVE AMERICA,0.2718,-0.2124,umap,
client_03957,"AVANGRID, INC.",0.4458,0.1559,umap,
client_03958,AVX AIRCRAFT COMPANY,-0.2236,-0.3813,umap,
client_03959,"BA SECURITIES, LLC",-0.3308,-0.1187,umap,
client_03960,BEALE MILITARY LIAISON COUNCIL,-0.0718,-0.1693,umap,
client_03961,CHEMONICS INTERNATIONAL,0.1946,0.4231,umap,
client_03962,COLUMBIA BASIN PROJECT (FKA) WASHINGTON STATE WATER RESOURCES ASSOCIATION,0.2597,0.0424,umap,
client_03963,COMMERCIAL BANKRUPTCY ALLIANCE,-0.1562,0.54,umap,
client_03964,COMMERCIAL SPACEFLIGHT FEDERATION,-0.0895,0.68,umap,
client_03965,COMROD INC.,-0.1144,-0.1699,umap,
client_03966,CURTISS-WRIGHT CORPORATION,-0.2459,-0.3761,umap,
client_03967,EMD MILLIPORE CORPORATION,-0.2406,-0.2024,umap,
client_03968,HEALTHEQUITY FKA AS WAGE WORKS,-0.2511,-0.5345,umap,
client_03969,"HENNINGSON, DURHAM & RICHARDSON ARCHITECTURE AND ENGINEERING, P.C.",0.1667,0.4201,umap,
client_03970,"IMPACT JOURNALS, LLC",0.73,0.2974,umap,
client_03972,"JOSHCO GROUP, LLC D/B/A VETERAN BENEFITS GUIDE",0.1092,0.4353,umap,
client_03973,KOPIN CORPORATION,0.2264,0.447,umap,
client_03974,"LANDRY'S, INC.",0.2304,0.0707,umap,
client_03975,LILT,-0.1255,-0.1248,umap,
client_03976,OPIANT PHARMACEUTICALS,-0.0847,-0.2989,umap,
client_03977,PACIFIC DENTAL SERVICES LLC,-0.2824,0.3273,umap,
client_03978,PAYCHEX,-0.2279,0.1667,umap,
client_03979,"PENNYMAC LOAN SERVICES, LLC",0.0754,0.476,umap,
client_03980,"PHOTOCURE, INC.",-0.2925,0.3275,umap,
client_03981,PORT FREEPORT,0.2261,0.0699,umap,
client_03982,"POSIGEN SOLAR, LLC",0.4451,0.1584,umap,
client_03983,"Q LINK WIRELESS, LLC",0.1334,0.6062,umap,
client_03984,RESOLVE TO SAVE LIVES,0.55,-0.4196,umap,
client_03985,SACRAMENTO REGIONAL TRANSIT DISTRICT,0.2364,-0.008,umap,
client_03986,SCOTT'S MIRACLE-GRO,-0.2512,-0.5347,umap,
client_03987,STEEL FOUNDERS' SOCIETY OF AMERICA,-0.247,-0.3757,umap,
client_03988,"TERRAPOWER, LLC",-0.0645,-0.1513,umap,
client_03989,THE AMERICAN COALITION FOR TAXPAYER RIGHTS,0.47,-0.2078,umap,
client_03990,"THE BUSINESS ROUNDTABLE, INC.",0.3327,0.2019,umap,
client_03991,THE HEMOPHILIA ALLIANCE,0.3179,-0.2954,umap,
client_03992,THE PUERTO RICO EQUALITY FORUM,-0.3511,-0.0441,umap,
client_03993,"ULTRA ELECTRONICS DEFENSE, INC. (FORMERLY ULTRA FLIGHTLINE SYSTEMS)",-0.2343,-0.3982,umap,
client_03994,URSA MAJOR,-0.2204,-0.3823,umap,
client_03995,WESTINGHOUSE AIR BRAKE TECHNOLOGIES CORPORATION,0.1517,-0.1128,umap,
client_03996,ZEBRA TECHNOLOGIES CORP.,-0.0891,-0.296,umap,
client_03997,"CITY OF BIRMINGHAM, ALABAMA",0.1664,-0.6068,umap,
client_03998,MOFFITT CANCER CENTER,-0.4899,-0.064,umap,
client_03999,VEGAS CHAMBER,-0.1215,0.3058,umap,
client_04000,PORT OF TEXAS CITY,0.1616,0.0778,umap,
client_04001,SUSAN G. KOMEN,-0.0218,-0.2292,umap,
client_04002,"ACTIVEHOURS INC., D/B/A EARNIN",-0.0137,0.2908,umap,
client_04003,ADVANCED THERMOPLASTIC COMPOSITES,-0.2066,-0.3938,umap,
client_04004,AMERICAN FARMLAND TRUST,0.3329,-0.0409,umap,
client_04005,AMERICAN FOUNDATION FOR SUICIDE PREVENTION,0.561,-0.432,umap,
client_04006,"ASCENSUS, INC.",-0.0823,0.6766,umap,
client_04007,ASSOCIATION DES INDUSTRIES D'HAITI,0.0747,0.0854,umap,
client_04008,BAYSTATE HEALTH,-0.2823,0.3272,umap,
client_04009,BIOFIRE DEFENSE LLC,-0.2464,-0.3758,umap,
client_04010,BLUE BIRD BODY COMPANY,0.2122,0.1658,umap,
client_04011,CALIFORNIA RESOURCES CORPORATION,0.3665,0.224,umap,
client_04012,CITY OF FREMONT CA,0.1598,0.0784,umap,
client_04013,CLEMSON UNIVERSITY,-0.0882,-0.0636,umap,
client_04014,CONTROLLED THERMAL RESOURCES,0.2948,0.131,umap,
client_04015,CTC GLOBAL,0.3337,0.2007,umap,
client_04016,ENTERPRISE CLOUD COALITION,0.0727,0.0917,umap,
client_04017,FIRSTDAY FOUNDATION,0.0862,0.1385,umap,
client_04018,GLOBAL TUNGSTEN & POWDERS,-0.2461,-0.3759,umap,
client_04019,LANZATECH INC.,0.4614,0.0308,umap,
client_04020,"LEGGETT & PLATT, INC.",0.2072,-0.0484,umap,
client_04021,LENOVO GROUP (PREV REPORTED AS FGS GLOBAL (ASIA) LIMITED (O/B/O LENOVO GROUP),0.138,0.5871,umap,
client_04022,"MEDLINE INDUSTRIES, LP",0.0865,0.0038,umap,
client_04023,MULTICARE HEALTH SYSTEM,-0.4896,-0.0643,umap,
client_04024,"OU MEDICINE, INC.",0.4886,-0.3928,umap,
client_04025,PUBLIC SERVICE COMPANY OF NEW MEXICO,0.4614,0.0305,umap,
client_04026,RENAISSANCE RE NORTH AMERICA,0.3731,0.1395,umap,
client_04027,"RENT-A-CENTER, INC.",0.0216,0.3287,umap,
client_04028,"RESOLVE MARINE GROUP, INC.",-0.1281,-0.16,umap,
client_04029,"SARONIC, INC.",-0.229,-0.4036,umap,
client_04030,SIDECAR HEALTH,-0.5038,-0.1127,umap,
client_04031,"STRATEGIC MARKETING INNOVATIONS (OBO U. OF MASSACHUSETTS, PRESIDENT'S OFFICE)",0.1695,-0.3244,umap,
client_04032,SUGAR CANE GROWERS COOPERATIVE OF FLORIDA,0.394,-0.0331,umap,
client_04033,SUSHMA RAMAN,0.1319,0.2123,umap,
client_04034,THE INTERNET INFRASTRUCTURE COALITION (I2COALITION),0.5848,-0.0444,umap,
client_04035,TRUCKEE MEADOWS WATER AUTHORITY,0.1795,0.0882,umap,
client_04036,WINTERSHALL DEA GMBH (FORMERLY WINTERSHALL HOLDING GMBH),0.1935,0.4237,umap,
client_04037,UTE MOUNTAIN UTE TRIBE,0.2814,0.0599,umap,
client_04038,SUMMA HEALTH,0.308,-0.2936,umap,
client_04039,NYU LANGONE HOSPITALS (FORMERLY NYU HOSPITALS CENTER),0.4863,-0.3942,umap,
client_04040,CENTRUS ENERGY,0.2797,0.1758,umap,
client_04041,INTERNATIONAL SOCIETY FOR STEM CELL RESEARCH,0.5589,-0.407,umap,
client_04042,"ACELRX PHARMACEUTICALS, INC.",-0.0282,-0.2282,umap,
client_04043,"NST GLOBAL, LLC",-0.0867,0.6757,umap,
client_04044,AMERICAN MEDICAL ASSOCIATION,0.0501,-0.18,umap,
client_04045,DISTRIBUTION CONTRACTORS ASSOCIATION,0.1883,-0.0144,umap,
client_04046,REFRACTION ASSET MANAGEMENT LTD.,-0.1808,0.0838,umap,
client_04047,UNIVERSITY OF WASHINGTON,0.1706,-0.3262,umap,
client_04048,AEVEX AEROSPACE,-0.229,-0.4035,umap,
client_04049,AIRBUS AMERICAS (FORMERLY AIRBUS GROUP),-0.1125,-0.0895,umap,
client_04050,AMERICAN ACADEMY OF SLEEP MEDICINE,0.29,-0.3206,umap,
client_04051,AMERICAN ASSOCIATION OF SETTLEMENT CONSULTANTS,0.4702,-0.2075,umap,
client_04052,AMERICAN CONCRETE PUMPING ASSOCIATION,0.2732,0.008,umap,
client_04053,AMGEN,0.3589,-0.2813,umap,
client_04054,ARXADA LLC (PREVIOUSLY REPORTED AS LONZA LLC),0.0992,-0.1764,umap,
client_04055,"BAUDAX BIO, INC. (FORMERLY KNOWN AS RECRO PHARMA, INC.)",-0.5066,-0.117,umap,
client_04056,BAYER CROPSCIENCE LP,0.3612,0.1317,umap,
client_04057,BUMBLE TRADING LLC,0.1306,0.2113,umap,
client_04058,CUMMINS INC,0.176,-0.0359,umap,
client_04059,EATON,0.2125,0.1693,umap,
client_04061,GE HEALTHCARE PHARMACEUTICAL DIAGNOSTICS,-0.511,-0.1238,umap,
client_04062,GEORGETOWN UNIVERSITY,-0.0892,0.6818,umap,
client_04063,"GESOINVEST 2002, S.L.U.",0.1946,0.4247,umap,
client_04064,GLOBAL MEDICAL RESPONSE (FORMERLY AMERICAN MEDICAL RESPONSE),-0.3114,0.2871,umap,
client_04065,"GRAMERCY FUNDS MANAGEMENT, LLC",-0.3371,-0.1377,umap,
client_04066,"HILLWOOD DEVELOPMENT COMPANY, LLC",0.157,-0.5472,umap,
client_04067,HOWMET,-0.0158,-0.1707,umap,
client_04068,"HYPERION TECHNOLOGY GROUP, INC.",-0.1265,-0.1245,umap,
client_04069,INFORMATION TECHNOLOGY INDUSTRY COUNCIL,0.165,0.1547,umap,
client_04070,INTEGRITY MARKETING GROUP,0.2779,-0.5036,umap,
client_04071,IPC,0.0861,0.0138,umap,
client_04072,LIBERTY GLOBAL LOGISTICS,0.311,0.5769,umap,
client_04073,MADISON TITLE AGENCY,0.0757,0.4754,umap,
client_04074,"MONSTER WORLDWIDE, INC.",-0.0863,0.6817,umap,
client_04075,MUTUAL OF OMAHA INSURANCE COMPANY,-0.2487,-0.5326,umap,
client_04076,"NIXON PEABODY LLP (ON BEHALF OF PAX TECHNOLOGY INC. - ""PAX US"")",0.212,-0.1598,umap,
client_04077,NORTH AMERICAN OLIVE OIL ASSOCIATION (FKA ALLIANCE FOR OLIVE OIL QLTY STNDRDS),0.318,0.001,umap,
client_04078,QUAD GRAPHICS,0.0756,0.0853,umap,
client_04079,REVELYST (F/K/A VISTA OUTDOOR INC.),0.6056,-0.0397,umap,
client_04080,SOFTBANK,-0.1215,0.305,umap,
client_04081,SOUTHWEST AIRLINES CO.,-0.383,-0.6192,umap,
client_04082,TAX GUARD,0.4668,-0.2201,umap,
client_04083,THE NATIONAL FOOTBALL LEAGUE PLAYERS ASSOCIATION,-0.1217,0.3065,umap,
client_04084,THE ROMAN CATHOLIC ARCHBISHOP OF LOS ANGELES,0.1358,0.1224,umap,
client_04085,UNIVERSAL TECHNICAL INSTITUTE,0.4673,-0.0971,umap,
client_04086,UNIVERSITY OF TEXAS HEALTH SCIENCE CENTER,-0.4963,-0.0916,umap,
client_04087,VECTRUS,-0.2334,-0.3999,umap,
client_04088,RIVERSIDE COUNTY TRANSPORTATION COMMISSION,0.5301,0.0998,umap,
client_04089,NATIONAL COUNCIL OF SOCIAL SECURITY MANAGEMENT ASSOCIATIONS,-0.1518,-0.1285,umap,
client_04090,UNIBAIL RODAMCO WESTFIELD (FORMERLY WESTFIELD CORPORATION),0.4705,-0.2076,umap,
client_04091,ASSURED INFORMATION SECURITY,-0.2392,-0.3784,umap,
client_04092,SPACE EXPLORATION TECHNOLOGIES CORP,0.1269,0.427,umap,
client_04093,ELANCO ANIMAL HEALTH,-0.3509,-0.0443,umap,
client_04094,COACH USA,0.2284,0.0701,umap,
client_04095,FORT BEND COUNTY ECONOMIC DEVELOPMENT COUNCIL,0.1669,-0.6071,umap,
client_04096,INTERNATIONAL ASSOCIATION OF EMERGENCY MANAGERS,0.1302,0.4662,umap,
client_04097,AMERICAN SOCIETY OF AGRONOMY,0.3311,-0.0395,umap,
client_04098,SOUTHWESTERN POWER GROUP (FKA SUNZIA TRANSMISSION) LLCOSOL TRANSMISSION PROJECT,0.4451,0.1563,umap,
client_04099,ACCU REFERENCE MEDICAL LAB,-0.5094,-0.1212,umap,
client_04101,"BGI SHENZHEN CO., LTD.",-0.1072,-0.1461,umap,
client_04102,"BLUESKY INNOVATIONS HOLDINGS, INC.",-0.2351,-0.396,umap,
client_04103,BRIGHTLINE HOLDINGS LLC (FORMERLY VIRGIN TRAINS USA),0.3551,-0.1181,umap,
client_04104,CENTRUS (FKA USEC INC.),0.3665,0.2244,umap,
client_04105,COUNCIL OF STATE AND TERRITORIAL EPIDEMIOLOGISTS,0.5585,-0.4298,umap,
client_04106,DAPPER LABS INC.,0.2264,0.4471,umap,
client_04107,EDGE AUTONOMY,-0.1191,-0.1757,umap,
client_04108,EDWARD JONES INVESTMENTS,0.4487,-0.2258,umap,
client_04109,ELECTRIC POWER BOARD OF CHATTANOOGA,-0.0655,-0.1513,umap,
client_04110,ENDEAVOR ENERGY HOLDINGS LLC,0.4347,0.1556,umap,
client_04111,ERGON INC,0.1922,-0.0352,umap,
client_04112,GLOBAL GRAB TECHNOLOGIES,0.1626,0.0781,umap,
client_04113,GROWTH ENERGY,-0.0256,0.039,umap,
client_04114,HALKBANK INC (TURKIYE HALK BANKASI ANONIM SIRKETI ),-0.3383,-0.14,umap,
client_04115,HORIZON BLUE CROSS BLUE SHIELD OF NEW JERSEY,0.3564,-0.2764,umap,
client_04116,HUMANETICS INNOVATIVE SOLUTIONS,0.2268,0.068,umap,
client_04118,INDIGO AG,0.2915,0.0116,umap,
client_04119,J.R. SIMPLOT COMPANY,0.3882,-0.0301,umap,
client_04120,KNIGHT-SWIFT TRANSPORTATION (FORMERLY SWIFT TRANSPORTATION),0.2186,0.0642,umap,
client_04121,LENOVO (UNITED STATES) INC.,-0.2533,0.0002,umap,
client_04122,NATIONAL ASSOCIATION OF VISION CARE PLANS,-0.4898,-0.0641,umap,
client_04123,NATIONAL COURT APPOINTED SPECIAL ADVOCATE ASSOCIATION (CASA),-0.0839,0.6754,umap,
client_04124,OHIO POLICE AND FIRE PENSION FUND,0.0683,-0.1108,umap,
client_04125,"OREXO US, INC.",0.5858,0.3476,umap,
client_04126,PROFESSIONAL COMPOUNDING CENTERS OF AMERICA,-0.1251,-0.3244,umap,
client_04127,RESNET,0.4413,0.1563,umap,
client_04128,SIEMENS HEALTHINEERS,0.3051,-0.3151,umap,
client_04129,SPOKANE AIRPORT BOARD,-0.3834,-0.6196,umap,
client_04130,SUNRISE FOODS INTERNATIONAL INC.,0.3182,0.001,umap,
client_04131,SUTTER MUTUAL WATER COMPANY AND RECLAMATION DISTRICT 1500,0.2596,0.0683,umap,
client_04132,SYCUAN BAND OF THE KUMEYAAY NATION,-0.4056,0.3109,umap,
client_04133,THE CARLYLE GROUP,0.4705,-0.2078,umap,
client_04134,THE VISION COUNCIL,-0.3078,0.3217,umap,
client_04135,"TWSHO, INC.",-0.0679,0.6637,umap,
client_04136,"SACRAMENTO COUNTY, CA",0.2591,0.0677,umap,
client_04137,AMERICANS FOR THE ARTS,-0.3091,-0.0493,umap,
client_04138,WAKE COUNTY NC,-0.2328,0.1715,umap,
client_04139,AI HEALTHCARE COALITION,-0.5088,-0.1196,umap,
client_04140,AITEO GLOBAL GROUP,0.6102,-0.0412,umap,
client_04141,AMERICAN FEDERATION OF GOVERNMENT EMPLOYEES,-0.0955,-0.1274,umap,
client_04142,AMERICAN TRANSACTION PROCESSORS COALITION,0.164,-0.481,umap,
client_04143,APPLE INC.,0.0808,0.1043,umap,
client_04144,ARMAMENTS RESEARCH COMPANY,-0.2364,-0.3961,umap,
client_04145,AVANCI,0.1911,0.4726,umap,
client_04146,CALIFORNIA DENTAL ASSOCIATION,0.3289,-0.3,umap,
client_04147,CARRIER CORP,0.2717,-0.2157,umap,
client_04148,CATHOLIC HEALTH SERVICES OF LONG ISLAND,0.5535,-0.4207,umap,
client_04149,CENTER FOR SPORTFISHING POLICY (FKA CENTER FOR COASTAL CONSERVATION),0.3498,0.0756,umap,
client_04150,CHARTER COMMUNICATIONS INC.,-0.2304,-0.403,umap,
client_04151,"CHRIS KISE & ASSOCIATES, P.A. ON BEHALF OF ROGER VER",0.0214,0.3285,umap,
client_04152,DOCUSIGN,0.2113,-0.1587,umap,
client_04153,EAST BAY MUNICIPAL UTILITY DISTRICT,-0.228,0.1669,umap,
client_04154,FERNANDO DIEZ BARROSO AZCARRAGA & MARIA LUCIA TOLO,0.157,-0.5475,umap,
client_04155,FUTURE STANDARD (FKA FS INVESTMENT CORPORATION),-0.079,0.0541,umap,
client_04156,GRADIENT TECHNOLOGY,-0.2462,-0.3758,umap,
client_04157,HARBOR DEPARTMENT OF THE CITY OF LOS ANGELES,-0.0485,0.2172,umap,
client_04158,HELEN KELLER NATIONAL CENTER FOR DEAF-BLIND YOUTHS AND ADULTS,-0.0804,0.6719,umap,
client_04159,INGERSOLL RAND,0.2779,0.485,umap,
client_04160,INSTITUTE FOR JUSTICE,-0.0397,0.1417,umap,
client_04161,INTERPUBLIC GROUP,0.2137,0.4614,umap,
client_04162,"LEONARD GREEN & PARTNERS, LP",-0.0201,0.1006,umap,
client_04163,MEDSTAR HEALTH,-0.0901,0.6827,umap,
client_04164,MEXICHEM FLUOR,-0.0715,-0.1682,umap,
client_04165,MONTE VALLE ENERGY LLC,0.3664,0.2234,umap,
client_04166,NATIONAL 4-H COUNCIL,0.3334,-0.0396,umap,
client_04167,NV5 GEOSPATIAL,0.2545,0.0912,umap,
client_04168,ORGANIZE ACTION NETWORK,-0.5061,-0.1161,umap,
client_04169,OSF HEALTHCARE SYSTEM,0.3301,-0.3017,umap,
client_04170,PATAGONIA,0.3617,0.002,umap,
client_04171,PJM POWER VENTURES,0.1653,-0.6076,umap,
client_04172,PORT OF BROWNSVILLE,0.2553,0.0105,umap,
client_04173,RECESS,0.2708,0.4599,umap,
client_04174,RITE AID CORPORATION,-0.1265,-0.3232,umap,
client_04175,ROSEVILLE-CA CITY OF,0.2199,0.0119,umap,
client_04176,SOUTHWEST AIRLINES,0.2181,0.0676,umap,
client_04177,STEWARD HEALTHCARE SYSTEMS,0.2936,-0.3282,umap,
client_04178,"THE MCENTEE GROUP, LLC",0.2276,0.4456,umap,
client_04179,THE TREVOR PROJECT,0.557,-0.4288,umap,
client_04180,THE WALTER GROUP LLC ON BEHALF OF TWEED INC.,0.3943,-0.0333,umap,
client_04181,UNITED AUBURN INDIAN COMMUNITY,-0.4209,-0.4656,umap,
client_04182,"URENCO USA, INC",0.2083,0.1672,umap,
client_04183,"WEATHER GROUP TELEVISION, LLC",0.1605,0.0801,umap,
client_04184,"WINE AND SPIRITS WHOLESALERS OF AMERICA, INC.",0.2345,-0.0013,umap,
client_04185,GE VERNOVA POWER CONVERSION AND STORAGE FKA GENERAL ELECTRIC COMPANY,0.148,-0.1018,umap,
client_04186,WPC TECHNOLOGIES,-0.0485,-0.0829,umap,
client_04187,COLSA CORPORATION,-0.1322,-0.1307,umap,
client_04188,INNOVATION REFUNDS LLC,0.4661,-0.2192,umap,
client_04189,HILLSBOROUGH COUNTY AVIATION AUTHORITY (TAMPA INTERNATIONAL AIRPORT),0.127,-0.0578,umap,
client_04190,AMERICAN CLEANING INSTITUTE,0.2157,0.4615,umap,
client_04191,AMERICAN HEALTH CARE ASSOCIATION,-0.3126,0.3206,umap,
client_04192,AMERICAN PORTABLE DIAGNOSTICS ASSOCIATION,-0.2947,0.3271,umap,
client_04193,AMERICAN SPORTFISHING ASSOCIATION,0.0689,-0.5265,umap,
client_04194,"ARMY ALLIANCE, INC.",0.1578,-0.1065,umap,
client_04195,BALDWIN COUNTY COMMISSION,0.1361,-0.0475,umap,
client_04196,CHIME,-0.3382,-0.1395,umap,
client_04197,COALITION FOR RENEWABLE NATURAL GAS (F/K/A PLAYMAKER O/B/OF COAL RENEW NAT GAS),0.3042,0.0569,umap,
client_04198,CURATORS OF THE UNIVERSITY OF MISSOURI,-0.0593,-0.1665,umap,
client_04199,"DIRECTV, LLC",-0.1105,0.0457,umap,
client_04200,DXC TECHNOLOGY,0.0991,-0.1744,umap,
client_04201,FOLSOM-CA CITY OF,0.2493,0.0279,umap,
client_04202,"GENERAL ATOMICS, ELECTROMAGNETIC SYSTEMS",-0.1415,-0.1615,umap,
client_04203,GEORGE KAISER FAMILY FOUNDATION,0.2421,-0.1632,umap,
client_04204,GEORGIA STATE UNIVERSITY RESEARCH FOUNDATION,-0.146,-0.1371,umap,
client_04205,GMTO CORPORATION,-0.0892,-0.0631,umap,
client_04206,"GOODWIN PROCTER, LLP O/B/O OF MEDICAL PROPERTIES TRUST",0.5589,-0.4301,umap,
client_04207,GRID UNITED LLC,0.53,0.0997,umap,
client_04208,GUJARAT FLUOROCHEMICALS GMBH,0.3607,0.1313,umap,
client_04209,"IHEARTMEDIA, INC.",0.2729,-0.2165,umap,
client_04210,IOWA CONFLUENCE WATER TRAILS (FORMERLY CENTRAL IOWA WATER TRAILS),0.2494,0.0285,umap,
client_04211,IP RENEWABLE ENERGY HOLDINGS LLC,0.4436,0.1581,umap,
client_04212,KALLNER & ASSOCIATES ON BEHALF OF WORTHINGTON ENTERPRISES,0.144,-0.015,umap,
client_04213,LAKESIDE BLUFFS GROUP LLC,0.1664,-0.6068,umap,
client_04214,LEGEND BIOTECH CORPORATION,-0.5095,-0.1224,umap,
client_04215,LUCERNO DYNAMICS,-0.4905,-0.0654,umap,
client_04217,OCI N.V. (FORMERLY KNOWN AS ORASCOM CONSTRUCTION INTERNATIONAL N.V.),0.2706,-0.0701,umap,
client_04218,PHYSICIAN CLINICAL REGISTRY COALITION,-0.1212,-0.3421,umap,
client_04219,QINETIQ NORTH AMERICA,-0.2467,-0.3757,umap,
client_04220,"RAI SERVICES COMPANY (FORMERLY REYNOLDS AMERICAN, INC.)",0.452,-0.2086,umap,
client_04221,RTX CORPORATION (FKA RAYTHEON TECHNOLOGIES CORPORATION),-0.119,-0.1756,umap,
client_04222,SAMSUNG ELECTRONICS AMERICA,-0.2387,-0.2023,umap,
client_04223,SCAN HEALTH PLAN,-0.3078,0.3239,umap,
client_04224,STRIVEWORKS,-0.234,-0.4013,umap,
client_04225,"THE MENTAL HEALTH ASSOCIATION OF NY CITY, INC., D/B/A VIBRANT EMOTIONAL HEALTH",0.5595,-0.4307,umap,
client_04226,TRANE TECHNOLOGIES,0.2112,0.1662,umap,
client_04227,TRANSLATIONAL GENOMICS RESEARCH INSTITUTE,0.6015,0.1821,umap,
client_04228,VALENT U.S.A. LLC,0.1828,-0.2032,umap,
client_04229,WHITE EARTH TRIBAL NATION,0.2237,0.0076,umap,
client_04230,WHOLESTONE PRESTAGE LLC (FORMERLY KNOW AS WHOLESTONE FARMS),0.4672,-0.2109,umap,
client_04231,WILD SHEEP FOUNDATION,0.3523,0.0778,umap,
client_04232,AMERICAN AUTOMOBILE ASSOCIATION,0.196,-0.037,umap,
client_04233,AMERICAN PUBLIC UNIVERSITY SYSTEM,-0.121,-0.1678,umap,
client_04234,"BREAKTHROUGH ENERGY VENTURES, LLC (PREV. REPORTED AS BREAKTHROUGH ENERGY, LLC)",0.359,0.2177,umap,
client_04235,MARYLAND+COALITION,-0.3078,0.3235,umap,
client_04236,NEXT DEFENSE SOLUTIONS,-0.2425,-0.3832,umap,
client_04237,STATE FARM,-0.0462,0.1475,umap,
client_04238,IRVINE RANCH WATER DISTRICT,0.2778,0.485,umap,
client_04239,ADVAMED,0.3583,-0.282,umap,
client_04240,"AECOM TECHNICAL SERVICES, INC.",0.4616,0.0308,umap,
client_04241,"ALLEGIANCE HEALTH MANAGEMENT, INC.",-0.2975,0.3273,umap,
client_04242,AMERICAN INSTITUTE OF CPAS,0.4702,-0.2077,umap,
client_04243,"AMERICAN PATRIOT HOLDINGS, LLC ON BEHALF OF WHITE STALLION COAL, LLC",0.3956,0.1534,umap,
client_04244,CALIFORNIA LIFE SCIENCES ASSOCIATION,0.1028,-0.1677,umap,
client_04245,CMB REGIONAL CENTER,0.368,0.2251,umap,
client_04246,COCA-COLA,0.2909,0.0118,umap,
client_04247,COUNTERTERRORISM EDUCATION LEARNING LAB (CELL),0.1656,-0.4787,umap,
client_04248,DFS GUAM L.P.,0.157,-0.5475,umap,
client_04249,ELEC825 (ENGINEERS LABOR-EMPLOYER COOPERATIVE),-0.405,-0.261,umap,
client_04250,"ETSY, INC.",0.4561,-0.2174,umap,
client_04251,FIRSTFLOOR,0.4705,-0.2076,umap,
client_04252,FULCRUM BIOENERGY,0.2978,0.0544,umap,
client_04253,GENASYS (FORMERLY LRAD CORPORATION),-0.2384,-0.3777,umap,
client_04254,"GLOBE MANUFACTURING COMPANY, LLC, A SUBSIDIARY OF MSA SAFETY INC.",-0.4626,-0.099,umap,
client_04255,GREATER CHEYENNE CHAMBER OF COMMERCE,0.1485,-0.1143,umap,
client_04256,GRODAN INC.,0.32,-0.0277,umap,
client_04257,HANGAR ALPHA LLC,-0.456,-0.0937,umap,
client_04258,INDUSTRIAL DEVELOPMENT AUTHORITY OF THE CITY OF NEWPORT NEWS,0.1361,-0.0781,umap,
client_04259,INDUSTRIAL FASTENERS INSTITUTE,0.4114,-0.3083,umap,
client_04260,INTERNATIONAL EDUCATION CORPORATION,0.1693,-0.3248,umap,
client_04261,IQVIA,0.5964,0.1779,umap,
client_04262,LIBERTY UTILITIES (CANADA) CORP.,0.2935,-0.1392,umap,
client_04263,LOGITECH,0.4117,-0.3085,umap,
client_04264,"LYFT, INC.",0.1341,-0.0093,umap,
client_04265,"MDIF MEDIA PARTNERS I, LP",0.193,0.4237,umap,
client_04266,MED CLAIMS COMPLIANCE CORPORATION,0.2763,-0.5026,umap,
client_04267,MEYER BURGER (AMERICAS) LTD.,0.4464,0.1597,umap,
client_04268,MISSISSIPPI DEVELOPMENT AUTHORITY,-0.1224,-0.1783,umap,
client_04269,"ML STRATEGIES, LLC (ON BEHALF OF DAIKIN U.S. CORPORATION)",-0.2194,-0.2246,umap,
client_04270,"MOLINA HEALTHCARE, INC.",-0.1815,-0.0505,umap,
client_04271,NATIONAL ASSOCIATION FOR COLLEGE ADMISSION COUNSELING,0.1342,0.121,umap,
client_04272,NATIONAL ASSOCIATION OF ACOS,-0.5076,-0.1181,umap,
client_04274,NATIONAL SCHOOL BOARDS ASSOCIATION,0.4683,-0.0976,umap,
client_04275,NUMBERSUSA ACTION,0.157,-0.5474,umap,
client_04276,RECOLOGY INC.,0.4116,-0.3085,umap,
client_04277,SHARKNINJA OPERATING LLC,0.2706,-0.2174,umap,
client_04278,SKYWATER TECHNOLOGY FOUNDRY,-0.1414,-0.1615,umap,
client_04280,STATE STREET STRATEGIES (DBA ONE+ STRATEGIES) OBO VIVEK SHARMA,0.1932,0.4235,umap,
client_04281,THRIVENT FINANCIAL FOR LUTHERANS,-0.0759,0.0486,umap,
client_04282,"TRIAD LIFE SCIENCES, INC.",0.2771,-0.5028,umap,
client_04283,WINDSTREAM SERVICES LLC,0.1331,0.6065,umap,
client_04284,"ZSCALER INC. AND AFFILIATES (FKA ZSCALER, INC.)",-0.1427,-0.1626,umap,
client_04285,MAUI HEALTH SYSTEM,0.2876,-0.3067,umap,
client_04286,AVAYA GOVERNMENT SOLUTIONS,0.1376,0.6027,umap,
client_04287,INSP,0.1996,0.482,umap,
client_04288,SCENIC HUDSON,0.3479,0.0766,umap,
client_04289,SIME DARBY PLANTATION BERHAD,0.5941,-0.0344,umap,
client_04290,SOUTHCENTRAL FOUNDATION,0.5508,-0.4205,umap,
client_04291,SOUTHERN SHRIMP ALLIANCE,0.6061,-0.0403,umap,
client_04292,TRITON SYSTEMS INC,-0.2425,-0.3836,umap,
client_04293,"B.S.D. CAPITAL, INC. DBA LENDISTRY",-0.12,0.1025,umap,
client_04294,CIRCULOR,0.1763,0.0173,umap,
client_04295,"CITY OF GAINESVILLE, FL",-0.0833,-0.005,umap,
client_04296,COLORADO SPRINGS,0.4062,0.6605,umap,
client_04297,CONSUMER TECHNOLOGY ASSOCIATION (PREVIOUSLY THE CONSUMER ELECTRONICS ASSOCIATION,0.176,-0.0358,umap,
client_04298,CORECIVIC (FORMERLY CCA OF TENNESSEE),-0.0507,-0.0461,umap,
client_04299,COVENANT AVIATION SECURITY,0.1643,-0.4781,umap,
client_04300,EMORY UNIVERSITY,-0.1684,-0.3385,umap,
client_04301,FLOW THERAPY,-0.497,-0.0883,umap,
client_04302,FMC CORP,0.0773,-0.4033,umap,
client_04303,"FORTINET, INC.",0.1351,0.5998,umap,
client_04304,GLASS PACKAGING INSTITUTE,0.3376,0.0237,umap,
client_04305,GOOGLE CLIENT SERVICES (PREVIOUSLY REPORTED AS GOOGLE),0.0767,0.0818,umap,
client_04306,"GUARDANT HEALTH, INC.",-0.3112,0.2874,umap,
client_04307,HUNTINGTON'S DISEASE SOCIETY OF AMERICA,0.274,-0.5031,umap,
client_04308,INTEROS INC.,-0.4052,-0.0149,umap,
client_04309,"INTUIT, INC. AND AFFILIATES (FORMERLY INTUIT, INC.)",-0.1201,0.1025,umap,
client_04310,JOINT OFFICIAL LIQUIDATOR OF SILICON VALLEY BANK CAYMAN BRANCH,0.0219,0.329,umap,
client_04311,"KORE POWER, INC.",-0.0636,-0.1509,umap,
client_04312,MARINER FINANCE LLC,0.0219,0.3289,umap,
client_04313,MARKEL CORPORATION,0.135,-0.3691,umap,
client_04314,MEDICATION ASSISTED TREATMENT LEADERSHIP COUNCIL,-0.3083,0.3235,umap,
client_04315,MEHARRY MEDICAL COLLEGE,0.5355,-0.4177,umap,
client_04316,"MERLIN INTERNATIONAL, INC.",-0.1279,-0.1221,umap,
client_04317,MOZILLA CORPORATION,0.0768,0.08,umap,
client_04318,MURRAY ENERGY CORPORATION (PRIOR Q4 REFERENCED AMER CONSOL NAT RES IN ERROR),0.21,0.1652,umap,
client_04319,NATIONAL ASSOCIATION OF FREE & CHARITABLE CLINICS,-0.2269,0.1659,umap,
client_04320,"NATIONAL MENTOR HOLDINGS, INC.",0.0248,-0.1337,umap,
client_04321,"NATIONAL RESILIENCE, INC.",-0.5067,-0.1167,umap,
client_04322,"OPEN SAN CONSULTING, LLC D/B/A OSC EDGE",-0.2302,-0.3917,umap,
client_04323,OVERTON LLC,0.1664,-0.6067,umap,
client_04324,PLANET LABS PBC (FORMERLY PLANET LABS FEDERAL INC.),0.2576,0.0166,umap,
client_04325,SAN BERNARDINO VALLEY WATER CONSERVATION DISTRICT,0.1666,0.4204,umap,
client_04326,SIEMENS ENERGY,0.1877,-0.0143,umap,
client_04327,SUSTAINABLE OZARKS PARTNERSHIP,-0.2338,-0.4002,umap,
client_04328,THE HUNTSVILLE-MADISON COUNTY AIRPORT AUTHORITY,0.2231,0.0685,umap,
client_04329,THE JONES FIRM FOR NUCLEAR DEVELOPMENT LLC,0.3678,0.2243,umap,
client_04330,THE UNIVERSITY OF MIAMI,-0.1428,-0.1415,umap,
client_04331,"UNIVERSAL MUSIC GROUP RECORDINGS, INC.",0.1885,0.4741,umap,
client_04332,VIATRIS INC.,-0.3346,-0.1327,umap,
client_04333,WORLD SHIPPING COUNCIL,0.3109,0.5768,umap,
client_04334,ZUFFA AND AFFILIATES FKA WME GROUP,-0.4763,-0.0845,umap,
client_04335,CALIFORNIA INSTITUTE OF TECHNOLOGY,-0.0871,0.68,umap,
client_04336,MARINER FINANCE,0.0221,0.3291,umap,
client_04338,SOUTHEASTERN COLORADO WATER CONSERVANCY DISTRICT,0.2598,0.0681,umap,
client_04340,CALIFORNIA CREDIT UNION LEAGUE,-0.2362,0.1746,umap,
client_04341,GATX CORPORATION,-0.2126,0.0384,umap,
client_04342,PARTNERSHIP TO FIGHT CHRONIC DISEASE,-0.4903,-0.0631,umap,
client_04343,AEGIS SCIENCES CORPORATION,0.3219,-0.2854,umap,
client_04344,"ASTELLAS GENE THERAPIES, INC. A DELAWARE CORPORATION",-0.3132,0.3209,umap,
client_04345,BLACKROCK FUNDS SERVICES GROUP LLC,-0.0122,0.295,umap,
client_04346,C5 CAPITAL,-0.0707,-0.1695,umap,
client_04347,CORPORATE HEALTH CARE COALITION,-0.4899,-0.0639,umap,
client_04348,ENERGY HARBOR CORP,0.3684,0.2238,umap,
client_04349,ESSENTIA HEALTH,-0.4967,-0.0909,umap,
client_04350,FIRSTDAY FOUNDATION (FORMERLY KNOWN AS BCFS),0.1265,0.1155,umap,
client_04351,"FLEXPORT, INC.",0.175,-0.0335,umap,
client_04352,HEALTH CENTER PARTNERS OF SOUTHERN CALIFORNIA,0.0505,-0.3268,umap,
client_04353,HIGINI CIERCO,0.0251,0.332,umap,
client_04354,IDEMIA,0.1656,-0.4787,umap,
client_04355,JPMORGAN CHASE HOLDINGS LLC,-0.0095,0.2985,umap,
client_04356,MAGPUL INDUSTRIES CORP,-0.2345,-0.3985,umap,
client_04357,MAJOR COUNTY SHERIFFS OF AMERICA (FORMERLY MAJOR COUNTY SHERIFFS' ASSOCIATION),0.0496,-0.3242,umap,
client_04358,MAJOR LEAGUE BASEBALL,-0.0175,0.1028,umap,
client_04359,MORGAN STANLEY & CO. LLC,-0.0197,0.101,umap,
client_04360,NATIONAL APARTMENT ASSOCIATION,0.0755,0.4756,umap,
client_04361,"NCHA, INC.",-0.5063,-0.1159,umap,
client_04362,NORTHWESTERN MEMORIAL HEALTHCARE,-0.0186,-0.2271,umap,
client_04363,"PERPETUA RESOURCES, CORP.",0.4636,0.0073,umap,
client_04364,"PRA GROUP, INC.",-0.0973,0.0629,umap,
client_04365,RIO GRANDE VALLEY SUGAR GROWERS,0.3949,-0.0341,umap,
client_04366,ROCKY VISTA UNIVERSITY,0.3306,-0.2989,umap,
client_04367,"SABRA DIPPING COMPANY, LLC",0.3875,-0.0127,umap,
client_04368,SAN DIEGO UNIFIED SCHOOL DISTRICT,0.4681,-0.0976,umap,
client_04369,SCALE,-0.2217,-0.3952,umap,
client_04370,STUBHUB,0.0856,0.138,umap,
client_04371,SWK STADTWERKE KAISERSLAUTERN GMBH,0.7285,-0.4824,umap,
client_04372,TIGER BIOSCIENCES,0.2762,-0.4952,umap,
client_04373,"UNAKA COMPANY, INC.",0.6022,-0.0391,umap,
client_04374,UNIVERSITY OF NEW HAMPSHIRE,0.3253,-0.0416,umap,
client_04375,CENTER FOR TRANSPORTATION AND THE ENVIRONMENT,0.1355,-0.0776,umap,
client_04376,CASCADES CONTAINERBOARD PACKAGING (FKA) NORAMPAC A DIVISION OF CASCADES CANADA,0.2939,0.1316,umap,
client_04377,CRONOS USA CLIENT SERVICES LLC,0.005,0.0995,umap,
client_04378,ITSERVE ALLIANCE,0.1568,-0.5479,umap,
client_04379,NOVOZYMES,0.2092,0.1671,umap,
client_04380,"THE TRANSPORTATION ALLIANCE (FORMERLY TAXICAB, LIMOUSINE & PARATRANSIT ASSN.)",0.2239,0.0688,umap,
client_04381,LAS VEGAS SANDS CORPORATION,0.1912,0.4252,umap,
client_04382,"MSI-DEFENSE SYSTEMS US, INC",-0.2442,-0.3776,umap,
client_04383,21ST CENTURY PRIVACY COALITION,0.1335,0.6062,umap,
client_04384,"ACTION NOW INITIATIVE, LLC (ANI)",-0.5068,-0.1166,umap,
client_04385,AGRIBANK FCB,0.3327,-0.0396,umap,
client_04386,ALABAMA SHIPYARD LLC,-0.2336,-0.4011,umap,
client_04387,ALCOA CORPORATION,0.2902,-0.1361,umap,
client_04388,AMYLYX,0.5603,-0.4314,umap,
client_04389,"ATARA BIOTHERAPEUTICS, INC.",-0.5074,-0.1176,umap,
client_04390,BOUNCE IMAGING,-0.1951,-0.1246,umap,
client_04391,BURNHAM DEVELOPER LLC (ON BEHALF OF AKRIDGE),0.2258,0.0674,umap,
client_04392,CITY OF CINCINNATI,-0.0865,-0.0041,umap,
client_04393,"CITY OF EAST PALO ALTO, CA",0.4062,0.6605,umap,
client_04394,CLARITEV (FORMERLY MULTIPLAN CORPORATION),-0.3105,0.321,umap,
client_04395,COREWEAVE,0.3698,0.2241,umap,
client_04396,"DRISCOLL'S, INC.",0.3135,-0.0018,umap,
client_04397,EDUCATION REFORM NOW ADVOCACY,0.4683,-0.0976,umap,
client_04398,EUTELSAT AMERICA CORP.,-0.2023,-0.3982,umap,
client_04399,"FORGE GLOBAL, INC.",-0.0701,0.0349,umap,
client_04400,FRESENIUS MEDICAL CARE,-0.1131,-0.284,umap,
client_04401,GARRISON DIVERSION CONSERVANCY DISTRICT,0.3494,0.075,umap,
client_04402,GLOBAL ADVANCED METALS,0.1701,-0.1206,umap,
client_04403,GLOBAL ELECTRONICS ASSOCIATION,0.0759,0.0515,umap,
client_04404,GRID MARKET RESEARCH,0.1318,0.212,umap,
client_04405,GUNVOR GROUP,0.1884,0.1589,umap,
client_04406,HARDWOOD FEDERATION,0.3121,0.0073,umap,
client_04407,"HARMAN INTERNATIONAL INDUSTRIES, INC.",0.2272,0.0669,umap,
client_04408,HEARTLAND ENERGY (FORMERLY KNOWN AS HEARTLAND CONSUMERS POWER DISTRICT),0.303,0.0576,umap,
client_04409,IPROOV INC.,0.2111,-0.1588,umap,
client_04410,JOBSOHIO,0.1345,0.6054,umap,
client_04411,KOEHLER OBERKIRCH GMBH F/K/A/ PAPIERFABRIK AUGUST KOEHLER SE,0.6092,-0.0412,umap,
client_04412,"LEONARDO DRS, INC. (FKA RADA TECHNOLOGIES LLC)",-0.1249,-0.1228,umap,
client_04413,MEDICARE ACCESS TO SKIN SUBSTITUTES COALITION (MASS COALITION) (INFORMAL),0.2786,-0.5041,umap,
client_04414,"MERCK & COMPANY, INC.",-0.2863,0.3285,umap,
client_04415,MOTION PICTURE ASSOCIATION (FKA MOTION PICTURE ASSOCIATION OF AMERICA [MPAA]),0.0753,0.0863,umap,
client_04416,MOTORCYCLE RIDERS FOUNDATION,0.3585,-0.1214,umap,
client_04417,MZA ASSOCIATES CORPORATION,-0.2469,-0.3761,umap,
client_04418,"NEUROCRINE BIOSCIENCES, INC.",0.2903,-0.3217,umap,
client_04419,"NEXSTAR BROADCASTING GROUP, INC.",0.1997,0.4823,umap,
client_04420,NUCLEAR CARE PARTNERS,-0.4913,-0.0658,umap,
client_04421,OMV AKTIENGESELLSCHAFT,0.1931,0.4238,umap,
client_04422,PHILADELPHIA REGIONAL PORT AUTHORITY,0.2396,-0.0376,umap,
client_04423,POSCO AMERICA,0.6096,-0.0413,umap,
client_04424,"SIEMENS ENERGY, INC.",0.2083,0.1646,umap,
client_04425,"SIRIUS XM RADIO, INC",0.1939,0.4756,umap,
client_04426,SONOMA WATER,0.3495,0.0758,umap,
client_04427,TRADE ALLIANCE FOR HEALTH,0.1042,-0.1651,umap,
client_04428,"UNITED AIRLINES, INC.",-0.384,-0.6201,umap,
client_04429,"UNITED HEALTHCARE SERVICES, INC.",-0.1126,-0.2844,umap,
client_04430,UNIVERSITY OF VIRGINIA,-0.0389,-0.1532,umap,
client_04431,VIEW,0.4705,-0.2077,umap,
client_04432,VIKING RIVER CRUISES,0.4539,-0.2134,umap,
client_04433,WAYNE COUNTY AIRPORT AUTHORITY,0.1284,-0.0572,umap,
client_04434,WK KELLOGG CO,0.386,-0.0126,umap,
client_04435,PLANNED PARENTHOOD ACTION FUND INC,-0.4901,0.3333,umap,
client_04436,DOUGLAS COUNTY,0.2281,0.0337,umap,
client_04437,ARTHROSCOPY ASSOCIATION OF NORTH AMERICA,-0.113,-0.1709,umap,
client_04438,SEPTA,0.354,-0.1174,umap,
client_04439,VALLEY INTERNATIONAL AIRPORT,0.1612,0.0775,umap,
client_04440,CARBONFUTURE GMBH,0.3922,0.1512,umap,
client_04441,THOMAS JEFFERSON UNIVERSITY HOSPITAL,-0.2833,0.3278,umap,
client_04442,AGILE THERAPEUTICS,-0.0847,-0.2999,umap,
client_04443,"SYENSQO FINANCE (AMERICA), LLC (FKA SYENSQO)",-0.0706,-0.1692,umap,
client_04444,AMERICAN PUBLIC HEALTH ASSOCIATION,-0.1166,0.3008,umap,
client_04445,"ALASKA AIRLINES, INC.",-0.2317,0.1706,umap,
client_04446,"ELECTRIFY AMERICA, LLC",0.2954,0.1298,umap,
client_04447,3 PROTON LITHIUM INC.,0.3519,0.0777,umap,
client_04448,ACADIA HEALTHCARE,-0.5098,-0.1222,umap,
client_04449,ACG ADVOCACY ON BEHALF OF AMERICAN ASSOCIATION OF PUBLISHERS,0.0892,-0.4484,umap,
client_04450,"AIRBNB, INC.",-0.1079,0.0462,umap,
client_04451,AIRMAP,-0.3836,-0.6198,umap,
client_04452,ALLEGHENY COUNTY AIRPORT AUTHORITY,-0.2127,0.0384,umap,
client_04453,AMERICAN ASSOCIATION OF COLLEGES OF NURSING,-0.4901,0.3333,umap,
client_04454,ANIMAL HEALTH INSTITUTE,-0.3509,-0.0443,umap,
client_04455,ASTRANIS SPACE TECHNOLOGIES CORP.,-0.1172,-0.1595,umap,
client_04456,"AVIDITY BIOSCIENCES, INC.",0.5595,-0.4307,umap,
client_04457,CALIFORNIA ASSOCIATION OF SANITATION AGENCIES,0.5387,0.1066,umap,
client_04458,CARVANA,-0.2126,0.0385,umap,
client_04459,CENTRAL OHIO TRANSIT AUTHORITY,0.2261,0.0676,umap,
client_04460,CITY UTILITIES OF SPRINGFIELD,0.7285,-0.4824,umap,
client_04461,"CLEAN FUEL ALLIANCE ""FKA NATIONAL BIODIESEL BOARD""",0.4464,0.1591,umap,
client_04463,CREATIVE SOLUTIONS IN HEALTH CARE,-0.1632,0.5326,umap,no_issue_data
client_04464,CVS HEALTH (AND SUBSIDIARIES),0.5573,0.407,umap,
client_04465,ECPI UNIVERSITY OF VIRGINIA BEACH VIRGINIA,0.4677,-0.0974,umap,
client_04466,EMPOWER RETIREMENT LLC (FKA GREAT-WEST LIFE & ANNUITY INSURANCE COMPANY),-0.069,0.0347,umap,
client_04467,"EOS DEFENSE SYSTEMS USA, INC.",-0.2298,-0.4037,umap,
client_04468,EUTELSAT NETWORK SOLUTIONS (F/K/A EACOWT),-0.2293,-0.4055,umap,
client_04469,FIDELITY NATIONAL INFORMATION SYSTEMS INC AND SUBSIDIARIES,-0.007,0.2902,umap,
client_04470,FIREKEEPERS DEVELOPMENT AUTHORITY,-0.4201,-0.4648,umap,
client_04471,FOUNDATION FOR ADVANCING ALCOHOL RESPONSIBILITY (RESPONSIBILITY.ORG),0.2162,0.0691,umap,
client_04472,"GENESIS HEALTHCARE, LLC",0.2872,-0.3143,umap,
client_04473,"HA SUSTAINABLE INFRASTRUCTURE CAPITAL, INC. (HASI)",0.4452,0.159,umap,
client_04474,HACKENSACK UNIVERSITY MEDICAL CENTER FOUNDATION,-0.4899,-0.0639,umap,
client_04475,HILLSBOROUGH COUNTY,-0.351,-0.0442,umap,
client_04476,HOSPICE ACTION NETWORK,0.2916,-0.3242,umap,
client_04477,HOSPITAL ASSOCIATION OF PUERTO RICO,-0.4905,-0.0634,umap,
client_04478,INDIVIOR,-0.5087,-0.1197,umap,
client_04479,IVANHOE ATLANTIC (FORMERLY HIGH POWER EXPLORATION INC.),0.3526,0.0776,umap,
client_04480,"K.P. KAUFFMAN COMPANY, INC.",0.4473,-0.213,umap,
client_04481,KRUGER INC. AND ITS SUBSIDIARIES,0.1698,0.1554,umap,
client_04482,LATTICE SEMICONDUCTOR,-0.0516,-0.0917,umap,
client_04483,LYCOMING COUNTY,0.4062,0.6605,umap,
client_04484,MIDWEST CITY MEMORIAL HOSPITAL AUTHORITY,0.1486,-0.114,umap,
client_04485,NATIONAL ASSOCIATION OF DISABILITY REPRESENTATIVES,0.0262,-0.135,umap,
client_04486,NATIONAL ASSOCIATION OF ORDNANCE CONTRACTORS,-0.2379,-0.391,umap,
client_04487,NATIONAL ASSOCIATION OF PROFESSIONAL EMPLOYER ORGANIZATIONS,-0.0415,0.1537,umap,
client_04488,NATIONAL HEAD START ASSOCIATION,0.1697,-0.3262,umap,
client_04489,NATIONAL MINING ASSOCIATION,0.3162,0.083,umap,
client_04490,NATIONAL SPACE GRANT ALLIANCE,-0.0888,-0.0632,umap,
client_04491,NORTHWEST PUBLIC POWER ASSOCIATION,0.2915,0.1357,umap,
client_04492,"NOVO NORDISK, INC.",0.5602,-0.4313,umap,
client_04493,"OCEANS ACQUISITION, INC.",-0.2907,0.3265,umap,
client_04494,PACTIV EVERGREEN INC.,0.1384,0.5859,umap,
client_04495,PIEDMONT HEALTHCARE,0.1876,-0.0758,umap,
client_04496,PUERTO RICO HOUSE OF REPRESENTATIVES,0.1052,-0.1993,umap,
client_04497,REPO ALLIANCE INC. (FKA AMERICAN RECOVERY ASSOCIATION),-0.0039,0.301,umap,
client_04498,SACRAMENTO AREA FLOOD CONTROL AGENCY (SAFCA),0.2549,0.0916,umap,
client_04499,SACRAMENTO AREA FLOOD CONTROL AGENCY,-0.0815,0.673,umap,
client_04500,SEMICONDUCTOR TECHNOLOGY LEADERSHIP COUNCIL,-0.038,0.1568,umap,
client_04501,"SL 2T, LLC (""SMARTLABS"")",-0.101,-0.2844,umap,
client_04502,SNCF AMERICA INC,0.3588,-0.1216,umap,
client_04503,ST. JUDE CHILDREN'S RESEARCH HOSPITAL,-0.4901,-0.0639,umap,
client_04504,STATE UNIVERSITY SYSTEM OF FLORIDA,-0.053,-0.1611,umap,
client_04505,TEXAS CHILDREN'S HOSPITAL,-0.5084,-0.1186,umap,
client_04506,THE ROGOSIN INSTITUTE,0.277,-0.494,umap,
client_04507,THE VILLAGE OF OSWEGO,0.2216,0.0159,umap,
client_04508,"TOWING & RECOVERY ASSOCIATION OF AMERICA, INC.",0.2261,0.0674,umap,
client_04509,"VIEW, INC.",0.4705,-0.2077,umap,
client_04510,"WAYNE FARMS, LLC",0.3294,0.018,umap,
client_04511,"WHOOP, INC.",-0.234,-0.3934,umap,
client_04512,WILLIAMSPORT MUNICIPAL WATER AUTHORITY-WILLIAMSPORT SANITARY AUTHORITY,-0.0846,0.6762,umap,
client_04514,MERIDIAN MEDICAL TECHNOLOGIES,-0.2312,-0.4031,umap,
client_04515,BIFMA,0.2093,0.167,umap,
client_04516,PUBLIC KNOWLEDGE,0.1379,0.6008,umap,
client_04517,GRANT COUNTY PUBLIC UTILITY DISTRICT,-0.1714,0.0462,umap,
client_04518,DIRECT PRIMARY CARE COALITION,-0.4899,-0.0636,umap,
client_04520,"ASTRANIS SPACE TECHNOLOGIES, INC.",0.1263,0.426,umap,
client_04521,DOYON LTD,0.2572,0.0904,umap,
client_04522,JUST TRANSITION FUND,0.0405,-0.2948,umap,
client_04523,"SMITH & WESSON BRANDS, INC.",0.2692,-0.0927,umap,
client_04524,MISSOURI RIVER ENERGY SERVICES,0.4614,0.0312,umap,
client_04525,TULE RIVER TRIBE,0.0979,-0.1779,umap,
client_04526,KOHLER CO.,0.4117,-0.3084,umap,
client_04527,PORT OF PORT ARTHUR,0.1612,0.0775,umap,
client_04528,STATE FARM INSURANCE COMPANY,0.7562,0.2366,umap,
client_04529,1890 UNIVERSITIES FOUNDATION,0.3273,-0.0411,umap,
client_04530,340B WORKING TABLE,-0.5099,-0.1226,umap,
client_04531,3D SYSTEMS CORPORATION,-0.1148,-0.172,umap,
client_04533,ALASKA FEDERATION OF NATIVES,-0.4208,-0.4655,umap,
client_04535,AMERICAN ORGANIZATION FOR NURSING LEADERSHIP FORMERLY AMERICAN ORGANIZATION FOR,-0.0984,-0.2832,umap,
client_04536,AMERICAN SAMOA,0.2735,-0.5035,umap,
client_04537,AMERISOURCE BERGEN,-0.309,0.3242,umap,
client_04538,ASSOCIATION OF FLIGHT ATTENDANTS-CWA,0.1701,-0.0671,umap,
client_04539,BLACKSTONE,0.0159,0.0084,umap,
client_04540,BUSINESS COUNCIL FOR SUSTAINABLE ENERGY,-0.0654,-0.1504,umap,
client_04541,CAPITAL METROPOLITAN TRANSPORTATION AUTHORITY,0.1424,-0.053,umap,
client_04542,CARESOURCE MANAGEMENT SERVICES CO.,0.2767,-0.5043,umap,
client_04543,"CARESTREAM HEALTH, INC.",0.6063,-0.0413,umap,
client_04544,CENTRUS ENERGY CORP. (FORMERLY KNOWN AS USEC INC.),0.3677,0.2255,umap,
client_04545,CITIGROUP MANAGEMENT CORP.,-0.336,-0.1318,umap,
client_04546,CITY OF GRESHAM,0.1276,-0.0583,umap,
client_04547,"CITY OF KANSAS CITY, MISSOURI",0.1664,-0.6068,umap,
client_04548,COSTAR GROUP,0.1665,0.4203,umap,
client_04549,"DOOSAN BOBCAT NORTH AMERICA, INC.",0.592,-0.0334,umap,
client_04550,DOUBLEVERIFY INC.,0.226,0.4466,umap,
client_04551,EDP RENEWABLES NORTH AMERICA LLC,0.1053,0.0143,umap,
client_04552,EDWARD JONES,-0.3388,-0.1406,umap,
client_04553,ERNST & YOUNG U.S. LLP (EY),-0.0107,0.2947,umap,
client_04554,FLIGHTSAFETY INTERNATIONAL INC.,0.1536,-0.1094,umap,
client_04555,GENERAL ELECTRIC COMPANY (PREVIOUSLY REPORTED AS GE AVIATION),-0.0224,-0.188,umap,
client_04556,GREYSCAN AUSTRALIA PTY LTD.,0.1636,-0.6036,umap,
client_04557,HAMILTON COUNTY,0.2778,0.485,umap,
client_04558,HEALTH CARE SERVICE CORPORATION,-0.168,-0.3391,umap,
client_04559,HIV MEDICINE ASSOCIATION,0.5585,-0.4298,umap,
client_04560,INTELSAT GENERAL,-0.1287,-0.1257,umap,
client_04561,INTERNATIONAL PAPER,0.2091,0.1647,umap,
client_04562,JAPAN SECURITIES CLEARING CORPORATION,-0.3385,-0.1401,umap,
client_04563,MORTGAGE BANKERS ASSOCIATION,-0.0959,0.0608,umap,
client_04564,NMAC (ON BEHALF OF THE HIV/STD PARTNERSHIP),-0.1012,-0.2841,umap,
client_04565,OPTION CARE HEALTH,0.2935,-0.328,umap,
client_04566,OSAGE CASINOS,-0.4057,0.3108,umap,
client_04567,OVINTIV INC.,0.3342,0.0187,umap,
client_04568,"PRESERVATION TECHNOLOGIES, L.P.",-0.0833,0.6747,umap,
client_04569,PRYSMIAN GROUP,0.1384,0.5854,umap,
client_04570,"SAFE BOATS INTERNATIONAL, LLC",-0.1268,-0.1244,umap,
client_04571,SEABOARD CORPORATION,0.2796,-0.0641,umap,
client_04572,SENTURE LLC,-0.2317,0.1706,umap,
client_04573,TANANA CHIEFS CONFERENCE,0.2546,0.0907,umap,
client_04574,"THE REALREAL, INC.",0.3613,0.132,umap,
client_04575,TSMC ARIZONA,0.0677,-0.5281,umap,
client_04576,UNIVERSITY OF SOUTHERN CALIFORNIA,-0.1449,-0.1368,umap,
client_04577,"VANNEVAR LABS, INC.",-0.0909,0.6835,umap,
client_04578,VERTEX PHARMACEUTICALS INCORPORATED,-0.5062,-0.1164,umap,
client_04579,"VOLKSWAGEN GROUP OF AMERICA, INC.",0.0752,0.0951,umap,
client_04580,WESTERN DIGITAL CORPORATION,0.3362,0.0243,umap,
client_04582,X-BOW LAUNCH SYSTEMS,-0.0713,-0.1678,umap,
client_04583,SMARTER HEALTH CARE COALITION,-0.2509,-0.5344,umap,
client_04584,PRIME THERAPEUTICS,0.2877,-0.3056,umap,
client_04585,SOCIETY FOR CARDIOVASCULAR ANGIOGRAPHY AND INTERVENTIONS,0.0396,-0.2944,umap,
client_04587,MODIVCARE SOLUTIONS (FORMERLY LOGISTICARE SOLUTIONS),0.2739,-0.5008,umap,
client_04588,CITY OF EMERYVILLE,0.1591,0.0786,umap,
client_04589,EQUITABLE (FORMERLY AXA FINANCIAL),-0.0084,0.2992,umap,
client_04590,MORTGAGE RESEARCH CENTER LLC AKA VETERANS UNITED (THROUGH ROBERT ZIMMER),0.1108,0.4358,umap,
client_04591,SANTA ANA PUBLIC WORKS,0.5273,0.0973,umap,
client_04592,STEPTOE LLP (FKA STEPTOE & JOHNSON LLP),0.003,0.122,umap,
client_04593,TEIJIN ARAMID USA INC,-0.0497,-0.0843,umap,
client_04594,THE HEALTHCARE LEADERSHIP COUNCIL,-0.2944,0.3274,umap,
client_04595,UTAH TRANSIT AUTHORITY,0.1407,-0.0522,umap,
client_04596,ENERGETICS TECHNOLOGY CENTER,-0.1267,-0.1235,umap,
client_04597,NATIONAL COMMITTEE TO PRESERVE SOCIAL SECURITY AND MEDICARE,-0.4901,0.3332,umap,
client_04598,PARTNERSHIP FOR PART D,0.2734,-0.5007,umap,
client_04599,ALLEN INSTITUTE,0.5594,-0.407,umap,
client_04600,ALLIANCE FOR SHARED VALUES,0.1933,0.4238,umap,
client_04601,AMERICAN NETWORK OF COMMUNITY OPTIONS AND RESOURCES (ANCOR),-0.2927,0.3184,umap,
client_04602,ARKEMA INC.,0.36,0.132,umap,
client_04603,ASSOCIATION OF ACCESSIBLE MEDICINES,-0.4747,-0.0826,umap,
client_04604,"ATLAS POWER HOLDINGS, LLC",0.2911,-0.1372,umap,
client_04605,BEEF ALLIANCE,-0.1059,0.5479,umap,
client_04606,BOARD OF REGENTS OF THE UNIVERSITY OF OKLAHOMA,0.2554,0.0905,umap,
client_04607,"CHIME FINANCIAL, INC.",-0.339,-0.1407,umap,
client_04608,COCONINO COUNTY,0.2529,0.0933,umap,
client_04609,COLUMBUS STATE UNIVERSITY,-0.1212,-0.1684,umap,
client_04610,COMMERCIAL DRONE ALLIANCE,0.4625,-0.209,umap,
client_04611,COMMONWEALTH FUSION SYSTEMS LLC,0.3679,0.2251,umap,
client_04612,CURIO WELLNESS,0.0069,0.1036,umap,
client_04613,EMPLOYERS COUNCIL ON FLEXIBLE COMPENSATION,0.4542,-0.2052,umap,
client_04614,"EXPEDIA, INC.",0.0857,0.1397,umap,
client_04615,FISTA DEVELOPMENT TRUST AUTHORITY,-0.1436,-0.1614,umap,
client_04616,"FLETCHER GROUP, INC.",0.5589,-0.4301,umap,
client_04617,FOX VALLEY TECHNICAL COLLEGE,0.2161,0.0689,umap,
client_04618,GKN AEROSPACE,-0.2321,-0.4028,umap,
client_04619,GLAXOSMITHKLINE LLC,-0.311,0.3219,umap,
client_04620,"GLOBE SPECIALTY METALS, INC.",0.6115,-0.0415,umap,
client_04621,INTERNATIONAL COUNCIL OF SHOPPING CENTERS,-0.1815,0.0834,umap,
client_04622,JAB HOLDING COMPANY,-0.0157,0.1033,umap,
client_04623,KIRKLAND & ELLIS LLP,0.086,0.1397,umap,
client_04624,"KREINDLER & KREINDLER (FOR CERTAIN PLAINTIFFS IN ""9/11"" LITIGATION)",-0.1338,-0.1476,umap,
client_04626,LAKE CHARLES HARBOR & TERMINAL DISTRICT,-0.1758,-0.0817,umap,
client_04627,LOEWS HOTELS HOLDING CORPORATION,0.175,0.4296,umap,
client_04628,LUPUS RESEARCH ALLIANCE,-0.0827,0.6726,umap,
client_04629,"MAERSK LINE, LIMITED",-0.0485,0.2172,umap,
client_04630,MALLINCKRODT LLC,-0.1262,-0.323,umap,
client_04631,NATIONAL AMERICAN INDIAN HOUSING COUNCIL,-0.4206,-0.4653,umap,
client_04632,NATIONAL FUNERAL DIRECTORS ASSOCIATION,0.0989,-0.1774,umap,
client_04633,"NATIONAL ORGANIC COALITION, INC FKA ""RURAL ADVANCEMENT FOUNDATION INTERN...""",0.3207,-0.0285,umap,
client_04634,"NOBLE SUPPLY & LOGISTICS, LLC",-0.1352,-0.1336,umap,
client_04635,OCHSNER CLINIC FOUNDATION DBA OCHSNER HEALTH,0.2903,-0.3239,umap,
client_04636,PEOPLE-TEC,-0.233,-0.4018,umap,
client_04637,PHEASANTS FOREVER INC,0.3351,-0.0381,umap,
client_04638,PUTNAM INVESTMENTS,-0.0692,0.034,umap,
client_04639,QUINTILLION,-0.2116,-0.3922,umap,
client_04640,REGIONAL ONE HEALTH,-0.508,-0.1185,umap,
client_04641,"SKYWORKS SOLUTIONS, INC.",0.2111,-0.1587,umap,
client_04642,SOLIS MAMMOGRAPHY,-0.491,-0.0634,umap,
client_04643,TRANSAMERICA COMPANIES,0.1648,-0.4802,umap,
client_04644,UNIVERSITY OF TOLEDO,0.0273,-0.1299,umap,
client_04645,U.S. JUSTICE ACTION NETWORK AND FIX FORFEITURE,-0.1135,-0.0452,umap,
client_04646,"WASTE MANAGEMENT, INC.",-0.0767,-0.1055,umap,
client_04648,ZERO EMISSION TRANSPORTATION ASSOCIATION (ZETA),0.2117,0.1644,umap,
client_04649,"ZEROEYES, INC.",0.2123,-0.1588,umap,
client_04650,"ZEROFOX, INC.",-0.1159,-0.1705,umap,
client_04651,BENETECH INITIATIVE,0.4679,-0.0975,umap,
client_04652,THE ALS ASSOCIATION,0.3539,-0.2796,umap,
client_04653,"HEALTHPEAK PROPERTIES, INC. FKA PHYSICIANS REALTY TRUST",-0.251,-0.5345,umap,
client_04654,NCTA - THE INTERNET AND TELEVISION ASSOCIATION,0.1414,0.599,umap,
client_04655,PIEDMONT MUNICIPAL POWER AGENCY,0.3674,0.2256,umap,
client_04656,DISTRICT HOSPITAL LEADERSHIP FORUM,-0.4903,-0.0641,umap,
client_04657,CREDIT.COM (FORMERLY KNOWN AS PROGREXION ASG),-0.3308,-0.1189,umap,
client_04658,ENCHANT ENERGY CORPORATION,0.315,0.0824,umap,
client_04659,AMERICAN SOCIETY FOR GASTROINTESTINAL ENDOSCOPY,0.2887,-0.3056,umap,
client_04660,BAYLOR SCOTT AND WHITE HEALTH -- FORMERLY BAYLOR HEALTH CARE SYSTEM,0.3582,-0.2829,umap,
client_04661,NATIONAL TRUST COMMUNITY INVESTMENT CORPORATION,0.4578,-0.2208,umap,
client_04662,PORT OF BEAUMONT,0.1612,0.0781,umap,
client_04663,AAPAN,-0.491,-0.0657,umap,
client_04664,"AEVEX AEROSPACE, LLC",-0.2287,-0.4046,umap,
client_04665,ALABAMA STATE PORT AUTHORITY,0.2675,0.0059,umap,
client_04666,AMERICAN ASSOCIATION OF COLLEGES OF OSTEOPATHIC MEDICINE,-0.5073,-0.1167,umap,
client_04667,AMERICAN AUTOMOTIVE LEASING ASSOCIATION,0.19,0.0301,umap,
client_04668,AMERICAN BRAIN COALITION,-0.0844,0.6751,umap,
client_04669,AMERICAN FEED INDUSTRY ASSOCIATION (AFIA),0.2747,-0.0164,umap,
client_04670,BUHLER QUALITY YARNS CORPORATION,0.5945,-0.0347,umap,
client_04671,CAREQUEST INSTITUTE FOR ORAL HEALTH (F/K/A CATALYST INSTITUTE),0.3254,-0.3063,umap,
client_04672,CBC MORTGAGE AGENCY,-0.0026,0.3034,umap,
client_04673,CEMEX INC,0.353,-0.1168,umap,
client_04674,CHAMBER OF PROGRESS,-0.0373,0.1554,umap,
client_04675,"CHURCHILL DOWNS, INCORPORATED",-0.0692,0.6643,umap,
client_04676,CITY OF ST GEORGE,0.1612,0.0773,umap,
client_04677,CONVENIENCE DISTRIBUTION ASSOCIATION,-0.2124,0.0383,umap,
client_04678,"COX ENTERPRISES, INC.",0.471,-0.2075,umap,
client_04679,CRRC SIFANG AMERICA INCORPORATED,0.1564,-0.1073,umap,
client_04680,DELTA OFFSHORE ENERGY AMERICA'S LLC,0.3847,0.2365,umap,
client_04681,DESERT WATER AGENCY,0.2507,0.0286,umap,
client_04682,EYECARE PARTNERS LLC,-0.2963,0.3264,umap,
client_04683,GCI HOLDINGS LLC,0.471,-0.2074,umap,
client_04684,GEORGE MASON UNIVERSITY,-0.0819,-0.065,umap,
client_04685,GRUBHUB HOLDINGS INC.,0.0858,0.1395,umap,
client_04686,H-E-B,0.1066,-0.2018,umap,
client_04687,HEALTHCARE BUSINESS & MANAGEMENT ASSOC (FKA HEALTHCARE BILLING & MGMT),-0.2829,0.3278,umap,
client_04688,HERO HOMES,-0.0843,0.6751,umap,
client_04689,INNOVATIVE VACCINE TECHNOLOGIES,-0.0873,0.68,umap,
client_04690,"INTEGRA CONNECT, LLC",0.3286,-0.3003,umap,
client_04691,IRISH DISTILLERS,0.2688,-0.2168,umap,
client_04692,JACKSONVILLE AVIATION AUTHORITY,0.3523,-0.1159,umap,
client_04693,KOLMAR AMERICAS INC.,-0.0266,0.0394,umap,
client_04694,LAS VEGAS SANDS,-0.4052,0.3112,umap,
client_04695,LIGGETT VECTOR BRANDS LLC,0.2715,-0.2159,umap,
client_04696,LOS ANGELES WORLD AIRPORTS (LAWA),-0.3831,-0.6194,umap,
client_04697,NATIONAL IMMIGRATION FORUM ACTION (FKA AMERICA IS BETTER),0.1298,0.1179,umap,
client_04698,PARK CITY UTAH,0.2398,-0.0376,umap,
client_04699,PARTNER THERAPEUTICS,0.5603,-0.4314,umap,
client_04700,PUERTO RICO DEPARTMENT OF HEALTH,0.2902,-0.3208,umap,
client_04701,PUTALA STRATEGIES LLC (ON BEHALF OF PARTNER THERAPEUTICS),-0.5092,-0.1197,umap,
client_04702,"REMITLY, INC.",-0.0182,0.0945,umap,
client_04703,RESEARCH SOCIETY ON ALCOHOL (FORMERLY KNOWNS AS RESEARCH SOCIETY ON ALCOHOLISM),-0.0834,0.6754,umap,
client_04704,ROCHE DIAGNOSTICS,-0.4924,-0.0617,umap,
client_04705,STANFORD UNIVERSITY,0.1023,-0.0489,umap,
client_04706,TOWNES 5G LLC,0.1342,0.6057,umap,
client_04707,UNITED FOR PATENT REFORM,0.1912,0.4727,umap,
client_04708,VANTEO (FORMERLY KNOWN AS BDV SOLUTIONS),0.1577,-0.5486,umap,
client_04709,VIRGINIA HOSPITAL & HEALTHCARE ASSOCIATION,0.2886,-0.3049,umap,
client_04711,W R GRACE,-0.0732,-0.1667,umap,
client_04712,"WASTE CONTROL SPECIALISTS, LLC",0.2796,0.1759,umap,
client_04713,WATER REPLENISHMENT DISTRICT OF SOUTHERN CALIFORNIA,0.2543,0.0919,umap,
client_04714,WEDGEWOOD PHARMACY LLC,-0.0695,0.6648,umap,
client_04715,"YOUNG ADULT INSTITUTE, INC.",0.4676,-0.0974,umap,
client_04716,ARKANSAS FARM BUREAU FEDERATION,0.3426,0.0256,umap,
client_04717,CONSUMER TECHNOLOGY ASSOCIATION (FKA CONSUMER ELECTRONICS ASSOCIATION (CEA)),0.3504,-0.1144,umap,
client_04718,ACTORS' EQUITY,-0.0415,0.1536,umap,
client_04719,LEXINGTON LAW,-0.3305,-0.1179,umap,
client_04720,PETROLEUM MARKETERS ASSOCIATION OF AMERICA,0.1727,0.0133,umap,
client_04721,STATE FEDERAL STRATEGIES ON BEHALF OF TC ENERGY,0.1792,0.0046,umap,
client_04722,CITY OF LAGUNA BEACH,0.1815,0.0067,umap,
client_04723,A16Z CAPITAL MANAGEMENT LLC,-0.3244,-0.1232,umap,
client_04724,ADVANCED FUNCTIONAL FABRICS OF AMERICA,-0.2355,-0.3964,umap,
client_04725,"AMERICAN BUS ASSOCIATION, INC.",-0.2125,0.0383,umap,
client_04726,AMERICAN NURSES ASSOCIATION,-0.1172,0.3017,umap,
client_04727,APPLIED DIGITAL,0.3695,0.2242,umap,
client_04728,ARGENTUM,0.5597,-0.4309,umap,
client_04729,ASSOCIATION FOR MATERIALS PROTECTION AND PERFORMANCE (FORMERLY NACE INT.),0.1691,-0.1221,umap,
client_04730,ASSOCIATION OF SCHOOLS AND PROGRAMS OF PUBLIC HEALTH,-0.0826,0.6735,umap,
client_04731,AVEDA INSTITUTE COALITION (INFORMAL COALITION),0.4559,-0.2113,umap,
client_04732,BIOSTAR MEDICAL LLC,0.73,0.2973,umap,
client_04733,BOWERY FARMING INC.,0.3961,-0.0349,umap,
client_04734,CARPET & RUG INSTITUTE,0.3606,0.1312,umap,
client_04735,"CASTLE HARLAN, INC.",-0.339,-0.141,umap,
client_04736,CATALYST PHARMACEUTICALS,-0.4948,-0.0762,umap,
client_04737,CENTER FOR HUMANE TECHNOLOGY,0.2177,0.4591,umap,
client_04738,CHEVRON CORP.,0.2737,-0.2187,umap,
client_04739,"CIGAR ASSOCIATION OF AMERICA, INC.",-0.2335,0.1722,umap,
client_04740,CITY OF DETROIT,-0.2113,0.138,umap,
client_04741,"CITY OF EVERETT, WA",-0.0745,-0.124,umap,
client_04742,"CITY OF KNOXVILLE, TENNESSEE",0.1566,0.0007,umap,
client_04743,"CONSOLIDATED METCO, INC.",-0.2135,0.0387,umap,
client_04744,COORSTEK INC,-0.0225,-0.1888,umap,
client_04745,CUSTOMIZED LOGISTICS & DELIVERY ASSN. (FORMERLY MESSENGER COURIER ASSOCIATION),-0.3101,-0.0489,umap,
client_04746,DE BEERS UK LIMITED (DBUK),-0.2205,-0.3976,umap,
client_04747,DIRECTV,-0.1105,0.0455,umap,
client_04748,DYNCORP INTERNATIONAL LLC,0.1662,-0.6067,umap,
client_04749,"FASKEN OIL AND RANCH, LTD.",0.1791,0.0047,umap,
client_04750,FEDERAL HOME LOAN BANK OF DES MOINES (FORMERLY KNOWN AS SEATTLE/DES MOINES),0.0217,0.3287,umap,
client_04751,GECKO ROBOTICS,-0.0652,-0.1504,umap,
client_04752,GOLDEN PASS LNG TERMINAL LLC (FORMERLY KNOWN AS GOLDEN PASS PRODUCTS LLC),0.3651,0.2228,umap,
client_04753,GRAND CANYON UNIVERSITY,0.4682,-0.0976,umap,
client_04754,HOSPITALS FOR ACCOUNTABILITY THROUGH JUDICIAL REVIEW,-0.3116,0.3218,umap,
client_04755,"HOWELL LABORATORIES, INC.",-0.1951,-0.1244,umap,
client_04756,INFINERA CORPORATION,0.1354,0.5908,umap,
client_04758,INTERSYSTEMS,-0.029,-0.229,umap,
client_04759,KAREN BACARDI,0.1571,-0.5474,umap,
client_04760,LIFESHARE TRANSPLANT DONOR SERVICES OF OKLAHOMA,-0.0152,-0.2248,umap,
client_04761,LOUISIANA MID-CONTINENT OIL AND GAS ASSOCIATION (LMOGA),0.2086,0.4122,umap,
client_04762,"MEDICAL FACULTY ASSOCIATES, INC.",0.2934,-0.3278,umap,
client_04763,MIRABELLA SG SPA,-0.2449,-0.378,umap,
client_04764,"MOTOROLA SOLUTIONS, INC.",-0.0881,0.681,umap,
client_04765,MSGN HOLDINGS L.P.,0.1356,0.6044,umap,
client_04766,"MT PHARMA AMERICA, INC.",0.3214,-0.2857,umap,
client_04767,NATIONAL ASSOCIATION FOR STOCK CAR AUTO RACING,-0.0145,0.0767,umap,
client_04768,NATIONAL CENTER FOR DEFENSE MANUFACTURING & MACHINING,-0.0807,0.6736,umap,
client_04769,"NAVIGATE AFFORDABLE HOUSING PARTNERS, INC.",-0.0873,0.68,umap,
client_04770,NORTH AMERICAN DIE CASTING ASSOCIATION,0.1384,0.5855,umap,
client_04771,NORTHROP GRUMMAN SYSTEMS CORPORATION,-0.1129,-0.0905,umap,
client_04772,NORTHWEST RIVERPARTNERS,0.7285,-0.4824,umap,
client_04773,NUCLEAR DEVELOPMENT LLC,0.3685,0.2232,umap,
client_04774,PENINSULA CORRIDOR JOINT POWERS BOARD,0.2266,0.0651,umap,
client_04775,"POLARIS INDUSTRIES, INC.",0.2079,-0.0489,umap,
client_04776,PRINTED CIRCUIT BOARD ASSOCIATION OF AMERICA,-0.2319,-0.4048,umap,
client_04777,PSGC (PRAIRIE STATE GENERATING COMPANY),0.4443,0.158,umap,
client_04778,"REVELLE AESTHETICS, INC.",0.73,0.2974,umap,
client_04779,RIVERBRIDGE SPECIALTY HOSPITAL,-0.2871,0.3341,umap,
client_04780,"SAMUMED, LLC",-0.251,-0.5344,umap,
client_04781,SAREPTA THERAPEUTICS,0.2904,-0.3217,umap,
client_04782,SEATTLE ARENA COMPANY,0.2365,-0.0082,umap,
client_04783,SEQIRUS USA INC,-0.1195,-0.1731,umap,
client_04784,SIMPLOT CO. J.R.,0.3186,0.0004,umap,
client_04785,"TAPESTRY, INC.",0.2736,-0.2151,umap,
client_04786,THE ASHCROFT LAW FIRM (ON BEHALF OF BASSEM AWADALLAH),0.1648,-0.6086,umap,
client_04787,THE NATIONAL WILDLIFE FEDERATION ACTION FUND,0.388,-0.0299,umap,
client_04788,ULSE INC. D/B/A UL STANDARDS & ENGAGEMENT,0.1946,-0.0355,umap,
client_04789,UNIPER GLOBAL COMMODITIES NORTH AMERICA LLC,0.3962,0.1535,umap,
client_04790,"VALNEVA USA, INC.",-0.5104,-0.1232,umap,
client_04791,"VERIZON COMMUNICATIONS, INC.",0.1324,0.6071,umap,
client_04792,VERIZON,0.1272,0.2078,umap,
client_04793,"VIA TRANSPORTATION, INC.",0.2271,0.0661,umap,
client_04794,"VILLAGE OF PLAINFIELD, IL",0.1609,0.0781,umap,
client_04795,VILLANOVA UNIVERSITY,-0.0819,-0.065,umap,
client_04796,VIRTU FINANCIAL,-0.3383,-0.1397,umap,
client_04797,WALMART INC.,-0.4226,-0.1366,umap,
client_04798,WESTCOR LAND TITLE INSURANCE COMPANY,0.7562,0.2366,umap,
client_04799,"WILD LANDSCAPES, INC.",-0.1859,0.4556,umap,
client_04800,ZAI LAB (US) LLC,-0.1794,-0.0518,umap,
client_04801,CENTRAL ROMANA CORPORATION,0.6096,-0.0413,umap,
client_04802,NAVY LEAGUE OF THE UNITED STATES,0.1552,-0.1042,umap,
client_04803,TDS TELECOMMUNICATIONS CORPORATION,0.1371,0.6058,umap,
client_04804,ECOSYSTEM INVESTMENT PARTNERS,0.3505,0.0762,umap,
client_04805,FIRST COMMAND FINANCIAL SERVICES,-0.1064,-0.1011,umap,
client_04806,"GEOOPTICS, INC.",-0.152,-0.1297,umap,
client_04807,HUSCH BLACKWELL LLP ON BEHALF OF MONARCH-CHESTERFIELD LEVEE DISTRICT,0.3543,-0.1179,umap,
client_04808,ALZHEIMER'S FOUNDATION OF AMERICA,-0.4901,0.3333,umap,
client_04809,COUNTY OF SANTA BARBARA,0.1663,-0.6067,umap,
client_04810,HACKENSACK UNIVERSITY HEALTH NETWORK,0.5954,0.177,umap,
client_04811,LAS VIRGENES-TRIUNFO JOINT POWERS AUTHORITY,-0.0867,-0.0043,umap,
client_04812,GILBERT HYATT,0.1909,0.4726,umap,
client_04813,THE SENTENCING PROJECT,-0.1128,-0.0441,umap,
client_04814,202 GROUP BLUEVOYANT FEDERAL,-0.2293,-0.4049,umap,
client_04815,ABILENE CHRISTIAN UNIVERSITY,0.3702,0.2244,umap,
client_04816,AERION CORPORATION,-0.3834,-0.6196,umap,
client_04817,ALARM.COM,0.1654,0.155,umap,
client_04818,AMERESCO,0.3953,0.1531,umap,
client_04819,AMERICAN ASSOCIATION OF TEACHING HEALTH CENTERS,-0.0825,0.6735,umap,
client_04820,ATLANTIC DIVING SUPPLY INC. (ADS INC.),-0.2321,-0.3847,umap,
client_04821,BARCLAYS US GPF INC.,0.1347,-0.3795,umap,
client_04823,CEDRUS BANK,-0.0079,0.301,umap,
client_04824,COMMITTEE OF ANNUITY INSURERS,0.1344,-0.3793,umap,
client_04825,CROPLIFE AMERICA,0.3268,0.0171,umap,
client_04826,CRYSTALLEX,0.194,0.4236,umap,
client_04827,DALRADIAN USA,0.3529,0.0775,umap,
client_04828,DE BEERS PLC,-0.0498,-0.0832,umap,
client_04829,DREW COMPANY,-0.1859,0.4556,umap,
client_04830,ELION PARTNERS,0.2214,0.0152,umap,
client_04831,ENTRUST TECHNOLOGIES,-0.0779,0.6693,umap,
client_04832,EVERGLADES UNIVERSITY,0.4683,-0.0977,umap,
client_04833,FIRST FIVE ACTION FUND,-0.2304,0.1694,umap,
client_04834,GAVI ALLIANCE (FORMERLY KNOWN AS THE GAVI FUND),-0.3574,-0.4085,umap,
client_04835,GOLDEN PASS LNG TERMINAL LLC - FKA - GOLDEN PASS PRODUCTS LLC,0.4624,0.0285,umap,
client_04836,"HILLWOOD, FKA ALLIANCE AIR SERVICES",0.1557,-0.1072,umap,
client_04837,KENNEDY KRIEGER INSTITUTE,-0.1188,-0.1773,umap,
client_04838,LIVANOVA USA,-0.3111,0.2842,umap,
client_04839,MARION COUNTY OREGON,0.2155,0.0687,umap,
client_04840,MEALS ON WHEELS AMERICA,-0.351,-0.0441,umap,
client_04841,"MERCK & CO., INC.",-0.1246,-0.3213,umap,
client_04842,MLA ASSOCIATES ON BEHALF OF CLARK STREET ASSOCIATES LLC ON BEHALF OF QORVO,0.6014,0.1821,umap,
client_04843,MONTEREY BAY AQUARIUM,0.5297,0.0997,umap,
client_04844,NATIONAL RAILROAD CONSTRUCTION AND MAINTENANCE ASSOCIATION,0.2358,-0.0072,umap,
client_04845,ORSTED OFFSHORE NORTH AMERICA,0.4721,-0.2063,umap,
client_04846,PAYMENTS LEADERSHIP COUNCIL,0.024,0.3309,umap,
client_04847,"PORSCHE CARS NORTH AMERICA, INC.",0.2797,0.1757,umap,
client_04848,PRIMEX FAMILY OF COMPANIES,0.6074,-0.041,umap,
client_04849,"RECYCLED MATERIALS ASSOCIATION FKA INSTITUTE OF SCRAP RECYCLING INDUSTRIES, INC",0.337,0.0236,umap,
client_04850,SENTRY DATA SYSTEMS,-0.084,-0.2983,umap,
client_04851,TENNECO INC,0.4117,-0.3085,umap,
client_04852,"THE WILLIAMS COMPANIES, INC.",0.3367,0.1977,umap,
client_04853,TRIDEUM CORPORATION,-0.2353,-0.4007,umap,
client_04854,"UPSIDE FOODS (FKA MEMPHIS MEATS, INC.)",0.3857,-0.0125,umap,
client_04855,URAC,-0.3103,0.3223,umap,
client_04856,"VANTAGEKNIGHT, INC. ON BEHALF OF CITGO PETROLEUM CORPORATION",0.3824,0.2346,umap,
client_04857,WASTE MANAGEMENT,-0.0831,0.0011,umap,
client_04858,TA AHERN CONTRACTORS CORP.,-0.4175,0.24,umap,no_issue_data
client_04859,BRENNAN CENTER FOR JUSTICE AT NEW YORK UNIVERSITY SCHOOL OF LAW,0.1314,0.2119,umap,
client_04860,"GREAT AMERICAN OUTDOORS GROUP, LLC",0.3136,0.0517,umap,
client_04861,OWL ROCK CAPITAL PARTNERS,-0.0784,0.0537,umap,
client_04862,RAYTHEON COMPANY,-0.2335,-0.4023,umap,
client_04863,WORCESTER POLYTECHNIC INSTITUTE (WPI),-0.0819,-0.0651,umap,
client_04864,TACOMA WASHINGTON,0.0717,0.1938,umap,
client_04865,RAPE ABUSE & INCEST NATIONAL NETWORK,-0.0184,-0.1148,umap,
client_04866,"CROSS SOUND FERRY SERVICES, INC.",0.1692,0.0047,umap,
client_04867,CORPORACION INTERNACIONAL CEMCAL,0.1932,0.4239,umap,
client_04868,GPS INNOVATION ALLIANCE,0.1557,-0.1028,umap,
client_04869,AMERICAN SOCIETY OF TROPICAL MEDICINE AND HYGIENE,-0.1143,-0.0921,umap,
client_04870,ARIEL INVESTMENTS,-0.0236,0.0949,umap,
client_04871,ASCENSUS,-0.0144,0.292,umap,
client_04872,ATRIUM,-0.1155,-0.1741,umap,
client_04873,BOONE AND CROCKETT CLUB,0.3494,0.0757,umap,
client_04874,CATFISH FARMERS OF AMERICA,0.3349,-0.0175,umap,
client_04875,CCIA (CONSUMER CREDIT INDUSTRY ASSOCIATION),0.0126,0.3188,umap,
client_04876,CEPHEID,-0.3118,0.3207,umap,
client_04877,"CITY OF ALAMEDA, CALIFORNIA",-0.0818,0.6727,umap,
client_04878,CLIMEWORKS CORPORATION,0.4448,0.1586,umap,
client_04879,COALITION FOR AMERICAN INSURANCE,0.4701,-0.2078,umap,
client_04880,COALITION FOR CLIMATE SMART AGRICULTURE FKA SUSTAINABLE SUPPLY CHAIN COALITION,0.3966,-0.0353,umap,
client_04881,"COAST PROFESSIONAL, INC.",-0.2323,0.1711,umap,
client_04882,CORFIN HOLDINGS INC. DBA MICROSS,0.2111,-0.1589,umap,
client_04883,CURRAX PHARMACEUTICALS LLC,0.5857,0.3476,umap,
client_04884,DOMINICAN SUGAR INDUSTRY COALITION,0.0753,0.0858,umap,
client_04885,"ENGIE NORTH AMERICA, INC.",0.2932,-0.1386,umap,
client_04886,EPC POWER,0.2869,-0.1329,umap,
client_04887,"FINANCIAL INDUSTRY REGULATORY AUTHORITY (""FINRA"", FORMERLY NASD)",-0.3401,-0.1419,umap,
client_04888,FREEDOM HOLDING CORP,0.3045,0.0452,umap,
client_04889,GHGSAT INC.,0.3609,0.1313,umap,
client_04890,INTERNATIONAL CHAMBER OF COMMERCE,0.6117,-0.0425,umap,
client_04891,"JACKSON HEWITT, INC.",0.1376,-0.3816,umap,
client_04892,JUVARE,-0.0798,-0.1448,umap,
client_04893,LANDRY'S,0.1341,-0.0091,umap,
client_04894,"LG CHEM, LTD.",0.1892,0.1582,umap,
client_04895,"LOCKE LORD LLP (ON BEHALF OF LINCOLN MILITARY HOUSING, LLC)",0.0762,0.4755,umap,
client_04896,MAUREL & PROM,0.1978,0.4202,umap,
client_04897,"MCS HEALTHCARE HOLDINGS, LLC",0.2725,-0.5044,umap,
client_04898,MESSER FINANCIAL GROUP,-0.3399,-0.142,umap,
client_04899,METAL SHARK BOATS,-0.137,-0.1357,umap,
client_04900,NAHIGIAN STRATEGIES ON BEHALF OF CLARIOS,0.445,0.1587,umap,
client_04901,NEWS CORPORATION,0.0772,0.0797,umap,
client_04902,"NISSAN NORTH AMERICA, INC.",0.2055,-0.0467,umap,
client_04903,NORTH DAKOTA GRAIN GROWERS ASSOCIATION,0.3618,0.0093,umap,
client_04904,NYDIG,-0.3389,-0.1407,umap,
client_04905,ORANO USA LLC,0.2797,0.1758,umap,
client_04906,PEC INC.,-0.2466,-0.3816,umap,
client_04907,PSEG,0.4702,-0.2078,umap,
client_04908,"RACKSPACE US, INC.",-0.0177,0.1022,umap,
client_04909,REFLEXION MEDICAL,-0.3119,0.3207,umap,
client_04910,"REPUBLIC AIRLINES, INC.",-0.383,-0.6192,umap,
client_04911,RI INTERNATIONAL,-0.4967,-0.085,umap,
client_04912,ROLLS-ROYCE NORTH AMERICA,-0.2438,-0.3865,umap,
client_04913,SEACORP,-0.2294,-0.4046,umap,
client_04914,SERRALLES DISTILLERY,-0.1121,0.0444,umap,
client_04915,"SERVICENOW, INC.",-0.0882,-0.0636,umap,
client_04916,SIGNIFY LIGHTING NORTH AMERICA CORPORATION,0.2929,-0.1387,umap,
client_04917,THE COLLEGE AND UNIVERSITY PROFESSIONAL ASSOCIATION FOR HUMAN RESOURCES,-0.047,0.1262,umap,
client_04918,U.S. BEET SUGAR ASSOCIATION (USBSA),0.3071,0.0408,umap,
client_04919,VMWARE LLC,-0.1149,-0.176,umap,
client_04920,WASHOE COUNTY REGIONAL TRANSPORTATION COMMISSION,0.2271,0.0683,umap,
client_04921,WATER QUALITY ASSOCIATION,-0.2371,-0.2,umap,
client_04922,"WEST END PROPERTY II, LLC",0.135,-0.3798,umap,
client_04923,WILL COUNTY,0.2138,0.0705,umap,
client_04924,YELLOW CORPORATION,0.1673,-0.0109,umap,
client_04925,COALITION TO STOP FLU,0.5576,-0.4098,umap,
client_04926,LPC CONSERVATION LLC,0.3492,0.0755,umap,
client_04927,MOORESVILLE-NC TOWN OF,0.2242,0.0636,umap,
client_04928,THE SEATTLE TIMES,-0.0831,0.6774,umap,
client_04929,WATERFORD INSTITUTE,0.4676,-0.0974,umap,
client_04930,BAY AREA AIR QUALITY MANAGEMENT DISTRICT,0.2778,0.485,umap,
client_04931,ALLIANCE FOR PLANT BASED INCLUSION,0.3336,-0.0392,umap,
client_04932,AMERICAN COLLEGE OF GASTROENTEROLOGY,-0.3028,0.3273,umap,
client_04933,AMERICAN COLLEGE OF RADIATION ONCOLOGY,0.2739,-0.5012,umap,
client_04934,"AMERICAN CONSOLIDATED NATURAL RESOURCES OBO FORESIGHT ENERGY RESOURCES, LLC",0.3387,0.0244,umap,
client_04935,AMERICAN COUNCIL ON THE TEACHING OF FOREIGN LANGUAGES,0.4678,-0.0975,umap,
client_04936,AMERICANS FOR CARBON DIVIDENDS (FORMERLY LISTED AS CLIMATE LEADERSHIP COUNCIL),-0.028,0.0385,umap,
client_04937,AMNEAL PHARMACEUTICAL,-0.5095,-0.1211,umap,
client_04938,APIXIO,-0.2896,0.3284,umap,
client_04939,AUTOMOTIVE COALITION FOR TRAFFIC SAFETY,0.3537,-0.1166,umap,
client_04940,"BERRY AVIATION, INC.",-0.0616,-0.1237,umap,
client_04941,CARBON SOLUTIONS GROUP,0.1918,0.0325,umap,
client_04942,"CITY OF PORT ST. LUCIE, FL",0.4062,0.6605,umap,
client_04943,"CLARK STREET ASSOCIATES ON BEHALF OF IONQ, INC.",-0.1242,-0.1628,umap,
client_04944,CTS CEMENT MANUFACTURING CORPORATION,0.1384,0.5856,umap,
client_04945,DIABETIC WOUND AWARENESS PAC,0.2782,-0.5039,umap,
client_04946,ELBIT SYSTEMS OF AMERICA,-0.2328,-0.4036,umap,
client_04947,"FARM JOURNAL, INC.",0.3948,-0.0335,umap,
client_04948,FLORIDA FRUIT AND VEGETABLE ASSOCIATION,0.3151,0.0097,umap,
client_04949,HALKBANK,0.0231,0.3301,umap,
client_04950,HEXCEL CORPORATION,-0.0516,-0.0829,umap,
client_04951,HIGH POINT AEROTECHNOLOGIES LLC,-0.2321,-0.4036,umap,
client_04952,ILLINOIS TOOL WORKS,0.1883,0.158,umap,
client_04953,INDEPENDENT HEALTH,-0.286,0.3299,umap,
client_04954,INTERNATIONAL ASSOCIATION OF FIRE CHIEFS,-0.1175,0.3015,umap,
client_04955,KONTOOR BRANDS,0.6087,-0.0408,umap,
client_04956,L.A. CARE HEALTH PLAN,-0.4944,-0.0749,umap,
client_04957,LAKE CHARLES REGIONAL AIRPORT,0.1366,-0.0471,umap,
client_04958,LIBERTY LATIN AMERICA,0.1323,0.6075,umap,
client_04959,MASTERCARD INTERNATIONAL INCORPORATED,-0.0961,0.0628,umap,
client_04960,MEGVII TECHNOLOGY GROUP,0.2121,-0.1588,umap,
client_04961,"METLIFE GROUP, INC. (FKA METLIFE SERVICES AND SOLUTIONS, LLC)",-0.4832,-0.1057,umap,
client_04962,MHP FOOD TRADING LLC,0.3172,-0.0003,umap,
client_04963,NET POWER LLC,0.4442,0.1579,umap,
client_04964,NEXTDOOR,0.0858,0.1389,umap,
client_04965,NITRON GROUP LLC,0.194,0.4238,umap,
client_04966,OREGON DEPARTMENT OF CONSUMER AND BUSINESS SERVICES,-0.4913,-0.0655,umap,
client_04967,ORGANIC PRODUCE ASSOCIATION,0.3184,0.0012,umap,
client_04968,PARALLEL SYSTEMS,0.4624,0.0284,umap,
client_04970,PREMISE,0.1688,-0.1218,umap,
client_04971,"PUERTO RICO LEGAL AND EDUCATIONAL FOUNDATION, INC.",0.2781,-0.5043,umap,
client_04972,REAL TIME MEDICAL SYSTEMS,-0.5091,-0.12,umap,
client_04973,SAS,0.1221,0.1999,umap,
client_04974,"SAXON, GILMORE & CARRAWAY, P.A. ON BEHALF OF MERIDIAN RIVER DEVELOPMENT CORP.",-0.2379,0.1762,umap,
client_04975,SECURITIES INDUSTRY AND FINANCIAL MARKETS ASSOCIATION,0.4715,-0.2068,umap,
client_04976,"SELLERS, DORSEY & ASSOCIATES, LLC",0.2757,-0.5043,umap,
client_04977,SIGMA DEFENSE SYSTEMS LLC,-0.118,-0.1751,umap,
client_04978,TASKRABBIT,-0.041,0.154,umap,
client_04979,THE CATHOLIC CHURCH EXTENSION SOCIETY OF THE UNITED STATES OF AMERICA,0.0775,0.475,umap,
client_04980,TOTALENERGIES EP MOZAMBIQUE AREA 1,0.367,0.2238,umap,
client_04981,UBER TECHNOLOGIES. INC.,0.0855,0.1387,umap,
client_04982,UNITY POINT HEALTH,-0.3039,0.326,umap,
client_04983,USAGAINSTALZHEIMER'S ACTION,0.2899,-0.321,umap,
client_04984,WITH HONOR ACTION,-0.1336,-0.1351,umap,
client_04985,HUMANE SOCIETY LEGISLATIVE FUND,-0.1058,0.5478,umap,
client_04986,COLLEGE OF HEALTHCARE INFORMATION MANAGEMENT EXECUTIVES,0.0268,-0.182,umap,
client_04987,DOLLAR GENERAL,0.1074,-0.2006,umap,
client_04988,COAST COMMUNITY COLLEGE DISTRICT,0.1356,0.12,umap,
client_04989,SOCIETY OF CHEMICAL MANUFACTURERS & AFFILIATES,0.0848,0.0168,umap,
client_04990,PARKVIEW HEALTH SYSTEM,0.2893,-0.3099,umap,
client_04991,WASHOE COUNTY,0.1372,-0.0462,umap,
client_04992,NATIONAL ASSOCIATION OF PEDIATRIC NURSE PRACTITIONERS,-0.1172,0.3018,umap,
client_04993,CITY OF BILOXI,-0.0822,0.673,umap,
client_04994,D'YOUVILLE UNIVERSITY (FKA D'YOUVILLE COLLEGE),0.4676,-0.0974,umap,
client_04995,GREENVILLE UTILITIES COMMISSION,0.0677,-0.5279,umap,
client_04996,"HEALTH CARE NAVIGATORS, LLC",-0.5099,-0.1206,umap,
client_04997,NAHEFFA,0.1349,-0.3796,umap,
client_04998,NEWNAME BUILDING PERFORMANCE ASSOCIATION(FKA AS HOME PERFORMANCE COALITION),0.2956,0.1292,umap,
client_04999,OMEROS CORPORATION,0.2761,-0.5029,umap,
gov_0000,HOUSE OF REPRESENTATIVES,0.0002,-0.1225,umap,
gov_0001,SENATE,0.0157,-0.114,umap,
gov_0002,White House Office,0.059,-0.0565,umap,
gov_0003,"Health & Human Services, Dept of (HHS)",0.73,0.2974,umap,
gov_0004,"Treasury, Dept of",-0.0975,0.0889,umap,
gov_0005,"Transportation, Dept of (DOT)",-0.3829,-0.6191,umap,
gov_0006,"Commerce, Dept of (DOC)",0.1381,0.593,umap,
gov_0007,Environmental Protection Agency (EPA),0.0772,-0.4033,umap,
gov_0008,"Agriculture, Dept of (USDA)",0.3923,-0.0317,umap,
gov_0009,U.S. Trade Representative (USTR),0.1486,0.4631,umap,
gov_0010,"Energy, Dept of",0.4736,-0.5771,umap,
gov_0011,"Defense, Dept of (DOD)",-0.2178,-0.384,umap,
gov_0012,Centers For Medicare and Medicaid Services (CMS),0.2751,-0.4995,umap,
gov_0013,Executive Office of the President (EOP),-0.114,-0.0397,umap,
gov_0014,"Homeland Security, Dept of (DHS)",0.1662,-0.4824,umap,
gov_0015,Office of Management & Budget (OMB),0.137,0.4641,umap,
gov_0016,"State, Dept of (DOS)",0.1514,0.4572,umap,
gov_0017,"Labor, Dept of (DOL)",0.1406,0.4671,umap,
gov_0018,"Interior, Dept of (DOI)",0.1329,0.479,umap,
gov_0019,Food & Drug Administration (FDA),0.1294,0.4619,umap,
gov_0020,"Army, Dept of (Corps of Engineers)",0.1347,0.4755,umap,
gov_0021,"Education, Dept of",0.1352,0.4533,umap,
gov_0022,"Justice, Dept of (DOJ)",0.1316,0.212,umap,
gov_0023,Federal Communications Commission (FCC),0.1404,0.4562,umap,
gov_0024,Small Business Administration (SBA),0.2091,0.4498,umap,
gov_0025,"Housing & Urban Development, Dept of (HUD)",0.079,0.4744,umap,
gov_0026,"Veterans Affairs, Dept of (VA)",0.1156,0.4419,umap,
gov_0027,Natl Economic Council (NEC),0.1476,0.462,umap,
gov_0028,Internal Revenue Service (IRS),0.1428,0.4661,umap,
gov_0029,Federal Aviation Administration (FAA),0.1425,0.4657,umap,
gov_0030,Federal Emergency Management Agency (FEMA),0.1348,0.4632,umap,
gov_0031,Securities & Exchange Commission (SEC),0.108,0.4758,umap,
gov_0032,Centers For Disease Control & Prevention (CDC),0.1313,0.4595,umap,
gov_0033,Federal Trade Commission (FTC),0.1513,0.4676,umap,
gov_0034,Federal Reserve System,0.1073,0.4764,umap,
gov_0035,Natl Institutes of Health (NIH),0.1309,0.4584,umap,
gov_0036,Natl Security Council (NSC),0.1479,0.4614,umap,
gov_0037,Council on Environmental Quality (CEQ),0.1343,0.4749,umap,
gov_0038,U.S. Customs & Border Protection,0.1489,0.4624,umap,
gov_0039,Natl Oceanic & Atmospheric Administration (NOAA),0.3017,0.5708,umap,
gov_0040,Office of Science & Technology Policy (OSTP),0.1367,0.4526,umap,
gov_0041,Consumer Financial Protection Bureau (CFPB),0.1074,0.4759,umap,
gov_0042,Health Resources & Services Administration (HRSA),0.1312,0.4589,umap,
gov_0043,Bureau of Reclamation,0.132,0.4802,umap,
gov_0044,General Services Administration (GSA),0.1332,0.4576,umap,
gov_0045,Natl Highway Traffic Safety Administration (NHTSA),0.1452,0.4703,umap,
gov_0046,Patent & Trademark Office (PTO),0.1886,0.4718,umap,
gov_0047,Federal Energy Regulatory Commission (FERC),0.1466,0.4462,umap,
gov_0048,Commodity Futures Trading Commission (CFTC),0.1078,0.476,umap,
gov_0049,Occupational Safety & Health Administration (OSHA),0.1413,0.4674,umap,
gov_0050,U.S. Fish & Wildlife Service (USFWS),0.1332,0.4783,umap,
gov_0051,U.S. Forest Service,0.131,0.481,umap,
gov_0052,"Navy, Dept of",0.127,0.4343,umap,
gov_0053,Bureau of Land Management (BLM),0.1313,0.481,umap,
gov_0054,"Army, Dept of (Other)",0.1269,0.4346,umap,
gov_0055,"Air Force, Dept of",0.1274,0.435,umap,
gov_0056,Federal Motor Carrier Safety Administration,0.1459,0.4691,umap,
gov_0057,Federal Highway Administration (FHA),0.1453,0.4692,umap,
gov_0058,Natl Aeronautics & Space Administration (NASA),0.1301,0.4376,umap,
gov_0059,U.S. Agency for International Development (USAID),0.1531,0.4525,umap,
gov_0060,Federal Deposit Insurance Corporation (FDIC),0.107,0.4763,umap,
gov_0061,U.S. Coast Guard (USCG),0.3081,0.5748,umap,
gov_0062,Office of the Vice President of the United States,0.1427,0.4606,umap,
gov_0063,Natl Institute of Standards & Technology (NIST),0.1368,0.4506,umap,
gov_0064,Office of the Comptroller of the Currency (OCC),0.1064,0.4764,umap,
gov_0065,U.S. International Trade Commission (ITC),0.1493,0.4647,umap,
gov_0066,Federal Housing Finance Agency (FHFA),0.0858,0.4757,umap,
gov_0067,Transportation Security Administration (TSA),0.1385,0.4593,umap,
gov_0068,Natl Science Foundation (NSF),0.1355,0.4488,umap,
gov_0069,Natl Telecommunications & Information Administration (NTIA),0.141,0.4524,umap,
gov_0070,President of the U.S.,0.1406,0.4658,umap,
gov_0071,Economic Development Administration,0.1553,0.4451,umap,
gov_0072,Bureau of Indian Affairs (BIA),-0.421,-0.4657,umap,
gov_0073,Substance Abuse & Mental Health Services Administration (SAMHSA),0.1317,0.4601,umap,
gov_0074,Federal Railroad Administration,0.1428,0.4715,umap,
gov_0075,Intl Trade Administration (ITA),0.149,0.4642,umap,
gov_0076,Vice President of the U.S.,0.1383,0.4625,umap,
gov_0077,Federal Transit Administration (FTA),0.1441,0.4693,umap,
gov_0078,Surface Transportation Board (STB),0.1462,0.4712,umap,
gov_0079,Natl Park Service (NPS),0.1327,0.4809,umap,
gov_0080,Consumer Product Safety Commission (CPSC),0.208,0.4626,umap,
gov_0081,Government Accountability Office (GAO),0.1351,0.4651,umap,
gov_0082,U.S. Copyright Office,0.1879,0.4718,umap,
gov_0083,Administration for Children & Families (ACF),0.1316,0.4577,umap,
gov_0084,Natl Labor Relations Board (NLRB),0.1413,0.4681,umap,
gov_0085,Pipeline & Hazardous Materials Safety Administration,0.1449,0.4698,umap,
gov_0086,Bureau of Citizenship & Immigration Services (BCIS),0.1371,0.457,umap,
gov_0087,Maritime Administration (MARAD),0.3086,0.5752,umap,
gov_0088,U.S. Postal Service (USPS),-0.3575,0.172,umap,
gov_0089,Equal Employment Opportunity Commission (EEOC),0.1393,0.4656,umap,
gov_0090,Federal Maritime Commission,0.1494,0.4724,umap,
gov_0091,Office of Personnel Management (OPM),0.1308,0.4578,umap,
gov_0092,Social Security Administration (SSA),0.1319,0.4619,umap,
gov_0093,Agency for Healthcare Research & Quality (AHRQ),0.1291,0.458,umap,
gov_0094,U.S. Immigration & Customs Enforcement (ICE),0.1343,0.4549,umap,
gov_0095,Pension Benefit Guaranty Corporation (PBGC),0.1396,0.4678,umap,
gov_0096,Federal Bureau of Investigation (FBI),0.1295,0.4489,umap,
gov_0097,Drug Enforcement Administration (DEA),0.1324,0.4599,umap,
gov_0098,Medicare Payment Advisory Commission (MedPAC),0.1307,0.461,umap,
gov_0099,Export-Import Bank of the United States (EXIM Bank),0.1501,0.4591,umap,
gov_0100,Indian Health Service,-0.421,-0.4657,umap,
gov_0101,AMTRAK - Natl Railroad Passenger Corporation,0.1449,0.4697,umap,
gov_0102,Office of Natl Drug Control Policy (NDCP),0.1347,0.4609,umap,
gov_0103,Bureau of Industry and Security (BIS),0.149,0.4623,umap,
gov_0104,U.S. Geological Survey (USGS),0.134,0.4789,umap,
gov_0105,Alcohol & Tobacco Tax & Trade Bureau (TTB),0.1421,0.465,umap,
gov_0106,Administration on Aging,0.1306,0.4598,umap,
gov_0107,Director of National Intelligence (ODNI),0.1288,0.4366,umap,
gov_0108,Nuclear Regulatory Commission (NRC),0.1482,0.4454,umap,
gov_0109,Bureau of the Census,0.1329,0.4598,umap,
gov_0110,Postal Regulatory Commission,-0.3574,0.172,umap,
gov_0111,Natl Endowment for the Arts,0.1402,0.4567,umap,
gov_0112,Natl Credit Union Administration (NCUA),0.107,0.4763,umap,
gov_0113,Bureau of Justice Assistance,0.1262,0.4535,umap,
gov_0114,Congressional Budget Office (CBO),0.1333,0.4629,umap,
gov_0115,Defense Logistics Agency,0.1274,0.4345,umap,
gov_0116,U.S. Marines,0.1275,0.4352,umap,
gov_0117,Defense Advanced Research Projects Agency (DARPA),0.1308,0.438,umap,
gov_0118,Office of the Secretary of Defense,0.127,0.4345,umap,
gov_0119,Council of Economic Advisers (CEA),0.1404,0.4651,umap,
gov_0120,Natl Transportation Safety Board (NTSB),0.1446,0.473,umap,
gov_0121,Natl Security Agency (NSA),0.1283,0.4364,umap,
gov_0122,Financial Crimes Enforcement Network (FinCEN),0.1072,0.4763,umap,
gov_0123,Mine Safety & Health Administration (MSHA),0.1413,0.4687,umap,
gov_0124,Office of Justice Program,0.1264,0.454,umap,
gov_0125,Overseas Private Investment Corp (OPIC),0.1497,0.4573,umap,
gov_0126,Office of Juvenile Justice & Delinquency Prevention,0.1293,0.4558,umap,
gov_0127,Veterans Employment & Training Service,0.1159,0.4339,umap,
gov_0128,Office of Administration,0.1487,0.4568,umap,
gov_0129,Bureau of Labor Statistics (BLS),0.1396,0.4665,umap,
gov_0130,Corporation for Natl & Community Service,0.1356,0.4576,umap,
gov_0131,Bureau of Alcohol Tobacco Firearms & Explosives,0.1263,0.4539,umap,
gov_0132,Natl Guard,0.1269,0.4346,umap,
gov_0133,Natl Geospatial Intelligence Agency,0.128,0.436,umap,
gov_0134,Library of Congress (LOC),0.1846,0.4697,umap,
gov_0135,Appalachian Regional Commission,0.1412,0.4562,umap,
gov_0136,U.S. Trade & Development Agency (USTDA),0.149,0.4616,umap,
gov_0137,Institute of Museum and Library Services (IMLS),0.1351,0.4557,umap,
gov_0138,Risk Management Agency,0.1362,0.4697,umap,
gov_0139,Natl Indian Gaming Commission,-0.4057,0.3109,umap,
gov_0140,Defense Commissary Agency,0.1275,0.4353,umap,
gov_0141,Natl Endowment for the Humanities,0.1361,0.4552,umap,
gov_0142,Employment & Training Administration,0.1404,0.4644,umap,
gov_0143,Defense Finance & Accounting Service (DFAS),0.1266,0.4352,umap,
gov_0144,Defense Contract Audit Agency (DCAA),0.1277,0.4372,umap,
gov_0145,Central Intelligence Agency (CIA),0.1292,0.4377,umap,
gov_0146,Farm Credit Administration,0.1213,0.4756,umap,
gov_0147,Election Assistance Commission (EAC),0.1337,0.4572,umap,
gov_0148,Federal Accounting Standards Advisory Board (FASAB),0.1055,0.4763,umap,
gov_0149,Railroad Retirement Board,0.1429,0.4711,umap,
gov_0150,Bureau of Prisons (BOP),0.1264,0.4526,umap,
gov_0151,Advisory Council on Historic Preservation (ACHP),0.1329,0.4776,umap,
gov_0152,Natl Mediation Board,0.1441,0.4702,umap,
gov_0153,Office of Policy Development,0.1392,0.4635,umap,
gov_0154,U.S. Marshals Service,0.1286,0.4548,umap,
gov_0155,Defense Security Cooperation Agency (DSCA),0.1293,0.4368,umap,
gov_0156,Ginnie Mae,0.0841,0.4758,umap,
gov_0157,U.S. Architectural & Transportation Barriers Compliance Board (ACCESS),0.1414,0.4702,umap,
gov_0158,Federal Retirement Thrift Investment Board,0.1235,0.4684,umap,
gov_0159,Federal Election Commission (FEC),0.1337,0.4586,umap,
gov_0160,Government Printing Office (GPO),0.1277,0.4438,umap,
gov_0161,Bureau of Economic Analysis,0.1502,0.474,umap,
gov_0162,Defense Information Systems Agency,0.1275,0.4345,umap,
gov_0163,Office on Violence Against Women,0.1263,0.4546,umap,
gov_0164,Smithsonian Institution,0.1363,0.4521,umap,
gov_0165,Office of Faith-Based & Community Initiatives,0.1365,0.4578,umap,
gov_0166,U.S. Chemical Safety & Hazard Investigation Board,0.1455,0.468,umap,
gov_0167,Joint Chiefs of Staff,0.1279,0.4361,umap,
gov_0168,Agency for Toxic Substances & Disease Registry,0.1387,0.4656,umap,
gov_0169,U.S. Mint,0.1389,0.4617,umap,
gov_0170,Office of Natl AIDS Policy,0.1309,0.4583,umap,
gov_0171,U.S. Secret Service,0.1283,0.438,umap,
gov_0172,Defense Threat Reduction Agency (DTRA),0.1281,0.4374,umap,
gov_0173,Natl Council on Disability,0.1312,0.4595,umap,
gov_0174,Natl Institute on Alcohol Abuse & Alcoholism (NIAA),0.1417,0.4679,umap,
gov_0175,U.S. Commission on Civil Rights,0.1382,0.4608,umap,
gov_0176,Federal Mediation & Conciliation Service,0.1484,0.4651,umap,
gov_0177,Architectural & Transportation Barriers Compliance Board,0.14,0.4693,umap,
gov_0178,Bureau of Engraving & Printing,0.1385,0.4619,umap,
gov_0179,St. Lawrence Seaway Development Corporation,0.309,0.5754,umap,
gov_0180,Natl Archives & Records Administration (NARA),0.1336,0.4548,umap,
gov_0181,Office of Surface Mining Reclamation & Enforcement,0.1334,0.4775,umap,
gov_0182,Defense Intelligence Agency (DIA),0.128,0.4368,umap,
gov_0183,Bureau of Justice Statistics,0.1263,0.4548,umap,
gov_0184,Research & Special Programs Administration,0.1507,0.462,umap,
gov_0185,Minerals Management Service,0.1459,0.4714,umap,
gov_0186,Natl Foundation on the Arts & Humanities,0.1353,0.4648,umap,
gov_0187,Tennessee Valley Authority (TVA),0.1482,0.4446,umap,
gov_0188,Office of Special Counsel,0.1298,0.46,umap,
gov_0189,Voice of America,0.1344,0.4578,umap,
gov_0190,Natl Institute of Justice,0.1256,0.4539,umap,
gov_0191,Natl Institute of Mental Health (NIMH),0.1308,0.4598,umap,
gov_0192,Office of Technology Policy (OTP),0.1326,0.4418,umap,
gov_0193,Merit Systems Protection Board,0.1305,0.4569,umap,
gov_0194,Defense Department Field Activities,0.1261,0.4358,umap,
gov_0195,Job Corps,0.135,0.461,umap,
gov_0196,Office for Victims of Crime,0.1251,0.4542,umap,
gov_0197,Bureau of Transportation Statistics,0.1456,0.4703,umap,
gov_0198,U.S. Commission on International Religious Freedom,0.1928,0.4242,umap,
gov_0199,Legal Services Corporation,0.1359,0.461,umap,
gov_0200,Pension & Welfare Benefits Administration,0.1381,0.4649,umap,
gov_0201,Ballistic Missile Defense Organization,0.1285,0.4357,umap,
gov_0202,Architect of the Capitol (AOC),0.1477,0.4449,umap,
gov_0203,Office of Government Ethics (OGE),0.1412,0.4683,umap,
gov_0204,Financial Management Service (FMS),0.1507,0.4636,umap,
gov_0205,Defense Nuclear Facilities Safety Board,0.1474,0.4441,umap,
gov_0206,Minority Business Development Agency,0.2086,0.4504,umap,
gov_0207,Marine Mammal Commission,0.3098,0.5761,umap,
gov_0208,American Battle Monuments Commission,0.1281,0.454,umap,
gov_0209,Pentagon Force Protection Agency,0.1269,0.4346,umap,
gov_0210,African Development Foundation,0.1909,0.4261,umap,
gov_0211,State Justice Institute,0.1917,0.4736,umap,
gov_0212,Occupational Safety & Health Review Commission,0.1429,0.4678,umap,
gov_0213,On-Site Inspection Agency,0.1303,0.4605,umap,
gov_0214,Federal Law Enforcement Training Center,0.1327,0.4543,umap,
gov_0215,U.S. Commission of Fine Arts,0.1306,0.4725,umap,
gov_0216,USA Freedom Corps,0.2008,0.4831,umap,
gov_0217,Natl Technical Information Service,0.1386,0.4549,umap,
gov_0218,Bureau of the Public Debt,0.1375,0.4598,umap,
gov_0219,Bureau of Arms Control,0.1264,0.4473,umap,
gov_0220,Inter-American Foundation,0.1313,0.4772,umap,
gov_0221,Defense Security Assistance Agency,0.127,0.4348,umap,
gov_0222,U.S. Institute of Peace,0.1472,0.4587,umap,
gov_0223,Federal Labor Relations Authority (FLRA),0.1416,0.4679,umap,
gov_0224,Office of Thrift Supervision (OTS),0.1289,0.4649,umap,
gov_0225,Defense Special Weapons Agency,0.1292,0.4369,umap,
gov_0226,Peace Corps,0.1292,0.4528,umap,
gov_0227,Natl Capital Planning Commission (NCPC),0.13,0.4623,umap,
gov_0228,Defense Legal Services Agency,0.1493,0.4441,umap,
gov_0229,Program Support Center,0.1301,0.4548,umap,
gov_0230,Selective Service System,0.1298,0.4339,umap,
gov_0231,U.S. International Development Finance Corporation (DFC),0.1062,0.4764,umap,
gov_0232,U.S. Information Agency (USIA),0.1285,0.455,umap,
gov_0233,U.S. Botanic Garden,0.1479,0.4438,umap,
gov_0234,Corrections Program Office,0.1308,0.4796,umap,
gov_0235,U.S. Natl Central Bureau - Intl Criminal Police Organization,-0.7854,-0.6211,umap,
gov_0236,Drug Court Program Office,0.6822,-0.2085,umap,
gov_0237,Mine Safety & Health Review Commission,0.129,0.459,umap,
gov_0238,Defense Business Transformation Agency (BTA),0.1481,0.4445,umap,
gov_0239,U.S. International Development Cooperation Agency,0.1071,0.4762,umap,
lobbyist_27658,BRUCE MEHLMAN,0.0703,-0.0944,umap,
lobbyist_7381,DAVID THOMAS,0.0695,-0.0916,umap,
lobbyist_61179,SAGE EASTMAN,0.0703,-0.0914,umap,
lobbyist_11329,ELISE FINLEY PICKERING,0.0692,-0.0906,umap,
lobbyist_62279,MICHAEL ROBINSON,0.0703,-0.091,umap,
lobbyist_62201,LAUREN ARONSON,0.0699,-0.1027,umap,
lobbyist_5659,DEAN ROSEN,0.0673,-0.1018,umap,
lobbyist_69162,HELEN TOLAR,0.0683,-0.0995,umap,
lobbyist_70218,NICHOLE DISTEFANO,0.0712,-0.0965,umap,
lobbyist_64185,CONSTANTINE HINGSON,0.071,-0.0911,umap,
lobbyist_71503,PAUL THORNELL,0.0684,-0.0965,umap,
lobbyist_101614,ROSEMARY GUTIERREZ,0.0695,-0.0935,umap,
lobbyist_101395,ALEXANDER PERKINS,0.0717,-0.0906,umap,
lobbyist_101897,STEPHEN COTE,0.0677,-0.0911,umap,
lobbyist_107920,ZACHARY MALLOVE,0.0678,-0.0939,umap,
lobbyist_57902,ELIZABETH GREER,0.0475,-0.0894,umap,
lobbyist_107260,VICTORIA FLOOD,0.0682,-0.0949,umap,
lobbyist_68997,CYNTHIA BROWN,0.0606,-0.0826,umap,
lobbyist_57923,JEFFREY FORBES,0.0477,-0.08,umap,
lobbyist_14629,DAVID CASTAGNETTI,0.0723,-0.1017,umap,
lobbyist_134963,STEVE HARO,0.0704,-0.1052,umap,
lobbyist_26124,JENNIFER YOUNG,0.0432,-0.1757,umap,
lobbyist_64513,CHARLOTTE IVANCIC,0.0421,-0.1765,umap,
lobbyist_141085,LISA GOLDMAN,0.0648,-0.103,umap,
lobbyist_51316,STEVEN ELMENDORF,0.0449,-0.0531,umap,
lobbyist_61537,ELIZABETH MURRAY,0.0418,-0.1759,umap,
lobbyist_65078,PAMELA SMITH,0.0419,-0.1742,umap,
lobbyist_7749,RAISSA DOWNS,0.0432,-0.177,umap,
lobbyist_67897,RICK MURPHY,0.0561,-0.0331,umap,
lobbyist_71297,EMILY MURRY,0.0416,-0.1759,umap,
lobbyist_141084,CAITLIN VAN SANT,0.0628,-0.1062,umap,
lobbyist_57908,JERRY DRISCOLL,0.0534,-0.0617,umap,
lobbyist_14682,SUSAN HIRSCHMANN,0.0661,-0.069,umap,
lobbyist_57921,WESLEY WELCH,0.0432,-0.0641,umap,
lobbyist_63838,JOHN STIPICEVIC,0.0426,0.0113,umap,
lobbyist_58264,JEFFREY STRUNK,0.0447,-0.0659,umap,
lobbyist_50936,HUNTER MOORHEAD,0.0425,-0.056,umap,
lobbyist_71625,SAMUEL WHITEHORN,0.101,-0.0239,umap,
lobbyist_72632,ROBERT CHAMBERLIN,0.0991,-0.0239,umap,
lobbyist_54050,JAY CRANFORD,0.0503,0.0087,umap,
lobbyist_36872,SAM GEDULDIG,0.0438,0.0086,umap,
lobbyist_12806,LETITIA WHITE,-0.0444,-0.0994,umap,
lobbyist_70721,MCKENZIE BRICE,0.0694,-0.1064,umap,
lobbyist_67932,JASON GLEASON,0.0475,-0.0344,umap,
lobbyist_61627,KYLE NEVINS,-0.0153,0.0086,umap,
lobbyist_61629,STEVE STOMBRES,-0.0149,0.0091,umap,
lobbyist_58316,MIKE NIELSEN,0.0404,0.0097,umap,
lobbyist_61630,MANNY ROSSMAN,-0.0134,0.0076,umap,
lobbyist_39041,KAI ANDERSON,0.1232,0.0203,umap,
lobbyist_67957,SALIM ALAMEDDIN,0.0434,-0.0301,umap,
lobbyist_70490,JONATHAN SLEMROD,-0.0134,0.0082,umap,
lobbyist_144733,WILLIAM GWINN,0.2581,0.067,umap,
lobbyist_66072,LAURA KROEGER,0.1453,-0.0331,umap,
lobbyist_38069,JAMES RICHARDS,-0.0106,-0.1036,umap,
lobbyist_63116,CARL KIME,-0.0434,-0.0998,umap,
lobbyist_38858,MARK LIMBAUGH,0.2589,0.0559,umap,
lobbyist_66796,ANTHONY LAZARSKI,-0.0383,-0.1147,umap,
lobbyist_57218,RACHEL MILLER,0.0884,-0.0161,umap,
lobbyist_58563,TODD WEISS,0.0213,-0.0178,umap,
lobbyist_66499,CHRIS MILLER,0.0528,-0.0298,umap,
lobbyist_72857,SCOTT RIPLINGER,0.0479,0.0096,umap,
lobbyist_145248,ERICA CHABOT,0.0625,-0.0954,umap,
lobbyist_16223,MICHAEL SMITH,0.0138,-0.0872,umap,
lobbyist_61342,KATE HULL,0.059,-0.0088,umap,
lobbyist_61343,KIRSTEN CHADWICK,0.0575,-0.0097,umap,
lobbyist_62548,WILLIAM PIPER,0.0579,-0.0096,umap,
lobbyist_65984,DANIEL MCFAUL,0.0497,-0.053,umap,
lobbyist_50836,JOHN GREEN,0.0462,-0.0317,umap,
lobbyist_62605,WILLIAM BLALOCK,0.0587,-0.0108,umap,
lobbyist_62662,MICHAEL CHAPPELL,0.0581,-0.0105,umap,
lobbyist_69840,CHRISTOPHER WILCOX,0.0582,-0.0558,umap,
lobbyist_144745,ALYENE MLINAR,0.0631,-0.1018,umap,
lobbyist_24640,RHOD SHAW,0.084,-0.0192,umap,
lobbyist_64381,DEVON SEIBERT-BAILEY,0.0429,-0.1855,umap,
lobbyist_72723,ALEX RENJEL,0.0568,0.0099,umap,
lobbyist_67291,CORNELL TEAGUE,0.0196,-0.0892,umap,
lobbyist_143712,JEFFREY MARKEY,0.1084,-0.0275,umap,
lobbyist_65069,ANN JABLON,0.0746,-0.1451,umap,
lobbyist_43625,MICHELLE EASTON,0.042,-0.1796,umap,
lobbyist_70162,KRISTINA DUNKLIN,0.066,-0.1122,umap,
lobbyist_27097,GORDON TAYLOR,0.0414,0.0102,umap,
lobbyist_62044,TYLER STEPHENS,0.0585,-0.0095,umap,
lobbyist_66004,ERIC ZULKOSKY,0.059,-0.0082,umap,
lobbyist_1699,JASON SCHENDLE,0.1223,0.021,umap,
lobbyist_143666,LAWRENCE SPIVEY,0.0121,-0.088,umap,
lobbyist_65205,WALLY BURNETT,0.0722,-0.051,umap,
lobbyist_53590,SUSAN SWEAT,0.0251,-0.1341,umap,
lobbyist_107267,KIMBERLY BRANDT,0.0399,-0.1763,umap,
lobbyist_38958,MATTHEW TANIELIAN,0.0297,0.0533,umap,
lobbyist_38979,JOSHUA ACKIL,0.0296,0.0532,umap,
lobbyist_43397,MICHAEL MEROLA,0.0616,-0.1708,umap,
lobbyist_69064,SARAH BETH JANSEN,0.0297,0.0534,umap,
lobbyist_43332,CHRISTOPHER HATCHER,0.0582,-0.0551,umap,
lobbyist_64326,DERRICK WHITE,0.0508,-0.1585,umap,
lobbyist_66518,SHAY HANCOCK,0.0302,-0.0669,umap,
lobbyist_69857,AARON SZABO,0.0537,0.0113,umap,
lobbyist_69294,JOSEPH EANNELLO,0.0526,-0.0921,umap,
lobbyist_58384,JEFFREY SHAPIRO,0.0355,-0.0056,umap,
lobbyist_60050,KARISSA WILLHITE,0.0345,0.0067,umap,
lobbyist_65518,WILLIAM SMITH,-0.0076,-0.1052,umap,
lobbyist_62753,JOHN O'NEILL,-0.0129,0.0065,umap,
lobbyist_63568,JEFFREY SADOSKY,0.0516,-0.0865,umap,
lobbyist_60458,MICHAEL BEER,0.1011,-0.036,umap,
lobbyist_62322,PAUL HOOVER,0.1285,-0.1027,umap,
lobbyist_51015,ANDREW WOODS,0.0612,-0.2144,umap,
lobbyist_50849,JASON MCKITRICK,0.0624,-0.2204,umap,
lobbyist_49436,STACEY ALEXANDER,0.0465,-0.0593,umap,
lobbyist_61346,ALEIX JARVIS,0.0553,-0.01,umap,
lobbyist_59669,TUCKER SHUMACK,0.034,0.0098,umap,
lobbyist_65477,THOMAS DOWNS,0.1,-0.0473,umap,
lobbyist_46731,BARRY LASALA,0.0467,-0.0477,umap,
lobbyist_16412,COURTNEY JOHNSON,0.0624,-0.078,umap,
lobbyist_61089,ZACHARY PFISTER,0.0167,-0.0168,umap,
lobbyist_60461,JENNY DIJAMES,0.1008,-0.0362,umap,
lobbyist_66496,JASON VAN PELT,0.054,-0.0859,umap,
lobbyist_56172,MARC LAMPKIN,0.0297,-0.0389,umap,
lobbyist_15582,MOSES MERCADO,0.033,0.0071,umap,
lobbyist_65035,JULIE MINERVA,0.2182,0.0095,umap,
lobbyist_60457,REBECCA ANDERSON,0.1015,-0.0372,umap,
lobbyist_65300,E. ASHLEY HOY,0.0349,-0.0266,umap,
lobbyist_24056,JOEL RUBIN,0.2145,0.0692,umap,
lobbyist_69369,NADEAM ELSHAMI,0.0334,-0.0443,umap,
lobbyist_21465,THOMAS SHIPMAN,0.3049,-0.0,umap,
lobbyist_142331,LISA KOUNTOUPES,0.0613,-0.0668,umap,
lobbyist_38695,DEAN AGUILLEN,0.0368,0.0046,umap,
lobbyist_147548,NAVEEN PARMAR,0.0641,-0.098,umap,
lobbyist_67822,MATT BRAVO,0.0458,-0.0383,umap,
lobbyist_67763,ISRAEL KLEIN,0.055,-0.0397,umap,
lobbyist_31921,DANE CHRISTIANSEN,-0.0924,-0.2845,umap,
lobbyist_48303,JAMES RYAN,0.0476,-0.0708,umap,
lobbyist_67764,MATTHEW JOHNSON,0.0565,-0.0382,umap,
lobbyist_9077,ANDREW QUINN,-0.0533,-0.1203,umap,
lobbyist_45236,WILLIAM SIMMONS,0.0203,-0.1019,umap,
lobbyist_3117,CHRIS GIBLIN,0.05,0.0045,umap,
lobbyist_64574,JEFFERY MORTIER,0.083,-0.1483,umap,
lobbyist_57598,CONRAD LASS,0.0445,0.0096,umap,
lobbyist_67723,MICHAEL HAYWOOD,0.1171,0.0203,umap,
lobbyist_47178,JOHN GONZALEZ,0.0738,-0.102,umap,
lobbyist_63678,JEFF MACKINNON,0.0829,-0.1465,umap,
lobbyist_57956,CHARLES WOOTERS,0.0738,-0.0955,umap,
lobbyist_65014,JAMES HEIMBACH,0.0523,-0.0094,umap,
lobbyist_63584,TIMOTHY MOLINO,0.0472,-0.0138,umap,
lobbyist_70391,CEDRIC GRANT,0.0469,-0.0476,umap,
lobbyist_107393,BENJAMIN GOLDEEN,0.1418,-0.0355,umap,
lobbyist_65005,SARAH WALTER,0.0837,-0.1498,umap,
lobbyist_48891,MARY STANTON,0.0236,-0.0103,umap,
lobbyist_69314,PAUL EDATTEL,0.0648,-0.1962,umap,
lobbyist_146767,ANNIE WOLF,0.0631,-0.0993,umap,
lobbyist_148707,CHARLES VERDERY,0.0314,-0.0253,umap,
lobbyist_76215,MAURICE KURLAND`,-0.9959,-0.1995,umap,no_issue_data
lobbyist_66364,EDWARD WHITFIELD,0.0852,-0.1466,umap,
lobbyist_67702,THOMAS KOONCE,-0.0572,0.058,umap,
lobbyist_65879,BRIAN WORTH,0.0298,0.0536,umap,
lobbyist_41105,DREW CANTOR,0.0138,0.0036,umap,
lobbyist_63572,KATHRYN MILLS,0.0284,-0.0346,umap,
lobbyist_61401,JENNIFER OLSON,0.0514,-0.0113,umap,
lobbyist_45265,ROBERT ZUCKER,0.0524,-0.161,umap,
lobbyist_72494,BILL GHENT,0.0493,-0.0598,umap,
lobbyist_62564,DANIEL TODD,0.0693,-0.1964,umap,
lobbyist_63565,PHILIP GOGLAS,-0.0917,-0.2844,umap,
lobbyist_70587,NATALIE FARR HARRISON,0.0486,-0.0542,umap,
lobbyist_65415,KEVIN KELLY,-0.0123,-0.1205,umap,
lobbyist_59326,MARY REID,0.0576,-0.0557,umap,
lobbyist_53268,ELIZABETH FRAZEE,0.075,0.0713,umap,
lobbyist_62667,THOMAS HAWKS,0.0369,-0.0291,umap,
lobbyist_62733,WARREN TRYON,-0.0135,0.0134,umap,
lobbyist_26450,JONATHON JONES,0.0746,-0.1174,umap,
lobbyist_70188,MICHAEL GOODMAN,0.0396,-0.0912,umap,
lobbyist_65235,DAVID PELUSO,0.055,-0.0483,umap,
lobbyist_95479,AMBER KIRCHHOEFER,0.0444,0.0102,umap,
lobbyist_66672,CHRISTOPHER KEARNEY,0.2595,0.0552,umap,
lobbyist_69972,RUSSELL SULLIVAN,0.0197,-0.0032,umap,
lobbyist_67821,DAVID RUDD,0.1091,-0.0382,umap,
lobbyist_66601,JOHN MULLIGAN,0.037,-0.0276,umap,
lobbyist_43521,EDWARD KRENIK,0.1159,0.0197,umap,
lobbyist_150448,GEORGE MILLER,0.2515,0.0499,umap,
lobbyist_141160,MARGARET JOSEPH,0.0415,-0.1754,umap,
lobbyist_54245,JOHN SCOFIELD,0.0276,-0.0739,umap,
lobbyist_63219,RUSSELL THOMASSON,0.05,-0.0445,umap,
lobbyist_71754,ED PAGANO,0.0316,-0.0441,umap,
lobbyist_62601,ROBERT HOBART,0.0116,-0.0567,umap,
lobbyist_60159,KEITH STUDDARD,0.0741,-0.2014,umap,
lobbyist_65206,MARC NUMEDAHL,0.0052,-0.0863,umap,
lobbyist_71377,TRACY TAYLOR,0.1059,-0.0369,umap,
lobbyist_139662,JARED SAWYER,-0.0545,0.057,umap,
lobbyist_53650,JOHN HERZOG,0.0749,-0.2,umap,
lobbyist_64085,ANNE MACMILLAN,0.0693,-0.0123,umap,
lobbyist_70015,FRANCESCA MCCRARY,0.0537,-0.0866,umap,
lobbyist_62126,ZACHARY ISRAEL,0.2609,0.0521,umap,
lobbyist_59995,MARTIN DELGADO,0.0455,-0.0754,umap,
lobbyist_57726,MICHAEL BUCHANAN,0.0183,0.0064,umap,
lobbyist_63196,RASHID HALLAWAY,0.009,-0.0611,umap,
lobbyist_45200,LORI DENHAM,0.0731,-0.1158,umap,
lobbyist_29702,ALFRED MOTTUR,0.0452,-0.0469,umap,
lobbyist_60077,HARRY GLENN,0.0154,-0.105,umap,
lobbyist_141752,PETER FISE,0.0409,-0.1772,umap,
lobbyist_56147,JENNIFER COVINO,0.0662,0.1826,umap,
lobbyist_43912,STEVEN EICHENAUER,0.0527,-0.0836,umap,
lobbyist_65543,RYAN MULVENON,0.1274,0.0222,umap,
lobbyist_53996,OMAR FRANCO,0.0315,-0.0981,umap,
lobbyist_72650,OSCAR RAMIREZ,0.0664,-0.098,umap,
lobbyist_56689,TIMOTHY HANNEGAN,0.0473,-0.0671,umap,
lobbyist_93714,KEENAN AUSTIN REED,0.0614,-0.0638,umap,
lobbyist_59796,CHELSEY PENROD HICKMAN,0.0342,-0.0938,umap,
lobbyist_68464,LAURA MORGAN-KESSLER,0.2173,0.0098,umap,
lobbyist_72651,DANA THOMPSON,0.0661,-0.0959,umap,
lobbyist_67707,CHARLA PENN,0.0582,-0.2041,umap,
lobbyist_11986,MARTIN WHITMER,0.032,-0.0811,umap,
lobbyist_70770,MJ KENNY,0.0566,-0.0552,umap,
lobbyist_61426,CHERYL JAEGER,0.054,-0.1563,umap,
lobbyist_45714,CRAIG SAPERSTEIN,-0.0106,-0.0692,umap,
lobbyist_58588,ELIZABETH MAIER,0.032,-0.0453,umap,
lobbyist_147448,BRENT MERCHANT,-0.9504,0.2704,umap,no_issue_data
lobbyist_44116,JACK DEUSER,0.0547,-0.0419,umap,
lobbyist_67296,JOHN RAY,0.0794,-0.2017,umap,
lobbyist_95481,TIM PATAKI,0.046,0.0073,umap,
lobbyist_57938,JOHN ANDERSON,-0.0562,0.0567,umap,
lobbyist_37173,KARINA LYNCH,0.0588,-0.1484,umap,
lobbyist_36434,JORDAN BERNSTEIN,0.0817,-0.0179,umap,
lobbyist_63034,DAVID OLANDER,0.0084,0.0023,umap,
lobbyist_67799,ANDREW LEWIN,0.0416,-0.0411,umap,
lobbyist_63745,TODD WEBSTER,0.0129,-0.0896,umap,
lobbyist_144804,CURTIS PHILIP,0.0888,-0.0213,umap,
lobbyist_31020,LOUIE PERRY,0.0058,-0.0991,umap,
lobbyist_71240,GREG BARNES,0.0758,0.0697,umap,
lobbyist_72734,BARRETT THORNHILL,0.0462,-0.1668,umap,
lobbyist_70446,KEVIN CASEY,0.0443,-0.0206,umap,
lobbyist_61631,MALLOY MCDANIEL,0.0104,-0.0325,umap,
lobbyist_70916,DAVID GELLMAN,0.0667,0.1834,umap,
lobbyist_88200,RYAN KELLY,0.074,-0.1545,umap,
lobbyist_107241,EMILY TRANTER,0.0742,-0.1538,umap,
lobbyist_93331,IAN RAYDER,0.0536,-0.04,umap,
lobbyist_107303,BRITTANY HERNANDEZ,0.0513,-0.0965,umap,
lobbyist_65158,LANGSTON EMERSON,-0.0428,0.0379,umap,
lobbyist_56188,KIMBERLY ELLIS,0.0371,-0.0227,umap,
lobbyist_68975,SARAH (BEATTY) ROGERS,0.0213,-0.0144,umap,
lobbyist_50275,BRIAN PETERS,0.0299,0.0532,umap,
lobbyist_56118,TONY ESSALIH,0.0135,-0.0903,umap,
lobbyist_65209,KATHERINE DAPPER,0.0417,-0.076,umap,
lobbyist_65394,ADRIENNE SCHWEER,0.0153,-0.087,umap,
lobbyist_59694,LESLIE POLLNER,0.1395,-0.0416,umap,
lobbyist_67979,EMILY KIRLIN,0.0647,-0.0851,umap,
lobbyist_69536,JOHN SANDELL,0.0442,-0.0687,umap,
lobbyist_28532,RAY COLE,0.0967,-0.0506,umap,
lobbyist_141954,LAURA FRIEDEL,0.0412,-0.1759,umap,
lobbyist_27053,DALE DIRKS,0.0639,-0.181,umap,
lobbyist_66524,KIRBY GARRETT,0.2131,0.0698,umap,
lobbyist_72234,CHRIS BROWN,-0.0344,0.0309,umap,
lobbyist_10566,MARK RAYDER,0.0772,-0.1852,umap,
lobbyist_38922,MARK KADESH,0.1122,-0.0621,umap,
lobbyist_65218,MATT HENKEN,0.0237,-0.1201,umap,
lobbyist_67663,JULIANE SULLIVAN,0.0434,0.0096,umap,
lobbyist_138827,MICHAEL WILLIAMS,0.0438,-0.1285,umap,
lobbyist_412,BARRY BROWN,0.0831,-0.0189,umap,
lobbyist_107322,OLIVIA KURTZ,0.0387,-0.0546,umap,
lobbyist_141074,ALISON GRAAB,0.0888,-0.0525,umap,
lobbyist_39053,GEOFF VERHOFF,0.0531,-0.0403,umap,
lobbyist_41547,WILLIAM MOSCHELLA,0.0245,-0.0276,umap,
lobbyist_58343,MICHAEL STRAZZELLA,0.3054,-0.295,umap,
lobbyist_62372,LAURA SIMMONS,0.0674,-0.0087,umap,
lobbyist_66491,DAVE RAMEY,0.1138,-0.0613,umap,
lobbyist_69921,MATTHEW LEFFINGWELL,0.0591,-0.0929,umap,
lobbyist_67762,ANDREW PALMER,-0.0575,0.06,umap,
lobbyist_38913,CHRISTIAN KIERIG,0.1133,-0.0619,umap,
lobbyist_62170,KARA CALVERT CAMPBELL,0.0302,0.0529,umap,
lobbyist_59427,LAUREN BAZEL,0.0626,-0.0221,umap,
lobbyist_145343,ALEXANDER VOGEL,0.033,-0.025,umap,
lobbyist_56757,LESLEE GILBERT,-0.0059,-0.1187,umap,
lobbyist_140316,ELIZABETH FOLEY,-0.0558,-0.1218,umap,
lobbyist_61633,KRISTI REMINGTON,0.0098,-0.0334,umap,
lobbyist_136650,CORINNE TAKKINEN,0.1436,-0.0339,umap,
lobbyist_66447,THOMAS KELLER,0.0465,-0.126,umap,
lobbyist_49745,DREW GOESL,0.0543,-0.0901,umap,
lobbyist_62920,CHRIS GASTON,-0.0372,0.0321,umap,
lobbyist_73382,STACY RICH,0.0126,-0.0961,umap,
lobbyist_48922,NICCOLO DELUCA,0.144,-0.034,umap,
lobbyist_7,SHANTI STANTON,0.052,-0.0696,umap,
lobbyist_108164,KATE LYNCH,0.0518,-0.0383,umap,
lobbyist_63760,JERR ROSENBAUM,0.0483,-0.055,umap,
lobbyist_34709,EDWARD AYOOB,-0.0762,0.6619,umap,
lobbyist_67397,GREGG HARTLEY,0.0907,-0.0476,umap,
lobbyist_5474,JEFFERY GREEN,-0.084,-0.1316,umap,
lobbyist_59406,SAM OLSWANGER,0.0449,-0.0407,umap,
lobbyist_70436,RYAN BERGER,0.0403,-0.0179,umap,
lobbyist_66060,JAMES MASSIE,0.1251,0.0338,umap,
lobbyist_66320,ANA SCHWAB,-0.088,-0.0047,umap,
lobbyist_46897,BRYAN CUNNINGHAM,0.0158,-0.0073,umap,
lobbyist_46545,DANIEL GANS,0.0023,0.0013,umap,
lobbyist_72282,JONATHAN JACKSON,0.1443,-0.0337,umap,
lobbyist_23860,ROBERT WOOD,0.069,-0.1873,umap,
lobbyist_58032,MICHAEL BORDEN,0.0014,0.0083,umap,
lobbyist_54867,ROBERT SIGGINS,0.0778,-0.1841,umap,
lobbyist_15113,DIANE BLAGMAN,0.0376,-0.0408,umap,
lobbyist_68994,COLIN HAYES,0.1169,0.0196,umap,
lobbyist_57185,LAURA BOZELL,0.0462,-0.1681,umap,
lobbyist_64811,EDWARD HILD,0.0157,-0.0637,umap,
lobbyist_68434,LANDON STROPKO,0.0901,-0.0014,umap,
lobbyist_52662,LINDSEY LEDWIN,0.0653,-0.1027,umap,
lobbyist_48793,STANTON BULLOCK,0.0311,0.0082,umap,
lobbyist_6542,SEAN RICHARDSON,0.0535,-0.1376,umap,
lobbyist_86705,JEROME MURRAY,0.0329,0.0018,umap,
lobbyist_65617,KATE DICKENS,0.0408,-0.0612,umap,
lobbyist_54275,SUSANN EDWARDS,-0.0376,-0.1063,umap,
lobbyist_57524,CHANI WIGGINS,-0.7852,-0.6225,umap,no_issue_data
lobbyist_2268,JENNIFER IMO,0.0765,-0.0428,umap,
lobbyist_67337,PAUL BRATHWAITE,0.0441,-0.0741,umap,
lobbyist_56175,HASAN SARSOUR,0.2942,0.0574,umap,
lobbyist_65965,GRETA JOYNES,0.0659,0.0438,umap,
lobbyist_70149,LOWRY CROOK,-0.0883,-0.0061,umap,
lobbyist_115643,CHARLIE SCHREIBER,-0.0365,0.0311,umap,
lobbyist_55656,CATHARINE RANSOM,0.1135,0.0184,umap,
lobbyist_69159,HAROLD HANCOCK,0.0126,0.0042,umap,
lobbyist_20965,LESLIE BELCHER,0.0345,-0.0147,umap,
lobbyist_53035,MELISSA EDWARDS,0.1173,-0.0482,umap,
lobbyist_65653,TARA BILLINGSLEY,0.1264,0.0315,umap,
lobbyist_51049,GREG LAUGHLIN,-0.0221,-0.0796,umap,
lobbyist_57907,DANIEL TATE,0.062,-0.0444,umap,
lobbyist_62308,JENNIFER WALSH,0.0887,-0.1849,umap,
lobbyist_71621,JULIE HRDLICKA,0.1003,-0.0325,umap,
lobbyist_65297,JOSH KARDON,0.0693,-0.0996,umap,
lobbyist_47487,JENNIFER CAVE,-0.0104,-0.0921,umap,
lobbyist_93374,ELIZABETH BENNETT,0.0607,-0.0435,umap,
lobbyist_64580,"VINCENT ROBERTI, SR.",0.0607,-0.0088,umap,
lobbyist_72906,JAY SULZMANN,0.0527,-0.0698,umap,
lobbyist_93554,JOSE BORJON,0.0436,-0.0402,umap,
lobbyist_23160,DONNA MULLINS,0.049,-0.1517,umap,
lobbyist_70116,CRAIG KALKUT,0.0088,-0.0341,umap,
lobbyist_9573,JOHN MCMANUS,0.0616,-0.2076,umap,
lobbyist_65427,ROBB WALTON,0.0647,-0.1895,umap,
lobbyist_62359,ROB SEIDMAN,0.0757,0.044,umap,
lobbyist_64367,WILLIAM SOUTHERLAND,0.0691,-0.1039,umap,
lobbyist_66830,CHARLES SYDNOR,-0.0462,-0.1173,umap,
lobbyist_60621,STEPHANIE MISSERT,0.2615,0.064,umap,
lobbyist_70096,CAROLYN CODA,-0.0008,0.0132,umap,
lobbyist_23462,TRACY SPICER,0.0737,-0.2054,umap,
lobbyist_33930,JENNIFER LATOURETTE,0.0252,-0.1283,umap,
lobbyist_60690,AARON COHEN,0.0758,-0.147,umap,
lobbyist_66663,ALLISON TREXLER,0.1269,0.0317,umap,
lobbyist_61635,ASHLEY DAVIS,0.0098,-0.0314,umap,
lobbyist_70045,DOYLE BARTLETT,-0.0872,0.0575,umap,
lobbyist_48261,ERIC TOBER,0.083,-0.0539,umap,
lobbyist_68314,CHRISTOPHER MATTHIESEN,-0.0538,0.0523,umap,
lobbyist_60147,LUKE HATZIS,0.0616,-0.2029,umap,
lobbyist_43300,MICHAEL HENRY,0.1207,0.0132,umap,
lobbyist_70852,HAZEN MARSHALL,0.0524,-0.0897,umap,
lobbyist_66844,CHARLES THOMAS,-0.0096,0.0115,umap,
lobbyist_70067,MONICA POPP,0.0525,-0.088,umap,
lobbyist_139832,ANNA KARAKITSOS,0.1151,0.0187,umap,
lobbyist_143823,REMY MASON,0.0697,-0.1867,umap,
lobbyist_70238,DAVID HODGES,0.2147,0.0695,umap,
lobbyist_66231,TODD NOVASCONE,0.0313,0.0092,umap,
lobbyist_68497,SAMIR KAPADIA,0.0367,-0.0185,umap,
lobbyist_70727,NICOLE VENABLE,0.053,-0.0111,umap,
lobbyist_66912,GENEVIEVE COWAN,0.0999,-0.0675,umap,
lobbyist_55182,JOSEPH BARTON,-0.0437,-0.1184,umap,
lobbyist_40247,SHAWNA FRANCIS WATLEY,0.0471,-0.0796,umap,
lobbyist_49112,DWIGHT FETTIG,-0.0591,0.0606,umap,
lobbyist_17952,KRISTI MORE,0.2573,0.0538,umap,
lobbyist_55168,ERSKINE WELLS,0.083,-0.0262,umap,
lobbyist_71785,JANE LUCAS,0.0764,-0.185,umap,
lobbyist_101291,LISA PETO,-0.0414,0.0378,umap,
lobbyist_110089,JEFFREY CARROLL,0.0697,-0.1628,umap,
lobbyist_53314,WILLIAM MUELLER,-0.0462,0.0384,umap,
lobbyist_67961,CRISTINA ANTELO,0.047,-0.085,umap,
lobbyist_93089,ROBERT DIAMOND,0.0682,-0.1465,umap,
lobbyist_70011,BEAU SCHUYLER,0.0813,-0.1547,umap,
lobbyist_48067,BRANT IMPERATORE,-0.021,0.0227,umap,
lobbyist_139305,WESLEY MCCLELLAND,0.0282,0.0541,umap,
lobbyist_65075,PAUL POTEET,0.0329,0.0113,umap,
lobbyist_71310,BEN MCMAKIN,0.0235,-0.0362,umap,
lobbyist_19742,JOEL OSWALD,-0.0175,0.0152,umap,
lobbyist_61699,KEITH PEMRICK,0.167,-0.4835,umap,
lobbyist_63570,GEORGE MCELWEE,0.1662,-0.4825,umap,
lobbyist_61636,SHIMON STEIN,0.0117,-0.0331,umap,
lobbyist_59987,ROBERT RUSSELL,0.054,-0.0954,umap,
lobbyist_70784,ERIC LAUSTEN,0.1598,-0.039,umap,
lobbyist_62651,AMELIA JENKINS,0.1301,0.0262,umap,
lobbyist_64550,BRYAN BLOM,-0.0583,0.0606,umap,
lobbyist_63646,EUGENIA PIERSON,0.0554,-0.1584,umap,
lobbyist_61952,ETHAN PITTLEMAN,0.0494,-0.0781,umap,
lobbyist_109739,JEFF LUCAS,0.0634,-0.194,umap,
lobbyist_68141,ERIC O'DONNELL,0.1832,0.0048,umap,
lobbyist_59932,JASON ROSENSTOCK,-0.0878,0.0581,umap,
lobbyist_67222,RANDALL GERARD,0.0537,-0.0106,umap,
lobbyist_61020,DAWN SEARS,-0.0587,0.0609,umap,
lobbyist_144289,LINDSAY AUSTIN,0.0247,-0.0814,umap,
lobbyist_5584,CHAD SCHULKEN,0.012,-0.1155,umap,
lobbyist_68995,ZACHARY RUDISILL,0.0288,-0.0013,umap,
lobbyist_10646,JULIE CARR,0.0705,-0.1297,umap,
lobbyist_67342,ALISSA CLEES,0.0429,0.0082,umap,
lobbyist_60075,DENNIS CARDOZA,0.0919,-0.1794,umap,
lobbyist_120317,MEG THOMPSON,-0.0151,-0.1228,umap,
lobbyist_725,LENDELL PORTERFIELD,-0.0589,0.0609,umap,
lobbyist_59650,DEVIN RHINERSON,0.1265,0.0181,umap,
lobbyist_68077,CHRISTOPHER BAXTER,0.0234,-0.0829,umap,
lobbyist_69598,HEATHER MCHUGH,0.0041,0.0079,umap,
lobbyist_69767,CLIFFORD ROBERTI,-0.0522,0.0511,umap,
lobbyist_40853,ROBERT LIVINGSTON,0.0048,-0.0712,umap,
lobbyist_42697,J MARTIN,0.0057,-0.0717,umap,
lobbyist_146909,JENNIFER FORREST,0.0926,-0.0079,umap,
lobbyist_65202,LAUREN LIPIN,-0.0108,-0.1199,umap,
lobbyist_93130,STEPHANIE LEGER,0.0619,-0.023,umap,
lobbyist_51894,LEE WEINGART,0.1252,0.0248,umap,
lobbyist_26331,MARY SAVARY TAYLOR,0.0563,-0.1765,umap,
lobbyist_61615,BRIAN SUTTER,0.0652,-0.1964,umap,
lobbyist_67737,BRIAN MCGUIRE,0.0185,-0.0213,umap,
lobbyist_65466,CHARLES BRITTINGHAM,0.094,-0.0593,umap,
lobbyist_57691,JOHN WILLIAMS,0.0508,-0.2249,umap,
lobbyist_61691,BRIAN WILD,0.0224,-0.0301,umap,
lobbyist_65212,ANDY KEISER,0.0171,-0.019,umap,
lobbyist_69884,GEORGE CARAM,0.0668,-0.0196,umap,
lobbyist_147126,ROBERT PORE,0.0721,-0.0457,umap,
lobbyist_68758,OSWALDO PALOMO,-0.017,0.014,umap,
lobbyist_3241,TJ PETRIZZO,0.0458,-0.1858,umap,
lobbyist_59712,BRIAN DIFFELL,0.0078,0.0012,umap,
lobbyist_109746,NICHOLAS UEHLECKE,0.0644,-0.1941,umap,
lobbyist_114628,SAMANTHA MACIEL,0.1487,-0.0302,umap,
lobbyist_139042,CHRIS FISH,-0.0771,-0.0681,umap,
lobbyist_81802,BRYCE HARLOW,0.05,-0.0246,umap,
lobbyist_66235,CHRISTOPHER SARLEY,0.0631,-0.0762,umap,
lobbyist_54201,LAURI HETTINGER,0.1555,-0.0293,umap,
lobbyist_54321,TOM TILTON,0.0239,-0.0863,umap,
lobbyist_70372,ROSS ARNETT,0.125,0.0172,umap,
lobbyist_35009,ELIZABETH POWELL,-0.2811,0.9915,umap,no_issue_data
lobbyist_147219,PATRICIA DELOATCHE,0.079,-0.1196,umap,
lobbyist_52696,MICHAEL PARK,0.0605,-0.2001,umap,
lobbyist_70241,JOSEPH EAVES,0.1194,0.0217,umap,
lobbyist_94084,BLAIR HANCOCK,-0.0955,0.0622,umap,
lobbyist_51473,DARREN WILLCOX,0.0628,-0.1694,umap,
lobbyist_67206,JASON TAI,0.1229,-0.0524,umap,
lobbyist_69202,ERIC ROSEN,0.0478,0.0013,umap,
lobbyist_52266,BRIAN GASTON,0.0496,-0.0063,umap,
lobbyist_60564,DANA DEBEAUMONT,-0.9959,-0.1994,umap,no_issue_data
lobbyist_63515,BENJAMIN QUAYLE,0.012,-0.057,umap,
lobbyist_50817,WILLIAM LAMOND,0.0267,-0.0216,umap,
lobbyist_149379,JON ADAME,0.0633,-0.099,umap,
lobbyist_61872,DAVID SCHNITTGER,0.0763,-0.0251,umap,
lobbyist_61759,HEATHER MOLINO,-0.0448,-0.1191,umap,
lobbyist_53436,MANUS COONEY,0.0409,-0.0497,umap,
lobbyist_59989,KYLE SIMMONS,0.0558,-0.1018,umap,
lobbyist_59487,ERIK OLSON,0.0588,-0.0523,umap,
lobbyist_63832,LIANNE ENDO,-0.4573,0.1411,umap,
lobbyist_65341,ANDREW COATS,0.0518,-0.2245,umap,
lobbyist_139348,STEVEN SCHULTZ,0.0958,-0.0584,umap,
lobbyist_67904,HADLEY SOSNOFF,-0.0132,0.0037,umap,
lobbyist_70863,QUINCY ENOCH,-0.0052,0.0109,umap,
lobbyist_148200,MICHAEL FERENCE,0.0373,-0.0124,umap,
lobbyist_64752,BRIAN MCKEON,0.0227,-0.0261,umap,
lobbyist_72327,KATHLEEN HATFIELD,0.3134,-0.048,umap,
lobbyist_41501,JEFF MCMILLEN,0.0265,-0.0007,umap,
lobbyist_59960,ERIK FATEMI,0.024,-0.1275,umap,
lobbyist_45392,RICH THOMAS,0.034,-0.0347,umap,
lobbyist_71392,CHRISTOPHER MCCANNELL,-0.0894,0.0592,umap,
lobbyist_59213,STEVEN PALMER,0.1226,-0.0584,umap,
lobbyist_47192,JONATHAN MANTZ,0.0786,-0.0319,umap,
lobbyist_51860,BENJAMIN KLEIN,0.0518,-0.0906,umap,
lobbyist_145552,JOHN LEGANSKI,-0.0141,0.0097,umap,
lobbyist_59214,KATHERINE CULLEN,0.1035,0.0122,umap,
lobbyist_54495,ANDREW FORBES,-0.0368,-0.1031,umap,
lobbyist_72966,ADAM HECHAVARRIA,0.0571,-0.0266,umap,
lobbyist_56105,CHRISTOPHER HODGSON,-0.0231,-0.1073,umap,
lobbyist_57457,RYAN THOMPSON,0.0689,-0.0252,umap,
lobbyist_67545,JOHN STONE,0.068,-0.1868,umap,
lobbyist_71275,WILLIAM TODD,-0.0393,-0.1167,umap,
lobbyist_71610,LEA SULKALA,0.0062,0.0091,umap,
lobbyist_73822,JOHN BREAUX,0.0717,-0.0258,umap,
lobbyist_27186,JACK VICTORY,-0.0515,-0.1015,umap,
lobbyist_66887,CHRISTINA MCGARRY DAVID,0.0474,-0.0636,umap,
lobbyist_101306,KEITH CASTALDO,0.0448,-0.0363,umap,
lobbyist_21512,JONATHAN TALISMAN,0.0014,0.0056,umap,
lobbyist_32868,JOSEPH MIKRUT,0.0048,0.0071,umap,
lobbyist_38757,JOEL ROBERSON,0.0779,-0.0604,umap,
lobbyist_138587,THOMAS NAGLE,0.0585,-0.0902,umap,
lobbyist_142911,KELLI BRIGGS,0.0589,-0.0358,umap,
lobbyist_73551,DANIEL FARMER,0.0627,-0.1949,umap,
lobbyist_54755,VICTOR KLATT,0.1682,-0.3231,umap,
lobbyist_53422,ALEXANDER NOCK,0.1689,-0.3241,umap,
lobbyist_52213,LAVERNE HUBERT,0.3084,-0.003,umap,
lobbyist_71787,MARK WILLIAMS,0.0476,-0.0907,umap,
lobbyist_57020,PATRICK BOUSLIMAN,0.052,-0.0821,umap,
lobbyist_62729,BRENT DEL MONTE,0.0678,-0.1859,umap,
lobbyist_40272,JAMES CRUM,0.0542,-0.1272,umap,
lobbyist_72994,ANDREW BARBOUR,-0.0573,0.0614,umap,
lobbyist_70078,TROY PERRY,0.0299,0.0533,umap,
lobbyist_65006,J WALSH,0.0846,-0.1485,umap,
lobbyist_67791,MATTHEW HERRMANN,-0.0879,-0.1346,umap,
lobbyist_45748,OLIVER MEISSNER,-0.7574,0.8276,umap,no_issue_data
lobbyist_50158,AURENE MARTIN,-0.0396,0.1406,umap,
lobbyist_53077,CHARLES COOPER,0.0452,0.0093,umap,
lobbyist_43388,LISA BARKOVIC,0.1439,-0.0341,umap,
lobbyist_66864,GEOFFREY BOWMAN,0.1983,0.0022,umap,
lobbyist_61622,DOUGLAS SCHWARTZ,0.0348,0.0122,umap,
lobbyist_102027,LANE DICKSON,0.2664,0.0611,umap,
lobbyist_33387,MARK MIODUSKI,0.0358,-0.1481,umap,
lobbyist_29675,WILLIAM MCCANN,-0.0786,-0.1228,umap,
lobbyist_139259,GREG RUBIO,0.0732,-0.1541,umap,
lobbyist_65981,REBECCA BENN,0.0469,-0.0504,umap,
lobbyist_71999,MIYA PATEL,0.009,0.0031,umap,
lobbyist_54211,JOSEPH GIBSON,0.0549,0.0052,umap,
lobbyist_139534,JORDAN HAGERT,0.0751,-0.1558,umap,
lobbyist_108841,JOSE CEBALLOS,0.0427,-0.0469,umap,
lobbyist_139224,DYLAN MOORE,0.085,-0.1492,umap,
lobbyist_70247,VIRGIL MILLER,0.0512,-0.0478,umap,
lobbyist_86742,BEN MILLER,0.1114,-0.0614,umap,
lobbyist_142122,BRET MANLEY,0.0981,-0.0164,umap,
lobbyist_70960,MIKE IGER,0.0406,0.0044,umap,
lobbyist_46253,KATHERINE VANLANDINGHAM,0.0372,-0.1554,umap,
lobbyist_43818,MICHAEL TORREY,0.3032,0.0015,umap,
lobbyist_59945,IAN LYLE,0.2574,0.0342,umap,
lobbyist_32310,CHRISTOPHER COX,0.0122,1e-04,umap,
lobbyist_17397,BILL VINEY,0.0677,-0.063,umap,
lobbyist_79730,PETER FREEMAN,-0.0582,0.061,umap,
lobbyist_92746,ZACHARY OSTRO,-0.018,0.0178,umap,
lobbyist_53494,ANDREW MCKECHNIE,0.0579,-0.1771,umap,
lobbyist_14141,KEVIN BINGER,0.0156,-0.0711,umap,
lobbyist_141566,TRAVIS NORTON,0.0032,0.0082,umap,
lobbyist_143752,MARTHA MILLER,0.0406,0.006,umap,
lobbyist_45967,JAKE JOHNSTON,0.1819,0.0066,umap,
lobbyist_62893,MICHAEL COLLINS,0.0756,-0.1043,umap,
lobbyist_65759,PETE LANDRUM,-0.0413,-0.0993,umap,
lobbyist_67392,JOHN ARIALE,0.0787,-0.0556,umap,
lobbyist_57882,DONALD KENT,0.0415,-0.0873,umap,
lobbyist_69887,GREGORY BURNS,0.1145,-0.0611,umap,
lobbyist_67244,FRANK MCCARTHY,0.1283,-0.0501,umap,
lobbyist_139590,GEOFFREY BURR,0.0272,-0.0225,umap,
lobbyist_56477,STEVEN IRIZARRY,0.0576,-0.0132,umap,
lobbyist_93673,DAO NGUYEN,0.0102,-0.0928,umap,
lobbyist_54039,EARL POMEROY,0.0773,-0.1871,umap,
lobbyist_69163,JULIE EDDY ROKALA,0.055,-0.0597,umap,
lobbyist_43539,SCOTT KLUG,0.0891,-0.1713,umap,
lobbyist_59537,DAVID SCHIAPPA,0.048,-0.044,umap,
lobbyist_65809,NOAH KOWALSKI,-0.0194,-0.0777,umap,
lobbyist_69835,MICHAELEEN CROWELL,0.0618,-0.0618,umap,
lobbyist_63702,PAUL DININO,-0.9965,-0.1983,umap,
lobbyist_121840,JOEL BAILEY,0.0691,-0.1799,umap,
lobbyist_71300,ERIN NEAL,-0.1087,-0.1526,umap,
lobbyist_72645,JOSEPH LAI,0.0542,-0.0128,umap,
lobbyist_147173,DAVID LEITER,0.0578,-0.0114,umap,
lobbyist_51079,JEFF CHOUDHRY,0.0473,-0.1048,umap,
lobbyist_101682,HAMILTON BLOOM,0.0009,-0.0655,umap,
lobbyist_56499,WILLIAM SETH,0.4037,0.6626,umap,
lobbyist_56628,MATTHEW WARD,0.4051,0.6614,umap,
lobbyist_73874,JOHN DEARBORN,0.13,0.0259,umap,
lobbyist_102877,JAMES PALUSKIEWICZ,0.0593,-0.2139,umap,
lobbyist_60800,ASHLEY BADESCH,0.4051,0.6614,umap,
lobbyist_107185,COREY MALMGREN,0.0604,-0.1966,umap,
lobbyist_107381,PARKER POLING,-0.0153,0.009,umap,
lobbyist_63716,JOHN KINGSTON,0.0324,-0.0853,umap,
lobbyist_60070,CARL CHIDLOW,0.0693,-0.011,umap,
lobbyist_5843,TYSON REDPATH,0.3029,0.0003,umap,
lobbyist_12266,KARL KOCH,0.0376,-0.0435,umap,
lobbyist_70203,JEREMY STESLICKI,-0.0505,-0.1074,umap,
lobbyist_92610,DOUGLAS C. MCINTYRE,-0.5998,0.6584,umap,no_issue_data
lobbyist_146593,CAMILLE BIANCHINI,0.2294,0.0909,umap,
lobbyist_20062,RACHEL JONES HENSLER,0.0557,-0.1053,umap,
lobbyist_23176,ANDREW BUCZEK,0.0423,-0.019,umap,
lobbyist_94512,SAMANTHA CARL-YODER,0.047,-0.0179,umap,
lobbyist_143844,ROBERT VAN HEUVELEN,0.0693,-0.1054,umap,
lobbyist_50816,ANDREW ROSENBERG,0.067,-0.1919,umap,
lobbyist_41326,GREG MEANS,0.0764,-0.0254,umap,
lobbyist_62941,MICHAEL FRIEDBERG,0.1196,-0.0616,umap,
lobbyist_67682,DIMITRIOS KARAKITSOS,0.1075,0.0062,umap,
lobbyist_141500,ARTHUR SIDNEY,0.0284,-0.021,umap,
lobbyist_10629,SCOTT NELSON,0.0466,-0.0295,umap,
lobbyist_21262,MARILYN YAGER,0.0589,-0.1881,umap,
lobbyist_43712,SHAWN SMEALLIE,0.0358,-0.0489,umap,
lobbyist_5513,HEATHER PODESTA,0.0431,-0.0142,umap,
lobbyist_45241,PAUL DOERRER,-0.0118,0.1025,umap,
lobbyist_52116,GARY PALMQUIST,0.0742,-0.1943,umap,
lobbyist_61209,MARTIN GOLD,0.0836,-0.1483,umap,
lobbyist_65067,Y. BRIAN LEE,0.077,-0.2019,umap,
lobbyist_52725,CHRIS ISRAEL,0.0686,-0.0053,umap,
lobbyist_62907,JULIE PHILP,0.0375,-0.0497,umap,
lobbyist_68428,SEAN JOYCE,0.1105,-0.0522,umap,
lobbyist_62356,MATTHEW MCGINLEY,0.0651,-0.0885,umap,
lobbyist_141522,JOSHUA HURVITZ,0.0284,-0.1161,umap,
lobbyist_63536,DAVID HEIL,0.0283,-0.0177,umap,
lobbyist_66886,MARNE MAROTTA,0.054,-0.0132,umap,
lobbyist_68958,HUNTER HALL,0.0529,-0.1729,umap,
lobbyist_51076,RONALD ERITANO,0.0668,-0.0545,umap,
lobbyist_60605,ALBERT WYNN,0.044,-0.0223,umap,
lobbyist_140826,TED LEHMAN,0.0627,-0.195,umap,
lobbyist_64736,JON GANS,-0.0019,0.0054,umap,
lobbyist_67394,WILLIAM FOX,0.1033,-0.036,umap,
lobbyist_142860,KATHERINE COTTON,0.0624,-0.1931,umap,
lobbyist_52269,GRANT MITCHELL,0.3015,0.0008,umap,
lobbyist_67990,DOUGLAS NAPPI,-0.0538,0.0545,umap,
lobbyist_80339,CHRISTIAN LEE,-0.0377,-0.1166,umap,
lobbyist_143856,IVELISSE PORROA-GARCIA,0.0515,-0.0503,umap,
lobbyist_72218,DAVID SKILLMAN,0.063,-0.015,umap,
lobbyist_34903,JOHN CRUMBLISS,0.0177,-0.0895,umap,
lobbyist_70425,EMILY FELDER,0.0593,-0.1793,umap,
lobbyist_69242,DAVID LESSTRANG,0.0776,-0.041,umap,
lobbyist_139666,JOEL RICHARD,0.0471,0.0037,umap,
lobbyist_141909,SCOTT SHEWCRAFT,-0.0329,0.0277,umap,
lobbyist_61745,DAVID EDWARDS,0.0585,-0.1018,umap,
lobbyist_51869,TIMOTHY PUNKE,0.0505,0.0015,umap,
lobbyist_62301,CHARLES FRENCH,0.0719,-0.1354,umap,
lobbyist_58256,DAVID HAINES,0.0343,-0.1091,umap,
lobbyist_4835,JOEL JOHNSON,0.0808,0.0097,umap,
lobbyist_69256,JUSTIN RZEPKA,0.0792,0.0392,umap,
lobbyist_143850,CHRISTOPHER TREANOR,0.0588,-0.0583,umap,
lobbyist_38177,GREGORY NICKERSON,0.0134,0.001,umap,
lobbyist_147125,PARICK CARROLL,0.0436,-0.1764,umap,
lobbyist_72792,KEVIN YODER,0.0051,-0.063,umap,
lobbyist_59585,AMANDA WOOD,0.1619,0.0783,umap,
lobbyist_4796,KEITH MORRISON,0.001,-0.1196,umap,
lobbyist_71740,JONATHAN HILER,0.0402,-0.014,umap,
lobbyist_23876,DENNIS POTTER,0.039,-0.041,umap,
lobbyist_86091,TODD WOOTEN,0.0601,-0.0342,umap,
lobbyist_60481,JOEL WIDDER,-0.0157,-0.1236,umap,
lobbyist_38828,ELINOR HILLER,0.0749,-0.2058,umap,
lobbyist_43409,ROBERT BRADNER,0.0532,-0.1905,umap,
lobbyist_43975,DANIEL MURPHY,0.0207,-0.0201,umap,
lobbyist_79144,ERYNN HOOK,-0.0432,-0.0952,umap,
lobbyist_58455,JEFFREY LOVENG,0.0363,0.0134,umap,
lobbyist_58486,JENNIFER DIONNE,-0.0905,-0.1237,umap,
lobbyist_38765,CARMENCITA WHONDER,-0.0144,0.0105,umap,
lobbyist_64753,DEBRA DIXON,0.0763,0.0751,umap,
lobbyist_81439,PAUL BOCK,-0.0072,0.0065,umap,
lobbyist_15310,SUSAN BROPHY,0.0603,0.0334,umap,
lobbyist_177,RONALD SORINI,0.0672,0.0088,umap,
lobbyist_53901,JEFF BJORNSTAD,0.0839,-0.0625,umap,
lobbyist_147224,SAMUAL LOVE,0.0509,-0.0074,umap,
lobbyist_25252,JACK FIELDS,0.15,-0.1051,umap,
lobbyist_59642,BRIDGET HAGAN,-0.0428,0.0382,umap,
lobbyist_66515,KATIE MITCHELL,0.0376,0.0133,umap,
lobbyist_24818,ROBERT HICKMOTT,0.0653,-0.0458,umap,
lobbyist_65204,JASPER THOMSON,-0.0138,-0.1222,umap,
lobbyist_69706,BENJAMIN STEINBERG,0.1037,-0.0042,umap,
lobbyist_71228,EMILY WILKINSON-HOLLAND,0.0593,-0.2007,umap,
lobbyist_33824,DAN RENBERG,0.0398,-0.1152,umap,
lobbyist_63029,LISA RULLI,0.15,-0.1049,umap,
lobbyist_109757,TAYLOR SEXTON,0.0618,-0.1955,umap,
lobbyist_90630,ALEXIS OBERG,0.1105,-0.0522,umap,
lobbyist_63532,AMY DAVENPORT,0.0366,-0.0603,umap,
lobbyist_20565,ANDREA LARUE,0.0489,-0.108,umap,
lobbyist_144898,ERIC BERGREN,0.064,-0.1948,umap,
lobbyist_69989,SCOTT BRENNER,0.1088,-0.046,umap,
lobbyist_51022,STACEY SMITH,0.0617,-0.2155,umap,
lobbyist_58185,MICHELLE GREENE,-0.0334,-0.105,umap,
lobbyist_64036,STUART CHAPMAN,0.0854,-0.1514,umap,
lobbyist_69358,TRACEY LATURNER,0.0408,-0.0852,umap,
lobbyist_139496,MARTIN REISER,0.0453,-0.0484,umap,
lobbyist_65213,SILVANA CALDERA,0.0718,0.1941,umap,
lobbyist_69617,ZACHARY PRICE,0.0133,-0.0008,umap,
lobbyist_101239,MARK WARREN,0.0156,0.0062,umap,
lobbyist_98808,ELLIOT HOWARD,0.1261,0.0311,umap,
lobbyist_62958,TIMOTHY MCGIVERN,0.0358,0.0078,umap,
lobbyist_52134,BRIAN POMPER,0.0751,-0.0011,umap,
lobbyist_101393,MONIQUE FRAZIER,-0.0263,0.0219,umap,
lobbyist_86428,RYAN MCCONAGHY,0.054,0.0112,umap,
lobbyist_59571,BRADLEY MOLLET,0.0556,-0.1523,umap,
lobbyist_106503,ELIZABETH STANLEY,-0.0008,0.0126,umap,
lobbyist_71054,ALEX GLEASON,0.0149,-0.027,umap,
lobbyist_69194,KEVIN EASTMAN,0.1279,0.0152,umap,
lobbyist_54164,MELISSA MUELLER,0.0014,0.0041,umap,
lobbyist_145286,JOHN ASSINI,-0.9504,0.2704,umap,no_issue_data
lobbyist_73447,RALPH HELLMANN,0.1162,-0.0166,umap,
lobbyist_45250,SHERYL COHEN,0.103,-0.0646,umap,
lobbyist_67461,SHAVENOR WINTERS,-0.0408,-0.0966,umap,
lobbyist_71066,GRAHAM HALL,0.0813,-0.0591,umap,
lobbyist_78975,MAHLET MAKONNEN,0.0034,0.0041,umap,
lobbyist_116014,CHRISTOPHER EDDOWES,0.1105,-0.0518,umap,
lobbyist_69342,JESSICA SCHULKEN,0.3027,1e-04,umap,
lobbyist_89965,GREG D'ANGELO,0.0608,-0.1684,umap,
lobbyist_152536,KENDRICK MASTERMAN-BURNS,-0.0586,-0.12,umap,
lobbyist_66492,PATRICK GRANT,0.0196,-0.0626,umap,
lobbyist_14319,PAUL CAMBON,0.0044,-0.068,umap,
lobbyist_54838,JON PORTER,0.1346,-0.0462,umap,
lobbyist_65487,MAYA SEIDEN,0.0718,-0.0183,umap,
lobbyist_66821,MICHAEL TOMBERLIN,0.0227,-0.0812,umap,
lobbyist_68539,DAVID STEWART,0.0427,-0.0024,umap,
lobbyist_10833,THEODORE BORNSTEIN,0.0886,-0.1812,umap,
lobbyist_48260,ELIZABETH BARNETT,0.0765,-0.2042,umap,
lobbyist_51743,ARSHI SIDDIQUI,0.029,-0.0026,umap,
lobbyist_61584,AARON CUTLER,0.0541,-0.0076,umap,
lobbyist_66636,MICHAEL FREEMAN,0.0483,0.0138,umap,
lobbyist_71091,ZACKARY LINICK,-0.0454,-0.0988,umap,
lobbyist_73194,KELLIE DONNELLY,0.1192,0.0203,umap,
lobbyist_143842,LAURA BOLLIER,0.0618,-0.1509,umap,
lobbyist_70020,NANCY FOX,-0.0725,-0.1344,umap,
lobbyist_139482,GRAHAM HILL,0.0043,-0.0672,umap,
lobbyist_50115,ANDREW VANDERJACK,-0.0056,-0.0772,umap,
lobbyist_53388,MIKE MCKAY,0.0675,-0.1131,umap,
lobbyist_66011,AUSTIN HARRISON,0.1199,-0.0373,umap,
lobbyist_61653,MARK DEDRICK,0.093,-0.177,umap,
lobbyist_66662,GORDON BATES,0.0516,-0.044,umap,
lobbyist_147159,HENRY BRADLEY,0.0338,0.0157,umap,
lobbyist_18680,CHRISTOPHER PUTALA,0.0672,-0.043,umap,
lobbyist_8927,SCOTT ALIFERIS,0.0511,-0.0195,umap,
lobbyist_60429,SOHINI GUPTA,0.0692,-0.1052,umap,
lobbyist_69623,ASHLEY GUNN,0.0781,-0.1156,umap,
lobbyist_92853,NICOLE MORTIER,0.1173,-0.0169,umap,
lobbyist_37627,ANDREW HARKER,0.3025,0.0002,umap,
lobbyist_101409,MICHAEL LONG,0.041,-0.0469,umap,
lobbyist_60601,ROBERT MANGAS,0.0425,-0.0121,umap,
lobbyist_50210,PHILIP ENGLISH,0.031,-0.111,umap,
lobbyist_65530,LORI HARJU,0.0298,-0.0266,umap,
lobbyist_64122,CHRIS JONES,0.0646,-0.1078,umap,
lobbyist_26545,LOREN MONROE,0.05,-0.0974,umap,
lobbyist_47810,GREGG ROTHSCHILD,0.0643,0.0433,umap,
lobbyist_71629,MAX ROSEN,0.0688,-0.0424,umap,
lobbyist_142910,KEVIN CUMMINS,0.0301,0.0516,umap,
lobbyist_43711,DAVID URBAN,0.0258,-0.0549,umap,
lobbyist_69556,JESSICA TOCCO,0.0216,-0.0319,umap,
lobbyist_43813,MARY BETH MCGOWAN,0.0782,-0.0595,umap,
lobbyist_70429,ARI ZIMMERMAN,0.0312,-0.0412,umap,
lobbyist_72742,CARLISLE CLARKE,0.0196,-0.1091,umap,
lobbyist_142030,SAMANTHA MCLEAN,0.0154,-0.09,umap,
lobbyist_151069,JOSEPH BROWN,0.0616,-0.0996,umap,
lobbyist_100741,JOHN CZERWINSKI,-0.7851,-0.6226,umap,no_issue_data
lobbyist_19132,MICHAEL HERSON,-0.0802,-0.128,umap,
lobbyist_59711,CLARENCE WILLIAMS,0.0241,-0.1137,umap,
lobbyist_104509,GENEVIEVE BELTRONE,0.0535,-0.1385,umap,
lobbyist_53409,D'ARCY PHILPS,0.1697,-0.325,umap,
lobbyist_72609,OLIVER SPURGEON III,0.0309,-0.1251,umap,
lobbyist_143824,JOSEPH HOGAN,0.0635,-0.0755,umap,
lobbyist_139943,ANDREW USYK,0.0212,-0.0169,umap,
lobbyist_63394,SARAH HELTON,0.061,-0.0081,umap,
lobbyist_146639,THOMAS ANDREWS,0.0731,-0.0272,umap,
lobbyist_37311,MARY PAVEL,-0.0797,0.6659,umap,
lobbyist_66964,JARED RIFIS,0.0878,-0.1823,umap,
lobbyist_48804,KARISHMA PAGE,0.0352,-0.0588,umap,
lobbyist_68867,BRENDAN DUNN,0.0214,-0.0116,umap,
lobbyist_70688,JOSHUA GABOTON,0.2417,-0.1631,umap,
lobbyist_116597,SARAH YOUNG GLACKIN,-0.0091,-0.0979,umap,
lobbyist_10639,MICHAEL BARBERA,-0.0442,-0.1005,umap,
lobbyist_73658,TIMOTHY MARTIN,0.059,-0.0304,umap,
lobbyist_67732,DARRYL NIRENBERG,0.0542,1e-04,umap,
lobbyist_57826,JONATHAN MCCOLLUM,0.0734,0.0502,umap,
lobbyist_62643,HARRIET MELVIN,0.0277,-0.0108,umap,
lobbyist_94896,PETE GOULD,-0.2179,0.1504,umap,
lobbyist_134306,RYAN DIFFLEY,0.023,-0.0819,umap,
lobbyist_72986,RICK DEARBORN,0.0437,-0.0052,umap,
lobbyist_143778,WILLIAM DAVIS,0.0041,0.0073,umap,
lobbyist_57961,WILLIAM TATUM,-0.0375,-0.1448,umap,
lobbyist_71498,SARAH MARIN,0.4053,0.6611,umap,
lobbyist_80766,BRANDON KIRBY,-0.9959,-0.1994,umap,no_issue_data
lobbyist_144121,JEANNE HAGGERTY,0.0568,-0.1543,umap,
lobbyist_57234,NORM COLEMAN,0.0635,-0.0092,umap,
lobbyist_71119,ROBERT JONES,0.0286,-0.0341,umap,
lobbyist_134466,CARLOS JACKSON,0.0507,-0.153,umap,
lobbyist_66875,WILLIAM KATT,0.0201,-0.127,umap,
lobbyist_138930,CHANNON HANNA,0.218,0.0116,umap,
lobbyist_143888,SAATHVIK ALETY,-0.0547,0.0566,umap,
lobbyist_59381,TARA SMITH,0.3102,0.0117,umap,
lobbyist_67220,ANDREW KAUDERS,0.0466,-0.016,umap,
lobbyist_147545,ASHLI SCOTT PALMER,0.0013,0.0107,umap,
lobbyist_2190,FRANK VLOSSAK,0.0244,-0.0095,umap,
lobbyist_53472,VALERIE HENRY,0.0801,-0.1823,umap,
lobbyist_54701,JAMES DERDERIAN,0.0798,-0.1816,umap,
lobbyist_71326,GALEN ROEHL,0.0484,-0.0386,umap,
lobbyist_48284,JOHN COLBERT,0.4645,-0.0952,umap,
lobbyist_100441,DANIEL SENNOTT,-0.0766,-0.1276,umap,
lobbyist_107139,CLAYTON HAYES,0.0533,-0.021,umap,
lobbyist_38879,SCOTT DACEY,0.1292,0.0197,umap,
lobbyist_145728,BENJAMIN TURNER,-0.059,0.0609,umap,
lobbyist_68649,RYAN BERNSTEIN,0.0251,0.0021,umap,
lobbyist_113477,KATIE HAZLETT,0.1661,-0.482,umap,
lobbyist_59931,ALAN WHEAT,0.0368,-0.1358,umap,
lobbyist_62404,JAMES BRANDELL,0.0447,-0.0174,umap,
lobbyist_93936,HUNTER MORGEN,0.0625,-0.0017,umap,
lobbyist_116668,JULIE SHROYER,0.0285,-0.129,umap,
lobbyist_138392,REBECCA SHAW,0.0421,-0.0019,umap,
lobbyist_93678,TOLA THOMPSON,-0.0148,-0.1078,umap,
lobbyist_85412,ANDREW JONES,0.048,-0.0801,umap,
lobbyist_33975,DAVID COHEN,0.0208,-0.0385,umap,
lobbyist_79415,LILIA HORDER,0.0664,-0.0173,umap,
lobbyist_52474,STEPHEN PERANICH,0.094,-0.0693,umap,
lobbyist_48120,ALEXANDER STERNHELL,-0.0915,0.0809,umap,
lobbyist_65356,MICHAEL HIGDON,-0.0583,-0.121,umap,
lobbyist_68905,KATHRYN WISE,0.0754,-0.1297,umap,
lobbyist_1526,MARLA GROSSMAN,0.0892,-0.4481,umap,
lobbyist_55359,CATHERINE FINLEY,0.0605,-0.2168,umap,
lobbyist_72863,NEAL PATEL,0.0912,-0.0127,umap,
lobbyist_45210,NICHOLAS PYLE,-0.9504,0.2704,umap,no_issue_data
lobbyist_71388,KATHERINE KEATING,0.0521,-0.0448,umap,
lobbyist_57833,RICHARD HARMON,-0.7851,-0.6226,umap,no_issue_data
lobbyist_67634,JUSTIN SAYFIE,0.0216,-0.0232,umap,
lobbyist_79182,BENJAMIN HOWARD,0.0468,-0.0367,umap,
lobbyist_45300,DONNA DENISON,0.0467,-0.1264,umap,
lobbyist_46567,KATHRYN LEHMAN,0.0378,-0.0448,umap,
lobbyist_49748,MARK LINDSAY,-0.1844,0.0091,umap,
lobbyist_114912,NOAH MARINE,-0.0182,0.0161,umap,
lobbyist_46386,JENNIFER LUKAWSKI,0.0717,-0.0567,umap,
lobbyist_72342,RYAN LEAVITT,0.3493,-0.1142,umap,
lobbyist_67864,CHRISTIAN MORGAN,0.0861,-0.0699,umap,
lobbyist_140175,BEN HARNEY,-0.0577,0.0605,umap,
lobbyist_67679,JEFFREY WIENER,-0.0027,-0.103,umap,
lobbyist_7488,CESAR CONDA,0.0454,0.0081,umap,
lobbyist_59003,ERIC BERGER,0.0666,-0.2241,umap,
lobbyist_63611,KRISTINE BLACKWOOD,0.0569,-0.1836,umap,
lobbyist_72000,TRAVIS JOHNSON,-0.0569,0.0672,umap,
lobbyist_141547,DAVID MARTEN,0.1272,-0.0311,umap,
lobbyist_47483,LAURIE PURPURO,0.1179,0.0214,umap,
lobbyist_64545,TYLER NELSON,0.0814,-0.0186,umap,
lobbyist_65579,ETHAN JORGENSEN-EARP,0.066,-0.1883,umap,
lobbyist_69833,RANDALL DEVALK,0.1055,0.0222,umap,
lobbyist_73575,ALEXANDER ANGELSON,0.0483,-0.029,umap,
lobbyist_72216,MEGAN MOORE,0.0185,0.0066,umap,
lobbyist_70135,RODNEY WHITLOCK,0.0603,-0.214,umap,
lobbyist_107000,MICHAEL GAFFIN,0.0541,-0.0584,umap,
lobbyist_69258,GREGORY NOLL,-0.115,0.3047,umap,
lobbyist_18054,DAVID CROW,0.0782,-0.4018,umap,
lobbyist_46175,PETE KIRKHAM,0.0079,-0.1166,umap,
lobbyist_64027,SUDAFI HENRY,0.0331,-0.036,umap,
lobbyist_67371,NEELY SILBEY,-0.0414,-0.0964,umap,
lobbyist_69446,STEPHANIE WALKER,0.1372,-0.0461,umap,
lobbyist_39924,STANLEY KOLBE,0.9948,-0.5476,umap,no_issue_data
lobbyist_40740,TIMOTHY TRYSLA,0.0797,-0.1931,umap,
lobbyist_58110,JESSE APPLETON,-0.0189,0.0105,umap,
lobbyist_33094,JAMES ERVIN,0.1941,-0.1594,umap,
lobbyist_67003,MIKE AHERN,-0.0899,0.0787,umap,
lobbyist_70895,RONTEL BATIE,0.029,-0.0298,umap,
lobbyist_66925,ED KUTLER,0.0513,-0.0817,umap,
lobbyist_67911,TODD BERTOSON,0.1452,-0.0386,umap,
lobbyist_70223,KRISTEN O'NEILL,0.0847,-0.1477,umap,
lobbyist_3763,ERIKA MILLER,0.0384,-0.1583,umap,
lobbyist_45125,VAN HIPP,-0.0664,-0.1375,umap,
lobbyist_46225,MICHAEL BELL,0.0427,-0.0251,umap,
lobbyist_56443,RICK DESIMONE,-0.9199,0.2691,umap,
lobbyist_60462,PATRICK PETTEY,0.1047,-0.0423,umap,
lobbyist_111199,IVONNE HERNANDEZ LOPEZ,0.0663,0.1838,umap,
lobbyist_79410,ANTHONY BEDELL,0.9948,-0.5475,umap,no_issue_data
lobbyist_106933,SCOTT GELBMAN,0.0426,-0.029,umap,
lobbyist_63173,AMY SWONGER,0.0487,-0.0026,umap,
lobbyist_68897,JOSH FINESTONE,-0.0404,0.0388,umap,
lobbyist_100784,BRYAN ZUMWALT,0.1054,0.0139,umap,
lobbyist_63527,SEAN TAYLOR,0.0783,-0.0365,umap,
lobbyist_142223,STEVEN PFRANG,0.0669,-0.0745,umap,
lobbyist_65954,REBECCA KANNINEN,-0.4573,0.1411,umap,
lobbyist_66631,SARA LOVE RAWLINGS,0.0341,-0.1465,umap,
lobbyist_52327,MAURICIO TAMARGO,0.9947,-0.5475,umap,no_issue_data
lobbyist_61665,JAMES KOLB,0.0522,-0.1491,umap,
lobbyist_141071,CHUCK BRAIN,0.0568,-0.1494,umap,
lobbyist_55557,NATHANIEL BELL,-0.0532,-0.1049,umap,
lobbyist_21934,BETH VIOLA,0.1118,0.014,umap,
lobbyist_70229,NICHOLAS CHOATE,-0.0408,0.0376,umap,
lobbyist_70742,JEN ADLER,0.0881,-0.0612,umap,
lobbyist_44092,ROGER SZEMRAJ,0.0299,-0.131,umap,
lobbyist_46005,LAURA LAY,0.1144,0.0674,umap,
lobbyist_73396,ANTHONY HOBBS,0.0575,-0.0017,umap,
lobbyist_95482,BENJAMIN JARRETT,-0.0428,-0.0992,umap,
lobbyist_14074,BRIAN GRIFFIN,0.0466,-0.0389,umap,
lobbyist_61187,JEREMY RABINOVITZ,-0.0249,0.0196,umap,
lobbyist_70883,ANDREW WINER,0.5401,0.1077,umap,
lobbyist_21907,GERALD HARRINGTON,0.0513,-0.0686,umap,
lobbyist_71898,MICHAEL ROGERS,-0.1447,-0.1301,umap,
lobbyist_63331,TREVOR KOLEGO,0.054,-0.0517,umap,
lobbyist_69170,MATT HOFFMANN,0.0714,-0.1786,umap,
lobbyist_102194,JANICE BASHFORD,0.0373,-0.0628,umap,
lobbyist_139645,DONALD POLESE,0.135,0.1204,umap,
lobbyist_65031,ELIZABETH WHITNEY,0.293,0.1439,umap,
lobbyist_66608,MICHAEL KESTI,-0.7574,0.8276,umap,no_issue_data
lobbyist_52320,JASON POBLETE,0.1782,-0.9954,umap,no_issue_data
lobbyist_61254,SUZANNE SULLIVAN,0.1448,-0.1077,umap,
lobbyist_61847,LELAND COGLIANI,-0.0083,-0.1215,umap,
lobbyist_139052,JOANNE SEARS,-0.1071,-0.151,umap,
lobbyist_73075,ALANNA TEMME,0.062,-0.2096,umap,
lobbyist_108971,JACK CAMPBELL,0.0032,0.002,umap,
lobbyist_7527,WALKER ROBERTS,0.0009,-0.0626,umap,
lobbyist_52936,JOHN MCMICKLE,-0.028,0.1209,umap,
lobbyist_142000,ROBERT BABCOCK,0.0652,-0.0096,umap,
lobbyist_37794,DANIEL BOSTON,0.0573,-0.1976,umap,
lobbyist_48894,CHARLES MELLODY,0.1197,-0.0116,umap,
lobbyist_68970,DIEGO SANCHEZ,0.1274,0.208,umap,
lobbyist_108446,JOHN STEITZ,0.0797,0.0098,umap,
lobbyist_54249,BART GORDON,0.0424,-0.0227,umap,
lobbyist_62229,ROBERT LEHMAN,0.0582,1e-04,umap,
lobbyist_100727,TOM QUINN,-0.0473,-0.0814,umap,
lobbyist_71355,WARREN PAYNE,0.0832,0.0133,umap,
lobbyist_115306,VALERIE WEST,-0.2279,0.1665,umap,
lobbyist_141958,SARAH VENUTO,0.1136,0.0152,umap,
lobbyist_51449,CARLYLE THORSEN,0.0318,-0.0612,umap,
lobbyist_55738,STEPHEN WARD,0.0556,-0.0653,umap,
lobbyist_22642,JOSH RUBIN,0.048,-0.0644,umap,
lobbyist_69611,KELLY MCGRATH,-0.0589,0.0604,umap,
lobbyist_65028,EMILY PETERSON,0.2929,0.1438,umap,
lobbyist_45807,CHRISTOPHER DELACY,0.0221,-0.0459,umap,
lobbyist_60021,TODD HARMER,-0.0769,-0.1249,umap,
lobbyist_40951,PETER EVICH,0.1073,-0.0672,umap,
lobbyist_48786,DAVID WILKINS,0.0714,-0.0912,umap,
lobbyist_97583,LAWRENCE ECKHOUSE,0.0438,-0.3121,umap,
lobbyist_53473,TYRON PICARD,0.0621,-0.2035,umap,
lobbyist_66078,RICHARD GIBBS,0.5299,0.0995,umap,
lobbyist_68503,MEGAN PEREZ BURKE,0.0425,-0.184,umap,
lobbyist_63788,BRIAN GLACKIN,-0.0605,-0.1258,umap,
lobbyist_3503,HALEY BARBOUR,0.0472,-0.0795,umap,
lobbyist_138111,JOSHUA TEITELBAUM,0.0702,-0.0129,umap,
lobbyist_38579,RICHARD ROBERTS,-0.0385,0.0302,umap,
lobbyist_53886,ELIZABETH BURKS,0.0444,-0.0075,umap,
lobbyist_56748,ALEX DELPIZZO,0.0544,-0.1697,umap,
lobbyist_10172,JANE LOEWENSON,0.0424,-0.1805,umap,
lobbyist_140255,CHRISTOPHER BUKI,0.0115,-0.0318,umap,
lobbyist_65208,LESTER MUNSON,-0.0519,-0.1041,umap,
lobbyist_103387,BRETT BAKER,0.0565,-0.1691,umap,
lobbyist_69298,GINA FOOTE,0.0624,0.0419,umap,
lobbyist_1101,DAVE LARSON,0.4809,-0.3978,umap,
lobbyist_61108,DOUGLAS MAGUIRE,0.033,-0.0165,umap,
lobbyist_29795,AARON SUNTAG,0.0558,-0.0312,umap,
lobbyist_62883,DARREL THOMPSON,-0.0059,0.0048,umap,
lobbyist_143189,JANE SARGENT,-0.071,0.6538,umap,
lobbyist_67819,ANA MA,0.2498,0.0733,umap,
lobbyist_78896,JOEY SMITH,-0.0243,0.0223,umap,
lobbyist_41569,ALLISON KASSIR,0.078,-0.1703,umap,
lobbyist_67597,JENNIFER ELLISON,0.0951,-0.0676,umap,
lobbyist_26193,JAMES TUCKER,0.087,-0.0177,umap,
lobbyist_79448,ANDREW TERP,0.0778,-0.0382,umap,
lobbyist_69616,DAVID WEISSMAN,-0.1348,-0.6304,umap,
lobbyist_59574,DANIEL CROWLEY,0.0135,0.0098,umap,
lobbyist_38035,DARYL OWEN,0.1254,0.0226,umap,
lobbyist_72793,CHARLES CARITHERS,-0.0338,-0.1137,umap,
lobbyist_104752,RUSS KELLEY,0.1016,0.0102,umap,
lobbyist_143814,CASEY HIGGINS,0.0514,-0.036,umap,
lobbyist_144259,PATRICK SATALIN,0.0872,-0.0125,umap,
lobbyist_66010,ANDREW KING,0.053,-0.0405,umap,
lobbyist_68907,PAUL REAGAN,0.0619,-0.176,umap,
lobbyist_141889,STACY MCBRIDE,0.004,-0.0932,umap,
lobbyist_47312,ALEXANDER SILBEY,-0.0984,-0.1418,umap,
lobbyist_67072,AMY JENSEN,0.059,-0.2078,umap,
lobbyist_67714,SARAH EGGE,0.0614,-0.2092,umap,
lobbyist_92875,JOSEPH BRITTON,0.1274,0.025,umap,
lobbyist_138478,PAUL SHEARER,0.299,-0.0014,umap,
lobbyist_73496,JOHANNA GRAY,0.0364,-0.1671,umap,
lobbyist_86510,MAIA ESTES,-0.0225,-0.0934,umap,
lobbyist_107193,LARRY MEYERS,-0.9505,0.2703,umap,no_issue_data
lobbyist_61961,HOWARD MARLOWE,0.9946,-0.5475,umap,no_issue_data
lobbyist_68655,ALLEN SHOFE,-0.0022,-0.104,umap,
lobbyist_73823,CHESTER LOTT,0.0186,-0.0616,umap,
lobbyist_1266,DUANE GIBSON,0.1197,0.0197,umap,
lobbyist_3250,KRISTINA KENNEDY,0.0432,-0.0555,umap,
lobbyist_32132,DAVID ANDERSON,0.3436,0.0734,umap,
lobbyist_115644,LAURI NG,-0.0374,0.0353,umap,
lobbyist_16739,TIM STEWART,0.1054,-0.0243,umap,
lobbyist_26120,VICKI HART,0.0438,-0.2295,umap,
lobbyist_48877,ADAM INGOLS,0.1223,0.0195,umap,
lobbyist_68626,BRENDAN KRETZSCHMAR,-0.0916,-0.1351,umap,
lobbyist_139591,EDWARD ROYCE,0.0729,-0.0116,umap,
lobbyist_55142,JENNIFER STEWART,0.0875,0.0011,umap,
lobbyist_72487,CHARLES RATHBURN,0.0591,-0.1074,umap,
lobbyist_144864,SASHA HERNANDEZ,0.0067,0.0025,umap,
lobbyist_15073,MARCUS LUBIN,-0.2812,0.9915,umap,no_issue_data
lobbyist_69605,ALEXANDRA CAMPAU,0.0601,-0.1931,umap,
lobbyist_72184,NORMA KRAYEM,0.015,-0.0582,umap,
lobbyist_56588,JUSTIN DALY,-0.0999,0.087,umap,
lobbyist_58996,BLANCHE LINCOLN,0.083,-0.1515,umap,
lobbyist_64123,ADAM HIGGINS,0.0776,-0.1356,umap,
lobbyist_64530,AMY BUDNER SMITH,0.0372,-0.0667,umap,
lobbyist_93892,JENNIFER STORIPAN,0.1183,0.0211,umap,
lobbyist_143123,JESSIE BRAIRTON,0.0612,-0.2103,umap,
lobbyist_68345,BRYAN ALPHIN,0.0324,-0.017,umap,
lobbyist_72125,KEVIN BAILEY,0.3016,0.0008,umap,
lobbyist_67183,STEVEN BOMS,-0.0598,0.0614,umap,
lobbyist_140065,PAUL SASS,0.0257,0.0135,umap,
lobbyist_144729,CHRISTOPHER KEOSIAN,-0.0872,-0.0048,umap,
lobbyist_38865,LISA FOSTER,0.0515,-0.1591,umap,
lobbyist_51440,JAMES FRENCH,0.0353,-0.0594,umap,
lobbyist_64355,MATTHEW BORMET,-0.1065,-0.0895,umap,
lobbyist_68761,DAVID VITTER,0.0868,0.0024,umap,
lobbyist_58709,JEFFERY WALTER,0.0004,-0.0114,umap,
lobbyist_70276,GABRIEL PELLATHY,0.0913,-0.0069,umap,
lobbyist_93141,JEFFERIES MURRAY,-0.0088,-0.0982,umap,
lobbyist_65471,ROBERT WASINGER,0.0533,-0.0486,umap,
lobbyist_72182,ALBERT KAMMLER,0.0165,-0.0591,umap,
lobbyist_107192,TIMOTHY DAY,-0.5998,0.6585,umap,no_issue_data
lobbyist_4989,ALLEN FREEMYER,0.3508,0.0765,umap,
lobbyist_51704,CONNIE MYERS,0.0344,0.0585,umap,
lobbyist_99946,KAROLINA ARIAS,-0.054,0.0546,umap,
lobbyist_51394,MENDA FIFE,-0.0229,-0.0938,umap,
lobbyist_71046,RYAN SEROTE,0.293,0.144,umap,
lobbyist_54740,MARY BAKER,0.0226,0.0076,umap,
lobbyist_61574,BRANDON ROMAN,0.0429,-0.067,umap,
lobbyist_72129,JEFFREY DENHAM,0.0302,-0.0304,umap,
lobbyist_72385,DAVID REDL,0.0717,0.0432,umap,
lobbyist_47530,AMY CARNEVALE,0.0269,0.0039,umap,
lobbyist_96834,JED BHUTA,-0.7851,-0.6226,umap,no_issue_data
lobbyist_43785,STEVEN VALENTINE,0.0423,-0.0276,umap,
lobbyist_69878,EDEN SHIFERAW,0.0628,-0.1061,umap,
lobbyist_124311,CHRISTOPHER CORLEY,-0.0019,-0.0674,umap,
lobbyist_141462,MARY BEAL,0.0681,-0.1175,umap,
lobbyist_118200,JESSICA MARTINEZ,0.0286,0.0548,umap,
lobbyist_56752,GLYNDA BECKER FENTER,-0.7574,0.8276,umap,no_issue_data
lobbyist_66687,DREW COLE,0.0602,-0.0122,umap,
lobbyist_102514,JONATHAN KOTT,0.0736,-0.1124,umap,
lobbyist_51663,JAMES SARTUCCI,0.0456,-0.0195,umap,
lobbyist_61515,BENJAMIN GROVE,0.4649,-0.0969,umap,
lobbyist_63815,DAVID THOMPSON,0.0826,-0.0627,umap,
lobbyist_66858,AMANDA FENTON,0.1782,-0.9954,umap,no_issue_data
lobbyist_73468,ANSLEY ERDEL,0.071,0.0412,umap,
lobbyist_71017,GAYLE GERDES,0.0558,-0.1961,umap,
lobbyist_67202,BRAD GENTILE,-0.0098,-0.0782,umap,
lobbyist_67409,BRANDT HERSHMAN,0.0611,-0.0581,umap,
lobbyist_70632,BRETT HEWITT,-0.7851,-0.6226,umap,no_issue_data
lobbyist_71287,DAVID PEARCE,-0.7851,-0.6226,umap,no_issue_data
lobbyist_55097,STEVEN BLOCH,-0.996,-0.1994,umap,no_issue_data
lobbyist_122259,ADAM TARR,0.3045,-0.0012,umap,
lobbyist_44665,ESTUARDO RODRIGUEZ,0.1269,0.2075,umap,
lobbyist_57250,NICOLE DI RESTA,-0.1144,-0.1534,umap,
lobbyist_65072,KYLE CORMNEY,0.0632,0.0113,umap,
lobbyist_100976,ANDREA MARES,0.0757,-0.1655,umap,
lobbyist_52671,MICHELE STOCKWELL,0.9946,-0.5474,umap,no_issue_data
lobbyist_68596,RICHARD SULLIVAN,0.0623,0.0116,umap,
lobbyist_80347,MOSHE SCHWARTZ,-0.0423,-0.0969,umap,
lobbyist_112325,SAMANTHA SWING,0.1297,0.0165,umap,
lobbyist_42321,PATRICK COONEY,0.052,-0.2245,umap,
lobbyist_139812,KRISTEN BAUTZ,0.1128,-0.0167,umap,
lobbyist_4106,LAWRENCE WILLCOX,0.0122,0.0005,umap,
lobbyist_52846,KARA RINALDI,0.2929,0.0507,umap,
lobbyist_67163,LAUREN FLYNN,0.0146,0.0044,umap,
lobbyist_72039,MILAN DALAL,-0.0975,0.0849,umap,
lobbyist_101293,JENNIFER READ,-0.0583,0.0615,umap,
lobbyist_79254,ANN MARIE BUERKLE,0.0755,-0.0005,umap,
lobbyist_100994,SARAH MONTEITH,0.0656,-0.0924,umap,
lobbyist_139472,ALEXANDER HECHT,0.0851,-0.1313,umap,
lobbyist_143186,NICHOLAS MANETTO,0.0436,-0.197,umap,
lobbyist_63604,GREGORY LOUER,0.055,-0.0043,umap,
lobbyist_68660,MICHAEL GOO,0.2831,0.0737,umap,
lobbyist_87379,A.J. WOJCIAK,0.049,-0.1626,umap,
lobbyist_139835,BRYAN WELLS,0.0812,-0.1813,umap,
lobbyist_61765,ROBERT EPPLIN,-0.1345,-0.1507,umap,
lobbyist_1057,JOHN CAHILL,0.0624,-0.1701,umap,
lobbyist_55171,MITCH BUTLER,0.3263,0.0675,umap,
lobbyist_106919,LOGAN HOLLERS,0.0975,-0.0005,umap,
lobbyist_114771,THADDEUS INGE,0.0133,-0.0335,umap,
lobbyist_142772,ROBERT MOSS,0.0758,0.4753,umap,
lobbyist_65577,JOHN BOHANAN,-0.0888,-0.1476,umap,
lobbyist_70028,TODD WOMACK,0.0442,-0.0419,umap,
lobbyist_139217,WARD CORMIER,0.0311,-0.1119,umap,
lobbyist_48942,LISA WALTZMAN,0.0496,0.001,umap,
lobbyist_107259,JOHN TWOMEY,0.0798,-0.1605,umap,
lobbyist_143006,TRACY TOLK,0.0878,0.0178,umap,
lobbyist_43042,PATRICK RAFFANIELLO,0.028,-0.0019,umap,
lobbyist_50796,RICH MEADE,0.0686,-0.0602,umap,
lobbyist_67436,JUSTIN PERKINS,-0.996,-0.1995,umap,no_issue_data
lobbyist_68021,LOUIS AGNELLO,0.0526,-0.1552,umap,
lobbyist_94230,DAVID GASSON,0.0756,0.4754,umap,
lobbyist_106874,JARROD LOADHOLT,-0.026,0.0943,umap,
lobbyist_59606,DIANE MAJOR,0.0614,-0.2033,umap,
lobbyist_60562,KENDALL HUSSEY,0.0463,-0.1767,umap,
lobbyist_61445,DEBORAH BURRELL,-0.0736,-0.1358,umap,
lobbyist_64952,KATE HALLAHAN,0.1733,-0.0271,umap,
lobbyist_71413,BRUCE EVANS,0.1237,0.0217,umap,
lobbyist_18762,MARC GERSON,0.0072,0.0036,umap,
lobbyist_15532,STACEY HUGHES,0.0616,-0.155,umap,
lobbyist_63519,JACOB TRIOLO,-0.0305,-0.0012,umap,
lobbyist_79043,JULIA ANGELOTTI,-0.7574,0.8276,umap,no_issue_data
lobbyist_37493,EDWARD STEINER,0.0343,0.0572,umap,
lobbyist_59478,TYLER THOMPSON,0.067,-0.1786,umap,
lobbyist_66127,WILLIAM MCGRATH,0.3129,0.0595,umap,
lobbyist_71071,FERNANDO RUIZ,-0.9505,0.2703,umap,no_issue_data
lobbyist_102589,FRED TURNER,0.0642,-0.0201,umap,
lobbyist_138381,SCOTT TOMINOVICH,-0.0714,-0.0737,umap,
lobbyist_147260,MATTHEW BERZOK,0.0798,0.045,umap,
lobbyist_58865,PETER LAWSON,0.0619,-0.0706,umap,
lobbyist_59264,JASON ABEL,0.013,0.0115,umap,
lobbyist_60242,EBONY SIMPSON,0.0866,0.0014,umap,
lobbyist_72759,ASHLI PALMER,0.0725,-0.1207,umap,
lobbyist_143320,KATIE SCHOETTLER,0.0922,-0.1726,umap,
lobbyist_24285,MICHAEL GALANO,0.1185,-0.0586,umap,
lobbyist_44683,LEONARD SIMON,0.0704,0.1935,umap,
lobbyist_139949,WILLIAM LILES,-0.0956,0.0838,umap,
lobbyist_140174,KIRA FLAHERTY,-0.0776,-0.2846,umap,
lobbyist_68891,EDUARDO ZAPIEN,0.0488,-0.0078,umap,
lobbyist_72847,PETER ROSKAM,0.0012,0.0074,umap,
lobbyist_29197,SUSAN RAMTHUN,0.0313,-0.2378,umap,
lobbyist_73518,RENE MUNOZ,0.0487,-0.0807,umap,
lobbyist_60176,BRENDA REESE,0.0592,-0.2024,umap,
lobbyist_71540,CHRISTOPHER MINAKOWSKI,-0.0763,-0.1285,umap,
lobbyist_137456,PENELOPE FARTHING,-0.4573,0.1411,umap,
lobbyist_139665,DAN GREENWOOD,-0.0457,-0.091,umap,
lobbyist_138179,AUGUSTUS MAPLES,0.125,-0.053,umap,
lobbyist_140141,DREW GRIFFIN,0.0694,-0.0894,umap,
lobbyist_143732,MATTHEW KELLOGG,-0.0601,0.0607,umap,
lobbyist_44086,BRIGEN WINTERS,-0.2507,-0.5342,umap,
lobbyist_72029,GREG LANKLER,-0.0466,-0.1215,umap,
lobbyist_47350,SEAN MCGLYNN,0.0052,-0.084,umap,
lobbyist_69933,DAVID HOOVER,0.1305,0.0116,umap,
lobbyist_139804,KARYN RICHMAN,-0.0387,-0.115,umap,
lobbyist_50807,STEFAN BAILEY,0.0763,-0.0393,umap,
lobbyist_71247,MARTI THOMAS,0.0604,-0.0532,umap,
lobbyist_100815,JARED WEAVER,0.0718,0.0437,umap,
lobbyist_137858,MISHA LEHRER,-0.0307,-0.0968,umap,
lobbyist_63704,NICK KOLOVOS,0.0824,0.0451,umap,
lobbyist_143170,JOHN CHRISTIE,0.0544,-0.0541,umap,
lobbyist_143793,CHRISTOPHER COOPER,-0.9505,0.2702,umap,no_issue_data
lobbyist_71541,ANDERSON HEIMAN,0.0352,-0.028,umap,
lobbyist_138622,HEATHER VOORMAN,-0.9504,0.2703,umap,no_issue_data
lobbyist_140648,CAITLIN CANTER,0.0494,-0.0621,umap,
lobbyist_60602,TIM HUTCHINSON,0.0576,-0.0064,umap,
lobbyist_62208,CASIE DAUGHERTY,0.0766,-0.0371,umap,
lobbyist_65939,JOHN EASTON,0.075,-0.1841,umap,
lobbyist_46918,THOMAS BRIERTON,-0.4216,-0.466,umap,
lobbyist_48806,CRAIG METZ,0.0354,-0.0415,umap,
lobbyist_65363,KATE ROSE,0.0602,-0.2127,umap,
lobbyist_69397,MATTHEW SPIKES,-0.5593,0.0741,umap,
lobbyist_103206,ADAM STEINMETZ,0.0725,-0.159,umap,
lobbyist_58249,DE'ANA DOW,-0.026,0.0214,umap,
lobbyist_93522,STACEY ROLLAND,0.0222,-0.0235,umap,
lobbyist_139011,BYRON WILLIAMS,0.3207,-0.0412,umap,
lobbyist_57044,CHRISTOPHER CARON,0.042,-0.0302,umap,
lobbyist_71419,JEFFREY MUNK,0.0663,-0.007,umap,
lobbyist_70956,ERYKKA THOMPSON,-0.9504,0.2702,umap,no_issue_data
lobbyist_2371,JON BOUKER,0.0405,-0.081,umap,
lobbyist_139989,KATELYN BUNNING,0.0154,-0.0991,umap,
lobbyist_72938,MARGARET FRANKLIN,0.0776,-0.1658,umap,
lobbyist_3688,MITCHELL FEUER,-0.0542,0.0564,umap,
lobbyist_66261,ANDREW LITTMAN,0.0216,-0.0293,umap,
lobbyist_71522,BENJAMIN BROWN,-0.0957,0.0843,umap,
lobbyist_54451,RYAN SMITH,0.2697,0.0361,umap,
lobbyist_58419,LUKE JOHNSON,0.323,0.0653,umap,
lobbyist_63612,PARI MODY,0.0559,-0.1735,umap,
lobbyist_143718,PAUL WEISS,0.0739,-0.0456,umap,
lobbyist_70737,KELLEY HUDAK,0.1019,0.0079,umap,
lobbyist_139167,GREG WALDEN,0.1029,-0.0143,umap,
lobbyist_54797,JAMES HALL,0.0684,-0.2331,umap,
lobbyist_69457,DONALD BRAMER,-0.1108,-0.1693,umap,
lobbyist_73516,CASEY BROUHARD,0.0551,-0.1874,umap,
lobbyist_141279,JOSEPH BRAZAUSKAS,0.1231,0.0232,umap,
lobbyist_145020,REBECCA ALCORN,-0.0289,0.0238,umap,
lobbyist_67125,CRYSTAL ELLERBE,0.1076,-0.0534,umap,
lobbyist_70608,LAMAR SMITH,0.0245,-0.0518,umap,
lobbyist_71987,CHRISTOPHER CARNEY,-0.0485,0.2172,umap,
lobbyist_142519,JOSEPH MELO,0.1362,0.1176,umap,
lobbyist_53458,MATT WISE,0.025,-0.0162,umap,
lobbyist_60098,HANNAH LAMBIOTTE SMITH,0.0815,-0.1485,umap,
lobbyist_148710,KIERSTIN STRADFORD-PATTERSON,0.2235,0.0173,umap,
lobbyist_52422,JENNIFER BELL,0.0603,-0.2103,umap,
lobbyist_51923,MUFTIAH MCCARTIN,0.0773,-0.093,umap,
lobbyist_70555,LUKE STRIMER,0.0028,-0.0597,umap,
lobbyist_146970,MADELINE VOITIER,-0.0872,-0.0051,umap,
lobbyist_70700,DAVID OXNER,0.0107,-0.0028,umap,
lobbyist_40724,JAMES BARKER,0.3489,-0.114,umap,
lobbyist_58199,JAMES BARNETTE,0.0502,0.0049,umap,
lobbyist_61240,ANDRE MONETTE,0.1782,-0.9954,umap,no_issue_data
lobbyist_67156,KYLE RUCKERT,0.7133,0.1822,umap,
lobbyist_69854,PATRICK MARTIN,0.0751,-0.1393,umap,
lobbyist_115068,MICHAEL OSCAR,0.1782,-0.9954,umap,no_issue_data
lobbyist_94404,BRYAN MAXWELL,-0.085,-0.1301,umap,
lobbyist_148621,C. MAGGIE (MOORE) AARON,-0.0568,0.0579,umap,
lobbyist_99335,NOE GARCIA,0.0306,-0.0573,umap,
lobbyist_139925,JOSEFINA PRESCOTT,0.0759,-0.1604,umap,
lobbyist_141629,CHRISTOPHER DAVIS,0.0633,-0.2009,umap,
lobbyist_143287,KELSEY CARLSON,0.0788,-0.199,umap,
lobbyist_138330,JOHN WEBER,0.3061,-0.0007,umap,
lobbyist_48015,JENNIFER PHARAOH,0.4119,-0.3087,umap,
lobbyist_127340,DARIN GARDNER,0.0632,-0.1881,umap,
lobbyist_141890,MAGGIE MCGRANE,0.0644,-0.1398,umap,
lobbyist_6078,CHRISTINE PELLERIN,0.0626,-0.0663,umap,
lobbyist_27500,KENNETH KIES,-0.0212,0.0208,umap,
lobbyist_53051,CLIFF ROTHENSTEIN,0.0532,0.01,umap,
lobbyist_64756,MATT WEINSTEIN,-0.0871,-0.1362,umap,
lobbyist_79412,ALFONSO LOPEZ,0.1245,-0.0369,umap,
lobbyist_100901,KENNY ROBERTS,0.0698,0.009,umap,
lobbyist_43651,JOHN RUSSELL,0.0618,-0.1228,umap,
lobbyist_51406,ROGER MURRY,0.0778,0.0021,umap,
lobbyist_63167,MATTHEW HINCH,-0.0224,-0.0627,umap,
lobbyist_65058,JOHN STANFORD,0.0013,0.0797,umap,
lobbyist_67626,SARA LINDER,0.0355,-0.0624,umap,
lobbyist_68374,LAWRENCE GROSSMAN,0.0977,-0.0492,umap,
lobbyist_143861,EMILY LAVERY,0.0124,0.0013,umap,
lobbyist_63658,JOSHUA LAROSE,0.9946,-0.5475,umap,no_issue_data
lobbyist_32389,DON NICKLES,0.0501,-0.0728,umap,
lobbyist_53513,ROBERT ELLSWORTH,0.0617,0.0514,umap,
lobbyist_31634,JAMIE JONES,0.3498,-0.1132,umap,
lobbyist_93440,LUCIA ALONZO,0.0622,-0.1049,umap,
lobbyist_100455,KATE GONZALES,0.3193,0.0643,umap,
lobbyist_142566,VEN NERALLA,0.0424,-0.0749,umap,
lobbyist_64322,BRIAN MCLAUGHLIN,-0.0284,-0.078,umap,
lobbyist_67825,KATRINA VELASQUEZ,-0.0272,-0.2196,umap,
lobbyist_70151,LINDLEY SHERER,-0.0406,-0.1029,umap,
lobbyist_99008,DANA GRESHAM,0.0447,-0.0044,umap,
lobbyist_60516,MATTHEW TUTEN,0.0464,-0.1784,umap,
lobbyist_62769,JEFFERY MORE,-0.7851,-0.6226,umap,no_issue_data
lobbyist_68397,LUDMILLA KASULKE (NEE SAVELIEFF),0.0726,-0.0029,umap,
lobbyist_68402,HEIDEH SHAHMORADI,0.1853,-0.0336,umap,
lobbyist_71720,MICKAYLA STOGSDILL,0.0551,-0.1576,umap,
lobbyist_109925,DEBRA CURTIS,0.0577,-0.2117,umap,
lobbyist_146653,THOMAS DAVIS,0.0037,-0.0865,umap,
lobbyist_47432,TIMOTHY YEHL,0.0415,-0.231,umap,
lobbyist_43920,CHRISTOPHER VITALE,0.0512,-0.07,umap,
lobbyist_57973,JAKE PERRY,-0.0903,0.0602,umap,
lobbyist_139456,JULIE DUNNE,-0.0022,-0.0544,umap,
lobbyist_48943,COLBY MILLER,0.1936,-0.1595,umap,
lobbyist_47989,RON KLINK,0.0599,-0.0008,umap,
lobbyist_55074,BART STUPAK,-0.019,0.0148,umap,
lobbyist_69511,MATTHEW RUSSELL,-0.0307,0.0269,umap,
lobbyist_143188,BRANDT ANDERSON,0.0194,-0.0577,umap,
lobbyist_146498,TRAVIS CONE,0.2038,0.1542,umap,
lobbyist_138317,RONALD KLEIN,0.0783,-0.1667,umap,
lobbyist_139779,JOHN LUNDY,0.1368,-0.0073,umap,
lobbyist_143653,MATTHEW PLASTER,0.0771,0.0569,umap,
lobbyist_18231,JOHN KEAST,-0.0256,-0.1076,umap,
lobbyist_47333,JIM DAVIS,0.0707,-0.1127,umap,
lobbyist_63587,MICHAEL KREPS,0.0649,-0.1254,umap,
lobbyist_72152,NELL REILLY,-0.996,-0.1995,umap,no_issue_data
lobbyist_107248,ROBERT CRAMER,0.132,-0.1039,umap,
lobbyist_142755,CHERI BUSTOS,0.4334,0.1536,umap,
lobbyist_64321,JOEL RIETHMILLER,-0.0884,-0.0634,umap,
lobbyist_64995,JOAN BONDAREFF,0.0937,-0.0652,umap,
lobbyist_70044,BRIAN JOHNSON,0.029,-0.0114,umap,
lobbyist_58251,EMILY PORTER,0.0629,-0.1542,umap,
lobbyist_60557,HEIDE BAJNRAUH,0.0495,-0.1617,umap,
lobbyist_70066,GREG MESACK,-0.0959,0.0617,umap,
lobbyist_60441,STEPHEN NORTHRUP,0.0728,-0.1683,umap,
lobbyist_93175,MARK EPLEY,0.0419,-0.0623,umap,
lobbyist_52786,BEHRENDS FOSTER,0.0683,-0.2055,umap,
lobbyist_66034,AMANDA BUNNING KELSEY,0.0774,-0.1239,umap,
lobbyist_107246,KWABENA NSIAH,0.0711,-0.1066,umap,
lobbyist_21772,CLAYTON HEIL,0.2901,-0.1354,umap,
lobbyist_58243,MCKIE CAMPBELL,0.1351,0.0278,umap,
lobbyist_62139,KYLE MULHALL,-0.2106,0.137,umap,
lobbyist_92415,ZACHARY HOWELL,-0.0112,-0.08,umap,
lobbyist_70029,BRENT HEBERLEE,0.0717,-0.0693,umap,
lobbyist_35167,IRENE BUENO,0.0636,-0.1111,umap,
lobbyist_60115,ALEX TEEL,-0.031,0.0381,umap,
lobbyist_65583,ROBERT DALEY,0.0406,-0.1633,umap,
lobbyist_67367,JOHN FEEHERY,0.0767,-0.1761,umap,
lobbyist_62736,LAYTH ELHASSANI,0.0765,-0.0953,umap,
lobbyist_86564,BRIAN HACKLER,-0.0218,-0.1344,umap,
lobbyist_142337,TYLER HARDY,0.0902,-0.0473,umap,
lobbyist_63119,EDUARDO SOTO,-0.1118,-0.0449,umap,
lobbyist_81578,JESSICA MONAHAN,0.0717,-0.0104,umap,
lobbyist_146514,MIKE SMULLEN,0.0829,-0.0215,umap,
lobbyist_63823,GENEVIEVE HUBBARD (NEE' BRESNAHAN),0.027,-0.0493,umap,
lobbyist_68373,CHRISTOPHER BRADISH,0.0988,-0.0496,umap,
lobbyist_69124,JON WADSWORTH,0.197,-0.0358,umap,
lobbyist_48796,DAVID BEAUDREAU,0.328,0.0184,umap,
lobbyist_49013,MARK REY,-0.7852,-0.6225,umap,no_issue_data
lobbyist_68048,BARBARA PATTERSON,0.3022,0.0011,umap,
lobbyist_102193,BOBBY MCMILLIN,0.0423,-0.1463,umap,
lobbyist_148520,FREDERICK VAUGHAN,0.0425,-0.0747,umap,
lobbyist_148938,RICHARD OLIVER,0.1369,0.0264,umap,
lobbyist_2312,KATE FINKELSTEIN,0.0539,-0.2095,umap,
lobbyist_12395,ELLEN KUGLER,0.0536,-0.2099,umap,
lobbyist_58516,ISAAC BROWN,0.3956,0.1527,umap,
lobbyist_64490,BONNIE HOGUE DUFFY,0.0437,-0.1764,umap,
lobbyist_41521,SUSAN LENT,0.1012,-0.0577,umap,
lobbyist_54439,JON HROBSKY,0.3267,0.0664,umap,
lobbyist_65142,DANIEL MCCARTHY,0.006,-0.0082,umap,
lobbyist_65545,SCOTT GRAVES,0.0694,-0.0086,umap,
lobbyist_68403,JAMES O'KEEFFE,0.1985,-0.0341,umap,
lobbyist_69885,ALAN KATZ,0.0482,-0.1259,umap,
lobbyist_120820,SANDRA ALCALA,0.0502,-0.069,umap,
lobbyist_138298,RACHEL MOTLEY,-0.1131,-0.0438,umap,
lobbyist_143833,JONATHAN YAROWSKY,0.0495,-0.0063,umap,
lobbyist_66867,THOMAS WHARTON,0.0614,-0.2032,umap,
lobbyist_67306,RYAN MCBRIDE,-0.0229,-0.2785,umap,
lobbyist_67311,LAURA WOOSTER,-0.0228,-0.2785,umap,
lobbyist_71614,AMANDA SLATER,-0.0566,0.0577,umap,
lobbyist_151117,STEPHEN VOLJAVEC,0.0514,-0.0548,umap,
lobbyist_139131,MARTHA ROBY,-0.1428,-0.1614,umap,
lobbyist_139201,CATHERINE LENZ,0.0743,-0.2363,umap,
lobbyist_17845,JEANNE SLADE,-0.0231,-0.2787,umap,
lobbyist_67451,JOSHUA RAYMOND,-0.0748,0.0695,umap,
lobbyist_67617,BOB BROOKS,-0.0005,0.0056,umap,
lobbyist_72096,JASON BUCKNER,0.3146,0.0603,umap,
lobbyist_140981,IAN WHITSON,0.1022,0.0053,umap,
lobbyist_65281,ANNE PALISI,0.0193,-0.0751,umap,
lobbyist_68022,FRANK GUINTA,0.0674,-0.0156,umap,
lobbyist_146689,DAVID PLANNING,0.0244,-0.0598,umap,
lobbyist_147084,ZACHARY COMMINS,0.1441,-0.0334,umap,
lobbyist_138427,DEVIN BARRETT,0.0996,-0.065,umap,
lobbyist_47685,MATTHEW MORGAN,-0.1138,-0.0433,umap,
lobbyist_133352,SHAWN FERGUSON,-0.996,-0.1995,umap,no_issue_data
lobbyist_44837,DENNIS MCGRANN,-0.4573,0.1411,umap,
lobbyist_67532,SANDRA LUFF,0.904,-0.005,umap,
lobbyist_73022,RODNEY FRELINGHUYSEN,0.0234,-0.047,umap,
lobbyist_108342,RASHAWN MITCHELL,-0.0604,0.0604,umap,
lobbyist_49057,MONA MOHIB,0.0193,0.0033,umap,
lobbyist_61911,JONATHAN VAN ARSDELL,0.0438,-0.3121,umap,
lobbyist_65690,CRAIG FELNER,0.0829,-0.1423,umap,
lobbyist_79283,MEGAN HERBER,0.0434,-0.1888,umap,
lobbyist_107209,STEPHEN BORG,0.0218,-0.0265,umap,
lobbyist_142545,PAUL MILOTTE,0.1304,-0.0483,umap,
lobbyist_145384,ARTHUR SCOTT,0.1865,-0.0231,umap,
lobbyist_35278,SARA FRANKO,0.0441,-0.1884,umap,
lobbyist_47145,ANDREW BURMEISTER,-0.4573,0.1411,umap,
lobbyist_76873,OLIVIA IGBOKWE,0.6124,0.5022,umap,
lobbyist_142222,PATRICK AMES,-0.0385,0.0346,umap,
lobbyist_60356,BRIAN RICE,0.904,-0.005,umap,
lobbyist_65600,BRANDI LOWELL,0.0776,-0.1249,umap,
lobbyist_69245,JAMES REID,0.1519,-0.0305,umap,
lobbyist_106298,MIKE CARR,0.2867,-0.1334,umap,
lobbyist_61475,R. NICHOLSON,0.1088,-0.0394,umap,
lobbyist_106242,YOGIN KOTHARI,0.2849,-0.1308,umap,
lobbyist_142007,MARK BENEDICT,0.07,0.0224,umap,
lobbyist_17987,JOEL WHITE,0.0534,-0.2028,umap,
lobbyist_71527,TONY SAMP,-0.0415,-0.0919,umap,
lobbyist_121847,CLIFTON WILLIAMS,0.1656,-0.4788,umap,
lobbyist_138164,ANDREW TABLER,0.0101,-0.0704,umap,
lobbyist_58980,MATT SMITH,0.2,-0.0364,umap,
lobbyist_114059,JOSEF NOVOTNY,0.1031,-0.0612,umap,
lobbyist_136087,EDWARD ROGERS,0.0391,-0.0368,umap,
lobbyist_147901,MEAGAN BOLTON SUNN,-0.0235,0.0971,umap,
lobbyist_64714,JENNIFER KROWCHUN,-0.3823,-0.6186,umap,
lobbyist_143245,JUSTIN SOK,-0.0757,0.0517,umap,
lobbyist_37600,ANDREW SHORE,0.0904,-0.1463,umap,
lobbyist_45599,CAROLINE VILCHEZ,0.0697,0.0225,umap,
lobbyist_58258,ROLAND LITTERST,0.0443,-0.0537,umap,
lobbyist_140433,DANIELLE BECK,0.3022,-0.0014,umap,
lobbyist_68521,RACHEL STAUFFER,0.0608,-0.2207,umap,
lobbyist_68582,SARAH SAPIRSTEIN,0.2909,0.15,umap,
lobbyist_139792,TY MABRY,0.1328,-0.0048,umap,
lobbyist_143660,CARYN LESTER,0.0523,-0.0435,umap,
lobbyist_145299,KENDRA ISAACSON,-0.026,0.0195,umap,
lobbyist_147951,JASON YAWORSKE,0.045,-0.0299,umap,
lobbyist_61198,JOHN STERNE,0.1782,-0.9954,umap,no_issue_data
lobbyist_66028,TIMOTHY CASEY,0.0436,-0.1503,umap,
lobbyist_66692,RYAN LITTLE,0.0529,-0.2132,umap,
lobbyist_4779,MICHAEL RIITH,-0.0891,-0.2311,umap,
lobbyist_40669,JEANNE WOLAK,-0.0891,-0.2312,umap,
lobbyist_63558,DANIEL MURRAY,-0.0891,-0.2311,umap,
lobbyist_70030,BRENT WILES,0.0437,-0.0397,umap,
lobbyist_142024,JEFFREY REGAN,0.0093,-0.1234,umap,
lobbyist_143805,HAROLD LAWRENCE,-0.0892,-0.2311,umap,
lobbyist_8509,SARAH VILMS,0.1163,-0.0108,umap,
lobbyist_16409,PETER THOMAS,0.051,-0.1989,umap,
lobbyist_68780,JONATHAN BECKER,0.0606,0.0019,umap,
lobbyist_133898,ETHAN MAHLER,-0.7853,-0.6225,umap,no_issue_data
lobbyist_147950,BRITTAN SPECHT,0.0434,-0.031,umap,
lobbyist_148140,ALEX BOLTON,0.1081,-0.0548,umap,
lobbyist_39035,TERRY PAUL,-0.0887,-0.1405,umap,
lobbyist_56282,NICOLE BIVENS COLLINSON,0.0347,0.0575,umap,
lobbyist_68257,JOHN HUGHES,-0.2812,0.9916,umap,no_issue_data
lobbyist_93548,CHRISTOPHER GILLOTT,0.0745,-0.1493,umap,
lobbyist_143156,JOHN MARTIN,0.0689,-0.1965,umap,
lobbyist_51350,MARK HOLMAN,0.4489,0.158,umap,
lobbyist_70972,JUSTIN BROWER,-0.091,-0.1362,umap,
lobbyist_50556,MARK DISLER,0.059,-0.0593,umap,
lobbyist_54736,DANIEL MAUER,0.1353,-0.0472,umap,
lobbyist_62847,ANDREW MACPHERSON,0.0631,-0.1476,umap,
lobbyist_100905,DANIELLE NELSON,0.3062,0.0003,umap,
lobbyist_101186,YVETTE CRAVINS,0.3261,-0.0035,umap,
lobbyist_145638,SHAYNE WOODS,0.0474,-0.1602,umap,
lobbyist_69286,PHILLIP BIANCHI,0.1306,-0.0439,umap,
lobbyist_141323,DANIEL ZIEGLER,0.0585,-0.0596,umap,
lobbyist_65362,KRISTIN WELSH,0.0612,-0.212,umap,
lobbyist_71398,SUSAN ZOOK,0.0626,-0.2102,umap,
lobbyist_115002,RICHARD HOAR,-0.7855,-0.6226,umap,no_issue_data
lobbyist_103033,TRAVIS LUCAS,0.3476,-0.1125,umap,
lobbyist_142112,KELSEY GRISWOLD-BERGER,0.0289,-0.1193,umap,
lobbyist_5259,JEFF MARKEY,0.1748,-0.0358,umap,
lobbyist_40510,MICHELLE MRDEZA,0.0039,-0.0913,umap,
lobbyist_72956,KRISTIAN CHIN,0.2217,0.0157,umap,
lobbyist_95480,TAYLOR JORDAN,-0.0439,-0.0968,umap,
lobbyist_139766,JOHN V. DRZEWICKI,0.0537,-0.0953,umap,
lobbyist_61606,BRETT HEIMOV,0.0881,-0.1598,umap,
lobbyist_38873,THOMAS STAPLETON,-0.2255,-0.3802,umap,
lobbyist_55801,CHRISTOPHER HERNDON,0.9041,-0.005,umap,
lobbyist_56857,GREG MAURER,0.9041,-0.005,umap,
lobbyist_64565,JOSEPH VASAPOLI,0.0846,-0.142,umap,
lobbyist_69007,CHRISTOPHER RANDLE,0.9041,-0.005,umap,
lobbyist_145323,ROBERT MARTIN,0.0571,0.0031,umap,
lobbyist_147952,PRESTON HILL,0.0439,-0.0256,umap,
lobbyist_93755,DAVID JANSEN,0.0091,-0.0769,umap,
lobbyist_138345,MICHAEL HETTINGER,-0.1094,-0.1588,umap,
lobbyist_69867,JAMES BURCHFIELD,0.0411,-0.0314,umap,
lobbyist_54594,MYRIAH JORDAN,0.904,-0.005,umap,
lobbyist_71126,CHELSEA CAULFIELD,0.0438,-0.3122,umap,
lobbyist_139459,STANLEY SKOCKI,-0.1162,0.3016,umap,
lobbyist_67852,JOSH HOLLY,-0.1229,-0.1681,umap,
lobbyist_109978,JOY GREWATZ,0.2929,0.144,umap,
lobbyist_5674,MICHAEL ESPOSITO,0.591,-0.0437,umap,
lobbyist_64116,PAUL BLEIBERG,-0.2812,0.9916,umap,no_issue_data
lobbyist_72207,JUSTIN BROWN,0.4487,-0.2006,umap,
lobbyist_46927,DAVID HORNE,-0.3287,-0.1171,umap,
lobbyist_51920,HOWARD SCHWEITZER,0.066,-0.1007,umap,
lobbyist_138310,KELLY DELMORE,0.3032,-0.2897,umap,
lobbyist_142638,KELLY LUGAR,0.1966,0.1499,umap,
lobbyist_59982,CLARINE RIDDLE,0.0159,-0.0481,umap,
lobbyist_142021,DAVID BRIDGES,-0.005,0.0098,umap,
lobbyist_42972,CHRISTOPHER JAVENS,0.004,0.0036,umap,
lobbyist_65555,ROBERT HERBERT,0.1351,-0.0474,umap,
lobbyist_71441,JAY PERRON,0.1882,-0.0762,umap,
lobbyist_142471,AUKE MAHAR-PIERSMA,0.2226,0.0523,umap,
lobbyist_142555,DEANNA ARCHULETA,-0.2285,0.1671,umap,
lobbyist_288,KEVIN JOSEPH,0.0721,0.0486,umap,
lobbyist_60906,ANDREW HAWKINS,0.0691,-0.1907,umap,
lobbyist_121994,WILLIAM TRANGHESE,0.0737,0.0036,umap,
lobbyist_139470,LACY CLAY,-0.0128,0.2919,umap,
lobbyist_65531,LORI PICKFORD,0.2597,0.0512,umap,
lobbyist_72566,JERI FREIRICH,0.0269,-0.1213,umap,
lobbyist_139430,SAMUEL BEAVER,-0.5999,0.6584,umap,no_issue_data
lobbyist_40329,PATRICIA KNIGHT,-0.9504,0.2702,umap,no_issue_data
lobbyist_61496,MATT GALL,0.0937,0.0041,umap,
lobbyist_69148,STONEY BURKE,0.0259,-0.1289,umap,
lobbyist_150526,KELLY CHILDRESS LANGE,0.0687,-0.1885,umap,
lobbyist_46490,JAMES WICKETT,0.0506,-0.0151,umap,
lobbyist_140903,JORDAN EVICH,0.0693,-0.0142,umap,
lobbyist_146110,LUCIA PANZA,0.0432,-0.0479,umap,
lobbyist_9270,PETER REINECKE,0.0239,0.1377,umap,
lobbyist_64748,JACK IRVIN,-0.3682,0.4385,umap,
lobbyist_70886,BILL SHUSTER,0.1207,-0.0285,umap,
lobbyist_143334,DANIEL ZAWITOSKI,0.072,-0.1038,umap,
lobbyist_63489,AIMEE GHOSH,-0.0417,-0.1539,umap,
lobbyist_71592,JOSHUA NOVOTNEY,0.1591,0.0053,umap,
lobbyist_100305,CHARLIE ELLSWORTH,0.1257,0.0233,umap,
lobbyist_118394,ANDREW SIFF,-0.7575,0.8276,umap,no_issue_data
lobbyist_71001,JENNIFER LEIB,0.0449,-0.1741,umap,
lobbyist_71154,WILL KINZEL,-0.7855,-0.6226,umap,no_issue_data
lobbyist_86772,BRYANT HALL,0.056,-0.1709,umap,
lobbyist_105638,YASMIN NELSON,0.111,0.0225,umap,
lobbyist_142194,PAGE PHILLIPS STRICKLER,-0.996,-0.1993,umap,no_issue_data
lobbyist_144084,CHANDA BETOURNEY,0.0199,-0.0921,umap,
lobbyist_12263,HECTOR ALCALDE,0.2152,0.0523,umap,
lobbyist_64837,MICHAEL SPIRA,0.0687,-0.1962,umap,
lobbyist_69044,CHARLES BOUSTANY,-0.0029,0.0074,umap,
lobbyist_71770,MARGARET MCCARTHY,0.1647,0.1546,umap,
lobbyist_101351,ELIZABETH KELLEY,0.0471,-0.0393,umap,
lobbyist_139741,GLADYS BARCENA,0.0206,-0.04,umap,
lobbyist_148414,ABBEY OVERLAND,-0.0958,-0.1557,umap,
lobbyist_107119,PHILIP KARSTING,0.1222,-0.0595,umap,
lobbyist_64406,LAURA PERALTA-SCHULTE,-0.7574,0.8276,umap,no_issue_data
lobbyist_65023,JENNIFER JOHNSON JARRELL,0.0089,-0.0075,umap,
lobbyist_67934,ZAIDA RICKER,0.9946,-0.5473,umap,no_issue_data
lobbyist_121734,ASHLEE JOHNSON,0.3014,0.0006,umap,
lobbyist_150286,PATRICK CLIFTON,0.0587,-0.0055,umap,
lobbyist_59588,STEPHANIE SALMON,0.2128,0.165,umap,
lobbyist_70005,JOHN THOMAS,0.0101,-0.047,umap,
lobbyist_91009,RAUL RAMIREZ,-0.9504,0.2701,umap,no_issue_data
lobbyist_99481,JAVIER GAMBOA,-0.5593,0.0741,umap,
lobbyist_102207,AQUILA POWELL,0.0689,-0.1302,umap,
lobbyist_141432,ZACHARY LAVEN,0.0647,-0.0962,umap,
lobbyist_20113,MICHAEL WESSEL,0.0838,0.0163,umap,
lobbyist_27910,DAVID HOBBS,0.1239,0.0061,umap,
lobbyist_38213,INGRID DURAN,0.4736,-0.5772,umap,
lobbyist_62315,MITCHELL VAKERICS,0.0654,-0.1391,umap,
lobbyist_140764,MEAGAN DALY,-0.2811,0.9915,umap,no_issue_data
lobbyist_62394,KENNY HULSHOF,0.1204,-0.0011,umap,
lobbyist_72165,ALI FULLING,0.0765,0.0788,umap,
lobbyist_139584,JOSEPH MINGES,-0.0468,-0.1008,umap,
lobbyist_142877,GREGORY SUNSTRUM,0.0349,-0.0389,umap,
lobbyist_57868,PAUL LOBO,0.4616,0.0307,umap,
lobbyist_59979,BYRON DORGAN,0.0289,-0.1177,umap,
lobbyist_61226,JENN FOGEL-BUBLICK,-0.0779,0.0529,umap,
lobbyist_69707,MATTHEW SCOTT,0.0653,-0.1424,umap,
lobbyist_141667,MICHAEL HEATON,-0.7855,-0.6225,umap,no_issue_data
lobbyist_152223,EARL FLOOD,0.0583,-0.1027,umap,
lobbyist_27701,DOUGLAS RITTER,-0.2811,0.9915,umap,no_issue_data
lobbyist_48552,JENNIFER NAVARRO,-0.996,-0.1994,umap,no_issue_data
lobbyist_56737,ADAM PAULSON,-0.9959,-0.1993,umap,no_issue_data
lobbyist_59698,DANIEL NEUMANN,0.0692,0.004,umap,
lobbyist_63317,ELIZABETH SCHMID,-0.5999,0.6584,umap,no_issue_data
lobbyist_66486,ERICA STRIEBEL,-0.5998,0.6585,umap,no_issue_data
lobbyist_69208,JASON MATTHEWS,0.1369,0.0288,umap,
lobbyist_107295,MARK PRYOR,0.0373,0.0004,umap,
lobbyist_138034,JILL WARREN,-0.0803,-0.1257,umap,
lobbyist_139783,NIKHIL DHINGRA,0.0041,-0.0832,umap,
lobbyist_139806,MATTHEW ZIEGMAN,-0.1137,-0.0434,umap,
lobbyist_55579,JOSHUA NASSAR,-0.9504,0.2701,umap,no_issue_data
lobbyist_59176,CHARMAYNE ANDERSON,0.0501,-0.3269,umap,
lobbyist_64951,BRITTON CLARKE,0.1993,-0.036,umap,
lobbyist_66686,MELISSA BARTLETT,0.0569,-0.1897,umap,
lobbyist_71602,WILLIAM FISCHER,-0.5998,0.6585,umap,no_issue_data
lobbyist_138103,JOHN LATINI,0.5399,0.1074,umap,
lobbyist_139124,KATE KROS,0.0847,-0.1854,umap,
lobbyist_41747,JOSEPH STANKO,0.1395,0.0304,umap,
lobbyist_63360,ERIC SILVA,0.0764,0.0018,umap,
lobbyist_93264,JOE KASPER,-0.0373,-0.0873,umap,
lobbyist_95047,EMILY THREADGILL,-0.057,0.0668,umap,
lobbyist_139788,SUSAN BUTLER,0.1352,-0.006,umap,
lobbyist_140808,SONJA NESBIT,0.0542,-0.1554,umap,
lobbyist_67424,LISA LAYMAN,0.3558,-0.2839,umap,
lobbyist_72642,REBEKAH SUNGALA,0.1163,-0.0287,umap,
lobbyist_106943,SARAH SHIVE,0.0287,-0.0009,umap,
lobbyist_144747,ABBIE SORRENDINO,0.0534,-0.0763,umap,
lobbyist_149308,LAURA KEMPER,0.0773,-0.2044,umap,
lobbyist_57613,JOHN BUSCHER,0.1963,-0.0591,umap,
lobbyist_71059,DANIEL SJOSTEDT,0.0315,-0.1151,umap,
lobbyist_148188,WILLIAM HANKA,-0.7574,0.8276,umap,no_issue_data
lobbyist_14651,WILLIAM HOLLIER,0.0536,0.02,umap,
lobbyist_52982,REBECCAH WOLFKIEL,0.4489,0.1587,umap,
lobbyist_67343,KATHRYN SPANGLER,-0.2508,-0.5343,umap,
lobbyist_136292,PIERRE WHATLEY,-0.0921,0.0823,umap,
lobbyist_66556,B. KEITH HEARD,-0.0812,0.6694,umap,
lobbyist_66699,MICHAELA SIMS,0.0687,-0.2054,umap,
lobbyist_72960,SCOTT DZIENGELSKI,0.0468,-0.2253,umap,
lobbyist_62722,JAMES FLOOD,0.0573,-0.0135,umap,
lobbyist_70133,MATT SANDGREN,-0.5998,0.6586,umap,no_issue_data
lobbyist_93878,ROSE SULLIVAN (LISTED IN ERROR),0.0722,-0.1208,umap,
lobbyist_40311,ROBERT RABEN,0.0488,-0.0925,umap,
lobbyist_69493,GARRETT DURST,0.3497,0.0755,umap,
lobbyist_70782,MARA SHELDON,0.1069,-0.0527,umap,
lobbyist_139132,SRINIVAS SONTI,0.0011,-0.1229,umap,
lobbyist_146780,KIMBERLY LINTHICUM,0.0589,-0.1925,umap,
lobbyist_35058,JAMES JOCHUM,0.0906,-0.1458,umap,
lobbyist_62724,CHARLES BASS,0.0524,-0.0185,umap,
lobbyist_67340,BILLY WYNNE,0.0724,-0.2432,umap,
lobbyist_68952,JAMES DYER,-0.1117,-0.167,umap,
lobbyist_72006,JOHN BRENNAN,0.042,-0.1656,umap,
lobbyist_147246,JENNIFER RUST,-0.0624,0.058,umap,
lobbyist_55170,CHRISTINA HAMILTON,0.0208,-0.0724,umap,
lobbyist_63767,WILLIAM STONE,0.178,-0.9954,umap,no_issue_data
lobbyist_64564,ANDREW EHRLICH,0.3391,0.0229,umap,
lobbyist_100354,KATIE KACHEL,0.2255,-0.0055,umap,
lobbyist_143703,CHRISTOPHER SWEET,0.1071,-0.0494,umap,
lobbyist_144771,ALEC ARAMANDA,0.0529,-0.1523,umap,
lobbyist_144776,SYD TERRY,0.0721,-0.023,umap,
lobbyist_27720,JUSTIN LILLEY,0.072,0.0425,umap,
lobbyist_51460,ELIZABETH LAVACH,-0.2812,0.9915,umap,no_issue_data
lobbyist_66676,LAUREN O'BRIEN,0.0541,-0.0488,umap,
lobbyist_68267,JOSHUA PITCOCK,-0.5999,0.6586,umap,no_issue_data
lobbyist_140222,ANDREW LOCK,-0.0043,-0.0592,umap,
lobbyist_143264,CHRISTOPHER GRIFFIN,0.1539,-0.0011,umap,
lobbyist_19937,MICHAEL FORSCEY,-0.0455,0.1261,umap,
lobbyist_26794,DIANNE MILLER,0.5406,0.1082,umap,
lobbyist_65355,LARRY ROSENTHAL,-0.0389,0.1379,umap,
lobbyist_107161,PAUL JACKSON,-0.5593,0.0741,umap,
lobbyist_138281,STEVE MARCHESE,-0.0068,-0.1014,umap,
lobbyist_139608,TOULA NICOLE VASILAROS,-0.5593,0.0741,umap,
lobbyist_138529,COLLIN PETERSON,0.3422,0.0259,umap,
lobbyist_30482,MELISSA WOJCIAK,0.1655,-0.6051,umap,
lobbyist_38751,ERIC STEWART,0.261,-0.2059,umap,
lobbyist_38985,MARSHA SIMON,0.273,-0.502,umap,
lobbyist_79570,SCOTT BINKLEY,0.0517,-0.1546,umap,
lobbyist_145624,JAMES SAULS,-0.0373,-0.093,umap,
lobbyist_149082,COLIN BRAINARD,0.0725,-0.0298,umap,
lobbyist_54769,BLAIR LARKINS,0.0636,-0.069,umap,
lobbyist_70568,LYNNEL RUCKERT,0.7134,0.1822,umap,
lobbyist_71177,KEVIN MARTIN,0.904,-0.005,umap,
lobbyist_143490,GERALD (JERRY) LEVERICH,0.0719,0.044,umap,
lobbyist_67213,MADELEINE PIKE,0.1225,-0.0524,umap,
lobbyist_141851,GREGORY BALES,0.291,-0.1351,umap,
lobbyist_141902,KATIE BROWN,0.0427,-0.1783,umap,
lobbyist_100919,LEONARD WOLFSON,-0.0583,0.0601,umap,
lobbyist_139002,JAMES COURTNEY,0.0636,-0.014,umap,
lobbyist_142899,WILL TODD,-0.0617,-0.123,umap,
lobbyist_60038,PAUL MOOREHEAD,0.3673,0.2193,umap,
lobbyist_63030,CHRIS FETZER,0.363,0.2211,umap,
lobbyist_103663,BRIAN GREER,0.0694,-0.1085,umap,
lobbyist_123647,ROSEMARY BECCHI,0.0147,0.0,umap,
lobbyist_64572,ROBERT COLLINS,0.0331,-0.0105,umap,
lobbyist_138260,ALLISON STOCK,0.3423,0.0253,umap,
lobbyist_41515,KAREN GREEN,0.05,-0.0805,umap,
lobbyist_58838,MATTHEW PEARCE,-0.0027,-0.0686,umap,
lobbyist_45165,WILLIAM WICHTERMAN,0.0667,-0.0738,umap,
lobbyist_54589,JENNIFER SUMMA,-0.2812,0.9916,umap,no_issue_data
lobbyist_61680,REGINAL LEICHTY,-0.1103,-0.0416,umap,
lobbyist_67892,EDWARD STEWART,0.0018,0.0792,umap,
lobbyist_69814,DESIREE HOFFMAN,-0.5999,0.6585,umap,no_issue_data
lobbyist_144694,ZAKIR BAIG,0.1116,0.0263,umap,
lobbyist_21911,SCOTT PARSONS,-0.1117,0.093,umap,
lobbyist_86268,EVAN KNISELY,0.5962,0.1779,umap,
lobbyist_105627,JULIE LASSETER,-0.0731,-0.1397,umap,
lobbyist_62934,CLINTON ROBINSON,0.0797,-0.0331,umap,
lobbyist_66180,JIM TURNER,0.0582,-0.0542,umap,
lobbyist_67635,TERESA DORN,-0.5997,0.6586,umap,no_issue_data
lobbyist_139993,ELIZABETH MESSER,0.0123,-0.1069,umap,
lobbyist_65124,LUKE ALBEE,0.142,0.4597,umap,
lobbyist_93491,BG WRIGHT,-0.0415,-0.1254,umap,
lobbyist_137939,RAYMOND ASHCRAFT,-0.7574,0.8276,umap,no_issue_data
lobbyist_143869,LUCAS HOLLAND,0.0433,-0.0518,umap,
lobbyist_9584,RANDALL PENCE,-0.996,-0.1993,umap,no_issue_data
lobbyist_54707,KATE JENSEN,0.0206,0.0042,umap,
lobbyist_62975,WILLIAM DOLBOW,-0.2813,0.9916,umap,no_issue_data
lobbyist_108298,DONALD CUTRELL,-0.3206,-0.1073,umap,
lobbyist_139605,DANTE MORENO,-0.7574,0.8276,umap,no_issue_data
lobbyist_39415,TIMOTHY CANSLER,-0.7574,0.8276,umap,no_issue_data
lobbyist_66610,HARMONY BARBERA,0.4736,-0.5772,umap,
lobbyist_69186,CJ MAHLER,0.0468,-0.1679,umap,
lobbyist_71637,PETER CHANDLER,-0.1211,0.3006,umap,
lobbyist_143415,ERIC BOHL,0.2983,0.0002,umap,
lobbyist_35657,JEFFREY PECK,0.0201,0.0226,umap,
lobbyist_46815,GEOFFREY GRAY,-0.0734,0.0512,umap,
lobbyist_47401,ADAM EMANUEL,-0.1941,-0.1245,umap,
lobbyist_75902,BRIAN RELL,0.2906,0.1407,umap,
lobbyist_92711,JOSHUA THARRINGTON,0.1398,-0.0563,umap,
lobbyist_114736,CARLOS TRUJILLO,0.0497,-0.0235,umap,
lobbyist_57116,EBEN WYMAN,0.1889,-0.0148,umap,
lobbyist_72689,DAVID ROBERTSON,-0.0357,-0.0027,umap,
lobbyist_13252,ROMANO ROMANI,0.0505,-0.3272,umap,
lobbyist_49343,MISSY BRANSON,-0.2408,-0.2027,umap,
lobbyist_63586,EDWARD WATERS,0.0801,-0.1767,umap,
lobbyist_71086,CHAN PARK,-0.7854,-0.6226,umap,no_issue_data
lobbyist_42076,FREDERICK EAMES,0.1881,0.0288,umap,
lobbyist_51331,STEVEN DUFFIELD,0.0365,-0.0584,umap,
lobbyist_58021,PATRICK HECK,0.0132,0.0137,umap,
lobbyist_62135,GABRIEL NEVILLE,0.0844,-0.1257,umap,
lobbyist_90278,JOHN SOBEL,0.3208,-0.0404,umap,
lobbyist_46579,DAVID RANSOM,-0.0597,-0.1209,umap,
lobbyist_65167,STACY ETTINGER,0.0432,-0.02,umap,
lobbyist_68019,ERIADE WILLIAMS,0.0162,-0.0709,umap,
lobbyist_66344,PAUL WEINBERGER,0.1379,0.1224,umap,
lobbyist_121492,ALEXANDER MCDONOUGH,0.1298,0.0283,umap,
lobbyist_142027,LETICIA MEDEROS,0.1368,0.1243,umap,
lobbyist_143168,TRIPP MCKEMEY,0.0703,0.0506,umap,
lobbyist_143369,JOSEPH BUSHONG,0.0869,-0.0456,umap,
lobbyist_62637,RODERICK HALL,0.0509,-0.026,umap,
lobbyist_69388,HOLLYN SCHUEMANN,-0.5997,0.6586,umap,no_issue_data
lobbyist_70915,CONNIE LAROSSA,-0.0263,-0.1059,umap,
lobbyist_72573,BRENDEN CHAINEY,0.027,-0.0009,umap,
lobbyist_123422,DAVID LASSETER,-0.0731,-0.139,umap,
lobbyist_141838,VIRGILIO BARRERA,0.1153,0.0015,umap,
lobbyist_60428,ERICA STOCKER,0.0599,-0.219,umap,
lobbyist_61655,JAMES DENNIS,0.0008,0.0018,umap,
lobbyist_78360,ALEXA COMBELIC,0.3055,0.0418,umap,
lobbyist_79392,VIRGINIA HOUSTON,0.3052,0.0419,umap,
lobbyist_107222,KYLE LISKE,-0.2192,-0.2248,umap,
lobbyist_122279,DENA BARON SMITH,-0.0676,-0.1192,umap,
lobbyist_146520,BRETT QUICK,-0.043,0.0519,umap,
lobbyist_70859,KEVIN EDGAR,-0.0809,0.0696,umap,
lobbyist_141269,NICK BOUKNIGHT,0.0713,-0.1458,umap,
lobbyist_145578,JA'RON SMITH,0.0341,-0.0321,umap,
lobbyist_9431,CAMPBELL KAUFMAN,-0.0155,-0.0959,umap,
lobbyist_36239,CHRISTOPHER TRACI,0.0843,0.0169,umap,
lobbyist_47071,STUART HALL,0.133,0.0241,umap,
lobbyist_66086,DAN ELLING,0.0751,-0.2342,umap,
lobbyist_66697,EDWARD PRETTYMAN,0.067,-0.2042,umap,
lobbyist_101466,NICK MIKULA,-0.0827,-0.1287,umap,
lobbyist_43455,DEBRA MARSHALL,0.4646,0.0063,umap,
lobbyist_53423,DANICA PETROSHIUS,0.1779,-0.9955,umap,no_issue_data
lobbyist_70219,ILEANA ROS-LEHTINEN,0.0581,-0.0137,umap,
lobbyist_77937,DAVID MORK,0.0232,0.1379,umap,
lobbyist_78900,KATHERINE COLLINS,0.9946,-0.5474,umap,no_issue_data
lobbyist_111547,SERJ BANJAC,-0.2814,0.9916,umap,no_issue_data
lobbyist_140067,HANNAH SCHMIDT,0.0492,-0.1474,umap,
lobbyist_17860,MATTHEW BIGGS,-0.0309,-0.0787,umap,
lobbyist_70509,MICHAEL HOLLAND,0.2832,0.0248,umap,
lobbyist_140847,CHRISTIAN WALKER,-0.0431,-0.1198,umap,
lobbyist_140948,STEPHEN BOYD,-0.0739,-0.1389,umap,
lobbyist_144901,KELLY MERKEL,0.0913,0.1993,umap,
lobbyist_48964,ALEXANDER LURIE,0.0512,-0.0652,umap,
lobbyist_58900,KIMBERLY TRINCA,0.9945,-0.5474,umap,no_issue_data
lobbyist_60443,STACEY RAMPY,0.0735,-0.1664,umap,
lobbyist_61639,THOMAS FLETCHER,0.0914,0.1994,umap,
lobbyist_65402,KARLA THIEMAN,0.3024,0.0005,umap,
lobbyist_66815,MARY LANDRIEU,0.3356,0.2004,umap,
lobbyist_71402,HENRY MENN,0.0389,-0.1689,umap,
lobbyist_72611,SCOTT STYLES,0.0393,-0.157,umap,
lobbyist_134638,EMILY ZAMMIT JACOBS,0.167,-0.3223,umap,
lobbyist_141688,JEFF MILLER,0.071,-0.1065,umap,
lobbyist_43191,FRANK VITELLO,0.1007,-0.1652,umap,
lobbyist_47486,MICHAEL HUTTON,-0.0753,-0.1053,umap,
lobbyist_57013,TODD DUPLER,-0.1161,0.3055,umap,
lobbyist_67988,DAN GANS,-0.0762,-0.1068,umap,
lobbyist_139257,TIMOTHY ROBINSON,0.0717,-0.0904,umap,
lobbyist_143194,JENNIFER DAULBY,0.0321,0.0059,umap,
lobbyist_46879,PHILLIP SCAGLIA,-0.7574,0.8276,umap,no_issue_data
lobbyist_64461,ALLISON NYHOLM,0.0423,0.0099,umap,
lobbyist_101685,SARAH BOLTON,0.3426,-0.0429,umap,
lobbyist_107328,JULIO LAINEZ,0.0628,-0.0526,umap,
lobbyist_137737,MARY BERGSTROM,-0.2815,0.9916,umap,no_issue_data
lobbyist_144726,JEREMIAH VAN AUKEN,0.2585,0.0715,umap,
lobbyist_65377,AL SIMPSON,0.0792,-0.1617,umap,
lobbyist_59190,HR PENA,-0.7855,-0.6227,umap,no_issue_data
lobbyist_59750,BETH GOLDSTEIN,0.0282,-0.1231,umap,
lobbyist_65434,SARA TUCKER,0.3354,0.0699,umap,
lobbyist_65627,CAROLYN GLUCK,0.1014,-0.1762,umap,
lobbyist_66648,MICHAEL DROBAC,0.1161,-0.0167,umap,
lobbyist_70413,EDWARD KIM,-0.4573,0.1411,umap,
lobbyist_5895,STEVE SYMMS,0.0505,-0.3272,umap,
lobbyist_55181,W.J. TAUZIN,0.0837,-0.1888,umap,
lobbyist_55607,B OKUN,-0.0014,0.0052,umap,
lobbyist_61600,BRIAN KRISTJANSSON,0.1778,-0.9955,umap,no_issue_data
lobbyist_62650,JOHN MICHAEL VILLARAMA,0.9946,-0.5475,umap,no_issue_data
lobbyist_63642,JOHN BLOUNT,0.1957,-0.1612,umap,
lobbyist_64717,MARISSA SERAFINO,0.0384,-0.0686,umap,
lobbyist_67009,ERIN PRANGLEY,-0.7573,0.8276,umap,no_issue_data
lobbyist_72904,KATELYNN BRADLEY,-0.0213,0.0179,umap,
lobbyist_142323,MARIA TRIPPLAAR,0.0705,-0.0652,umap,
lobbyist_144828,KYLE SANDERS,0.2013,-0.0452,umap,
lobbyist_72141,BRADFORD CHENEY,0.0289,0.0549,umap,
lobbyist_108842,JESSELYN MCCURDY,0.1777,-0.9957,umap,no_issue_data
lobbyist_24399,DEAN FRANKS,-0.0867,-0.0032,umap,
lobbyist_38827,CAMILLE BONTA,0.3028,-0.2907,umap,
lobbyist_58328,SETH BLOOM,0.0335,-0.0399,umap,
lobbyist_61553,DAVID SPOONER,0.0874,0.0022,umap,
lobbyist_64950,JUSTIN MCCARTHY,0.0696,-0.0062,umap,
lobbyist_70576,SYDNEY PAUL,0.904,-0.005,umap,
lobbyist_70805,PHIL HARDY,0.1903,-0.0167,umap,
lobbyist_71659,DAVID GILLIES,0.9946,-0.5475,umap,no_issue_data
lobbyist_50581,ABBY BOWNAS,0.3078,-0.0438,umap,
lobbyist_58161,SCOTT KAMINS,-0.0392,0.13,umap,
lobbyist_139869,CHRISTINE TURNER,0.2872,-0.1332,umap,
lobbyist_143161,SAMANTHA SABOL,-0.0888,-0.0063,umap,
lobbyist_57088,MILAM MABRY,0.2087,0.0013,umap,
lobbyist_50737,TIMOTHY HANFORD,0.0728,0.0165,umap,
lobbyist_56764,WILL LE,-0.1109,-0.1671,umap,
lobbyist_69709,MICHAEL DINGELL,0.0915,0.1995,umap,
lobbyist_35565,JODIE CURTIS,0.0651,-0.2053,umap,
lobbyist_56190,MATTHEW CUTTS,0.1194,-0.0171,umap,
lobbyist_63564,PAUL ANDERSON,-0.1452,-0.1296,umap,
lobbyist_88151,WILLIAM BALL,0.0777,-0.1253,umap,
lobbyist_107387,BRADY KING,-0.0153,-0.1092,umap,
lobbyist_146355,CASIN SPERO,0.9945,-0.5475,umap,no_issue_data
lobbyist_18296,PAUL RYBERG,0.1777,-0.9956,umap,no_issue_data
lobbyist_40279,JAMES HYLAND,-0.9959,-0.1993,umap,no_issue_data
lobbyist_43319,AMY PLASTER,0.167,0.0472,umap,
lobbyist_43602,WALTER SMITH,-0.5997,0.6586,umap,no_issue_data
lobbyist_66317,JAMIE WALL,0.0478,-0.0782,umap,
lobbyist_70362,CLAYTON CRABTREE,0.1919,0.1276,umap,
lobbyist_70714,BRENDAN MYSLIWIEC,-0.9959,-0.1993,umap,no_issue_data
lobbyist_107217,E. GARRETT,0.0693,-0.1086,umap,
lobbyist_137967,JAKE OKEN-BERG,-0.0841,-0.0042,umap,
lobbyist_144880,LESLIE ZELENKO,0.0564,-0.1799,umap,
lobbyist_43387,MARK ANDERSON,0.0222,-0.0215,umap,
lobbyist_47738,MARCUS EGAN,0.1777,-0.9956,umap,no_issue_data
lobbyist_64763,JOHN WEINFURTER,-0.9959,-0.1992,umap,no_issue_data
lobbyist_70485,ERIC BURGESON,-0.7574,0.8276,umap,no_issue_data
lobbyist_139709,ELIZABETH CRADDOCK,0.0814,-0.058,umap,
lobbyist_151044,JOHN REISING,0.0204,-0.0194,umap,
lobbyist_20387,RHONDA GRANT,0.1203,-0.0576,umap,
lobbyist_41668,JUNE DEHART,0.0848,-0.1463,umap,
lobbyist_53217,DONN SALVOSA,0.0834,-0.1315,umap,
lobbyist_65705,LINDSAY FRYER,0.1703,-0.3254,umap,
lobbyist_68725,KENNETH JOHNSON,-0.1348,-0.6304,umap,
lobbyist_69023,MARK TAVLARIDES,-0.0533,-0.1003,umap,
lobbyist_71961,JOSH MARTIN,-0.0471,-0.1106,umap,
lobbyist_21655,ELLEN RIDDLEBERGER,0.5294,0.1,umap,
lobbyist_44240,GREGORY GILL,-0.021,0.0784,umap,
lobbyist_55315,MATT HILL,-0.5997,0.6587,umap,no_issue_data
lobbyist_63731,THOMAS DASCHLE,0.0717,-0.1765,umap,
lobbyist_68746,RANDOLPH HERNDON,0.0079,0.0017,umap,
lobbyist_79248,KYLE KUNKLER,0.3047,0.0417,umap,
lobbyist_140522,EVAN JENKINS,-0.1348,-0.6304,umap,
lobbyist_146070,WENDY SAMMONS-JACKSON,-0.0413,-0.1168,umap,
lobbyist_31521,PETER RICH,-0.0624,0.0583,umap,
lobbyist_60306,MARK COTHRAN,-0.0887,-0.0634,umap,
lobbyist_71410,GEORGE ROGERS,-0.0579,0.0616,umap,
lobbyist_147065,JOHN SHEA,0.1885,-0.0219,umap,
lobbyist_54682,GEORGE BERNIER,-0.105,-0.1604,umap,
lobbyist_63808,CORRY MARSHALL,0.0168,-0.0783,umap,
lobbyist_68784,MADELINE WADE,0.1203,0.1979,umap,
lobbyist_140803,NATALIE ARMIJO,0.0429,-0.076,umap,
lobbyist_79075,JONATHAN PAWLOW,0.1649,0.1546,umap,
lobbyist_143791,JACOB DOWD,-0.7855,-0.6227,umap,no_issue_data
lobbyist_79397,MICHAEL HANSON,-0.7855,-0.6227,umap,no_issue_data
lobbyist_116605,MATTHEW MANNING,0.0121,-0.0638,umap,
lobbyist_142059,ANNE GAYMAN,0.2064,0.1608,umap,
lobbyist_68586,STEPHEN REPLOGLE,0.0793,0.0512,umap,
lobbyist_70798,CHRISTOPHER ARMSTRONG,0.0323,-0.017,umap,
lobbyist_71756,DANIEL JOSEPH,0.1029,0.0237,umap,
lobbyist_73358,KEVIN O'HANLON,-0.1254,-0.0286,umap,
lobbyist_16764,PAUL MARCONE,0.168,-0.3247,umap,
lobbyist_61094,MELISSA HAAS,0.138,0.1225,umap,
lobbyist_68471,ADNAN JALIL,0.1304,0.1196,umap,
lobbyist_68702,SARAH KYLE,0.0437,-0.3115,umap,
lobbyist_78586,RITIKA ROBERTSON,0.904,-0.005,umap,
lobbyist_138132,JOE O'BRIEN,0.1554,-0.0289,umap,
lobbyist_144964,BRANDON AUDAP,0.0687,0.0072,umap,
lobbyist_58433,MARGARET TIGHE,0.0083,-0.2585,umap,
lobbyist_69566,JORGE CASTRO,-0.0053,0.0045,umap,
lobbyist_70467,PHILIP MUSSER,-0.7574,0.8276,umap,no_issue_data
lobbyist_72231,DAVID GARRIEPY,0.0255,-0.1291,umap,
lobbyist_74217,JULIE SCOTT ALLEN,0.0531,-0.1963,umap,
lobbyist_139045,MARIA BOWIE,-0.0807,-0.1264,umap,
lobbyist_60570,CHAD GRANT,0.2248,0.0676,umap,
lobbyist_62535,ANDREW SHAW,0.3647,0.2221,umap,
lobbyist_72848,PATRICK ANDERSON,0.1777,-0.9956,umap,no_issue_data
lobbyist_100809,TIM DAY,-0.041,0.1543,umap,
lobbyist_116235,EBONY SLAUGHTER-JOHNSON,0.0263,-0.1096,umap,
lobbyist_147473,CHRIS MANEVAL,-0.0596,0.0601,umap,
lobbyist_148538,PETER DUYSHART,0.0583,-0.1595,umap,
lobbyist_150293,BRETT MEEKS,0.0778,-0.2032,umap,
lobbyist_2126,JAMES PITTS,0.0012,0.0135,umap,
lobbyist_63740,JUSTIN RUBIN,-0.1945,-0.1245,umap,
lobbyist_68370,ELIZABETH MORRA,0.1502,-0.0873,umap,
lobbyist_70662,KENNETH HERTZ,-0.9958,-0.1993,umap,no_issue_data
lobbyist_147953,ALANA PETERSEN,-0.4573,0.1411,umap,
lobbyist_58574,JERRY COSTELLO,0.0047,-0.1017,umap,
lobbyist_62822,JEFF BURTON,0.0429,-0.1559,umap,
lobbyist_67739,PAUL NAGLE,0.2694,-0.0923,umap,
lobbyist_73377,COURTNEY TEMPLE,0.904,-0.005,umap,
lobbyist_134235,ANN CARMICHAEL HARTER,0.9945,-0.5475,umap,no_issue_data
lobbyist_141608,JAMES FARRELL,-0.9505,0.2701,umap,no_issue_data
lobbyist_148204,ELIZABETH GRIFFIN,0.0527,-0.154,umap,
lobbyist_66584,THOMAS REYNOLDS,0.053,-0.0496,umap,
lobbyist_70694,TROY KELLER,-0.7856,-0.6226,umap,no_issue_data
lobbyist_79338,JOSH ANDREWS,0.7559,0.2368,umap,
lobbyist_148636,ANNABELL STOKES,0.0818,-0.1469,umap,
lobbyist_10838,AMY TEJRAL,0.0765,-0.2009,umap,
lobbyist_42434,WILLIAM NORDWIND,0.0497,-0.1105,umap,
lobbyist_46078,TERESA GAINES,-0.5996,0.6587,umap,no_issue_data
lobbyist_61586,RICHARD POMBO,-0.2814,0.9915,umap,no_issue_data
lobbyist_68957,JON RAWLSON,-0.0231,-0.2785,umap,
lobbyist_144722,MICHAEL STROUD,-0.041,0.1545,umap,
lobbyist_147302,RILEY STAMPER,-0.0438,0.0528,umap,
lobbyist_68131,PETER BENTON SULLIVAN,0.0318,0.0264,umap,
lobbyist_108931,YUL EDWARDS,0.06,-0.0755,umap,
lobbyist_65840,RACHAEL GALOOB,-0.1815,0.0835,umap,
lobbyist_66624,ROBERTO HADDAD,0.3121,-0.3051,umap,
lobbyist_66668,PAUL KAVINOKY,-0.143,-0.1616,umap,
lobbyist_68421,JOHN GOLDBERG,0.3494,-0.0335,umap,
lobbyist_115945,MICHAEL BLUME,0.3022,0.0376,umap,
lobbyist_1423,CHRISTINA WEST,-0.1177,0.3021,umap,
lobbyist_18004,MICHAEL TONGOUR,0.0736,-0.1132,umap,
lobbyist_66593,ANNE BRADBURY,0.0568,-0.049,umap,
lobbyist_68700,WALKER GALLMAN,0.0909,0.1977,umap,
lobbyist_69429,ZURAYA TAPIA-HADLEY,0.904,-0.005,umap,
lobbyist_70512,MICHAEL PARRISH,0.2827,0.0246,umap,
lobbyist_66487,MICHAEL LEWAN,-0.1157,0.3054,umap,
lobbyist_79042,ANN ADLER,0.0794,-0.0359,umap,
lobbyist_1153,ERIN STRAWN,0.0779,-0.1858,umap,
lobbyist_57721,THOMAS LYNCH,0.2904,-0.1352,umap,
lobbyist_57045,JAMES THOMPSON,0.4646,0.0063,umap,
lobbyist_71261,JOHN MCHUGH,-0.0747,-0.1363,umap,
lobbyist_71595,JENNY BUSBY,0.2153,0.0364,umap,
lobbyist_98708,YARDLY POLLAS-KIMBLE,0.0602,-0.1728,umap,
lobbyist_144627,KURT SCHRADER,0.052,-0.1053,umap,
lobbyist_146136,THOMAS WICKHAM,-0.1347,-0.6304,umap,
lobbyist_57837,LAURA UTTLEY,-0.0072,-0.122,umap,
lobbyist_70854,CLAUDIA LARSON,0.9945,-0.5476,umap,no_issue_data
lobbyist_72024,CHRISTY SEYFERT,0.305,0.0424,umap,
lobbyist_101288,KATHLEEN NICHOLAS,-0.0871,-0.1511,umap,
lobbyist_121633,BRIAN PAPP JR.,-0.0177,-0.0777,umap,
lobbyist_140047,CARIANNE LEE,0.1254,0.0236,umap,
lobbyist_142698,MICHAEL HAWTHORNE,0.0686,-0.0355,umap,
lobbyist_41084,SAMUEL OLCHYK,-0.0307,0.068,umap,
lobbyist_57081,DAVID CONNOLLY,-0.2815,0.9916,umap,no_issue_data
lobbyist_61658,PELHAM STRAUGHN,0.3494,-0.0324,umap,
lobbyist_141867,ERIN GAINES,-0.9505,0.27,umap,no_issue_data
lobbyist_143784,TIFFANI WILLIAMS,0.0638,-0.193,umap,
lobbyist_148591,PAUL WATERS,0.0497,-0.0199,umap,
lobbyist_67850,LAUREN MADDOX,0.005,-0.1094,umap,
lobbyist_115411,ASHLEY LAWRENCE,0.0549,-0.1571,umap,
lobbyist_61387,MICHAEL SOLIMAN,0.3561,-0.2798,umap,
lobbyist_62107,KEVIN BATTEH,-0.1127,0.0939,umap,
lobbyist_109336,JAYSON BRAUDE,0.1817,0.0075,umap,
lobbyist_138387,STEPHEN WEYLER,0.0713,-0.1374,umap,
lobbyist_51716,HENRY BONILLA,0.0609,-0.0676,umap,
lobbyist_56909,DAVID MORRISS,-0.7573,0.8277,umap,no_issue_data
lobbyist_108449,COURTNEY BRADWAY,0.0474,-0.1528,umap,
lobbyist_139636,JORGE AGUILAR,0.0478,-0.0525,umap,
lobbyist_143487,KYLE SPENCER,0.1264,0.0286,umap,
lobbyist_144003,RYAN CARNEY,0.0308,0.0007,umap,
lobbyist_144454,BRETT EWER,0.0504,-0.0806,umap,
lobbyist_148134,JOSHUA FEIN,-0.2816,0.9915,umap,no_issue_data
lobbyist_15289,BERNIE ROBINSON,-0.0445,-0.1086,umap,
lobbyist_49167,CAROLYN SMITH,0.0687,-0.11,umap,
lobbyist_71357,KENDRICK MEEK,0.0634,-0.1115,umap,
lobbyist_73017,WILL SMITH,0.0224,-0.1064,umap,
lobbyist_100486,ANA CRUZ,0.0405,-0.0069,umap,
lobbyist_146016,JACK BRYAN,0.0147,-0.1135,umap,
lobbyist_11000,THOMAS O'DONNELL,0.0235,-0.0785,umap,
lobbyist_13073,CHARLES BRAIN,0.0706,-0.1152,umap,
lobbyist_69069,FARAZ KHAN,-0.0307,-0.0777,umap,
lobbyist_140937,JONATHAN MARTINEZ,-0.7856,-0.6227,umap,no_issue_data
lobbyist_28416,GARY HOITSMA,0.1569,-0.0303,umap,
lobbyist_57034,SHAW SPRAGUE,-0.2815,0.9915,umap,no_issue_data
lobbyist_69637,MICHAEL JOHNSON,-0.108,-0.1658,umap,
lobbyist_101694,ALEX PINSON,-0.0091,-0.0992,umap,
lobbyist_125814,ALLISON CULLIN,0.1882,0.1576,umap,
lobbyist_69733,JOHN RICHTER,-0.7855,-0.6227,umap,no_issue_data
lobbyist_142714,EDWARD HUBBARD,-0.2844,1.0,umap,
lobbyist_148686,JAMES GRIMM,0.0373,-0.0145,umap,
lobbyist_45052,REBECCA WATTS,0.1777,-0.9956,umap,no_issue_data
lobbyist_58109,BRETT THOMPSON,0.0057,-0.0528,umap,
lobbyist_59742,A CARD,0.0568,-0.1389,umap,
lobbyist_72450,CODY HOEFER,-0.0932,-0.1393,umap,
lobbyist_75242,CARLY SINCAVITCH,0.031,-0.0592,umap,
lobbyist_104162,JAMES BURTON,-0.0062,-0.1238,umap,
lobbyist_1303,RICHARD GRAFMEYER,-0.0008,0.0049,umap,
lobbyist_68186,RYAN BURNS,-0.4188,-0.1382,umap,
lobbyist_108610,JONATHAN BERGNER,-0.7856,-0.6227,umap,no_issue_data
lobbyist_138535,SARAH STEVENS,-0.2386,-0.1986,umap,
lobbyist_140698,PATRICK COSTELLO,0.4349,0.1534,umap,
lobbyist_140779,BENJAMIN ODENDAHL,0.4597,0.0191,umap,
lobbyist_20808,CAROLINA MEDEROS,0.0305,-0.064,umap,
lobbyist_49382,HEATHER MEADE,0.0645,-0.1919,umap,
lobbyist_55900,DAWN O'DONNELL,0.067,-0.005,umap,
lobbyist_56034,MICHAEL ZEHR,-0.0085,0.0046,umap,
lobbyist_67511,PETER ECKRICH,0.0785,-0.2198,umap,
lobbyist_68330,RANDY FORBES,0.0629,-0.0003,umap,
lobbyist_71611,D STROUD,-0.0485,0.2172,umap,
lobbyist_73053,JORDON SIMS,-0.0901,-0.0622,umap,
lobbyist_138357,NIGEL STEPHENS,-0.7572,0.8278,umap,no_issue_data
lobbyist_145400,CHARLES DUBOIS,0.1778,-0.9955,umap,no_issue_data
lobbyist_147333,KEVIN JOGERST,-0.1081,-0.0992,umap,
lobbyist_148281,PATRICK KILCUR,0.0529,-0.0049,umap,
lobbyist_53393,MICHAEL JOYCE,0.1884,0.029,umap,
lobbyist_55883,LINDA ANDREWS,-0.1198,0.3039,umap,
lobbyist_72043,CARY LEIZEROWSKI,0.1778,-0.9956,umap,no_issue_data
lobbyist_73298,KAREN KNUTSON,0.4647,0.0064,umap,
lobbyist_32975,JOHN GORDLEY,0.3051,0.042,umap,
lobbyist_56201,JENNIFER MCCADNEY,0.0895,0.0018,umap,
lobbyist_79398,GREGG HARPER,-0.2815,0.9914,umap,no_issue_data
lobbyist_95453,SHANE SKELTON,0.1139,0.028,umap,
lobbyist_96315,KARA-MARIE URBAN,0.0562,-0.1064,umap,
lobbyist_58998,ROBERT HOLIFIELD,0.0798,-0.1519,umap,
lobbyist_67863,MICHAEL MILLER,0.5458,-0.4145,umap,
lobbyist_69203,A WEBSTER,0.1354,0.1205,umap,
lobbyist_71896,BRIAN MCCULLOUGH,-0.1196,0.1017,umap,
lobbyist_106083,KICHELLE WEBSTER,0.0871,0.0027,umap,
lobbyist_140436,DAVID NATONSKI,0.0455,-0.0002,umap,
lobbyist_10114,KYLE MULROY,0.0114,-0.2631,umap,
lobbyist_11583,JOHN MURPHY,-0.0457,-0.0789,umap,
lobbyist_60559,JULIE NOLAN,0.0488,-0.1683,umap,
lobbyist_95891,DAVID CRANE,0.7559,0.2368,umap,
lobbyist_142229,RYAN DATTILO,-0.1255,-0.1249,umap,
lobbyist_148673,JENELL BIGGS SMOLOVA,-0.0028,-0.124,umap,
lobbyist_25630,TERRY ALLEN,0.0388,0.0529,umap,
lobbyist_73464,DANNY MCNAMARA,0.156,-0.0011,umap,
lobbyist_140010,PAUL ARCANGELI,-0.0741,-0.122,umap,
lobbyist_144769,HAWLEY STANTON,0.06,-0.015,umap,
lobbyist_54073,SUSAN NELSON,0.0147,0.0122,umap,
lobbyist_58852,CHARLES JEFFERSON,-0.3512,-0.0446,umap,
lobbyist_71990,THOMAS HAWLEY,0.6011,0.1818,umap,
lobbyist_81820,TARYN COUTURE,0.0493,-0.1947,umap,
lobbyist_62402,MICHELE STANLEY,0.5388,0.1063,umap,
lobbyist_62544,JOHN RINGLER,-0.0157,-0.1243,umap,
lobbyist_62965,GUILLERMINA MOORE,-0.1556,-0.2315,umap,
lobbyist_63684,ERIC PELLETIER,0.2691,-0.0914,umap,
lobbyist_64618,ANNE WALL,0.0566,-0.0382,umap,
lobbyist_119334,JEFFREY SANDS,0.0233,0.1378,umap,
lobbyist_8036,AMANDA KARHUSE,0.137,0.1249,umap,
lobbyist_49590,ROBERT REDDING,0.3597,-0.0255,umap,
lobbyist_70723,KEVIN GUNDERSEN,-0.2815,0.9915,umap,no_issue_data
lobbyist_72295,CARLA PIERRE,-0.1845,0.0091,umap,
lobbyist_143172,KIRSTEN PRATT,0.2224,0.0187,umap,
lobbyist_145797,JAN BEUKELMAN,0.0533,0.0012,umap,
lobbyist_51202,GRAHAM SHALGIAN,0.0538,-0.0978,umap,
lobbyist_89009,BRIAN POTTS,-0.2815,0.9915,umap,no_issue_data
lobbyist_138891,LESLIE BRADY,0.0327,-0.162,umap,
lobbyist_139592,CHARLES GARRISON,0.055,-0.0473,umap,
lobbyist_149010,REGINALD MCCRIMMON,0.0522,-0.0302,umap,
lobbyist_7386,EDDY PAULEY,-0.7856,-0.6227,umap,no_issue_data
lobbyist_58371,JEFFREY WILLIAMS,0.0438,-0.3121,umap,
lobbyist_70665,ANNE LEMAY,-0.0697,-0.1341,umap,
lobbyist_79246,"ROBERT BABCOCK, JR.",0.9945,-0.5476,umap,no_issue_data
lobbyist_107118,GRIFFIN REINECKE,-0.0032,-0.1215,umap,
lobbyist_141040,NATHAN FIALA,-0.2815,0.9916,umap,no_issue_data
lobbyist_65400,MOLLY MCDONNELL,0.0562,-0.172,umap,
lobbyist_69828,JENNY ROSENBERG,0.1682,-0.1217,umap,
lobbyist_70553,TREON GLENN,-0.9505,0.27,umap,no_issue_data
lobbyist_71366,MARISA HARRILCHAK,0.1112,-0.0272,umap,
lobbyist_107445,REBECCA HALKIAS,0.2216,0.0667,umap,
lobbyist_110456,AMY KELBICK,0.0571,-0.2236,umap,
lobbyist_139506,CHRISTIAN FJELD,0.0894,-0.0162,umap,
lobbyist_139756,JOSHUA ODINTZ,0.0674,-0.0941,umap,
lobbyist_140849,SEAN BYRNE,0.1337,-0.103,umap,
lobbyist_141706,CAREN STREET,0.0773,-0.0313,umap,
lobbyist_32729,ANDREA EDMISTON,0.0914,0.1971,umap,
lobbyist_47301,WILLIAM JOHNSON,0.092,0.1969,umap,
lobbyist_60993,JUDITH GORSUCH,0.0454,-0.2293,umap,
lobbyist_66328,LYDIA STRUNK,0.0644,0.0027,umap,
lobbyist_79181,EMILY KATZ,0.085,-0.1665,umap,
lobbyist_81706,JEFFREY ZUBRICKI,0.2655,-0.2084,umap,
lobbyist_116682,ROBYN HIESTAND,0.3183,-0.0389,umap,
lobbyist_137692,MARK COPELAND,0.1944,-0.0337,umap,
lobbyist_46305,A. WOJCIAK,0.0705,-0.1194,umap,
lobbyist_61231,PATRICIA DOERSCH,0.218,0.0126,umap,
lobbyist_68087,DENISE DESIDERIO,0.0436,-0.1008,umap,
lobbyist_86107,MICHAEL DIROMA,-0.2815,0.9917,umap,no_issue_data
lobbyist_139193,TANNER JOHNSON,0.9945,-0.5476,umap,no_issue_data
lobbyist_61816,SUMMER MERSINGER,0.017,-0.0021,umap,
lobbyist_67944,STEPHEN RADEMAKER,0.0714,0.0441,umap,
lobbyist_69055,JOSEPH MURRAY,-0.7856,-0.6226,umap,no_issue_data
lobbyist_77411,RYAN ISRAEL,0.0235,0.3303,umap,
lobbyist_142505,TRISTAN SOUTHARD,0.9945,-0.5478,umap,no_issue_data
lobbyist_68946,CHRISTOPHER JONES,0.3723,-0.0201,umap,
lobbyist_103337,ARIEL HILL-DAVIS,0.3021,0.0374,umap,
lobbyist_138278,KATE MARKS,0.2106,0.1661,umap,
lobbyist_140914,WILLIAM RICE,-0.0681,-0.1285,umap,
lobbyist_142292,KAMRON BRANT,-0.9959,-0.1993,umap,no_issue_data
lobbyist_43787,TIMOTHY LEE,-0.9505,0.2699,umap,no_issue_data
lobbyist_48750,JAMES WALSH,0.0089,-0.0777,umap,
lobbyist_59022,LARRY SCHAFER,0.4495,0.1438,umap,
lobbyist_139504,MAYA WILEY,-0.7856,-0.6226,umap,no_issue_data
lobbyist_140868,BRADLEY HOWARD,0.0276,-0.0783,umap,
lobbyist_49166,PAUL SUPLIZIO,-0.9505,0.2699,umap,no_issue_data
lobbyist_54034,JAMES CALLAN,0.3469,-0.0281,umap,
lobbyist_59235,GEOFF DAVIS,-0.0666,-0.1146,umap,
lobbyist_59974,JUDITH HAFNER,0.179,0.0053,umap,
lobbyist_63120,JASON PAVLUCHUK,-0.2108,0.0399,umap,
lobbyist_63805,ELIZABETH O'HARE,0.0087,-0.1233,umap,
lobbyist_64262,THEODORE SCHROEDER,0.2862,-0.1308,umap,
lobbyist_64535,MICHAEL YUDIN,-0.1845,0.0092,umap,
lobbyist_66264,ADAM FRIDMAN,0.0785,-0.142,umap,
lobbyist_72775,ROBERT GOODLATTE,0.0777,0.0839,umap,
lobbyist_86103,ANDREW ECK,-0.9505,0.2698,umap,no_issue_data
lobbyist_141589,CHRISTOPHER ZATRATZ,0.9946,-0.5479,umap,no_issue_data
lobbyist_144750,ANTHONY CAMPAU,0.3328,0.0188,umap,
lobbyist_148873,JENNIFER BELAIR,0.1094,-0.0548,umap,
lobbyist_33519,WILLIAM BURKE,0.5861,0.3475,umap,
lobbyist_53306,MICHAEL WOODY,0.0674,-0.192,umap,
lobbyist_67895,ARACELI GUTIERREZ,0.0583,-0.1887,umap,
lobbyist_69555,KATHRYN RUFFALO,0.1083,-0.0611,umap,
lobbyist_139749,YVONNE MCINTYRE,0.4736,-0.5773,umap,
lobbyist_141075,CHYNA MELTON,-0.0166,0.01,umap,
lobbyist_150034,MATTHEW JENNINGS,0.0907,0.0299,umap,
lobbyist_53560,PAOLO MASTRANGELO,0.0333,-0.0466,umap,
lobbyist_58812,JEFFREY FARROW,0.0417,-0.1657,umap,
lobbyist_63531,DANA WEEKES,0.0478,-0.0826,umap,
lobbyist_142083,KARLEE POPKEN,-0.081,-0.1203,umap,
lobbyist_142543,ARIEL MCCORD,-0.2188,-0.2253,umap,
lobbyist_24894,JENNIFER SCHAFER-SODERMAN,0.0738,-0.0462,umap,
lobbyist_53228,GERALD WELLER,0.1081,-0.2012,umap,
lobbyist_53559,KERRY FEEHERY,-0.0054,0.0031,umap,
lobbyist_66195,NICK TOBENKIN,-0.7855,-0.6226,umap,no_issue_data
lobbyist_68353,ARYANA KHALID,0.1015,-0.171,umap,
lobbyist_68856,ARI GIOVENCO,0.612,0.5019,umap,
lobbyist_70265,FEDERICO DE JESUS,0.9945,-0.548,umap,no_issue_data
lobbyist_100796,ERIC SNELGROVE,-0.9505,0.2698,umap,no_issue_data
lobbyist_145896,CHRISTOPHER KIM,0.1087,-0.0532,umap,
lobbyist_26324,DAVID WHITESTONE,0.1367,-0.0619,umap,
lobbyist_52492,JOHN FLYNN,-0.0264,-0.1123,umap,
lobbyist_67861,SCOTT LEEZER,0.9945,-0.548,umap,no_issue_data
lobbyist_68792,DEREK ROSS,-0.0146,-0.122,umap,
lobbyist_85377,DANIEL KIDERA,0.9053,-0.005,umap,
lobbyist_138146,ELLIOT VICE,0.0752,-0.1892,umap,
lobbyist_51530,JIM NEWSOME,-0.1119,0.0932,umap,
lobbyist_60750,SCOTT MCGEE,0.0581,-0.1256,umap,
lobbyist_61604,WILLIAM COUCH,-0.1168,0.301,umap,
lobbyist_68730,JEREMY SHARP,0.0748,-0.2392,umap,
lobbyist_72873,MICHAEL GRIMES,0.1778,-0.9955,umap,no_issue_data
lobbyist_73536,JEREMY DEUTSCH,0.1949,-0.1621,umap,
lobbyist_73918,THOMAS ROBERGE,0.0441,-0.3112,umap,
lobbyist_82556,DEBORAH MAZOL,-0.7572,0.8277,umap,no_issue_data
lobbyist_143763,THOMAS LAWLER,0.3335,0.2008,umap,
lobbyist_28441,HOLLY FECHNER,0.0673,0.0516,umap,
lobbyist_66974,ERIC BUNNING,0.4656,-0.2071,umap,
lobbyist_76388,PORTER BYERS,-0.0205,0.0158,umap,
lobbyist_101433,ADRIENNE JACKSON,0.0408,-0.0586,umap,
lobbyist_141185,RYAN LOSAK,0.0451,-0.0167,umap,
lobbyist_145587,JAMES OBRIEN,0.0328,0.0017,umap,
lobbyist_146083,RAGHAV AGGARWAL,0.0634,-0.1934,umap,
lobbyist_49779,ROBERT CREAR,0.1672,-0.6084,umap,
lobbyist_55923,TODD WHITE,-0.996,-0.1992,umap,no_issue_data
lobbyist_70879,DANA SINGISER,-0.0784,-0.2969,umap,
lobbyist_139864,PABLO CARRILLO,0.0224,-0.0567,umap,
lobbyist_15101,JEFFREY MAZZELLA,-0.5997,0.6587,umap,no_issue_data
lobbyist_51407,SCOTT PARVEN,0.2726,-0.1175,umap,
lobbyist_62727,ADAM BORDES,0.0564,-0.1394,umap,
lobbyist_65921,SHANE DOUCET,-0.5996,0.6586,umap,no_issue_data
lobbyist_69770,RYAN ABRAHAM,0.0055,0.0079,umap,
lobbyist_107138,LARA MULDOON,0.1649,0.1546,umap,
lobbyist_139540,TIMOTHY BERGREEN,0.0535,-0.0812,umap,
lobbyist_140274,RACHEL SPIVEY,0.2649,-0.202,umap,
lobbyist_142683,AUSTIN DURRER,0.0025,-0.083,umap,
lobbyist_40580,C BARNHART,-0.0233,-0.2785,umap,
lobbyist_59634,JENNIFER ORTEGA,0.0468,0.0042,umap,
lobbyist_63292,SARAH DUMONT-MERCHAK,0.0768,0.0773,umap,
lobbyist_63920,CHARLES MCCRUDDEN,0.2107,0.1688,umap,
lobbyist_66477,JEFFRY NICHOLS,0.0755,0.0812,umap,
lobbyist_138341,KIRAN MALONE,0.1668,0.0469,umap,
lobbyist_141411,JUDD SMITH,0.612,0.5019,umap,
lobbyist_63575,SARAH STRUP HERBERT,0.0661,-0.1311,umap,
lobbyist_65706,MELISSA GIERACH,0.0045,0.0076,umap,
lobbyist_66603,ANDREW TYRRELL,0.2383,-0.0028,umap,
lobbyist_68859,MARIANNA PATTERSON,0.6121,0.502,umap,
lobbyist_69874,LUIS BACO,0.2736,-0.5026,umap,
lobbyist_69876,MATTHEW DENNIS,0.0392,-0.1225,umap,
lobbyist_138524,MICHAEL TANNER,-0.0085,-0.0627,umap,
lobbyist_143354,JONATHAN TOWERS,0.0513,-0.105,umap,
lobbyist_147732,BRIAN CONLAN,-0.0517,0.0516,umap,
lobbyist_18071,WILLIAM CLYBURN,0.2557,-0.2107,umap,
lobbyist_66402,VANITA GUPTA,0.1777,-0.9956,umap,no_issue_data
lobbyist_79577,EMILY PATROLIA,-0.7855,-0.6226,umap,no_issue_data
lobbyist_139145,SARAH GAINER,-0.0892,-0.231,umap,
lobbyist_142961,PATRICK LARGE,-0.0558,-0.1164,umap,
lobbyist_49289,ELIZABETH RORICK,-0.0583,-0.1671,umap,
lobbyist_107428,CORY HORTON,0.1656,-0.479,umap,
lobbyist_121642,GRANT BARBOSA,0.0545,-0.1526,umap,
lobbyist_64890,AINDRIU COLGAN,0.1224,0.0179,umap,
lobbyist_76498,SHANNON STEHOUWER,0.0444,-0.3133,umap,
lobbyist_97554,MELISSA ALVARADO,-0.9505,0.2698,umap,no_issue_data
lobbyist_97555,CHERIE WILSON,-0.7855,-0.6225,umap,no_issue_data
lobbyist_141568,MATTHEW WOHLMAN,-0.1056,0.5479,umap,
lobbyist_141856,MATTHEW LEGGETT,0.1125,0.0201,umap,
lobbyist_152778,JACOBUS VREEBURG,0.0608,-0.008,umap,
lobbyist_25005,RANDALL TATE,0.2922,-0.1347,umap,
lobbyist_87333,CARL HOLSHOUSER,-0.1212,0.3008,umap,
lobbyist_108248,COLIN ROSKEY,0.0743,-0.2242,umap,
lobbyist_141558,KATHRYN BRANSON,0.0471,0.0088,umap,
lobbyist_145625,PETER STAHLEY,0.1255,0.0223,umap,
lobbyist_152287,LARRY LAVENDER,-0.1098,-0.0883,umap,
lobbyist_52534,BRET BOYLES,0.0498,-0.0421,umap,
lobbyist_63301,JULIE JOLLY ROSE,0.0121,-0.1253,umap,
lobbyist_67360,WILLIAM STIERS,-0.1091,-0.0934,umap,
lobbyist_69966,JESSICA BOULANGER,-0.5593,0.0741,umap,
lobbyist_71876,MAYNARD FRIESZ,0.4866,-0.3937,umap,
lobbyist_151501,BRANDON REA,-0.0615,-0.1243,umap,
lobbyist_66345,ANTHONY GIBSON,-0.0164,-0.1263,umap,
lobbyist_96023,LESLIE ALBRIGHT,-0.0181,-0.1212,umap,
lobbyist_141913,THERESA REED,0.5511,-0.4229,umap,
lobbyist_1202,GO GRIFFITH,0.0959,-0.0542,umap,
lobbyist_52956,CHRISTOPHER LONG,0.0684,-0.2034,umap,
lobbyist_63450,DANIEL GRAVER,0.0582,-0.1578,umap,
lobbyist_63772,PAMELA BOWMAN,-0.9506,0.2699,umap,no_issue_data
lobbyist_64943,KELLY DOCKHAM,-0.1443,-0.1376,umap,
lobbyist_70695,RICHELLE FRIEDMAN,0.9944,-0.548,umap,no_issue_data
lobbyist_87173,MICHAEL LEGG,0.1002,-0.0672,umap,
lobbyist_107287,ROGER INGLE,-0.9505,0.2698,umap,no_issue_data
lobbyist_139381,SAMANTHA DYBAS,0.1961,-0.0591,umap,
lobbyist_143801,KEENAN HALE,0.2731,-0.5019,umap,
lobbyist_54227,CHARLES HICKS,0.1777,-0.9956,umap,no_issue_data
lobbyist_54957,SCOTT MACKENZIE,0.0702,-0.0179,umap,
lobbyist_55902,JAMES BACKLIN,0.9945,-0.5479,umap,no_issue_data
lobbyist_69481,MIKE WILLIAMS,0.033,0.0276,umap,
lobbyist_72466,MELISSA FRANCIS (FORMERLY BONICELLI),-0.0214,0.0085,umap,
lobbyist_72496,DAVID MANGONE,-0.1828,0.0829,umap,
lobbyist_120201,ANNA HEGRENESS,0.1963,-0.0591,umap,
lobbyist_144503,RACHEL GORSKY BOMBACH,-0.0292,-0.1104,umap,
lobbyist_13928,TARA BRADSHAW,0.061,-0.1037,umap,
lobbyist_51921,KATHERINE WECHSLER,-0.1813,0.0833,umap,
lobbyist_54430,WESTON COULAM,0.0057,0.0085,umap,
lobbyist_95995,ADAM GOLDSTEIN,-0.5996,0.6587,umap,no_issue_data
lobbyist_139604,DANIEL SEPULVEDA,0.0436,0.0127,umap,
lobbyist_62110,RODNEY ALEXANDER,0.0225,-0.11,umap,
lobbyist_67889,DEVIN MOGLER,0.539,0.1067,umap,
lobbyist_68125,JARED SOLOMON,0.3244,-0.0444,umap,
lobbyist_92108,THOMAS SANTOS,0.0235,0.1377,umap,
lobbyist_138504,BENJAMIN ROSENBAUM,0.1361,-0.0461,umap,
lobbyist_148590,JENNIFER HEIDE VAN DER,-0.0397,0.1398,umap,
lobbyist_63267,TIMOTHY KEYSER,-0.2815,0.9918,umap,no_issue_data
lobbyist_64723,MARGARET GILLEY,0.0593,-0.1616,umap,
lobbyist_65098,ZACHARY SCOTT,0.1377,0.1269,umap,
lobbyist_65532,FRED FERGUSON,0.1684,0.0941,umap,
lobbyist_138543,MADISON SMITH,0.0343,0.0347,umap,
lobbyist_148559,JOSHUA FENDRICK,-0.0117,0.01,umap,
lobbyist_35759,ANDREW SAMET,0.0759,0.0806,umap,
lobbyist_56578,GREG MASTEL,0.0884,0.0002,umap,
lobbyist_66288,LAUREN BAKER,-0.0355,0.0285,umap,
lobbyist_66571,MANNING MCPHILLIPS,-0.2816,0.992,umap,no_issue_data
lobbyist_67300,DAVID ADAMS,0.023,0.0051,umap,
lobbyist_141948,PARKER REYNOLDS,0.076,-0.1821,umap,
lobbyist_144086,ERIK KOMENDANT,0.0772,-0.1787,umap,
lobbyist_48346,DENNIS HERTEL,-0.1648,-0.3371,umap,
lobbyist_54463,ALLISON BINNEY,0.1318,-0.0139,umap,
lobbyist_92817,JOSHUA SHIELDS,0.282,0.0456,umap,
lobbyist_140415,KATHRYN NAESSENS,0.3008,0.0003,umap,
lobbyist_143811,MALLORI MERANDINO,-0.024,-0.2327,umap,
lobbyist_46372,MARY DWIGHT,0.0071,0.1836,umap,
lobbyist_51342,SANDRA SWIRSKI,-0.0008,0.0046,umap,
lobbyist_67931,SHAWN BROWN,-0.996,-0.1992,umap,no_issue_data
lobbyist_68013,LAVITA LEGRYS,0.0663,-0.1155,umap,
lobbyist_68989,PAYTON IHEME,0.9042,-0.005,umap,
lobbyist_69955,PAMELA BONDI,0.0489,0.0022,umap,
lobbyist_70823,AARON TRUJILLO,0.0671,-0.097,umap,
lobbyist_85398,DEVON BARNHART,-0.9505,0.2698,umap,no_issue_data
lobbyist_92833,POORVIE BISHNOI,0.0078,-0.0787,umap,
lobbyist_59021,MANNING FERACI,0.2875,-0.1338,umap,
lobbyist_68942,MARY PAHNER,0.0715,-0.2468,umap,
lobbyist_69419,HEATHER BLOEMHARD,-0.1181,0.3022,umap,
lobbyist_70228,SCOTT KLENET,0.299,-0.2989,umap,
lobbyist_102988,SARAH ALEXANDER,0.0854,0.0005,umap,
lobbyist_107202,TIM GEHRING,0.0427,-0.0396,umap,
lobbyist_147435,ELIZABETH CONNOLLY,0.06,-0.2048,umap,
lobbyist_55364,HEATHER SIBBISON,-0.08,0.663,umap,
lobbyist_62169,HENRY WAXMAN,0.0949,-0.1576,umap,
lobbyist_70513,STEPHANIE MURPHY,0.2832,0.0248,umap,
lobbyist_56974,STEPHANIE KENNAN,0.0502,-0.2118,umap,
lobbyist_63365,LILIANA CORONADO,-0.2817,0.992,umap,no_issue_data
lobbyist_67475,NATALIE HALES,0.1777,-0.9956,umap,no_issue_data
lobbyist_68269,STEPHANIE SANOK KOSTRO,-0.0907,-0.1352,umap,
lobbyist_70164,MAURA KEEFE,-0.0769,-0.2974,umap,
lobbyist_110845,CHARLES DUJON,-0.7572,0.8278,umap,no_issue_data
lobbyist_141553,WILLIAM DUNHAM,0.0395,-0.039,umap,
lobbyist_141894,JOSH PEASTER,-0.5996,0.6587,umap,no_issue_data
lobbyist_64336,PETE LEON,-0.2817,0.992,umap,no_issue_data
lobbyist_69911,GUILLERMO GODOY,-0.5997,0.6586,umap,no_issue_data
lobbyist_71586,JESSE WALLS,0.2804,0.0635,umap,
lobbyist_101107,PETER KUCIK,0.2871,-0.1332,umap,
lobbyist_121637,VINCENT BROWN,0.0344,-0.0589,umap,
lobbyist_139532,HOLTEN STRINGER,-0.0067,-0.1187,umap,
lobbyist_141104,CHAD METZLER,-0.1048,0.5485,umap,
lobbyist_27451,NICK GOLDSTEIN,-0.0866,-0.0031,umap,
lobbyist_53693,MARTIN BAYR,0.3126,-0.0469,umap,
lobbyist_57565,JANE WISE THOMPSON,0.122,0.0189,umap,
lobbyist_62549,SUZANNE ROHDE,0.1779,-0.9955,umap,no_issue_data
lobbyist_64828,CLARE CHMIEL,0.0474,-0.1694,umap,
lobbyist_67826,ALLISON IVIE,-0.0271,-0.2197,umap,
lobbyist_68139,RUSSELL ORBAN,-0.0115,-0.1011,umap,
lobbyist_115654,PAUL DIOGUARDI,0.082,-0.1898,umap,
lobbyist_139412,COOPER EHRENDREICH,0.1598,-0.0315,umap,
lobbyist_62858,NATHAN MONELL,-0.058,-0.1676,umap,
lobbyist_64143,BRIAN HOWARD,0.2127,0.166,umap,
lobbyist_68480,ROBERT POWELL,0.0108,0.1048,umap,
lobbyist_72648,JOSEPH RUBIN,0.0388,-0.1573,umap,
lobbyist_143679,THOMAS FULTON,0.0932,-0.0289,umap,
lobbyist_148102,DABNEY HEGG,0.354,-0.1171,umap,
lobbyist_12014,JAMES SIVON,-0.0284,0.0198,umap,
lobbyist_40483,HOWARD WALTZMAN,0.0779,0.0498,umap,
lobbyist_47664,SCOTT WEAVER,0.0739,-0.0033,umap,
lobbyist_56171,PATRICE WILLOUGHBY,0.0161,-0.0159,umap,
lobbyist_64579,ALEXANDER CURRIE,0.3551,-0.2794,umap,
lobbyist_67198,KERRY O'BRIEN,0.1673,-0.6078,umap,
lobbyist_106063,AHARON FRIEDMAN,-0.0057,0.0153,umap,
lobbyist_110472,JACOB JACKSON,0.4423,0.1511,umap,
lobbyist_142682,JAMES MORAN,-0.0305,-0.0874,umap,
lobbyist_22702,THOMAS HANCE,0.3053,0.0421,umap,
lobbyist_40768,PATRICK WILLIAMS,0.0735,0.0514,umap,
lobbyist_47285,ROBERT CANAVAN,-0.7855,-0.6226,umap,no_issue_data
lobbyist_57139,DAVID DEVENDORF,-0.0176,0.1031,umap,
lobbyist_57141,BEN NIGHTHORSE CAMPBELL,-0.0193,0.1053,umap,
lobbyist_63645,MICHAEL KAISER,-0.996,-0.1992,umap,no_issue_data
lobbyist_68584,JENNIFER STETTNER,0.4614,0.0308,umap,
lobbyist_72819,CLETE WILLEMS,0.0796,0.0081,umap,
lobbyist_101896,LAURA PETERSON,0.3349,-0.0392,umap,
lobbyist_143714,SYDNEY HAND,0.2691,-0.0913,umap,
lobbyist_45380,JOHN GILLILAND,0.0589,-0.0626,umap,
lobbyist_61737,JEFFREY GREV,0.2738,-0.0524,umap,
lobbyist_92586,BRANDON WEBB,0.6121,0.502,umap,
lobbyist_105565,WILLIAM SEHESTEDT,-0.2816,0.992,umap,no_issue_data
lobbyist_116833,KEVIN MCGRANN,-0.1094,0.0462,umap,
lobbyist_120881,PATRICK HENNIGAN,0.4736,-0.5773,umap,
lobbyist_141008,ESTEFANIA RODRIGUEZ,0.0478,-0.0857,umap,
lobbyist_146251,NICHOLAS SADOSKI,0.2304,0.4564,umap,
lobbyist_41877,ALAN LARSON,0.0707,-0.0292,umap,
lobbyist_62541,ERIC SWEDLUND,0.221,0.0113,umap,
lobbyist_64049,MICHAEL NARDELLI,-0.234,0.1726,umap,
lobbyist_67114,MICHAEL CROSSEN,0.0661,-0.1885,umap,
lobbyist_69018,CHRIS MITCHELL,-0.24,-0.2021,umap,
lobbyist_74560,ANNA LEIERITZ,0.1383,-0.0454,umap,
lobbyist_107369,RODNEY EMERY,0.1012,-0.0388,umap,
lobbyist_117267,JEFFREY NANCE,-0.0782,-0.127,umap,
lobbyist_140864,FRED ESSIS,-0.0231,-0.2786,umap,
lobbyist_147374,JUSTIN KINTZ,0.0722,0.0088,umap,
lobbyist_47173,BONNIE SINGER,-0.0843,-0.1355,umap,
lobbyist_53558,TOM INGRAM,0.0775,-0.1245,umap,
lobbyist_58410,BROCK PHILLIPS,0.2731,-0.5022,umap,
lobbyist_67289,DAVID WHITE,0.3502,-0.0338,umap,
lobbyist_68774,SAMUEL HEWITT,-0.12,0.304,umap,
lobbyist_72920,MIKE HOUSE,0.1719,-0.0295,umap,
lobbyist_138157,THOMAS STORY,0.1398,-0.0462,umap,
lobbyist_140653,JULIAN FLEISCHMAN,0.5509,-0.4223,umap,
lobbyist_144893,SUSAN PAXON,0.2003,-0.1598,umap,
lobbyist_147752,JOHN STROM,0.091,-0.1802,umap,
lobbyist_62140,ANGELA MCCARTER,-0.0912,-0.1355,umap,
lobbyist_92821,CACHAVIOUS ENGLISH,0.0756,-0.018,umap,
lobbyist_98812,ATALIE EBERSOLE,0.2793,-0.0197,umap,
lobbyist_119568,KEVIN WALSH,0.0619,0.0179,umap,
lobbyist_138228,CALLIE FUSELIER,0.0707,-0.1719,umap,
lobbyist_141458,THOMAS LANGLEY,0.0247,0.1369,umap,
lobbyist_141891,LISA WHISLER,0.0079,-0.1888,umap,
lobbyist_142738,ROBERT SMITH,-0.1288,-0.1425,umap,
lobbyist_147776,RODNEY DAVIS,-0.1347,-0.6303,umap,
lobbyist_61236,KRISTA DROBAC,0.0584,-0.2245,umap,
lobbyist_61476,MAUREEN WALSH,-0.5997,0.6586,umap,no_issue_data
lobbyist_69205,JOHN MURRAY,0.0538,-0.0054,umap,
lobbyist_69251,PATRICK MALLOY,-0.0756,-0.1222,umap,
lobbyist_70832,ASHLEY PATTERSON,0.3971,0.152,umap,
lobbyist_71422,ELIZABETH THOMPSON,0.0687,-0.1243,umap,
lobbyist_79363,JAIME HJORT,0.6121,0.502,umap,
lobbyist_84841,EVAN COLLIER,0.073,-0.0907,umap,
lobbyist_141843,CARLOS FLORES,0.1778,-0.9955,umap,no_issue_data
lobbyist_51845,ROCCO FEMIA,0.0094,0.0062,umap,
lobbyist_64124,SHARON GONSALVES,-0.2817,0.9921,umap,no_issue_data
lobbyist_65381,KATHRYN KILEY,-0.0157,0.1037,umap,
lobbyist_65383,RACHEL DRESEN,-0.0164,0.1032,umap,
lobbyist_67390,JILL STEWART,-0.0393,-0.1533,umap,
lobbyist_69061,CHRISTOPHER PHILBIN,-0.0242,-0.2775,umap,
lobbyist_69802,CHRISTOPHER LEAHY,-0.1194,0.1014,umap,
lobbyist_70035,JOHN GOETZ,0.0661,-0.0798,umap,
lobbyist_72167,MICHAELA CAMPBELL,0.9944,-0.5479,umap,no_issue_data
lobbyist_73138,ALEXANDRA COSTELLO,0.9945,-0.5479,umap,no_issue_data
lobbyist_139146,ALEXA TURNER,0.1568,0.0435,umap,
lobbyist_148652,MICHAEL FLYNN,0.165,0.1546,umap,
lobbyist_32467,FRED CLARK,0.3044,0.0015,umap,
lobbyist_63475,STEPHEN MARTINKO,0.0833,-0.0313,umap,
lobbyist_65027,JACKSON DRONEY,0.2926,0.1456,umap,
lobbyist_67184,ROBERT GANIM,-0.1139,-0.0432,umap,
lobbyist_68578,ARIELLE GIORDANO,0.1683,-0.0368,umap,
lobbyist_71362,ALLISON DETERS,0.9946,-0.548,umap,no_issue_data
lobbyist_72190,JOSHUA LEDDEN,0.0491,-0.3235,umap,
lobbyist_95202,MATTHEW SILVER,0.0924,0.1981,umap,
lobbyist_104873,GABRIEL TERRY,0.1673,0.0471,umap,
lobbyist_113162,ROWAN BOST,0.0588,-0.0096,umap,
lobbyist_135795,TED MCCANN,0.0408,-0.3004,umap,
lobbyist_138165,MADISON ARCANGELI,-0.0716,0.6549,umap,
lobbyist_141955,MEREDITH DODSON,-0.5997,0.6586,umap,no_issue_data
lobbyist_152482,CLIFFORD SHOWS,0.1668,-0.6091,umap,
lobbyist_32280,JOHN MCGLEW,0.0751,-0.2397,umap,
lobbyist_51017,KHALIL SALIBA,0.1799,0.0037,umap,
lobbyist_59651,JACOB PARKER,0.9944,-0.5479,umap,no_issue_data
lobbyist_62973,KRISTEN ADAMS,0.5395,0.1071,umap,
lobbyist_68803,BRANDON CONSOLVO,0.1778,-0.9956,umap,no_issue_data
lobbyist_69571,KATHERINE PHAM,0.0755,-0.24,umap,
lobbyist_70755,MARK FRIEDMANN,-0.0742,-0.1245,umap,
lobbyist_84040,BAILEY CHILDERS,0.0715,0.1947,umap,
lobbyist_98793,JEREMY SCOTT,0.5519,-0.423,umap,
lobbyist_116663,ANDREW FULLERTON,-0.996,-0.1992,umap,no_issue_data
lobbyist_138123,JEFFREY PIKE,0.3106,0.5764,umap,
lobbyist_139579,ELYSE WASCH,-0.9959,-0.1992,umap,no_issue_data
lobbyist_141901,SCOTT MACCONOMY,-0.5998,0.6585,umap,no_issue_data
lobbyist_143704,DENAE BENSON,0.54,0.1075,umap,
lobbyist_145169,ERICA FITZGERALD,-0.9958,-0.1993,umap,no_issue_data
lobbyist_146075,MICHAEL TAGGART,0.0494,-0.0919,umap,
lobbyist_150389,NICOLE THOMPSON,0.0073,-0.1292,umap,
lobbyist_15869,RICHARD GEPHARDT,0.018,-0.0874,umap,
lobbyist_45794,FRANCES MCPOLAND,0.2937,0.1314,umap,
lobbyist_57541,JASON MARMON,-0.9505,0.2698,umap,no_issue_data
lobbyist_58357,WAYNE DELL,-0.3513,-0.0449,umap,
lobbyist_62270,NATHANIEL WALTON,0.1777,-0.9956,umap,no_issue_data
lobbyist_62580,CHRISTOPHER SULLIVAN,0.1793,-0.0344,umap,
lobbyist_66058,MARK RODGERS,-0.1811,-0.0507,umap,
lobbyist_66351,MONICA VOLANTE,-0.7855,-0.6226,umap,no_issue_data
lobbyist_69088,CHASE KROLL,-0.0125,0.0128,umap,
lobbyist_79191,EVE GRANATOSKY,-0.0081,-0.1222,umap,
lobbyist_148089,MIKE CLEMENTI,-0.0609,-0.1223,umap,
lobbyist_16736,MARK WACLAWSKI,-0.5997,0.6586,umap,no_issue_data
lobbyist_50047,JAMES COLLURA,-0.9505,0.2698,umap,no_issue_data
lobbyist_51926,LINDSAY PLACK,0.2881,0.057,umap,
lobbyist_69669,DANIEL FERNANDEZ,-0.52,-0.2726,umap,
lobbyist_70081,EMILIA DISANTO,0.0621,-0.2321,umap,
lobbyist_71724,HANNAH IZON,0.078,0.0312,umap,
lobbyist_111974,ROBIN COLWELL,0.0815,0.0458,umap,
lobbyist_119374,SKIFFINGTON HOLDERNESS,-0.9505,0.2699,umap,no_issue_data
lobbyist_120181,BRIAN SKRETNY,0.0433,-0.0022,umap,
lobbyist_147282,JOHN CULTON,0.1777,-0.9956,umap,no_issue_data
lobbyist_149044,JIM CARTER,0.0819,1e-04,umap,
lobbyist_41542,BRENT FRANZEL,0.5394,0.1072,umap,
lobbyist_50648,RAHUL RANDHAVA,-0.9958,-0.1993,umap,no_issue_data
lobbyist_51336,ANNE URBAN,0.0013,0.0045,umap,
lobbyist_54699,KIMBERLY DEAN,-0.2816,0.9921,umap,no_issue_data
lobbyist_83708,DAVID TULLY,-0.3232,0.1413,umap,
lobbyist_86374,STEVEN KOERNER,0.2845,-0.1321,umap,
lobbyist_143277,JARED SONCRANT,0.0251,-0.0463,umap,
lobbyist_145921,CELIA MORTE,0.288,-0.1331,umap,
lobbyist_59675,LOREN AHO,0.0507,-0.0438,umap,
lobbyist_107396,CYBIL ROEHRENBECK,-0.0217,-0.2787,umap,
lobbyist_150390,COLLEEN MOSS,0.0234,-0.0455,umap,
lobbyist_42044,JOHN TAHSUDA,-0.4215,-0.4659,umap,
lobbyist_64360,HOWARD P MCKEON,-0.0319,-0.2246,umap,
lobbyist_65274,BRAD GRUEHN,-0.0232,-0.2788,umap,
lobbyist_69276,K LEVINSON,0.2696,-0.0922,umap,
lobbyist_71382,BRADLEY WOLTERS,-0.7853,-0.6226,umap,no_issue_data
lobbyist_72255,WILLIAM MCGINLEY,-0.0731,-0.1335,umap,
lobbyist_139169,ART CAMERON,-0.5194,-0.4965,umap,
lobbyist_149195,CHRIS LEUCHTEN,0.1066,0.0094,umap,
lobbyist_26937,RANDALL WEST,-0.5998,0.6585,umap,no_issue_data
lobbyist_49743,PAMELA GILBERT,-0.5997,0.6586,umap,no_issue_data
lobbyist_63790,MIMI SIMONEAUX KNEUER,0.9945,-0.5479,umap,no_issue_data
lobbyist_65123,AMIRAH SEQUEIRA,0.489,-0.3902,umap,
lobbyist_65631,NATHAN COOK,-0.145,-0.136,umap,
lobbyist_66553,MATTHEW THACKSTON,0.4898,-0.3925,umap,
lobbyist_67223,HANS KLINGLER,0.3465,0.2099,umap,
lobbyist_68190,MACKENZIE ROWE,-0.0405,-0.115,umap,
lobbyist_69527,MARIA PRICE,0.0681,-0.1213,umap,
lobbyist_122252,RYAN SHAY,0.0722,-0.1871,umap,
lobbyist_138042,JENNIFER KAUFMANN,0.0405,-0.1605,umap,
lobbyist_141133,ADIN MENGEL,0.0628,0.0299,umap,
lobbyist_144491,VANDAN PATEL,0.4494,0.1436,umap,
lobbyist_144963,KATHERINE MONGE,0.0093,0.013,umap,
lobbyist_149027,RONALD STORHAUG,0.0416,-0.0308,umap,
lobbyist_47974,MATTHEW SCHLAPP,0.0737,0.0388,umap,
lobbyist_50947,JAN FOWLER,0.0073,0.003,umap,
lobbyist_52828,DOYCE BOESCH,0.9944,-0.548,umap,no_issue_data
lobbyist_56449,MARK SMITH,0.1777,-0.9956,umap,no_issue_data
lobbyist_63672,ANITA ESTELL,0.9944,-0.5481,umap,no_issue_data
lobbyist_65628,KAREN WILLIAMS,0.3213,0.0134,umap,
lobbyist_68240,JORDAN STOICK,-0.5998,0.6585,umap,no_issue_data
lobbyist_69628,DONALD GRADY,-0.9957,-0.1993,umap,no_issue_data
lobbyist_142491,PAMELA THIESSEN,0.1243,-0.0108,umap,
lobbyist_143730,JOHN KATKO,-0.0109,-0.0796,umap,
lobbyist_17115,DALE THORENSON,0.3055,0.0419,umap,
lobbyist_60845,ERNEST BAYNARD,0.1776,-0.9957,umap,no_issue_data
lobbyist_138321,MATTHEW MIKA,0.1102,-0.047,umap,
lobbyist_138791,LIZ ALBERTINE,0.0145,-0.0865,umap,
lobbyist_142493,ERIN O'CONNOR ELLIOTT,-0.0102,-0.0795,umap,
lobbyist_148824,CHRIS KELLY,0.0615,-0.1939,umap,
lobbyist_149197,LUCAS WALLWORK,0.0593,-0.0376,umap,
lobbyist_60169,BRIAN BRANTON,0.5415,-0.4059,umap,
lobbyist_67838,TONYA SAUNDERS,0.9944,-0.5482,umap,no_issue_data
lobbyist_69959,DAVID MULLON,0.006,-0.1075,umap,
lobbyist_70132,MARGARET CEKUTA,0.0365,-0.0123,umap,
lobbyist_72289,SAMUEL DEJOIE,-0.7572,0.8278,umap,no_issue_data
lobbyist_92752,GEORGE RICCARDO,0.0849,-0.0325,umap,
lobbyist_96147,ADAM BUCKALEW,0.0452,-0.2281,umap,
lobbyist_103518,ASKIA SURUMA,0.0439,-0.3114,umap,
lobbyist_107266,KATELYN COSTELLO,-0.9957,-0.1993,umap,no_issue_data
lobbyist_110681,NATASHA JOHN,0.3674,0.2206,umap,
lobbyist_139243,KRISTIN STEVENS,-0.0705,-0.1344,umap,
lobbyist_140295,COLE ROJEWSKI,-0.019,-0.107,umap,
lobbyist_144026,MAX WHITCOMB,0.1304,0.0309,umap,
lobbyist_144765,MELANIE HARRIS,0.0612,0.0247,umap,
lobbyist_147963,GABE SHERMAN,-0.0291,-0.0993,umap,
lobbyist_47572,JANICE O'CONNELL,-0.0375,-0.0995,umap,
lobbyist_49789,MARGEAUX PLAISTED,0.0502,-0.1192,umap,
lobbyist_68857,MIGUEL MENDOZA,0.6121,0.502,umap,
lobbyist_83235,MINH NGUYEN,0.168,-0.3227,umap,
lobbyist_104715,ANNA ABRAM,0.0497,-0.1502,umap,
lobbyist_107403,JESSICA L BENNETT,0.3073,0.0208,umap,
lobbyist_119116,CHERYL DAVIS,-0.9956,-0.1994,umap,no_issue_data
lobbyist_34702,JOSEPH RAEDER,0.261,0.0673,umap,
lobbyist_49266,ALLISON GILES,-0.2264,0.1649,umap,
lobbyist_53963,KAREN JOHNSON,-0.2816,0.9921,umap,no_issue_data
lobbyist_139553,SARAH KATE SULLIVAN,0.2132,0.1665,umap,
lobbyist_140688,ANNE-MARIE KELLEY,-0.0389,0.1371,umap,
lobbyist_140777,PATTI STAUFFER,-0.7854,-0.6226,umap,no_issue_data
lobbyist_141413,ANDREW SIGMON,0.089,-0.0047,umap,
lobbyist_142905,SAMANTHA DRAVIS,0.1896,-0.0181,umap,
lobbyist_143064,ELIZABETH DALTON,-0.9957,-0.1994,umap,no_issue_data
lobbyist_144305,BRENT GREENFIELD,0.6029,-0.0393,umap,
lobbyist_144795,JEFFREY WIEAND,0.2635,-0.0747,umap,
lobbyist_59273,VALERIE NELSON,0.0569,-0.1175,umap,
lobbyist_69046,JOHN SIMPSON,0.2785,0.0649,umap,
lobbyist_72272,ELISE TOLLEFSON,0.064,-0.2337,umap,
lobbyist_85325,JASON LARRABEE,0.4647,0.0063,umap,
lobbyist_87704,ROBERT MORAN,-0.1792,0.0845,umap,
lobbyist_110062,SARAH SWANSON,0.0665,-0.0626,umap,
lobbyist_139262,SHANA CHANDLER,-0.9505,0.2699,umap,no_issue_data
lobbyist_47661,GAVIN CLINGHAM,-0.0397,-0.154,umap,
lobbyist_98719,JAMES REILLY,0.0717,0.0075,umap,
lobbyist_105194,ROY MCKENZIE,-0.1347,-0.6304,umap,
lobbyist_107329,MICHAEL BAIN,0.0038,-0.0758,umap,
lobbyist_142880,JACQLYN SCHNEIDER,0.3028,-0.0005,umap,
lobbyist_146563,JEFFREY BECKER,0.0562,-0.0605,umap,
lobbyist_11446,JOANN PAYNE,-0.7863,-0.621,umap,no_issue_data
lobbyist_14340,NICK MANETTO,0.3032,-0.2909,umap,
lobbyist_65551,JUDY BEARD,-0.2757,0.9996,umap,
lobbyist_66247,AARON SHAPIRO,0.4617,0.0304,umap,
lobbyist_71558,WILLIAM MILLER,-0.2816,0.9921,umap,no_issue_data
lobbyist_72394,PAMELA YUEN,0.1364,0.1249,umap,
lobbyist_72808,RYAN COSTELLO,0.0466,-0.0233,umap,
lobbyist_72975,DAVID LIND,-0.9505,0.2699,umap,no_issue_data
lobbyist_92836,ALLEN THOMPSON,-0.2816,0.992,umap,no_issue_data
lobbyist_94932,EUGENE SHESTAKOV,-0.0384,-0.0977,umap,
lobbyist_115270,MICHAEL ELMORE,0.2074,0.1642,umap,
lobbyist_138698,JAIME STEVE,-0.3103,-0.0487,umap,
lobbyist_141031,STEPHANIE CHEUNG,0.0715,-0.0438,umap,
lobbyist_142267,BRIAN BATES,0.1345,-0.0462,umap,
lobbyist_143330,PAUL NEMETZ,0.0202,-0.021,umap,
lobbyist_143627,DOROTHY CLARK,-0.1056,0.5479,umap,
lobbyist_7922,JOCELYN LOWE,0.3482,-0.1129,umap,
lobbyist_35257,RENE CAMPOS,-0.1122,-0.0889,umap,
lobbyist_54906,DAVID BOYER,0.071,-0.1889,umap,
lobbyist_68814,BRIAN MCMILLAN,0.1775,-0.9957,umap,no_issue_data
lobbyist_68959,ROBERT EHRICH,0.9961,-0.5489,umap,no_issue_data
lobbyist_70896,JOSHUA BLUME,0.5393,0.107,umap,
lobbyist_93684,JOSEPH CORTINA,-0.1004,0.0858,umap,
lobbyist_103011,AMY SMITH,-0.2787,0.9906,umap,no_issue_data
lobbyist_142654,CHARLES YESSAIAN,-0.2754,0.9877,umap,no_issue_data
lobbyist_144922,ANNIE D'AMATO,0.0986,0.0012,umap,
lobbyist_147096,KENNETH BARBIC,0.2999,0.0023,umap,
lobbyist_66337,ELLIOT WILLIAMS,-0.1132,-0.0437,umap,
lobbyist_69005,RICK LIMARDO,-0.7853,-0.6219,umap,no_issue_data
lobbyist_72467,BRIAN BARNARD,0.086,0.1396,umap,
lobbyist_107429,JOSH NARROW,-0.0237,-0.2802,umap,
lobbyist_109277,JAMES GLUECK,0.3091,0.0217,umap,
lobbyist_139767,MIKE CONAWAY,0.2934,-0.0096,umap,
lobbyist_140323,KATHERINE MCGUIRE,-0.1151,0.3,umap,
lobbyist_141087,LUCAS GORAK,0.0366,-0.0623,umap,
lobbyist_141802,JORDAN COOPER,0.1267,0.4266,umap,
lobbyist_2314,CATRIONA MACDONALD,-0.1846,0.0091,umap,
lobbyist_48281,JIM SOURWINE,0.4664,-0.0968,umap,
lobbyist_62401,CHRISTOPHER CONDELUCI,-0.1054,0.5479,umap,
lobbyist_63638,HOWARD BERMAN,0.0657,-0.0488,umap,
lobbyist_67087,SUSHANT SINHA,-0.0791,-0.1442,umap,
lobbyist_71519,ANNE DUDRO,0.9982,-0.5458,umap,no_issue_data
lobbyist_93452,MICHAEL DANKLER,0.0698,-1e-04,umap,
lobbyist_121814,JOHN GRAVES,-0.7572,0.8278,umap,no_issue_data
lobbyist_144883,MIKAYLA MARCUM,0.0628,-0.01,umap,
lobbyist_15502,TAMARA BROWNE,-0.9957,-0.1994,umap,no_issue_data
lobbyist_49972,GREG SCHILDWACHTER,0.3486,0.0748,umap,
lobbyist_63304,LAUREN STURGEON,0.0128,0.1065,umap,
lobbyist_69234,AMY ANDRYSZAK,0.0116,0.0149,umap,
lobbyist_69547,NICK SUTTER,0.0403,0.0006,umap,
lobbyist_69574,WILLIAM HULSE,-0.1347,-0.6303,umap,
lobbyist_105637,JANA BARRESI,-0.7854,-0.6218,umap,no_issue_data
lobbyist_141329,CHRISTY WOODRUFF,0.1964,-0.0591,umap,
lobbyist_146945,STEVEN WALL,0.0912,-0.0735,umap,
lobbyist_46795,MARK CASSO,-0.1169,0.2996,umap,
lobbyist_67446,BRIAN DITTMEIER,-0.2786,0.9907,umap,no_issue_data
lobbyist_70449,MATTHEW FURLOW,-0.1346,-0.6303,umap,
lobbyist_74492,JACK LIVINGSTON,-0.5194,-0.4965,umap,
lobbyist_107635,JOSHUA BROWN,-0.52,-0.2726,umap,
lobbyist_121820,MATT SCHERTZ,0.3178,-0.0115,umap,
lobbyist_141402,GARRETT LUKKEN,-0.1064,-0.1461,umap,
lobbyist_147962,JIM BRIDENSTINE,-0.03,-0.0998,umap,
lobbyist_148333,THEODORE TANZER,0.0547,0.0043,umap,
lobbyist_39814,DAVID RUSSELL,-0.0485,0.2172,umap,
lobbyist_41156,LUTHER MARKWART,0.3362,0.0208,umap,
lobbyist_54948,HEATHER HENNESSEY,0.9971,-0.5498,umap,no_issue_data
lobbyist_58987,NORMAN DICKS,-0.0015,-0.0688,umap,
lobbyist_62674,JAMES CREEVY,0.9945,-0.5474,umap,no_issue_data
lobbyist_64895,ANNE FABRY,0.9998,-0.5523,umap,no_issue_data
lobbyist_66899,CARLY MCCALLIE,0.2903,0.0599,umap,
lobbyist_68239,DAVID PUGACH,-0.7854,-0.6217,umap,no_issue_data
lobbyist_71645,SEAN MCREYNOLDS,-0.5998,0.6586,umap,no_issue_data
lobbyist_73011,SARAH-LLOYD STEVENSON,0.0502,-0.1968,umap,
lobbyist_73134,CHRIS HALL,-0.9506,0.2699,umap,no_issue_data
lobbyist_106085,JESSICA FREND,-0.7572,0.8277,umap,no_issue_data
lobbyist_142248,TROY STOCK,0.057,0.0542,umap,
lobbyist_148825,DON ANDRES,0.0946,-0.0551,umap,
lobbyist_52115,DANIEL BATES,0.2135,0.0075,umap,
lobbyist_70741,MEGAN DAPPER,0.3375,0.0237,umap,
lobbyist_72013,BENJAMIN DUNHAM,0.2083,0.1662,umap,
lobbyist_73439,KAITLYNN GLOVER,0.3427,0.0257,umap,
lobbyist_141979,RON KIND,0.0647,-0.0073,umap,
lobbyist_40868,STEVEN WOLFE,0.1776,-0.9957,umap,no_issue_data
lobbyist_63018,TRACY ZEA,0.3105,0.5763,umap,
lobbyist_67178,MIKE BIAGI,-0.9506,0.2699,umap,no_issue_data
lobbyist_67277,DAVID AROUCA,0.221,0.0728,umap,
lobbyist_69537,DEEPTI KULKARNI,-0.7839,-0.6197,umap,no_issue_data
lobbyist_71079,JOSEPH NAHRA,0.0417,-0.1629,umap,
lobbyist_72089,STEPHEN LIEBERMAN,-0.9956,-0.1995,umap,no_issue_data
lobbyist_79364,KAI HIRABAYASHI,0.6121,0.502,umap,
lobbyist_61587,CHRISTOPHER D'ARCY,-0.7572,0.8278,umap,no_issue_data
lobbyist_67991,LAUREN BROOKMEYER,-0.0634,-0.1433,umap,
lobbyist_68006,RYLIN RODGERS,-0.7833,-0.6187,umap,no_issue_data
lobbyist_68094,JAMIE MATESE,0.9961,-0.5493,umap,no_issue_data
lobbyist_68697,JOSH PITRE,-0.023,-0.1349,umap,
lobbyist_139168,YANET BRUNET PEREZ,0.0098,0.0028,umap,
lobbyist_141434,CORY HARRIS,0.1084,-0.2013,umap,
lobbyist_3004,KELLY JOHNSON,-0.7847,-0.6222,umap,no_issue_data
lobbyist_18401,JADE WEST,0.1774,-0.9959,umap,no_issue_data
lobbyist_41218,STEPHEN KHO,0.0719,-0.0057,umap,
lobbyist_66790,JENNIFER STEGER,0.0583,-0.2251,umap,
lobbyist_68900,AUSTIN ROBERTS,0.0519,-0.2356,umap,
lobbyist_69021,KURT KOVARIK,-0.6027,0.6617,umap,
lobbyist_70254,HOPE HURLEY,0.0991,-0.1782,umap,
lobbyist_70395,JEFF EVANS,-0.9506,0.2699,umap,no_issue_data
lobbyist_71197,LAURA SIEGRIST,-0.4225,-0.1367,umap,
lobbyist_72640,BRENT BOMBACH,-0.9481,0.2717,umap,no_issue_data
lobbyist_115060,LIZ FORTUNATO,-0.9142,0.2703,umap,
lobbyist_118170,JUAN MACHADO,0.0439,-0.3114,umap,
lobbyist_139689,TIFFANY SHACKELFORD,-0.1207,0.3052,umap,
lobbyist_139940,ROBERT JACKSON,-0.3513,-0.0449,umap,
lobbyist_140890,ELIZABETH NOLL,0.1126,0.0155,umap,
lobbyist_148205,JESUS HERNANDEZ,0.6121,0.502,umap,
lobbyist_148916,CAROLINE RAFFERTY,-0.0571,0.0669,umap,
lobbyist_68717,ARON GRIFFIN,-0.2034,-0.0413,umap,
lobbyist_100694,ANKIT DESAI,-0.1927,-0.1215,umap,
lobbyist_101440,DANIEL ARCHER,0.0737,0.0946,umap,
lobbyist_107388,DANIEL WEST,-0.1197,0.2987,umap,
lobbyist_144839,ALICE LUGO,0.0169,-0.0417,umap,
lobbyist_147266,BENJAMIN STAUB,0.0328,-0.0592,umap,
lobbyist_147905,STACEY LEAVANDOSKY,0.041,-0.073,umap,
lobbyist_27574,STEVEN HEUER,-0.5998,0.6585,umap,no_issue_data
lobbyist_68294,AMY ROSENBAUM,0.5573,0.407,umap,
lobbyist_69433,JESSICA CAMERON,0.0007,0.0002,umap,
lobbyist_70202,PHILIP SWARTZFAGER,-0.2784,0.9905,umap,no_issue_data
lobbyist_74500,ROBERT NEAL,-0.5194,-0.4965,umap,
lobbyist_106986,CAROLINE POWERS,0.3564,-0.283,umap,
lobbyist_107372,JOSEPH KING,-0.09,-0.2936,umap,
lobbyist_121854,ROBERT CURIS,0.1774,-0.9959,umap,no_issue_data
lobbyist_139079,ANDREW VLASATY,0.3013,0.0004,umap,
lobbyist_139541,JOSEPH FAWKNER,0.0719,0.002,umap,
lobbyist_140790,ANTHONY REED,0.0866,-0.146,umap,
lobbyist_141855,MICHAEL DOYLE,-0.2128,0.0386,umap,
lobbyist_29856,ERIN LANE,-0.0654,-0.1499,umap,
lobbyist_52683,ROCHONDA FARMER-NEAL,0.1787,-0.9951,umap,no_issue_data
lobbyist_64789,LEELA BAGGETT,0.0503,-0.2081,umap,
lobbyist_114253,THOMAS BUSH,-0.0268,-0.0741,umap,
lobbyist_139214,SHELLY MARC,0.9033,-0.0049,umap,
lobbyist_141944,VANESSA VALDEZ,0.4736,-0.5773,umap,
lobbyist_143705,ADRIANNA WILLIAMS,0.1213,-0.0569,umap,
lobbyist_145216,ELIZABETH CARROLL,0.9041,-0.005,umap,
lobbyist_60660,LAUREN BROCCOLI,-0.0159,-0.1249,umap,
lobbyist_62290,CASEY ELLIOTT,0.1355,0.1206,umap,
lobbyist_64181,BEETA RASOULI,0.0154,-0.1275,umap,
lobbyist_68272,MATTHEW CHILLER,0.282,0.148,umap,
lobbyist_68787,DOUGLAS DISTASO,0.1953,-0.1621,umap,
lobbyist_70428,REBECCA STEELE,0.0506,0.0633,umap,
lobbyist_72554,MARK MURRAY,-0.7858,-0.6211,umap,no_issue_data
lobbyist_102039,CHAD TOKOWICZ,-0.9478,0.272,umap,no_issue_data
lobbyist_116503,MICHAEL ERLANDSON,-0.7853,-0.6216,umap,no_issue_data
lobbyist_142282,BRETT FULCER,-0.9957,-0.1994,umap,no_issue_data
lobbyist_142803,MICHAEL SORENSEN,0.0217,-0.1186,umap,
lobbyist_148053,JOHN ROBERTI,-0.0819,-0.1278,umap,
lobbyist_44206,RACHEL ROBINSON,0.179,-0.9948,umap,no_issue_data
lobbyist_50222,KEVIN DEMPSEY,-0.784,-0.623,umap,no_issue_data
lobbyist_60142,ROSS MARADIAN,0.2935,0.1331,umap,
lobbyist_68303,DAVID MARIN,-0.1124,0.0935,umap,
lobbyist_69871,CORTNEY BUSH,0.9963,-0.5491,umap,no_issue_data
lobbyist_72203,AMIRAH SALAAM,-0.1784,-0.0522,umap,
lobbyist_102296,DYLAN TUREFF,0.9956,-0.5485,umap,no_issue_data
lobbyist_106394,WALDO MCMILLAN,0.2655,-0.2017,umap,
lobbyist_107379,PATRICK CURRIER,0.1871,0.1571,umap,
lobbyist_138371,ADAM FISCHER,0.2852,0.0627,umap,
lobbyist_142419,SAUL HERNANDEZ,0.065,-0.0425,umap,
lobbyist_144814,NEIL MCKIERNAN,-0.0796,-0.1266,umap,
lobbyist_147906,KAADE WALLACE,0.0449,-0.0731,umap,
lobbyist_36428,DAVID BAUER,-0.0867,-0.0031,umap,
lobbyist_51176,NICHOLAS LEIBHAM,-0.0306,-0.0875,umap,
lobbyist_67865,KYLE GILSTER,0.1099,-0.0647,umap,
lobbyist_70626,JOY MCGLAUN,0.5573,0.407,umap,
lobbyist_103799,MARGARET RANDOLPH,0.0751,-0.2399,umap,
lobbyist_149001,RICHARD BURR,0.0237,-0.1225,umap,
lobbyist_3748,BRUCE MORRISON,0.0347,-0.0605,umap,
lobbyist_56808,KRISTEN GULLOTT,-0.2779,0.9932,umap,no_issue_data
lobbyist_57610,KAREN STONE,0.5963,0.1778,umap,
lobbyist_62562,DARIS MEEKS,-0.1116,-0.0907,umap,
lobbyist_63199,MICHAEL SCRIVNER,0.1789,-0.9949,umap,no_issue_data
lobbyist_63507,AMBER FAHY,0.0905,-0.1465,umap,
lobbyist_66478,JONATHAN MASON,0.4876,-0.3927,umap,
lobbyist_68172,STEPHANIE MARTZ,0.6115,0.5015,umap,
lobbyist_68553,THOMAS SCULLY,0.0716,-0.2235,umap,
lobbyist_69317,MARK PRATER,-0.0358,-0.0031,umap,
lobbyist_69937,MAURA KANTAKEVICH,-0.3819,-0.6182,umap,
lobbyist_70611,ZACK MARSHALL,0.0663,-0.1199,umap,
lobbyist_70627,CHRIS PRENDERGAST,0.0738,0.0272,umap,
lobbyist_71396,ROBIN BOWEN,0.2773,0.0004,umap,
lobbyist_75424,DANA COLARULLI,0.0593,-0.0239,umap,
lobbyist_80338,JONAS NEIHARDT,-0.9972,-0.1997,umap,no_issue_data
lobbyist_138343,COLLEEN BELL,0.0204,-0.0117,umap,
lobbyist_140101,REBEKAH RODRIGUEZ,0.4489,0.1435,umap,
lobbyist_144179,ROBERT GARDNER,0.2871,-0.133,umap,
lobbyist_46068,JESSICA HOGLE,0.4736,-0.5773,umap,
lobbyist_66861,CHRISTOPHER MANSON,0.3281,-0.3032,umap,
lobbyist_67742,JOEL LEFTWICH,0.2983,0.0042,umap,
lobbyist_69573,BRODY GARLAND,0.0966,-0.047,umap,
lobbyist_69904,SHARON HARDIE,-0.7573,0.8277,umap,no_issue_data
lobbyist_71453,CORY TITUS,-0.1122,-0.0889,umap,
lobbyist_75019,HAYDEN ROGERS,0.3166,0.0834,umap,
lobbyist_83585,TIMOTHY URSPRUNG,0.0752,-0.2398,umap,
lobbyist_136386,JENNIFER SILVA,0.1369,0.1254,umap,
lobbyist_139075,JOE MARINELLI,0.1521,-0.0447,umap,
lobbyist_144507,KHLOE GREENWOOD,0.0858,0.1393,umap,
lobbyist_145280,JENNY DEBERRY,-0.9964,-0.1991,umap,no_issue_data
lobbyist_7617,CODY LUSK,-0.7573,0.8278,umap,no_issue_data
lobbyist_58508,CAROLYN APOSTOLOU,-0.7573,0.8277,umap,no_issue_data
lobbyist_65412,STEPHEN AARON,0.0163,0.0008,umap,
lobbyist_73871,DANIEL KENIRY,-0.7836,-0.6188,umap,no_issue_data
lobbyist_93239,W. PATRICK WILSON,-0.2259,-0.2098,umap,
lobbyist_98963,MICHAEL KELLEY,-0.7851,-0.6218,umap,no_issue_data
lobbyist_121816,JEFF SHOCKEY,-0.5194,-0.4965,umap,
lobbyist_139232,MICHAEL LEAHY,0.4651,0.0065,umap,
lobbyist_141780,CHRIS HUCKLEBERRY,0.0712,-0.2066,umap,
lobbyist_145627,AUSTIN AGRELLA,-0.1224,-0.1403,umap,
lobbyist_151243,MICHAEL BURLEY,0.0475,-0.0534,umap,
lobbyist_43279,TED HOLLINGSWORTH,0.2792,0.1757,umap,
lobbyist_63726,LUIS FORTUNO,0.02,-0.0853,umap,
lobbyist_64504,AUTUMN PRICE,-0.1056,0.5479,umap,
lobbyist_65052,SARAH BLACKWOOD,0.1697,-0.0672,umap,
lobbyist_66324,ARJUN MODY,0.0347,-0.0253,umap,
lobbyist_66818,JASON OSBORNE,-0.1556,-0.2316,umap,
lobbyist_70409,LAUREN RUBIN,0.0066,0.0062,umap,
lobbyist_70660,MORGAN SCHREURS,0.1843,-0.0378,umap,
lobbyist_73272,CHRIS JAHN,0.7134,0.1822,umap,
lobbyist_138696,NICHOLAS ORNSTEIN,0.0758,0.062,umap,
lobbyist_141340,ELLIE CLANCY,0.1125,0.0155,umap,
lobbyist_141621,MICHAEL RUBINO,-0.2201,0.1612,umap,
lobbyist_143749,GEORGE BUTTERFIELD,0.0666,-0.1364,umap,
lobbyist_149532,WILL BREWSTER,-0.029,-0.087,umap,
lobbyist_149638,CHRISTOPHER INGRAHAM,-0.0298,-0.0964,umap,
lobbyist_57530,FRANCIS TURNER,-0.9479,0.2716,umap,no_issue_data
lobbyist_60195,BETHANY BASSETT,-0.0152,-0.0863,umap,
lobbyist_68817,EMILY MUELLER,-0.5997,0.6586,umap,no_issue_data
lobbyist_69684,SPENCER WAYNE,0.0788,0.032,umap,
lobbyist_71003,MARK LUKASZEWSKI,-0.7573,0.8277,umap,no_issue_data
lobbyist_72653,KAREN RUEDISUELI,-0.1122,-0.0888,umap,
lobbyist_139684,MAX FRANKEL,0.1271,0.0278,umap,
lobbyist_140727,KRISTOFER CARLSON,-0.31,-0.0491,umap,
lobbyist_146654,ASHLEY SMITH,0.3081,0.0226,umap,
lobbyist_52654,LEROY NIX,-0.0892,-0.231,umap,
lobbyist_62373,DAVID CALABRESE,0.2106,0.1689,umap,
lobbyist_64483,CHRISTOPHER ECKHOLD,0.086,0.0147,umap,
lobbyist_65534,ED MCCLELLAN,0.0687,-0.1175,umap,
lobbyist_66434,DAVID ELIN,0.0071,0.1837,umap,
lobbyist_71041,AUSTIN BONE,0.5388,0.1064,umap,
lobbyist_72429,SARAH KILLEEN,0.4815,-0.397,umap,
lobbyist_80342,CHRISTOPHER MORTON,0.9961,-0.5481,umap,no_issue_data
lobbyist_100549,CHRISTOPHER WALL,-0.7851,-0.6217,umap,no_issue_data
lobbyist_145609,JOHN DOWD,-0.0326,-0.1228,umap,
lobbyist_145914,DANIEL BLACK,0.2056,0.1532,umap,
lobbyist_9119,MARC CADIN,-0.0465,0.1464,umap,
lobbyist_46621,MICHAEL EVANS,0.0303,0.0046,umap,
lobbyist_49006,DANIEL MEYER,0.0552,-0.0582,umap,
lobbyist_57289,STEPHANIE DAIGLE,0.4458,0.1566,umap,
lobbyist_64081,ERIN SIEFRING,-0.2795,0.9917,umap,no_issue_data
lobbyist_64868,PHILIP MOORE,0.2181,0.0655,umap,
lobbyist_65576,MICHAEL LAMOUREUX,0.0951,-0.1557,umap,
lobbyist_66602,JAMES HAYES,-0.1288,-0.1218,umap,
lobbyist_92664,MATTHEW HITTLE,0.0619,-0.1332,umap,
lobbyist_141630,AMY LOVENG,0.2986,0.0542,umap,
lobbyist_145585,RACHEL PORTMAN,0.0205,-0.1196,umap,
lobbyist_145705,ROXANA KEESLER,-0.1456,-0.1359,umap,
lobbyist_145922,REBECCA GANSCA,-0.0014,-0.0706,umap,
lobbyist_148928,ALEXANDER GRAF,0.0745,-0.1849,umap,
lobbyist_148995,TIMOTHY COSTA,0.0656,-0.1061,umap,
lobbyist_150052,ERIN MENDELSOHN,0.0467,-0.1545,umap,
lobbyist_39815,MATT JESSEE,0.0476,-0.1512,umap,
lobbyist_60704,MARIAH SIXKILLER,-0.0715,0.6547,umap,
lobbyist_61589,ROBERT STIEN,0.2667,-0.2086,umap,
lobbyist_68961,JILL SHAPIRO,-0.1282,-0.122,umap,
lobbyist_69585,AARON FRAZIER,-0.7873,-0.6177,umap,no_issue_data
lobbyist_69995,GEOFF WERTH,0.0713,-0.2465,umap,
lobbyist_72087,DONALD OVERTON,-0.5999,0.6584,umap,no_issue_data
lobbyist_73407,ELI GREENSPAN,0.0464,-0.1835,umap,
lobbyist_79253,KIM HAYS,-0.1192,0.1014,umap,
lobbyist_139490,JENNIFER MILLER,-0.5194,-0.4965,umap,
lobbyist_145314,JOSEPH SCHWAN,0.303,-0.2907,umap,
lobbyist_147301,JASON FRYE,-0.9979,-0.2003,umap,no_issue_data
lobbyist_149049,TRACIE POUGH,0.1284,-0.051,umap,
lobbyist_149639,MARK PILAND,-0.0367,-0.0944,umap,
lobbyist_26216,RICHARD JULIANO,-0.0868,-0.0032,umap,
lobbyist_41504,VIC FAZIO,0.0552,-0.0453,umap,
lobbyist_51668,PAMELA TURNER,0.0774,-0.0363,umap,
lobbyist_57879,JOHN STIRRUP,-0.2777,0.9934,umap,no_issue_data
lobbyist_65132,DANIEL MERRY,-0.1136,-0.0876,umap,
lobbyist_68228,MAURA FARRELL,0.4853,-0.3941,umap,
lobbyist_69999,JOHN LADD,0.0234,0.3303,umap,
lobbyist_70126,JAMIE GILLESPIE,-0.9513,0.2697,umap,no_issue_data
lobbyist_78218,KAITLIN SIGHINOLFI,0.2084,0.1625,umap,
lobbyist_105860,ADRIAN BOAFO,-0.6003,0.6594,umap,no_issue_data
lobbyist_139060,NAOMIE DROLL,0.1482,0.1062,umap,
lobbyist_140756,MOLLY O'LEARY,-0.1122,-0.0916,umap,
lobbyist_141628,MARY O'DEA ALLEN,0.9965,-0.5477,umap,no_issue_data
lobbyist_44153,KATHLEEN MCAULIFFE,0.0502,-0.1156,umap,
lobbyist_64731,LUCIANO HAYDEN,-0.6009,0.6596,umap,no_issue_data
lobbyist_66415,DUSTIN TODD,0.6121,0.502,umap,
lobbyist_69909,EDWARD HILL,0.0648,-0.1028,umap,
lobbyist_72478,ELIZABETH REICHERTS,-0.2803,0.9931,umap,no_issue_data
lobbyist_87055,CALLAN SMITH,0.0558,-0.1994,umap,
lobbyist_141792,RENEE MISSAKIAN,-0.5965,0.662,umap,no_issue_data
lobbyist_141793,JOHN BASMAJIAN,-0.7854,-0.6207,umap,no_issue_data
lobbyist_145927,NICHOLAS VANCE,-0.0173,-0.1036,umap,
lobbyist_149579,DANIEL CHEEVER,0.1146,-0.0164,umap,
lobbyist_22811,PATRICIA FIRST,0.1823,-0.992,umap,no_issue_data
lobbyist_49359,ANDREW COLOSIMO,0.1881,0.0291,umap,
lobbyist_51334,MICHAEL MCHUGH,0.2699,-0.2149,umap,
lobbyist_51898,ROMY GELB-ZIMMER,0.4878,-0.3926,umap,
lobbyist_58935,YVETTE FONTENOT,0.0752,-0.1942,umap,
lobbyist_66047,PATRICK KIRBY,0.0686,-0.1165,umap,
lobbyist_66260,ZACHARY MEARS,0.1488,-0.0454,umap,
lobbyist_66572,JEAN DOYLE,-0.0488,-0.0447,umap,
lobbyist_69346,GEORGE CALLAS,-0.0004,0.0072,umap,
lobbyist_70435,ELIZABETH HERMAN,-0.0103,0.2946,umap,
lobbyist_71210,MISSYE BRICKELL,-0.6009,0.6594,umap,no_issue_data
lobbyist_71640,ANGELA EBINER,0.1757,0.0279,umap,
lobbyist_74012,CHARLES WHITE,-0.1198,0.3033,umap,
lobbyist_104124,ZACHARY RADFORD,-0.5998,0.6591,umap,no_issue_data
lobbyist_140037,NORMAN CAROSELLA,-0.7852,-0.6215,umap,no_issue_data
lobbyist_140573,KELLY HITCHCOCK,-0.0503,0.0418,umap,
lobbyist_142904,STEVE CHARTAN,0.0797,-0.0334,umap,
lobbyist_145307,COURTNEY MILLER,0.1111,-0.0608,umap,
lobbyist_146692,MICHAEL FALENCKI,0.123,-0.052,umap,
lobbyist_16824,DANIEL MUROFF,1.0,-0.5509,umap,no_issue_data
lobbyist_52857,C JULIET PITTMAN,-0.9491,0.2708,umap,no_issue_data
lobbyist_61006,PATRICIA REILLY,0.1682,-0.6088,umap,
lobbyist_63424,RACHEL LEVY,-0.2494,-0.5328,umap,
lobbyist_64769,MICHAEL WASSER,-0.6004,0.6585,umap,no_issue_data
lobbyist_64833,MICHELLE SEGER,0.0571,-0.2018,umap,
lobbyist_68557,GABRIEL MASER,0.282,0.1481,umap,
lobbyist_71897,WHITNEY RIGGS,-0.28,0.993,umap,no_issue_data
lobbyist_115131,TYLER WILSON,0.9995,-0.5452,umap,no_issue_data
lobbyist_141593,THOMAS KAHN,0.4625,-0.2138,umap,
lobbyist_147866,JOSEPH ORLANDO,0.0466,-0.0446,umap,
lobbyist_5826,LOUIS DUPART,0.1628,-0.0067,umap,
lobbyist_40395,BRETT O'BRIEN,0.1377,0.5873,umap,
lobbyist_59091,SARA HOPPER,0.3031,0.0393,umap,
lobbyist_64898,JEFFREY ZIARKO,0.0032,0.0823,umap,
lobbyist_65501,ROMAN GONZALES,-0.0944,-0.1389,umap,
lobbyist_68413,RANDA FAHMY,-0.9494,0.2715,umap,no_issue_data
lobbyist_80431,KIRA ALVAREZ,-0.52,-0.2726,umap,
lobbyist_96857,DAVID GROSSO,0.0163,-0.1018,umap,
lobbyist_107290,SHAWN BLOCH,0.0623,-0.0797,umap,
lobbyist_121949,ELIZABETH STULBERG,-0.0148,-0.1309,umap,
lobbyist_138571,CHRISTOPHER BERARDINI,0.2736,-0.2167,umap,
lobbyist_139698,LOIS MOORE,0.3479,-0.1126,umap,
lobbyist_140527,EMINENCE GRIFFIN,-0.7573,0.8276,umap,no_issue_data
lobbyist_141412,JOLEEN RIVERA,0.6121,0.502,umap,
lobbyist_141633,REBECKAH ADCOCK,-0.351,-0.0441,umap,
lobbyist_143455,BENJAMIN VONACHEN,-0.1156,0.3001,umap,
lobbyist_146108,ANN DURAND,-0.2767,0.9948,umap,no_issue_data
lobbyist_146147,PETER ENGEL,-0.0451,-0.0959,umap,
lobbyist_149053,ALEX GALLO,-0.0557,-0.1115,umap,
lobbyist_5039,JOHN HOLSCLAW,0.0711,-0.1258,umap,
lobbyist_28833,STEVEN RADKE,-0.9982,-0.2006,umap,no_issue_data
lobbyist_49187,MATTHEW HAWTHORNE,-0.278,0.995,umap,no_issue_data
lobbyist_57952,NELEEN EISINGER,-0.023,-0.2781,umap,
lobbyist_59073,CATLIN O'NEILL,0.9041,-0.005,umap,
lobbyist_61219,MICHAEL LIPTAK,-0.5999,0.659,umap,no_issue_data
lobbyist_64475,JOSHUA GREENE,0.2777,0.0656,umap,
lobbyist_66539,CHRISTOPHER GAHAN,-0.2778,0.9916,umap,no_issue_data
lobbyist_70421,GREG FOGEL,-0.9475,0.2721,umap,no_issue_data
lobbyist_72304,NICOLAS MUZIN,0.1324,-0.0098,umap,
lobbyist_74761,STANLEY WHITE,-0.6,0.6589,umap,no_issue_data
lobbyist_93778,KAMAL PATEL,-0.04,-0.1176,umap,
lobbyist_139225,GEORGE SHEVLIN,0.0686,-0.5269,umap,
lobbyist_139652,RYAN JACKSON,0.3162,0.083,umap,
lobbyist_144422,ERIK BERDY,0.0692,-0.1671,umap,
lobbyist_145802,NIKOLE BURROUGHS,0.0445,-0.0754,umap,
lobbyist_53593,ERIKA KELLY,-0.3514,-0.0436,umap,
lobbyist_56745,LAURA EUGSTER DOYLE,-0.278,0.9938,umap,no_issue_data
lobbyist_57667,JOHN RAINBOLT,0.2968,0.0536,umap,
lobbyist_62993,KELLY BROUGHAN,-0.05,-0.0457,umap,
lobbyist_63458,KRISTEN MCGOVERN,0.2725,-0.503,umap,
lobbyist_64773,DAN SCANDLING,-0.7573,0.8276,umap,no_issue_data
lobbyist_68067,DANIEL WOLF,0.249,0.0306,umap,
lobbyist_68119,MARIANA ACUNA,0.0401,-0.1091,umap,
lobbyist_68206,ARIEL LEVIN,0.0246,-0.3083,umap,
lobbyist_68223,BRENDAN KELSAY,-0.0394,0.1543,umap,
lobbyist_69891,CARA MOON,-0.2766,0.9917,umap,no_issue_data
lobbyist_121672,SARAH MERCHAK,0.0155,-0.0014,umap,
lobbyist_139845,ANNMARIE CONBOY-DEPASQUALE,-0.0588,0.061,umap,
lobbyist_141213,ROBERT GALLAGHER,0.1807,-0.9934,umap,no_issue_data
lobbyist_141384,SONIA GILL,0.9041,-0.005,umap,
lobbyist_142127,CHARLES LADD,-0.0857,-0.1306,umap,
lobbyist_144191,ALEXANDER ORTIZ,-0.0273,-0.0875,umap,
lobbyist_147573,MAXWELL HUNTLEY,-0.0225,-0.0797,umap,
lobbyist_46352,MICHAEL BOPP,-0.3574,-0.4086,umap,
lobbyist_50331,BRETT SMITH,-0.9483,0.2696,umap,no_issue_data
lobbyist_57802,GREG THOMAS,-0.1809,-0.0511,umap,
lobbyist_63490,SHERYL WILKERSON,-0.6044,0.6549,umap,no_issue_data
lobbyist_65769,JENNIFER TYREE,0.1884,-0.0765,umap,
lobbyist_70871,DAVID COBB,-0.7581,0.8308,umap,
lobbyist_71012,MELISSA WOODRUFF,-0.9983,-0.1973,umap,no_issue_data
lobbyist_73220,CAROLINE QUAT,0.1792,-0.9947,umap,no_issue_data
lobbyist_138786,GREGG ELIAS,0.055,-0.0969,umap,
lobbyist_140956,EMMA EKMAN,0.1698,-0.028,umap,
lobbyist_144718,EVERETT EISSENSTAT,0.0752,0.0023,umap,
lobbyist_144790,JESSE MCCOLLUM,0.1415,0.5989,umap,
lobbyist_148900,AISLING MCDONOUGH,0.0792,-0.1816,umap,
lobbyist_152938,MUHAMMAD RAHIM,0.0417,-0.0521,umap,
lobbyist_50101,ROGER FLEMING,-0.1557,-0.2316,umap,
lobbyist_60287,ROHIT KUMAR,-0.0274,-0.0012,umap,
lobbyist_62492,MATT HAWKINS,0.0492,-0.0835,umap,
lobbyist_65053,RORY MURPHY,0.0718,0.0098,umap,
lobbyist_68550,SETH WAUGH,0.9966,-0.5494,umap,no_issue_data
lobbyist_68910,KELLY FERGUSON,0.0598,-0.2036,umap,
lobbyist_70982,SUSIE GORDEN,-0.0163,0.105,umap,
lobbyist_72935,ROSCOE JONES,-0.3574,-0.4086,umap,
lobbyist_103391,GLORIA WALKER,0.041,-0.0768,umap,
lobbyist_114118,PETER GORDON,-0.2787,0.9931,umap,no_issue_data
lobbyist_144362,RICHARD EDDINGS,0.2741,0.0367,umap,
lobbyist_146096,MOLLY CAREY,-0.949,0.2707,umap,no_issue_data
lobbyist_148840,ANDREW ROBRENO,0.3509,-0.1136,umap,
lobbyist_7466,JANET ANDERSON,0.1348,0.0236,umap,
lobbyist_15827,JOHN RYAN,-0.9148,0.2704,umap,
lobbyist_58655,CHRISTOPHER BOND,0.189,-0.0042,umap,
lobbyist_59092,MERL ETHINGTON,0.1755,-0.9916,umap,no_issue_data
lobbyist_64468,ROBERT ALSPACH,-0.0228,-0.2784,umap,
lobbyist_64711,TODD METCALF,-0.0347,-0.0027,umap,
lobbyist_67242,SPENCER ABRAHAM,0.2888,-0.135,umap,
lobbyist_69788,THOMAS MICHELS,-0.3823,-0.6186,umap,
lobbyist_70498,JENNIFER SCHNEIDER,0.2662,-0.2135,umap,
lobbyist_70703,MATTHEW WISE,0.1711,0.1556,umap,
lobbyist_71271,"ALEXANDER (""ANDER"") CRENSHAW",0.0658,-0.1951,umap,
lobbyist_71529,DOUG HALL,0.0029,-0.0741,umap,
lobbyist_72074,DOUG SCHWARTZ,0.0497,-0.0192,umap,
lobbyist_83262,AMY WILLIAMS NAVARRO,0.0914,0.1958,umap,
lobbyist_106347,KATHLEEN BEALE,0.0706,0.0054,umap,
lobbyist_110549,SHARON ESHELMAN,-0.0284,-0.1171,umap,
lobbyist_114254,CATHERINE SADLER,-0.0258,-0.0734,umap,
lobbyist_116601,KATY NAZARETOVA,-0.0714,0.6544,umap,
lobbyist_137903,DAVID FERREIRA,0.3267,-0.0401,umap,
lobbyist_140322,MARY CORDES,-0.9984,-0.1974,umap,no_issue_data
lobbyist_140799,KATHERINE FLOCKEN,-0.1142,0.0956,umap,
lobbyist_144108,LILY ISRAEL,0.9977,-0.5503,umap,no_issue_data
lobbyist_146840,NONA MCCOY,0.3017,0.0268,umap,
lobbyist_147946,KEVIN GLUBA,-0.7574,0.8276,umap,no_issue_data
lobbyist_150406,MEGHAN TAIRA,-0.0006,0.01,umap,
lobbyist_16166,CHARLES JELLOIAN,0.1818,-0.9946,umap,no_issue_data
lobbyist_23459,JAMES MENDENHALL,0.2549,-0.2159,umap,
lobbyist_60591,BURTON ELLER,-0.952,0.269,umap,no_issue_data
lobbyist_60929,KALEB FROEHLICH,0.137,0.0228,umap,
lobbyist_67914,GARY GALLANT,-0.7573,0.8275,umap,no_issue_data
lobbyist_69183,EMILY VAUGHAN,0.0903,-0.1463,umap,
lobbyist_69436,KYLE MATOUS,0.318,-0.0455,umap,
lobbyist_71901,BRENDON PLACK,-0.4052,0.3112,umap,
lobbyist_106111,MATTHEW STROIA,-0.785,-0.6213,umap,no_issue_data
lobbyist_139151,QUINCY CUNNINGHAM,0.3404,0.0234,umap,
lobbyist_139207,DIMPLE SHAH,0.2584,0.01,umap,
lobbyist_139974,VENKATASATYA KROVI,0.0287,-0.0371,umap,
lobbyist_141399,ERICA LEFAIVE,-0.5194,-0.4965,umap,
lobbyist_142892,LUKE ALBERT,0.0675,-0.1829,umap,
lobbyist_143286,JESSICA HATCHER,0.0542,-0.2,umap,
lobbyist_143327,KRISTI MILLER,0.2142,0.4615,umap,
lobbyist_49790,JIM TWADDELL,0.0431,-0.1877,umap,
lobbyist_55427,ARIEL WOLF,0.282,-0.1303,umap,
lobbyist_64210,CALLIE HICKOX,0.0584,-0.1229,umap,
lobbyist_70244,BYRON BROWN,0.0229,-0.053,umap,
lobbyist_70775,SHANE WARREN,0.5393,0.107,umap,
lobbyist_71065,REGINA MAHONY,-0.2772,0.995,umap,no_issue_data
lobbyist_71192,SEAN DUGAN,-0.2034,-0.0413,umap,
lobbyist_71313,KRISTIN SMITH,-0.2744,0.9974,umap,no_issue_data
lobbyist_73875,JASON EVERETT,0.6121,0.502,umap,
lobbyist_79069,JENNIFER GALLAGHER,-0.1121,-0.0916,umap,
lobbyist_87828,LUKE LORENZ,0.1562,-0.1038,umap,
lobbyist_107346,CHARLIE THORNTON,-0.1124,0.0935,umap,
lobbyist_139871,TANNER BEYMER,0.3424,0.026,umap,
lobbyist_140980,JAKE SWANSON,0.3159,0.0642,umap,
lobbyist_145094,MICHAEL LAROSA,0.0714,-0.1888,umap,
lobbyist_146525,MICHAEL CLAUSER,-0.1093,-0.165,umap,
lobbyist_150756,MAKENZIE NOVAK,0.2763,-0.0125,umap,
lobbyist_39722,JOHN DUNCAN,0.1796,-0.995,umap,no_issue_data
lobbyist_55787,THOMAS CASSIDY,-0.7843,-0.622,umap,no_issue_data
lobbyist_60632,HILARY JOCHMANS,-0.949,0.2706,umap,no_issue_data
lobbyist_61723,RAY BEEMAN,0.0075,0.0048,umap,
lobbyist_63562,MARI SAVICKIS,0.0273,-0.1821,umap,
lobbyist_68644,ADAM JORDE,0.2763,-0.0122,umap,
lobbyist_70640,LANIER AVANT,0.1677,-0.6027,umap,
lobbyist_71978,JOSHUA YUREK,-0.2339,0.1726,umap,
lobbyist_72095,MARJORIE STRAYER PRINDLE,-0.9485,0.2706,umap,no_issue_data
lobbyist_72586,MADELINE VEY,-0.7801,-0.6167,umap,no_issue_data
lobbyist_141957,ROBIN JULIANO,0.0249,-0.1207,umap,
lobbyist_142077,JOHN ZWAANSTRA,0.269,-0.0541,umap,
lobbyist_39067,ELIZABETH MCNEIL,-0.1217,0.3027,umap,
lobbyist_40746,CATHRYN KINGSBURY,0.288,-0.1342,umap,
lobbyist_42107,BARBARA MOLDAUER,-0.754,0.8309,umap,no_issue_data
lobbyist_50132,CHRIS GALLAGHER,0.179,-0.9948,umap,no_issue_data
lobbyist_55094,AMANDA JEZEK,0.3599,-0.281,umap,
lobbyist_64177,NATASHA HAMMOND,0.0645,-0.0709,umap,
lobbyist_65610,LISA COX,0.358,-0.2826,umap,
lobbyist_67584,RYAN O'DWYER,-0.1556,-0.2316,umap,
lobbyist_68002,BRIAN HENDRICKS,0.1953,-0.1621,umap,
lobbyist_68747,BRANDON FARRIS,-0.2187,-0.2254,umap,
lobbyist_69437,NATALIE JOUBERT,0.4736,-0.5773,umap,
lobbyist_69477,PATRICK THOMPSON,-0.9968,-0.1992,umap,no_issue_data
lobbyist_69849,SURYA GUNASEKARA,0.1124,0.0151,umap,
lobbyist_70003,PAUL KELLY,0.0752,-0.2391,umap,
lobbyist_70894,KHARY CAUTHEN,0.2919,-0.1377,umap,
lobbyist_72383,KURT IMHOF,0.999,-0.552,umap,no_issue_data
lobbyist_72778,MARK BELINSKY,-0.1142,-0.0875,umap,
lobbyist_107454,SARAH D'ORSIE,0.4801,-0.3985,umap,
lobbyist_122296,ALEXIS MOCH,0.1145,0.0676,umap,
lobbyist_138086,JORDAN LAYSON,0.0746,-0.2408,umap,
lobbyist_138167,EDWARD WILLIAMS,0.1351,-0.3792,umap,
lobbyist_139113,TRENT MORSE,0.0197,-0.1204,umap,
lobbyist_139376,DAVID ROSS,-0.9484,0.27,umap,no_issue_data
lobbyist_139719,DAVID SIMON,0.4864,-0.3928,umap,
lobbyist_142674,KEVIN JONES,-0.9971,-0.1994,umap,no_issue_data
lobbyist_146494,TONY SHIVERS,-0.9968,-0.199,umap,no_issue_data
lobbyist_148199,ASENITH DIXON BELL,-0.7846,-0.6217,umap,no_issue_data
lobbyist_150555,LAUREN MISH,0.073,-0.1715,umap,
lobbyist_62245,REID STUNTZ,0.9951,-0.5495,umap,no_issue_data
lobbyist_66095,JARED WESSEL,0.0804,-0.0008,umap,
lobbyist_67353,JEFFREY WEISS,0.0438,0.0022,umap,
lobbyist_68201,ASHLEY STEWART,0.0382,0.0112,umap,
lobbyist_71101,PATRICK ORTH,-0.2856,0.9977,umap,no_issue_data
lobbyist_71922,LUC MONTMINY,0.9947,-0.5477,umap,no_issue_data
lobbyist_72465,ERICA CISCHKE,-0.3233,0.1414,umap,
lobbyist_72753,ROBERT COGAN,-0.9471,0.272,umap,no_issue_data
lobbyist_86687,ROLLIE WILSON,0.3357,-0.0167,umap,
lobbyist_97648,DWAYNE BOLTON,0.0244,-0.0107,umap,
lobbyist_137116,NATALIE ENCLADE,-0.2259,0.1653,umap,
lobbyist_138683,LAUREN VAHEY,-0.0142,0.1055,umap,
lobbyist_140517,JESSICA VALLEJO,-0.9473,0.2699,umap,no_issue_data
lobbyist_142304,AMY WHITSEL,-0.9487,0.2704,umap,no_issue_data
lobbyist_142315,REGINALD BABIN,0.0296,0.0447,umap,
lobbyist_142802,MARGARET MARTIN,0.0599,-0.1941,umap,
lobbyist_144759,CLAY WHITE,-0.1186,-0.1602,umap,
lobbyist_148587,JOSEPH HOWELL,0.0081,0.0007,umap,
lobbyist_149182,HANNAH BAHAM,-0.0571,0.0669,umap,
lobbyist_51262,JEFFREY GOFF,-0.2788,0.9935,umap,no_issue_data
lobbyist_62422,DOUGLAS DENNENY,0.1809,-0.9931,umap,no_issue_data
lobbyist_63552,DANA ATKINS,-0.113,-0.0884,umap,
lobbyist_64394,JANE TERRY,0.1699,-0.0671,umap,
lobbyist_65606,PHILLIPS HINCH,-0.1816,0.0833,umap,
lobbyist_65857,HAP RIGBY,0.1996,0.4822,umap,
lobbyist_67883,BROOKLEY VALENCIA,-0.0053,-0.0676,umap,
lobbyist_70889,CJ EVANS,-0.7849,-0.6214,umap,no_issue_data
lobbyist_72451,KEVIN DOWLING,-0.0441,0.1418,umap,
lobbyist_72596,JAMES JOHNSON,0.1361,-0.3782,umap,
lobbyist_72918,DENA GRAZIANO,0.0234,-0.0391,umap,
lobbyist_79070,BRIANNA JONES,0.0096,-0.0555,umap,
lobbyist_121632,PETER OPPENHEIM,0.0666,-0.1369,umap,
lobbyist_144811,VIRGINIA BONEY,0.6122,0.502,umap,
lobbyist_149107,MATTHEW FUENTES,0.0753,-0.199,umap,
lobbyist_11213,KEVIN SCHMIDT,-0.3119,-0.047,umap,
lobbyist_47136,MARK KOPEC,-0.0519,-0.0468,umap,
lobbyist_52589,RANDI GOLD,0.4875,-0.3928,umap,
lobbyist_66536,REGINA SHERICK,0.0745,-0.2386,umap,
lobbyist_69711,VINCENT ERFE,0.2925,-0.138,umap,
lobbyist_71223,MARK HAYES,0.0753,-0.2395,umap,
lobbyist_85419,KEVIN KINCHELOE,-0.9953,-0.1977,umap,no_issue_data
lobbyist_87068,JOHN BYRD,-0.7836,-0.6204,umap,no_issue_data
lobbyist_141357,SEAN MCLEAN,0.0799,0.0451,umap,
lobbyist_144304,STARSHINE CHUN,0.0258,-0.1176,umap,
lobbyist_144619,MATTHEW MOWERS,-0.0221,-0.2781,umap,
lobbyist_145009,JAMIE HARRELL,0.2295,0.0711,umap,
lobbyist_147204,CORNELIUS MCGRATH,0.0802,0.102,umap,
lobbyist_147477,JAMES LAI,0.3012,0.0362,umap,
lobbyist_148744,ASHLEY PALMER,0.0269,-0.1283,umap,
lobbyist_149073,JAMES PEDROTTI,0.0139,-0.0016,umap,
lobbyist_45016,SUNEE MICKLE,-0.2767,0.9899,umap,no_issue_data
lobbyist_56327,JOSEPH ONEK,-0.2767,0.9957,umap,no_issue_data
lobbyist_73613,TRISTAN NORTH,-0.7557,0.8292,umap,no_issue_data
lobbyist_96737,RENUKA NAGARAJ,0.0405,-0.2948,umap,
lobbyist_100297,PHIL MAXSON,0.397,-0.0308,umap,
lobbyist_102175,ROBERT ROSADO,-0.2788,0.9937,umap,no_issue_data
lobbyist_111523,STEWART HOLMES,-0.7862,-0.6201,umap,no_issue_data
lobbyist_115167,ALLEN WRIGHT,0.0115,0.105,umap,
lobbyist_117411,KURT THIEDE,-0.5997,0.6581,umap,no_issue_data
lobbyist_139713,JOHN MCKECHNIE,-0.7814,-0.6211,umap,no_issue_data
lobbyist_140507,ASHLEIGH WILSON,0.2112,0.1677,umap,
lobbyist_141091,AYLA SOLORIO,0.1331,0.0234,umap,
lobbyist_145876,MICHAEL LISOWSKI,-0.2108,0.1371,umap,
lobbyist_145966,RICHARD COPPOLA,0.0803,0.0038,umap,
lobbyist_150161,AMANDA LINCOLN,0.3073,-0.2935,umap,
lobbyist_43248,PATRICIA JORDAN,-0.9966,-0.1989,umap,no_issue_data
lobbyist_47804,JACK MANIKO,0.3029,-0.2906,umap,
lobbyist_48178,KENNETH PANOS,0.179,-0.9948,umap,no_issue_data
lobbyist_59900,CANDACE NOVAK SABERS,-0.2778,0.9941,umap,no_issue_data
lobbyist_61775,JESSE BARBA,0.081,-0.0538,umap,
lobbyist_63423,KARIS GUTTER,0.3045,0.0403,umap,
lobbyist_66462,ARMSTRONG ROBINSON,-0.0454,0.1471,umap,
lobbyist_66745,THEODORE JOHNSTON,-0.2793,0.9932,umap,no_issue_data
lobbyist_68726,KEITH WEBSTER,-0.1343,-0.63,umap,
lobbyist_68835,JOHN HAND,-0.7829,-0.6201,umap,no_issue_data
lobbyist_69441,CATHERINE HARTNETT,-0.5985,0.6602,umap,no_issue_data
lobbyist_69530,TIMOTHY LYNCH,-0.0221,-0.2779,umap,
lobbyist_72592,JAMISON GIRARD,0.1816,-0.9925,umap,no_issue_data
lobbyist_79300,JOHN MICELI,-0.7856,-0.6206,umap,no_issue_data
lobbyist_101241,LISA BERNHARDT,-0.7559,0.8291,umap,no_issue_data
lobbyist_106082,STEPHEN ROSSI,0.9942,-0.5506,umap,no_issue_data
lobbyist_139191,ERIK PEDERSON,-0.1253,-0.0287,umap,
lobbyist_143240,TOM REED,0.0602,-0.1403,umap,
lobbyist_146497,MATTHEW FERY,0.0625,-0.1049,umap,
lobbyist_151949,JACK WILKINSON,-0.0398,0.0528,umap,
lobbyist_40127,JOHN KANIA,-0.0813,-0.0655,umap,
lobbyist_40341,DANIEL HARTNETT,0.181,-0.993,umap,no_issue_data
lobbyist_46444,GARY EWART,-0.0788,-0.2829,umap,
lobbyist_54947,MITCH HUNTER,-0.7534,0.8312,umap,no_issue_data
lobbyist_56601,PAUL HOWARD,-0.0789,0.07,umap,
lobbyist_61934,ELIZABETH LEE,0.0762,-0.2014,umap,
lobbyist_66632,JOANNE FAULKNER,0.9976,-0.5506,umap,no_issue_data
lobbyist_71319,KATHERINE SYBENGA,0.1885,-0.0763,umap,
lobbyist_140531,BRENDAN DAILEY,0.2765,-0.012,umap,
lobbyist_141130,JULIA SANTOS,0.4871,-0.392,umap,
lobbyist_143441,ALEXANDER DOMINGUEZ,0.1284,0.0336,umap,
lobbyist_146946,MADELINE SHEFFLER,-0.0796,-0.1248,umap,
lobbyist_149055,JENNIFER BROWN,0.0321,-0.0597,umap,
lobbyist_52475,DANIELLA GRATALE,0.3578,-0.2828,umap,
lobbyist_56497,ANN KUROWSKI,-0.0703,0.6591,umap,
lobbyist_61746,CASSIE BLADOW,0.3278,0.0172,umap,
lobbyist_68884,KATE ELTRICH,-0.126,-0.1602,umap,
lobbyist_69984,MERVYN JONES,-0.2763,0.9961,umap,no_issue_data
lobbyist_70273,MICHAEL LUKSO,0.0163,0.0134,umap,
lobbyist_71005,ROBERT DEGRASSE,-0.0705,-0.1685,umap,
lobbyist_71260,BRADLEY BAILEY,0.0163,0.0129,umap,
lobbyist_71269,BRIAN CONKLIN,0.2951,-0.1402,umap,
lobbyist_90142,MIMI STROBEL,0.1953,-0.162,umap,
lobbyist_92798,CATHERINE EDMONSON,-0.0385,-0.1057,umap,
lobbyist_115043,SHANNON TAYLOR,-0.7573,0.8281,umap,no_issue_data
lobbyist_118713,CISCO MINTHORN,0.165,0.1547,umap,
lobbyist_141549,MICHAEL LINSKEY,-0.7554,0.8295,umap,no_issue_data
lobbyist_146213,JAMES SAVAGE,-0.7848,-0.6214,umap,no_issue_data
lobbyist_146911,CHRISTOPHER CUMMINS,0.1791,-0.9947,umap,no_issue_data
lobbyist_148595,NERI MARTINEZ,0.0597,-0.073,umap,
lobbyist_151042,JOHN JESAITIS,-0.2194,-0.2245,umap,
lobbyist_9333,ROBERT BORSKI,0.2397,-0.0374,umap,
lobbyist_27138,CHRISTOPHER PEARCE,-0.2406,-0.2023,umap,
lobbyist_38955,WILLIAM MORLEY,0.5183,-0.0673,umap,
lobbyist_51452,JORDAN DUX,0.1917,0.1276,umap,
lobbyist_52162,WILLIAM O'CONNER,0.1827,-0.2032,umap,
lobbyist_69928,PETER WALLACE,-0.1125,0.0937,umap,
lobbyist_71575,DR RINA SINGH,-0.2808,0.9948,umap,no_issue_data
lobbyist_82865,ALLISON STEIL,-0.3086,-0.0499,umap,
lobbyist_94979,TREY FORSYTH,0.3024,0.0013,umap,
lobbyist_107110,JODI BOCK DAVIDSON,0.0362,-0.1395,umap,
lobbyist_107382,NNAMDI DILLON IWU,0.016,0.0124,umap,
lobbyist_138475,MELISSA SIMPSON,0.1568,0.0436,umap,
lobbyist_138755,PATRICK LYDEN,0.1659,-0.3183,umap,
lobbyist_139784,JAVON KNIGHT,0.3477,-0.1127,umap,
lobbyist_139953,CHAD TENPENNY,-0.2793,0.9933,umap,no_issue_data
lobbyist_141602,RACHEL MICHAEL,0.291,0.011,umap,
lobbyist_142574,JANET NICE,-0.0855,0.051,umap,
lobbyist_142708,ANNE CANFIELD,0.0725,0.0936,umap,
lobbyist_146502,CATHERINE HARNEY,-0.0962,0.0623,umap,
lobbyist_18216,MOSES BOYD,0.9994,-0.5524,umap,no_issue_data
lobbyist_51053,MARTIN PAONE,0.0698,-0.061,umap,
lobbyist_64651,RICH BEUTEL,0.9958,-0.549,umap,no_issue_data
lobbyist_67709,JOHN MCCARTHY,-0.1556,-0.2316,umap,
lobbyist_68850,JONATHAN DANIELS,0.0073,0.1838,umap,
lobbyist_70098,MICAH JOHNSON,0.042,-0.0264,umap,
lobbyist_71428,GRAHAM HAILE,0.0208,-0.0114,umap,
lobbyist_76875,LASHAWN WARREN,0.9955,-0.5489,umap,no_issue_data
lobbyist_138807,GRANT HERRING,-0.1845,0.0091,umap,
lobbyist_139330,THOMAS BORCK,-0.0235,-0.2324,umap,
lobbyist_139704,ERICA BARKER,-0.5985,0.6574,umap,no_issue_data
lobbyist_140846,NEIL FRIED,-0.7544,0.8305,umap,no_issue_data
lobbyist_144065,LEIGH FELDMAN,0.0642,-0.2187,umap,
lobbyist_148170,ISABELLA LINDEN,-0.0352,-0.1122,umap,
lobbyist_148270,ALEJANDRO GARCIA,0.0571,-0.0077,umap,
lobbyist_29843,PAUL SWARTZ,0.1884,-0.0762,umap,
lobbyist_65314,MIRA MORTON,-0.7814,-0.6194,umap,no_issue_data
lobbyist_65357,NICHOLAS KARELLAS,0.0456,-0.0683,umap,
lobbyist_66006,MANICA NOZIGLIA,-0.9966,-0.1989,umap,no_issue_data
lobbyist_66221,ALLISON CUNNINGHAM,-0.7565,0.8284,umap,no_issue_data
lobbyist_67232,MICHAEL MEENAN,-0.994,-0.1963,umap,no_issue_data
lobbyist_83155,RYAN WALKER,0.0894,0.1971,umap,
lobbyist_95982,RANDALL GIBSON,0.09,0.1977,umap,
lobbyist_100331,LESLIE PALUCH,-0.0585,-0.1672,umap,
lobbyist_138884,RYAN TAYLOR,0.14,-0.0058,umap,
lobbyist_139923,JEANNE WILLOUGHBY,0.9937,-0.5503,umap,no_issue_data
lobbyist_140251,EMILY JACOBS,0.1685,-0.3228,umap,
lobbyist_143071,ALISON WRIGHT,0.056,-0.1618,umap,
lobbyist_143353,CHRISTIAN CLESI,0.1735,-1.0,umap,no_issue_data
lobbyist_143854,KERRI LEININGER,-0.7803,-0.6256,umap,no_issue_data
lobbyist_144912,BRENT ROBINSON,0.2775,0.0018,umap,
lobbyist_149429,TRISTAN WHITAKER,-0.0762,-0.1183,umap,
lobbyist_150115,MATTHEW BOWER,-0.0623,-0.1229,umap,
lobbyist_49043,TIMOTHY KEELER,0.0806,0.0121,umap,
lobbyist_66793,CHRISTOPHER D'AMATO,0.5521,-0.4182,umap,
lobbyist_71281,ELIZABETH SHARP,-0.2264,0.1649,umap,
lobbyist_71702,TROY LYONS,0.1265,0.032,umap,
lobbyist_72620,PHILLIP THOMAS WALLACE,-0.4227,-0.1365,umap,
lobbyist_76426,COLLEEN FLORIO,-0.2793,0.9933,umap,no_issue_data
lobbyist_86089,AMANDA HILL,-0.7844,-0.6216,umap,no_issue_data
lobbyist_139641,MATTHEW PINCUS,0.0791,0.1111,umap,
lobbyist_140064,JAMES GORDON,-0.7859,-0.6231,umap,no_issue_data
lobbyist_140950,YONG CHOE,0.5184,-0.0673,umap,
lobbyist_143069,WILLIAM IRBY,0.3854,-0.0131,umap,
lobbyist_145947,JENNIFER JACOBY,-0.0357,0.0308,umap,
lobbyist_146657,MEAGAN FOSTER,0.043,0.0157,umap,
lobbyist_147361,STEPHEN KLOPP,0.2066,0.157,umap,
lobbyist_148380,TIMOTHY MONAHAN,-0.1346,-0.6302,umap,
lobbyist_148381,NICHOLAS CROCKER,-0.1346,-0.6303,umap,
lobbyist_148382,ANDREA PORWOLL,-0.1343,-0.6301,umap,
lobbyist_148718,CHRISTOPHER BRINSON,-0.0018,-0.077,umap,
lobbyist_52969,JIM FROGUE,0.0592,-0.2238,umap,
lobbyist_53247,BRANDON CLARK,0.0597,-0.2231,umap,
lobbyist_53586,PAUL SELTMAN,0.4829,-0.3957,umap,
lobbyist_58738,RALPH KOHL,0.4875,-0.3927,umap,
lobbyist_66823,LARISSA MARTINEZ,0.0618,-0.0111,umap,
lobbyist_69563,LOREN PONDS,0.0032,0.0048,umap,
lobbyist_69604,ERIC ALBRECHT,0.3034,-0.2895,umap,
lobbyist_69657,NANCY MCCARTHY,-0.0206,-0.1865,umap,
lobbyist_70285,SERENA DAVILA,-0.1143,0.2989,umap,
lobbyist_70589,MEGHAN SULLIVAN,-0.9962,-0.1985,umap,no_issue_data
lobbyist_104514,OMID GHAFFARI-TABRIZI,-0.0029,-0.0568,umap,
lobbyist_137213,TERRI STEWART,-0.0233,-0.2323,umap,
lobbyist_138506,DANIEL SADLOSKY,-0.5195,-0.4965,umap,
lobbyist_142011,BRUNO FREITAS,0.0057,-0.1279,umap,
lobbyist_142919,PHILLIP FORDHAM,0.5397,0.1073,umap,
lobbyist_143423,LISA DYER,0.155,-0.1042,umap,
lobbyist_146700,STEPHANIE GADBOIS,-0.0214,-0.1055,umap,
lobbyist_149067,JEFFREY BILLMAN,0.0629,-0.0129,umap,
lobbyist_149999,ROBERT BUTORA,0.0549,-0.1519,umap,
lobbyist_37862,WILLIAM FERGUSON,0.9948,-0.5494,umap,no_issue_data
lobbyist_50850,GINGER LOPER,0.0599,-0.1906,umap,
lobbyist_56590,ROBERT TAYLOR,-0.0628,-0.124,umap,
lobbyist_65056,STEVE STALLMER,0.1796,-0.9952,umap,no_issue_data
lobbyist_67830,BRIAN GRUNENFELDER,0.6019,-0.0392,umap,
lobbyist_70860,JENNIFER BERG,-0.7846,-0.6217,umap,no_issue_data
lobbyist_75898,KELSEY MORAN,0.9954,-0.5491,umap,no_issue_data
lobbyist_96753,MARK BEGICH,0.179,-0.995,umap,no_issue_data
lobbyist_102066,DUAYNE DRISCOLL,-0.5978,0.6608,umap,no_issue_data
lobbyist_108825,JARED SUTTON,0.1144,0.0677,umap,
lobbyist_138796,JAMES SCHOLTZ,-0.7859,-0.6206,umap,no_issue_data
lobbyist_140340,DAVID TURKOVIC,-0.0109,-0.1229,umap,
lobbyist_142178,NATALIE KELLER,0.0495,-0.1977,umap,
lobbyist_146940,RAJIV SICORA,0.9947,-0.5497,umap,no_issue_data
lobbyist_47242,DAVID TRUST,-0.9459,0.2673,umap,no_issue_data
lobbyist_49283,ANDREW MOORE,-0.2805,0.9943,umap,no_issue_data
lobbyist_63943,AKASH CHOUGULE,0.0913,0.1992,umap,
lobbyist_66403,KRISTINE LUCIUS,-0.2807,0.9943,umap,no_issue_data
lobbyist_67133,MARK AMES,-0.5994,0.6594,umap,no_issue_data
lobbyist_68548,ASA ADAMI,0.1787,-0.9944,umap,no_issue_data
lobbyist_69315,HILARY MOFFETT,0.2975,0.0552,umap,
lobbyist_71414,JIM TRAVIS,0.2829,0.0249,umap,
lobbyist_111989,CAROLINE CANFIELD,-0.0264,-0.0893,umap,
lobbyist_138126,ROSS AIRINGTON,0.0126,-0.2635,umap,
lobbyist_141249,VIRDINA GIBBS,0.2766,-0.0125,umap,
lobbyist_141635,KATHEE FACCHIANO,-0.083,-0.0962,umap,
lobbyist_142496,IHNA MANGUNDAYAO,0.0708,0.0078,umap,
lobbyist_143803,KALYN STEPHENS,0.2639,-0.2,umap,
lobbyist_144407,ALADDIN FAWAL,0.3425,-0.0431,umap,
lobbyist_147115,NICHOLAS BATH,0.0577,-0.2055,umap,
lobbyist_150316,BEN BRUBECK,-0.3099,-0.049,umap,
lobbyist_151142,MARVIN FIGUEROA,0.0652,-0.1781,umap,
lobbyist_47525,HUSEIN CUMBER,0.0996,-0.0242,umap,
lobbyist_69773,BROOKE DONILON,-0.9975,-0.1996,umap,no_issue_data
lobbyist_71009,SARAH NEIMEYER,0.9963,-0.5514,umap,no_issue_data
lobbyist_72913,LAURA DOOLEY,-0.042,0.1534,umap,
lobbyist_75065,YVESNER ZAMAR,0.0341,0.0272,umap,
lobbyist_101001,TODD BATTA,0.3019,0.0505,umap,
lobbyist_101273,MELISSA GATEWOOD,0.596,0.1777,umap,
lobbyist_121673,ALEXANDER GRIEVE,-0.1125,0.0935,umap,
lobbyist_139573,DANIEL TROPE,-0.6003,0.6593,umap,no_issue_data
lobbyist_141126,KAITLYN FARR,0.2983,0.0541,umap,
lobbyist_143755,MARGO KLOSTERMAN,0.9941,-0.5501,umap,no_issue_data
lobbyist_145871,BRYCE MATTHEWS,0.0463,-0.0391,umap,
lobbyist_65358,GREG ORLANDO,-0.009,0.0065,umap,
lobbyist_66627,STEPHEN NEUMAN,-0.0178,0.0754,umap,
lobbyist_68300,BRENDAN REILLY,0.1351,-0.3792,umap,
lobbyist_71270,BENJAMIN FINDER,0.0246,-0.3083,umap,
lobbyist_71628,JERRY STRICKLAND,-0.0912,-0.1337,umap,
lobbyist_73047,GERALD STOSKOPF,0.3427,0.0254,umap,
lobbyist_108018,SAMUEL GOODSTEIN,-0.0206,0.0044,umap,
lobbyist_119773,ALEX MONIE,-0.2782,0.9915,umap,no_issue_data
lobbyist_122247,JOHN BIVONA,-0.9485,0.2706,umap,no_issue_data
lobbyist_138037,ALLEN MESSER,0.3406,0.0235,umap,
lobbyist_55652,MATTHEW MILLER,0.4737,-0.5773,umap,
lobbyist_68262,JEFF WERNER,0.5394,0.107,umap,
lobbyist_68348,ADAM SACHS,0.3542,-0.1172,umap,
lobbyist_70221,ROBERT YEAKEL,0.3733,-0.0203,umap,
lobbyist_70933,JOE TRAUGER,0.9955,-0.5496,umap,no_issue_data
lobbyist_71352,BRIAN JONES,0.2096,0.1676,umap,
lobbyist_72409,JAMES STURSBERG,0.0369,-0.2352,umap,
lobbyist_72531,THOMAS HASSENBOEHLER,0.3334,0.2018,umap,
lobbyist_72976,DOUG MESECAR,-0.0106,0.2946,umap,
lobbyist_82726,SUZI PLASENCIA,-0.1845,0.0091,umap,
lobbyist_106556,JAMES KAPLAN,-0.5195,-0.4965,umap,
lobbyist_138514,JOHN CLINE,-0.9474,0.27,umap,no_issue_data
lobbyist_139403,MARY BESS MCWHERTER,0.0776,-0.1245,umap,
lobbyist_139440,FILEMON VELA,0.0834,-0.0238,umap,
lobbyist_139865,KELLY FLEMING,-0.7552,0.8297,umap,no_issue_data
lobbyist_140485,BRUCE MILLER,-0.9971,-0.1973,umap,no_issue_data
lobbyist_142286,HELDER TOSTE,0.0913,0.1993,umap,
lobbyist_142454,MICHAEL IAQUINTO,-0.2112,0.138,umap,
lobbyist_143905,SEAN FARRELL,0.9947,-0.5486,umap,no_issue_data
lobbyist_144300,KATHERINE KRAMER,0.0225,-0.1228,umap,
lobbyist_25090,RANA ALTENBURG,-0.065,-0.151,umap,
lobbyist_30032,JON DEVORE,0.3369,-0.0174,umap,
lobbyist_41961,TERESA BAKER,-0.3237,0.1419,umap,
lobbyist_57943,MATTHEW RONEY,0.1675,-0.608,umap,
lobbyist_62323,JASON SCISM,-0.113,-0.0418,umap,
lobbyist_64928,STEPHEN DODD,0.9915,-0.5523,umap,no_issue_data
lobbyist_65977,SHANT BOYAJIAN,0.222,0.0521,umap,
lobbyist_70335,JEREMY PARIS,-0.9479,0.2693,umap,no_issue_data
lobbyist_70523,ERIN DUNCAN,0.45,0.142,umap,
lobbyist_70992,WILLIAM STAFFORD,0.34,0.0238,umap,
lobbyist_71044,JOHN JENNINGS,-0.0823,0.678,umap,
lobbyist_71890,JOSHUA ALTHOUSE,0.9041,-0.005,umap,
lobbyist_88280,MICHAEL SEWELL,0.2114,0.1656,umap,
lobbyist_97326,ABIGAIL GUNDERSON-SCHWARZ,-0.0363,-0.0431,umap,
lobbyist_108182,GRACE BANFIELD,0.0473,-0.1954,umap,
lobbyist_138230,CHRIS MORRIS,0.9937,-0.5483,umap,no_issue_data
lobbyist_138591,NICK BUSH,-0.2796,0.9934,umap,no_issue_data
lobbyist_139125,ROBERT SIMPSON,0.179,-0.9949,umap,no_issue_data
lobbyist_142174,DANIEL SAUERS,0.1926,-0.1589,umap,
lobbyist_144775,WILLIAM ELAM,-0.7836,-0.623,umap,no_issue_data
lobbyist_145327,ROBERT ROBILLIARD,-0.0544,0.06,umap,
lobbyist_150230,MOLLY ROSS,0.0676,0.0003,umap,
lobbyist_151022,CHARLES MICHAELS,0.0682,-0.1643,umap,
lobbyist_45888,JANE CIRRINCIONE,0.2903,-0.136,umap,
lobbyist_53906,LAURA HALL,0.9929,-0.5509,umap,no_issue_data
lobbyist_57308,KIM FORD,-0.0048,0.0883,umap,
lobbyist_57781,JOHN HURST,0.3999,0.1571,umap,
lobbyist_61646,VINCE VENTIMIGLIA,-0.0195,-0.2756,umap,
lobbyist_66233,JOHNIE BOATRIGHT,-0.7558,0.8278,umap,no_issue_data
lobbyist_66907,CARISSA FANA,0.2727,-0.2164,umap,
lobbyist_69220,CHANDLER MORSE,0.0793,0.1125,umap,
lobbyist_69498,STACEY HUTCHINSON,0.2123,0.1531,umap,
lobbyist_70900,ALEXANDER PEREZ,-0.2767,0.9962,umap,no_issue_data
lobbyist_73326,JOSEPH LUSTIG,0.0754,-0.2394,umap,
lobbyist_80045,PHILLIP BOND,0.072,-0.0937,umap,
lobbyist_102615,CARRIE VICENTA MEADOWS,0.3298,0.0184,umap,
lobbyist_102954,MICHELE PEARCE,0.1765,-0.0334,umap,
lobbyist_142273,KAJ GUMBS,-0.2796,0.9934,umap,no_issue_data
lobbyist_144127,JORDAN MILLS,-0.9996,-0.1959,umap,no_issue_data
lobbyist_144310,ED PERLMUTTER,0.0611,-0.145,umap,
lobbyist_147196,MARGARET FRENCH,0.0624,-0.2241,umap,
lobbyist_149194,MICHELLE RICHARDSON,0.097,-0.0109,umap,
lobbyist_150427,KIMBERLEE TRZECIAK,0.0662,-0.2015,umap,
lobbyist_47089,JENNIFER SCHAEFFER,-0.9981,-0.1973,umap,no_issue_data
lobbyist_66112,KATHERINE RAAB,0.06,-0.1635,umap,
lobbyist_69311,WILLIAM JACOBY LEMOS,0.1703,-0.3255,umap,
lobbyist_70874,NOA BANAYAN,0.1469,-0.0153,umap,
lobbyist_78943,ASHLYN ROBERTS,-0.5976,0.6611,umap,no_issue_data
lobbyist_79289,LEE GODOWN,0.4616,0.0306,umap,
lobbyist_92747,ROSALYN KUMAR,-0.7566,0.8286,umap,no_issue_data
lobbyist_94689,MEGAN ZAVERTNIK,-0.9484,0.2699,umap,no_issue_data
lobbyist_98819,ANSLEY RHYNE,0.5412,-0.4053,umap,
lobbyist_107092,CONOR MCGRATH,0.1299,0.1177,umap,
lobbyist_108881,CHRIS WAHL,-0.5961,0.6543,umap,no_issue_data
lobbyist_138477,JEREMY WILSON-SIMERMAN,0.2904,0.0127,umap,
lobbyist_141550,JACOB HAMPLE,0.1791,-0.9962,umap,no_issue_data
lobbyist_143858,MICKEALA CARTER,0.0848,0.022,umap,
lobbyist_144029,TEAGAN POLEYKETT,0.0148,-0.0587,umap,
lobbyist_147947,MATTHEW MCNALLY,-0.9983,-0.1968,umap,no_issue_data
lobbyist_47658,ALEJANDRO URREA,-0.0214,-0.2778,umap,
lobbyist_52040,ANGELA BUCKINGHAM-MELTON,-0.0204,-0.2767,umap,
lobbyist_56995,LISETTE MONDELLO,0.2205,0.0673,umap,
lobbyist_57805,THOMAS DOWER,0.211,0.1681,umap,
lobbyist_58131,JIM KOLBE,-0.9463,0.2685,umap,no_issue_data
lobbyist_63687,ROXANA BOYD,0.0518,-0.1323,umap,
lobbyist_64162,CHRISTOPHER BERTRAM,0.1877,-0.0217,umap,
lobbyist_65065,JAMES HILL,-0.9969,-0.1979,umap,no_issue_data
lobbyist_70728,SARAH RUBINFIELD,-0.9951,-0.197,umap,no_issue_data
lobbyist_70867,AARON KIESLER,0.0026,-0.1236,umap,
lobbyist_71125,JAMES HOUTON,0.9913,-0.5486,umap,no_issue_data
lobbyist_72412,GUIDO ZUCCONI,0.3085,0.0401,umap,
lobbyist_73024,VINCENT GIGLIERANO,-0.6009,0.6577,umap,no_issue_data
lobbyist_74455,TYLER THREADGILL,-0.7576,0.8274,umap,no_issue_data
lobbyist_113559,ALLISON EVERTON,0.0588,-0.1998,umap,
lobbyist_138135,CHARLES PRITCHARD,0.7559,0.2368,umap,
lobbyist_140915,CHRISTOPHER FAY,-0.9983,-0.1967,umap,no_issue_data
lobbyist_143680,JOHN FREEBAIRN,-0.7534,0.8315,umap,no_issue_data
lobbyist_143949,JEREMY BRATT,-0.9483,0.2695,umap,no_issue_data
lobbyist_144528,MORGAN BEVIN,-0.0836,0.073,umap,
lobbyist_147524,ERIC STEINER,-0.0706,0.6535,umap,
lobbyist_151176,CHONYA DAVIS-JOHNSON,0.0856,0.0012,umap,
lobbyist_151232,CHARLES HINSON,-0.1139,-0.0433,umap,
lobbyist_332,CHRISTOPHER GUITH,-0.1345,-0.6302,umap,
lobbyist_12824,JOHN FALARDEAU,0.1788,-0.9952,umap,no_issue_data
lobbyist_14006,BARTON ROPER,0.9919,-0.547,umap,no_issue_data
lobbyist_42115,DANIEL HODGES,0.188,0.0288,umap,
lobbyist_61186,EDOLPHUS TOWNS,-0.0212,-0.278,umap,
lobbyist_65424,BARTON JAMES,0.9961,-0.5508,umap,no_issue_data
lobbyist_69403,KATHERINE CHILDRESS,-0.9486,0.2699,umap,no_issue_data
lobbyist_73041,DAVID LINN,-0.9484,0.2684,umap,no_issue_data
lobbyist_73494,CARMEN ROTTENBERG,0.1012,0.0041,umap,
lobbyist_96029,MOLLY FISHMAN,-0.2802,0.9939,umap,no_issue_data
lobbyist_103768,LATRICE POWELL,0.0332,0.0276,umap,
lobbyist_106077,SHASHRINA THOMAS,-0.9471,0.2707,umap,no_issue_data
lobbyist_107262,MALA PARKER,-0.754,0.8264,umap,no_issue_data
lobbyist_107395,GENE IRISARI,-0.1251,-0.029,umap,
lobbyist_109225,ZACHARY SHABEN,0.1683,-0.3228,umap,
lobbyist_122255,TERRENCE THOMPSON,0.2953,-0.1404,umap,
lobbyist_134319,CAMERON BISHOP,0.318,0.0006,umap,
lobbyist_137944,GARY KALMAN,0.9963,-0.5534,umap,no_issue_data
lobbyist_138303,SCOTT GREYTAK,-0.9486,0.2696,umap,no_issue_data
lobbyist_139289,THOMAS CULLIGAN,-0.5195,-0.4965,umap,
lobbyist_140584,CHRISTOPHER HICKLING,0.3644,0.2218,umap,
lobbyist_143663,BRYAN ALLEN,0.7559,0.2368,umap,
lobbyist_143879,ALEXANDER HENDRIE,-0.9466,0.2675,umap,no_issue_data
lobbyist_144007,JULIA GRABO,0.179,-0.995,umap,no_issue_data
lobbyist_145662,JACOB BRENNAN,-0.7876,-0.6188,umap,no_issue_data
lobbyist_146658,MIA REAL,0.2777,-0.0122,umap,
lobbyist_148609,ADAM CARASSO,-0.0161,0.0047,umap,
lobbyist_148811,DAVID SCHWIETERT,0.0679,-0.0143,umap,
lobbyist_148855,ROBERT GOAD,0.0706,0.0209,umap,
lobbyist_52283,ROBERT HARRIS,0.0697,0.0427,umap,
lobbyist_60622,HEIDI SCHOTT,-0.2788,0.996,umap,no_issue_data
lobbyist_64231,DEVIN DEMARIO,-0.5995,0.6572,umap,no_issue_data
lobbyist_64247,RICK BOUCHER,-0.9469,0.2704,umap,no_issue_data
lobbyist_64560,SARAH MILLS,0.0302,-0.1412,umap,
lobbyist_66207,WADE ACKERMAN,0.0645,-0.1957,umap,
lobbyist_67900,JESS GOODE,0.9946,-0.5493,umap,no_issue_data
lobbyist_67985,CHELSEA MURTHA,0.0761,0.0809,umap,
lobbyist_68292,KRISTIN EAGAN,-0.2798,0.9935,umap,no_issue_data
lobbyist_71026,JAMIESON BROWN,-0.1266,-0.1202,umap,
lobbyist_71928,RICK NUSSIO,-0.998,-0.1963,umap,no_issue_data
lobbyist_79086,KELLY SHAW,0.0037,-0.0556,umap,
lobbyist_93614,PASHA MAJDI,-0.2793,0.9929,umap,no_issue_data
lobbyist_101717,KELLI MCMORROW,0.2615,-0.2125,umap,
lobbyist_107017,RICHARD BURNESS,-0.9485,0.2694,umap,no_issue_data
lobbyist_112978,DAVID CARUOLO,0.9922,-0.5527,umap,no_issue_data
lobbyist_121636,MATTHEW THORNBLAD,0.2127,0.1663,umap,
lobbyist_138378,ANDREW WILLISON,-0.7567,0.8303,umap,no_issue_data
lobbyist_138562,ANDREA LOONEY,-0.7759,-0.6302,umap,no_issue_data
lobbyist_138759,ALEC HINOJOSA,-0.1577,-0.3334,umap,
lobbyist_140626,BOBBY PARMITER,0.6134,0.5032,umap,
lobbyist_142287,MEGAN BAILEY,0.0913,0.1992,umap,
lobbyist_142666,ZACHARY PERCONTI,0.1767,-0.9971,umap,no_issue_data
lobbyist_144971,LINDSAY BISCARDI,0.1674,0.0466,umap,
lobbyist_148334,JENNIFER HAYNES,0.0608,0.0259,umap,
lobbyist_148732,VANESSA VERGARA,-0.9971,-0.1994,umap,no_issue_data
lobbyist_150408,ANDREW FLICK,-0.0014,-0.0819,umap,
lobbyist_39384,DOUGLAS TROUTMAN,-0.0156,-0.1753,umap,
lobbyist_41063,MICHAEL DAVIS,-0.6008,0.658,umap,no_issue_data
lobbyist_53534,STEPHEN FRANCIS,0.0034,0.0097,umap,
lobbyist_61781,GIL ROTH,-0.0855,-0.2968,umap,
lobbyist_66895,HOWARD GUTMAN,-0.9485,0.2694,umap,no_issue_data
lobbyist_69730,SARAH DOESE,0.3424,0.0258,umap,
lobbyist_70056,TATIANA BROWN,0.0343,-0.1276,umap,
lobbyist_71573,VALERIE BALDWIN,-0.7547,0.8299,umap,no_issue_data
lobbyist_72060,NICOLE SCOTT,-0.6001,0.6586,umap,no_issue_data
lobbyist_79470,MICHAEL SOLON,-0.0833,1e-04,umap,
lobbyist_83991,BLAKE ANDROFF,-0.9482,0.268,umap,no_issue_data
lobbyist_92818,RUKMANI BHATIA,-0.1431,-0.1381,umap,
lobbyist_97676,CESAR YBARRA,-0.1189,0.3006,umap,
lobbyist_107191,BENJAMIN NICHOLSON,0.1505,-0.1129,umap,
lobbyist_114217,KRIS BALDERSTON,-0.1245,-0.1226,umap,
lobbyist_121159,APRIL JONES,0.0806,0.1026,umap,
lobbyist_138251,JARED HAWES,0.3958,0.1521,umap,
lobbyist_139014,JOE BLISS,0.2981,0.0029,umap,
lobbyist_146735,JASON KNOX,0.0501,-0.0601,umap,
lobbyist_148425,ASHLEY NICHOLS (MCMANUS),0.1283,0.03,umap,
lobbyist_149367,TORI SMITH,0.0654,-0.0036,umap,
lobbyist_38205,DAVE KOSHGARIAN,0.0032,0.0078,umap,
lobbyist_61347,JENNIFER CASTAGNA,-0.1215,0.3062,umap,
lobbyist_65447,THOMAS SCHREIBEL,0.0777,0.0762,umap,
lobbyist_67234,JONATHAN CORDONE,0.38,-0.0187,umap,
lobbyist_69418,COURTNEY LAWRENCE,-0.7861,-0.6232,umap,no_issue_data
lobbyist_69528,MICHAEL ROSSETTI,-0.4213,-0.4659,umap,
lobbyist_69579,CHAY HALBERT,-0.9466,0.2667,umap,no_issue_data
lobbyist_69838,IAN OWENS,-0.7576,0.8276,umap,no_issue_data
lobbyist_70259,ALETA GREER,0.3622,-0.0031,umap,
lobbyist_72153,PHILIP YEITER,0.0401,-0.2953,umap,
lobbyist_72959,LAUREN WILLIAMS,0.9945,-0.5493,umap,no_issue_data
lobbyist_110336,HOLLY BIGLOW,0.9932,-0.5501,umap,no_issue_data
lobbyist_121161,NICK ROSSI,0.0806,0.103,umap,
lobbyist_135833,JEANETTE MESIROW,0.2681,-0.0493,umap,
lobbyist_139850,JERMAINE SIMMONS,0.0754,-0.2394,umap,
lobbyist_143511,BRYAN SHUY,0.0562,-0.2146,umap,
lobbyist_143987,F. LEVINUS,-0.7847,-0.6218,umap,no_issue_data
lobbyist_144255,JACKSON CLARK,0.0126,-0.1226,umap,
lobbyist_7295,COLIN CHAPMAN,0.2549,0.0901,umap,
lobbyist_23097,DENNIS SLOCUMB,-0.9966,-0.1984,umap,no_issue_data
lobbyist_44545,HAL SHAPIRO,0.0276,-0.0155,umap,
lobbyist_61989,SONYA CLAY,-0.3233,0.1414,umap,
lobbyist_62959,SAIRA CHIRICO,0.586,0.3476,umap,
lobbyist_66414,RACHEL ALEXANDER,0.4829,-0.3957,umap,
lobbyist_69600,ASHLEY AMIDON,-0.9975,-0.1974,umap,no_issue_data
lobbyist_69619,MARK MARIN,-0.0157,-0.1241,umap,
lobbyist_70119,BRUCE ARTIM,-0.7809,-0.6253,umap,no_issue_data
lobbyist_72923,JAMIE MILLER,-0.0847,-0.1333,umap,
lobbyist_107281,NOEL PEREZ SANCHEZ,-0.6026,0.6565,umap,no_issue_data
lobbyist_139253,ELIZABETH OBLINGER,-0.9962,-0.1992,umap,no_issue_data
lobbyist_139821,NATHAN WYATT,0.3364,-0.0161,umap,
lobbyist_140683,JAMES WILLIAMS,-0.2798,0.9934,umap,no_issue_data
lobbyist_141209,DANIELLE BROWN,-0.7837,-0.6211,umap,no_issue_data
lobbyist_141514,JAMES YOUNG,0.3163,0.0835,umap,
lobbyist_144576,IAN NICHOLSON,-0.6003,0.6585,umap,no_issue_data
lobbyist_144894,CLAIRE HAMBRICK,0.0337,0.0647,umap,
lobbyist_147571,LIAM ANDERSON,-0.1194,-0.1604,umap,
lobbyist_149501,VINCENT SARUBBI,0.0552,-0.1203,umap,
lobbyist_150305,NICK RAINERI,-0.2832,0.9956,umap,no_issue_data
lobbyist_52925,JAKE JACOBY,-0.2797,0.9937,umap,no_issue_data
lobbyist_59085,STACEY BERNARDS,0.256,0.0113,umap,
lobbyist_61386,FRANK TILLOTSON,0.0686,-0.5269,umap,
lobbyist_61632,MICHELLE RUTTER FRIBERG,-0.7565,0.8285,umap,no_issue_data
lobbyist_62787,RYNE CARNEY,0.4827,-0.3961,umap,
lobbyist_66061,C. KIRKPATRICK,-0.7589,0.8264,umap,no_issue_data
lobbyist_71636,PERRIN BROWN,0.104,-0.054,umap,
lobbyist_87827,ANDREW WAYNE,0.9909,-0.5523,umap,no_issue_data
lobbyist_101629,LUC BOULET,-0.945,0.2658,umap,no_issue_data
lobbyist_107204,THOMAS LUCAS,0.0528,-0.1091,umap,
lobbyist_117729,MICHAEL ANDREWS,0.2827,0.0618,umap,
lobbyist_137915,SEAN DEVEREY,0.2577,0.0112,umap,
lobbyist_139699,CHARLES MOFFAT,-0.7565,0.8285,umap,no_issue_data
lobbyist_140497,ANDREW NEWHART,-0.2828,0.996,umap,no_issue_data
lobbyist_140983,STEPHANIE BARNA,0.1667,-0.0334,umap,
lobbyist_142921,CARL WELLIVER,0.1372,0.124,umap,
lobbyist_145068,SHAWN FRIESEN,0.0449,-0.1824,umap,
lobbyist_149567,ZACH DEATHERAGE,0.0231,-0.0134,umap,
lobbyist_1279,KENNETH PRESLEY,-0.241,-0.2021,umap,
lobbyist_29935,LISA JAEGER,0.106,0.0102,umap,
lobbyist_56286,JULIE FISHMAN RAYMAN,-0.6028,0.6562,umap,no_issue_data
lobbyist_58681,CATHERINE CHASE,0.2276,0.0682,umap,
lobbyist_62131,JAMES LISTER,0.1794,-0.9947,umap,no_issue_data
lobbyist_63822,ROBERT RANKIN,0.1789,-0.9951,umap,no_issue_data
lobbyist_64152,TED THOMPSON,-0.9483,0.2705,umap,no_issue_data
lobbyist_70264,ADAM WOLF,-0.2396,-0.3845,umap,
lobbyist_70838,CAROLYN DOWNS,-0.0372,-0.0421,umap,
lobbyist_71013,THOMAS KRAUS,-0.9953,-0.1994,umap,no_issue_data
lobbyist_71253,JOSH TRENT,-0.0196,-0.2766,umap,
lobbyist_71311,TAUNJA BERQUAM,0.1771,-0.9968,umap,no_issue_data
lobbyist_71921,EMILY ROLLMAN,-0.2795,0.9943,umap,no_issue_data
lobbyist_86565,ADAM BRAMWELL,-0.6021,0.6569,umap,no_issue_data
lobbyist_90411,DORCAS ADEKUNLE,-0.2507,-0.5343,umap,
lobbyist_107415,IRVING DANIELS,0.0599,-0.0669,umap,
lobbyist_108119,JASON OLIN,-0.7568,0.8283,umap,no_issue_data
lobbyist_110073,JORDAN HAVERLY,-0.9458,0.2663,umap,no_issue_data
lobbyist_121641,EMMA LYDON,-0.9453,0.2656,umap,no_issue_data
lobbyist_141451,CHRISTOPHER RORICK,0.0617,-0.1957,umap,
lobbyist_142949,KRAIG SIRACUSE,0.1666,-0.1202,umap,
lobbyist_143367,BENJAMIN KALLEN,-0.7851,-0.6204,umap,no_issue_data
lobbyist_151062,JACKSON STUTEVILLE,0.0411,-0.1266,umap,
lobbyist_58039,RYAN LONG,0.0835,-0.1926,umap,
lobbyist_58358,MARIA PICA,0.465,0.0063,umap,
lobbyist_63200,PETER JUDGE,-0.0101,0.1014,umap,
lobbyist_66070,A. CATHARINE HARRIS,0.4885,-0.3918,umap,
lobbyist_66429,DANIEL CRAMER,0.0071,0.1838,umap,
lobbyist_69011,SUSIE AHN,-0.9484,0.2688,umap,no_issue_data
lobbyist_71259,MELISSA SHUTE,0.4653,0.0058,umap,
lobbyist_71376,TRUE PFEIFER,0.5492,-0.4189,umap,
lobbyist_72627,NATHANIEL BENNETT,0.2096,0.1714,umap,
lobbyist_85413,GEORGE HULL,0.0808,0.1029,umap,
lobbyist_92710,BRIAN SMITH,0.1765,-0.9973,umap,no_issue_data
lobbyist_107020,ANDREW MILLER,-0.025,-0.1232,umap,
lobbyist_107278,DAVID BROOME,-0.996,-0.198,umap,no_issue_data
lobbyist_120870,DAVID SHAHOULIAN,0.9957,-0.548,umap,no_issue_data
lobbyist_121697,ERIC ETTORRE,0.0363,-0.0063,umap,
lobbyist_138659,TOOSHAR SWAIN,-0.3091,-0.0495,umap,
lobbyist_139058,LAINE STRIEGEL,0.0363,-0.0483,umap,
lobbyist_141552,BRYAN WILLIAMS,0.0045,-0.1123,umap,
lobbyist_142553,NISHITH PANDYA,-0.9984,-0.2012,umap,no_issue_data
lobbyist_145339,ELAN JONES,0.1681,-0.3227,umap,
lobbyist_148844,MILLA ANDERSON,0.0719,0.0446,umap,
lobbyist_46724,ANDREW GUY,-0.9962,-0.1985,umap,no_issue_data
lobbyist_64528,KEVIN KOONCE,-0.28,0.9935,umap,no_issue_data
lobbyist_64697,ORLIE YANIV,0.9942,-0.5494,umap,no_issue_data
lobbyist_67369,ANDREA HECHAVARRIA,0.9942,-0.5493,umap,no_issue_data
lobbyist_68666,REBECCA BLISS,0.1525,-0.0011,umap,
lobbyist_69460,KEPLER EDWARDS,0.1892,-0.0129,umap,
lobbyist_70227,ALYCIA MALONEY,-0.0926,-0.2859,umap,
lobbyist_72536,MATT SIFERT,-0.2784,0.9947,umap,no_issue_data
lobbyist_73169,ROBERT ROSE,-0.9963,-0.1984,umap,no_issue_data
lobbyist_73432,JONATHAN CAUSEY,0.9955,-0.5505,umap,no_issue_data
lobbyist_73580,ADAM RUBEN,-0.1226,0.307,umap,
lobbyist_79256,JON YOUNCE,-0.2813,0.9944,umap,no_issue_data
lobbyist_115977,BRENDON GEHRKE,0.1814,-0.9982,umap,no_issue_data
lobbyist_137933,WALTER KUHN,0.4105,-0.3075,umap,
lobbyist_138764,WILLIAM BURGER,0.091,0.199,umap,
lobbyist_139166,DANIEL BROOM,-0.6013,0.6576,umap,no_issue_data
lobbyist_141492,COLLIN MCCUNE,-0.1808,-0.051,umap,
lobbyist_144266,STEPHANIE CUEVAS,-0.7578,0.8274,umap,no_issue_data
lobbyist_144395,MICHAEL MINEIRO,-0.0207,-0.1098,umap,
lobbyist_148139,VICTORIA CRAM,0.1604,-0.0255,umap,
lobbyist_36874,ROGER SCHAGRIN,-0.7828,-0.6235,umap,no_issue_data
lobbyist_47819,JENNIFER BERNSTEIN,-0.2816,0.9923,umap,no_issue_data
lobbyist_50503,GRAHAM HARPER,-0.1123,0.0934,umap,
lobbyist_61126,ANNA HYDE,0.3023,-0.2902,umap,
lobbyist_62554,JOHN MAGILL,-0.1926,-0.1215,umap,
lobbyist_64767,AMANDA NGUYEN,0.1766,-0.0357,umap,
lobbyist_65232,KATHRYN NOVARIA,0.0361,-0.146,umap,
lobbyist_69688,DEVON FOLTZ,0.1752,-0.9986,umap,no_issue_data
lobbyist_70456,DAN BYERS,-0.1339,-0.6298,umap,
lobbyist_71194,BRITTANY CAREY,-0.9946,-0.1969,umap,no_issue_data
lobbyist_72981,MALCOLM SHERROD,0.4501,0.1426,umap,
lobbyist_73043,ALLISON POULIOS,-0.7829,-0.6234,umap,no_issue_data
lobbyist_137964,KEITH STEPHENSON,0.1602,-0.0025,umap,
lobbyist_138226,JOE CROWLEY,-0.1778,-0.0525,umap,
lobbyist_139848,JOSH CONNOLLY,0.9936,-0.5501,umap,no_issue_data
lobbyist_147973,MARY JOHNSON,0.0301,-0.1419,umap,
lobbyist_148154,TAYLOR HOOVER,-0.0096,0.0154,umap,
lobbyist_150828,KATHRYN WALL,-0.0319,-0.0976,umap,
lobbyist_41780,WILLIAM LOWERY,0.9935,-0.5488,umap,no_issue_data
lobbyist_43352,EMILIO CIVIDANES,-0.3243,-0.1207,umap,
lobbyist_46398,CHRISTIAN KLEIN,-0.4064,-0.0133,umap,
lobbyist_47361,ROGER NORIEGA,-0.9947,-0.197,umap,no_issue_data
lobbyist_50564,EZRA FRIEDLANDER,-0.6013,0.658,umap,no_issue_data
lobbyist_59454,SLOANE SALZBURG,0.0255,-0.1966,umap,
lobbyist_65558,TANDY BONDI,0.1892,0.0604,umap,
lobbyist_68305,AARON PADILLA,0.9909,-0.5476,umap,no_issue_data
lobbyist_68993,NANCY APPLETON,-0.6003,0.6586,umap,no_issue_data
lobbyist_69872,RICHARD GUERARD,0.1521,-0.0415,umap,
lobbyist_78837,TERRENCE CUNNINGHAM,0.0245,-0.3084,umap,
lobbyist_86170,MEGAN MILAM,0.1612,0.0784,umap,
lobbyist_102293,TIFFANY FINCK-HAYNES,-0.9514,0.2682,umap,no_issue_data
lobbyist_112681,BRIDGET VISCONTI,0.0305,0.0097,umap,
lobbyist_138172,SUZANNE BEALL,0.6143,0.5039,umap,
lobbyist_139794,JESSICA CALIO,-0.5195,-0.4965,umap,
lobbyist_140923,EMILY COYLE,-0.7837,-0.6214,umap,no_issue_data
lobbyist_143117,ERICA MCQUADE,-0.754,0.8311,umap,no_issue_data
lobbyist_144219,KEVIN DIESTELOW,0.0145,0.1211,umap,
lobbyist_145098,MATTHEW MARSH,-0.0931,-0.1357,umap,
lobbyist_147418,JESSICA POWELL,-0.015,-0.0995,umap,
lobbyist_148528,JASON HENRY,-0.0007,-0.0712,umap,
lobbyist_148927,ALBERTO MARTINEZ,0.0706,0.0218,umap,
lobbyist_151153,JOSEPH RUSSO,0.057,-0.0124,umap,
lobbyist_42274,JC WATTS,-0.4212,-0.4659,umap,
lobbyist_48847,THOMAS NICHOLLS,-0.9917,-0.1946,umap,no_issue_data
lobbyist_50800,KEITH SMITH,0.0784,-0.0389,umap,
lobbyist_53774,GREGORY MONTANARO,-0.022,-0.232,umap,
lobbyist_70294,DANIELLE AVILES KRUEGER,-0.2234,0.1609,umap,
lobbyist_70340,MINH TA,-0.0357,-0.0028,umap,
lobbyist_70507,MATTHEW JENSEN,-0.9484,0.2689,umap,no_issue_data
lobbyist_71347,MARK SCHUERMANN,-0.0355,-0.0027,umap,
lobbyist_77577,JENNIFER SAFAVIAN,0.2721,-0.2131,umap,
lobbyist_89992,TIFFANY ATWELL,0.5396,0.1072,umap,
lobbyist_98247,MARK FOWLER,0.3959,0.153,umap,
lobbyist_113781,SARA MORSE,0.0755,-0.2393,umap,
lobbyist_145709,GREGORY WILLIS,-0.9501,0.2689,umap,no_issue_data
lobbyist_145885,KELLY RIDDLE,0.1314,0.0124,umap,
lobbyist_147104,HAILEY MILLER,-0.012,0.2965,umap,
lobbyist_147735,LUCAS AGNEW,-0.7566,0.8285,umap,no_issue_data
lobbyist_148924,ANN CHAVEZ,-0.9975,-0.1968,umap,no_issue_data
lobbyist_7280,PETER GOELZ,-0.7553,0.8282,umap,no_issue_data
lobbyist_25497,MICHAEL ADCOCK,0.0122,-0.123,umap,
lobbyist_39427,SILVIA ALDANA,0.4736,-0.5773,umap,
lobbyist_48335,JENNIFER CERVANTES,0.3912,-0.0307,umap,
lobbyist_49124,GARY GOLDBERG,0.0505,-0.3271,umap,
lobbyist_51645,ROBERT THOMPSON,0.176,-0.9979,umap,no_issue_data
lobbyist_54961,NOVA DALY,0.0869,0.0057,umap,
lobbyist_62300,SUSAN MCAVOY,0.1799,-0.9952,umap,no_issue_data
lobbyist_63103,KYLE VICTOR,-0.7568,0.8283,umap,no_issue_data
lobbyist_65885,MIRIAM BRODY,-0.0676,0.6629,umap,
lobbyist_66062,LINDSEY JOHNSON,-0.9486,0.2689,umap,no_issue_data
lobbyist_66776,STEVE VAN HOUT,0.3029,-0.2903,umap,
lobbyist_68284,CHELSEE WOODEY,-0.3483,-0.0441,umap,
lobbyist_69056,MOLLY WILKINSON,-0.0174,0.0763,umap,
lobbyist_69158,ROBERT MILLS,0.9923,-0.5477,umap,no_issue_data
lobbyist_70757,RANDAL MEYER,-0.0396,0.1536,umap,
lobbyist_73005,CAMERON GREENE,0.165,0.0603,umap,
lobbyist_114061,GRACE RODDEN,0.5415,-0.4058,umap,
lobbyist_137568,SIGRID JOHANNES,0.343,0.0258,umap,
lobbyist_139680,STEVE STIVERS,-0.9489,0.2687,umap,no_issue_data
lobbyist_139696,JUSTIN BARNES,0.1747,-0.9991,umap,no_issue_data
lobbyist_139880,LAURA SHERROD,-0.0213,-0.2793,umap,
lobbyist_139990,MICHAEL FRAZIER,0.0569,-0.0286,umap,
lobbyist_141542,CHRISTOPHER BROWN,0.0728,0.1953,umap,
lobbyist_147807,MICHAEL FLEISCHMAN,-0.0404,-0.0886,umap,
lobbyist_148843,ANDERSON HELTON,0.0732,0.043,umap,
lobbyist_55815,JOHN HERRMANN,-0.9953,-0.1989,umap,no_issue_data
lobbyist_60187,KORI BLALOCK KELLER,-0.9543,0.2627,umap,
lobbyist_63803,SEAN O'SHEA,-0.2809,0.9931,umap,no_issue_data
lobbyist_65271,RICHARD LOPEZ,-0.2867,0.9991,umap,no_issue_data
lobbyist_66284,VIVIENNE MITCHELL,-0.1037,-0.0931,umap,
lobbyist_66791,BRIAN DARLING,-0.2135,-0.3939,umap,
lobbyist_67563,WILLIAM ANDERSON,-0.5593,0.0741,umap,
lobbyist_68661,NATALIE HARTMAN,0.1647,-0.4785,umap,
lobbyist_69841,MARA STARK-ALCALA,0.144,-0.0523,umap,
lobbyist_71182,DANIEL O'BRIEN,-0.7554,0.8282,umap,no_issue_data
lobbyist_71284,GARY KLINE,0.1756,-0.9984,umap,no_issue_data
lobbyist_72688,DONALD FIX,-0.786,-0.6206,umap,no_issue_data
lobbyist_83894,JOHN ABEGG,-0.1341,-0.6299,umap,
lobbyist_85192,JEFFREY LUNGREN,0.1772,-0.9968,umap,no_issue_data
lobbyist_87858,RYAN WOODWARD,-0.1155,0.301,umap,
lobbyist_89671,JUDITH MUN,-0.1206,0.3047,umap,
lobbyist_91414,PATRICK CUFF,-0.0046,0.0882,umap,
lobbyist_101801,REBECCA SHIPP,-0.6013,0.6578,umap,no_issue_data
lobbyist_108344,ALLISON FEIKES,-0.757,0.8281,umap,no_issue_data
lobbyist_121751,MICHAEL LEE,-0.2813,0.9931,umap,no_issue_data
lobbyist_138004,JOHNNA CARLSON,-0.0216,-0.2802,umap,
lobbyist_146439,TYLER GUTCHESS,-0.0089,-0.0846,umap,
lobbyist_149066,DIANNE NELLOR,0.0213,-0.0533,umap,
lobbyist_149209,WILLIAM RUSSELL,0.2929,0.0591,umap,
lobbyist_150343,ZACHARY PAULSEN,0.0666,-0.0143,umap,
lobbyist_150414,BEAU ROTHSCHILD,-0.0096,-0.0488,umap,
lobbyist_47667,ALAN MACLEOD,0.0755,0.0859,umap,
lobbyist_52260,GABOR ROZSA,0.0785,-0.0376,umap,
lobbyist_54064,MITCHELL WALDMAN,0.9939,-0.5491,umap,no_issue_data
lobbyist_54737,RONDELL LEBEAU,-0.9487,0.2687,umap,no_issue_data
lobbyist_69377,CATE THORIN,-0.785,-0.6206,umap,no_issue_data
lobbyist_69696,FRANK CRISTINZIO,-0.996,-0.1983,umap,no_issue_data
lobbyist_69757,ERIKA LONG,0.052,-0.1917,umap,
lobbyist_71788,EMILY PATT,0.2139,0.1667,umap,
lobbyist_72280,CHELSEY THOMAS,-0.7548,0.8314,umap,no_issue_data
lobbyist_91684,JAMES VALE,-0.95,0.2684,umap,no_issue_data
lobbyist_100610,ELIZABETH MURPHY,0.1264,0.1155,umap,
lobbyist_107368,GEOFFREY HEMPELMANN,-0.0389,-0.1526,umap,
lobbyist_121568,TEJASI THATTE,0.9926,-0.5469,umap,no_issue_data
lobbyist_139887,CHRISTIAN PALICH,-0.7843,-0.622,umap,no_issue_data
lobbyist_140755,THOMAS FEENEY,-0.9959,-0.1984,umap,no_issue_data
lobbyist_142219,RILEY HAYES,-0.2814,0.9928,umap,no_issue_data
lobbyist_144794,JESSICA CARTER,0.163,0.0191,umap,
lobbyist_145883,SHAUN TAYLOR,0.9938,-0.5488,umap,no_issue_data
lobbyist_145944,CONNOR BRANTLEY,-0.0013,-0.0729,umap,
lobbyist_147486,"CHARLES (""CHUCK"") HARPLE",0.0744,-0.1222,umap,
lobbyist_147743,JUSTICE ESTRADA,-0.7574,0.8291,umap,no_issue_data
lobbyist_148738,JEMIAH WILLIAMS,-0.2832,0.9955,umap,no_issue_data
lobbyist_149246,JAMES MIN,0.0811,-0.0154,umap,
lobbyist_3549,JONATHAN EISEN,-0.2808,0.9936,umap,no_issue_data
lobbyist_61895,MATTHEW SHAPANKA,0.279,-0.0217,umap,
lobbyist_62286,TOD PRESTON,-0.7576,0.829,umap,no_issue_data
lobbyist_68231,JEAN CORNELL,0.2116,0.1703,umap,
lobbyist_69089,CAROL DRAKE,0.1753,-0.9985,umap,no_issue_data
lobbyist_70284,TARA GILL,0.2271,0.0676,umap,
lobbyist_70402,ROSEMARY GARZA,0.1291,0.1169,umap,
lobbyist_70625,SARAH SCHMIDT,0.5573,0.407,umap,
lobbyist_70875,JOSHUA HABURSKY,-0.9961,-0.1985,umap,no_issue_data
lobbyist_71880,STEVEN TILTON,0.9946,-0.5478,umap,no_issue_data
lobbyist_72821,BARBARA PRESTON,-0.2854,0.9976,umap,no_issue_data
lobbyist_86201,AMY PORTER,0.3127,-0.0468,umap,
lobbyist_92616,THOMAS BANDZUL,-0.7861,-0.6201,umap,no_issue_data
lobbyist_105629,JEFFREY RUSTVANG,0.3375,0.0223,umap,
lobbyist_133979,STEVEN ABBOTT,0.9917,-0.5507,umap,no_issue_data
lobbyist_138068,JEWELYN COSGROVE,-0.7829,-0.6237,umap,no_issue_data
lobbyist_138168,HANNAH COULTER,0.1041,0.006,umap,
lobbyist_139233,ERICA TERGESON,-0.2809,0.9936,umap,no_issue_data
lobbyist_141918,LISA BIANCO,-0.9496,0.268,umap,no_issue_data
lobbyist_142201,JENETTE MORELL,0.0844,-0.1364,umap,
lobbyist_142389,CONNOR CROWLEY,-0.2264,0.1648,umap,
lobbyist_142651,JOSEPH DUNN,0.0756,-0.2393,umap,
lobbyist_142661,KATE CLABAUGH,-0.0588,-0.1679,umap,
lobbyist_142776,JOSHUA DUNCAN,-0.0639,-0.152,umap,
lobbyist_143151,BRETT SCOTT,0.1611,0.0781,umap,
lobbyist_144193,RANI WILLIAMS,-0.0235,-0.1351,umap,
lobbyist_144636,LILLIAN SPARKS ROBINSON,0.1754,-0.9984,umap,no_issue_data
lobbyist_145809,MICHAEL PAWLOWSKI,-0.6047,0.6618,umap,no_issue_data
lobbyist_147005,JULIA CONVERTINI,-0.6013,0.6578,umap,no_issue_data
lobbyist_148419,HAILEY RAY,-0.7845,-0.622,umap,no_issue_data
lobbyist_151030,JOHN CULBERSON,-0.0742,-0.0706,umap,
lobbyist_42293,SAMUEL WOODALL,-0.946,0.2655,umap,no_issue_data
lobbyist_64524,DOUGLAS MCINTYRE,0.993,-0.5475,umap,no_issue_data
lobbyist_65393,DOUGLAS FULLER,-0.1178,-0.1749,umap,
lobbyist_65491,CHRISTOPHER CAUSEY,0.3373,-0.0177,umap,
lobbyist_65650,MEGAN JACKSON,-0.7575,0.828,umap,no_issue_data
lobbyist_67842,JULIE KRUSE,-0.6009,0.6582,umap,no_issue_data
lobbyist_69077,ELIZABETH SCHWARTZ,-0.128,-0.3252,umap,
lobbyist_69400,DANIEL LERNER,0.1803,-0.9981,umap,no_issue_data
lobbyist_69452,LORI OTTO PUNKE,-0.9939,-0.1973,umap,no_issue_data
lobbyist_70316,PEGGY BINZEL,0.9932,-0.5491,umap,no_issue_data
lobbyist_71135,JENNIFER BANG,-0.0348,-0.0022,umap,
lobbyist_71168,DEVIN SEARS,0.27,-0.0731,umap,
lobbyist_71279,MARY NAYLOR,0.0245,-0.3085,umap,
lobbyist_71321,CHARLES MOSKOWITZ,0.1207,0.1987,umap,
lobbyist_74189,CHRISTOPHER CZARNECKI,-0.7584,0.8295,umap,no_issue_data
lobbyist_86038,JAMES THOMAS,0.1779,-0.9962,umap,no_issue_data
lobbyist_92656,AARON HUNTER,-0.9502,0.2696,umap,no_issue_data
lobbyist_94182,LINDSEY QUEEN,-0.7589,0.8268,umap,no_issue_data
lobbyist_104315,DUSTIN WATSON,-0.9959,-0.1984,umap,no_issue_data
lobbyist_112258,ELIZABETH HUNGER,0.2651,-0.2081,umap,
lobbyist_113132,RORY HESLINGTON,0.2721,-0.2131,umap,
lobbyist_121703,SIERRA CATO,-0.0127,-0.1283,umap,
lobbyist_133948,CONNOR DOLAN,0.1779,-0.9962,umap,no_issue_data
lobbyist_135087,LESLYE COLVIN,-0.7537,0.8316,umap,no_issue_data
lobbyist_138038,THOMAS ALEXANDER,-0.7845,-0.6219,umap,no_issue_data
lobbyist_138108,KRISTY PARK,-0.2829,0.9942,umap,no_issue_data
lobbyist_138439,HILARY RANIERI,-0.7579,0.8288,umap,no_issue_data
lobbyist_138473,JOSEPH HACK,0.0784,0.0171,umap,
lobbyist_139774,CARRIANNA KURUVILLA,-0.7573,0.8298,umap,no_issue_data
lobbyist_140523,MARGARET MORGAN,-0.1345,-0.6302,umap,
lobbyist_141110,JOONSOO YI,-0.2822,0.9921,umap,no_issue_data
lobbyist_141587,MATTHEW REID ZWEIG,-0.0136,-0.0737,umap,
lobbyist_145731,MONTANA MILLER,-0.1153,0.3061,umap,
lobbyist_146134,JOSEPH BODDICKER,0.007,0.0127,umap,
lobbyist_146146,LEONOR TOMERO,-0.0831,-0.1301,umap,
lobbyist_150069,KATHRYN HENDRICKSON,0.2931,-0.1388,umap,
lobbyist_150273,TRACEE SUTTON,0.2486,0.0723,umap,
lobbyist_39330,TIMOTHY BARTL,-0.0107,0.1033,umap,
lobbyist_56595,STEVEN KLINE,0.1758,-0.9944,umap,no_issue_data
lobbyist_58850,CHRISTOPHER MILLER,0.3068,0.0211,umap,
lobbyist_62638,MARTINA BRADFORD,0.0767,0.0792,umap,
lobbyist_62880,BOBBY FREDERICK,0.2703,-0.0693,umap,
lobbyist_66119,ASAF NAGLER,-0.7579,0.8271,umap,no_issue_data
lobbyist_66291,ERICA CROCKER,0.1918,0.1273,umap,
lobbyist_67224,CONNIE MACK,0.3453,0.2084,umap,
lobbyist_67231,MARK LINTON,-0.9523,0.2686,umap,no_issue_data
lobbyist_67797,MATTHEW SHUMAN,-0.1375,-0.1259,umap,
lobbyist_68852,VICTORIA GEMME,0.0071,0.1838,umap,
lobbyist_69091,RYAN MURPHY,-0.9499,0.2693,umap,no_issue_data
lobbyist_69110,MELANIE LEHNHARDT,0.1218,-0.0928,umap,
lobbyist_69903,MARK HOWELL,0.0237,-0.309,umap,
lobbyist_71172,APRIL DONNELLY,-0.6013,0.6584,umap,no_issue_data
lobbyist_71861,CHAD WHITEMAN,-0.134,-0.6299,umap,
lobbyist_73814,BRENDAN NEAL,-0.996,-0.198,umap,no_issue_data
lobbyist_76427,WILLIAM KELLEHER,0.328,0.0691,umap,
lobbyist_87579,RAPHAEL LOUIS,-0.785,-0.6225,umap,no_issue_data
lobbyist_92173,KATE KALUTKIEWICZ,0.6122,0.5021,umap,
lobbyist_99715,MATTHEW HASKINS,0.6123,0.5022,umap,
lobbyist_106110,FRANCISCO CARRILLO,0.174,-0.9996,umap,no_issue_data
lobbyist_115432,CURTIS ROONEY,0.0407,-0.2932,umap,
lobbyist_117637,CHRISTINA POEHLITZ,0.0734,0.0044,umap,
lobbyist_140240,CASSIDY HOBBS,0.54,0.1075,umap,
lobbyist_140447,JASON LAWRENCE,0.0926,-0.0484,umap,
lobbyist_143945,WILLIAM BEHRENS,-0.3482,-0.0441,umap,
lobbyist_144472,ISAAC LOEB,0.4463,0.154,umap,
lobbyist_144514,ALEC ROGERS,0.1624,0.0205,umap,
lobbyist_145295,MICHAEL BARNETT,0.3026,-0.2902,umap,
lobbyist_147171,MORGAN VINA,-0.0865,-0.1321,umap,
lobbyist_147405,EVAN BENDER,0.5388,0.1064,umap,
lobbyist_150347,MARY WENTWORTH,-0.0668,-0.1218,umap,
lobbyist_150479,LINDSAY GARCIA,0.1098,-0.0591,umap,
lobbyist_10475,STEVEN PRUITT,-0.4212,-0.4659,umap,
lobbyist_59154,JUSTIN CLAY,-0.2827,0.9951,umap,no_issue_data
lobbyist_59257,RICHARD HARPER,-0.946,0.2721,umap,no_issue_data
lobbyist_62565,JACQUELINE BALL,-0.0585,-0.1672,umap,
lobbyist_62814,JUDY SULLIVAN,0.1753,-0.9979,umap,no_issue_data
lobbyist_67356,MICHAEL HAYCOCK,-0.9973,-0.1996,umap,no_issue_data
lobbyist_71633,GEOFFREY GREEN,-0.7629,0.8328,umap,no_issue_data
lobbyist_92602,JOHN AGUILAR,-0.3233,0.1414,umap,
lobbyist_106997,KATARINA DEFILIPPO,-0.2404,-0.2025,umap,
lobbyist_136617,KRISTIN DINI,-0.601,0.6582,umap,no_issue_data
lobbyist_138993,BO MACHAYO,0.2709,-0.2154,umap,
lobbyist_139879,STEPHANIE JOHNSON,0.3718,-0.0215,umap,
lobbyist_140231,ZACK PERCONTI,-0.6011,0.6581,umap,no_issue_data
lobbyist_140327,SEAN CALLAHAN,0.0171,-0.0535,umap,
lobbyist_142082,BRADFORD ELLISON,0.2257,0.1619,umap,
lobbyist_143003,ROBERT MOSHER,-0.7598,0.8271,umap,no_issue_data
lobbyist_145066,CODY WILLMING,-0.0142,-0.1245,umap,
lobbyist_145355,KYLE KLEIN,-0.0863,-0.1346,umap,
lobbyist_147193,HEATHER SAGER,-0.7844,-0.6212,umap,no_issue_data
lobbyist_149196,STEFAN PASSANTINO,0.0841,-0.0456,umap,
lobbyist_36858,BEVERLY PAUL,0.3043,0.0433,umap,
lobbyist_57705,ERICA GORDON,-0.6011,0.6581,umap,no_issue_data
lobbyist_58528,STEWART BARBER YOUNG,-0.0097,-0.0722,umap,
lobbyist_63265,KATE DEGRAVELLES,-0.2843,0.9906,umap,no_issue_data
lobbyist_66277,OWEN CAINE,-0.9492,0.2687,umap,no_issue_data
lobbyist_67387,MIKE COPHER,-0.4901,0.3333,umap,
lobbyist_68735,ANDREW WILKINS,-0.9923,-0.196,umap,no_issue_data
lobbyist_69128,ERIN BARRY,-0.7589,0.8272,umap,no_issue_data
lobbyist_69272,NICOLE BURDA,-0.7604,0.8257,umap,no_issue_data
lobbyist_69516,KRISTIN HERRMANN,-0.5992,0.6598,umap,no_issue_data
lobbyist_69560,BILL DAVIS,-0.0432,-0.1552,umap,
lobbyist_71007,GILLIAN LYONS,-0.0672,0.664,umap,
lobbyist_71416,SAMUEL ADCOCK,0.0042,-0.0701,umap,
lobbyist_71665,DAVID BONELLI,-0.2238,0.1613,umap,
lobbyist_72492,MARCO SYLVESTER,0.1899,-0.015,umap,
lobbyist_72623,SAMANTHA FAY,0.2196,0.0666,umap,
lobbyist_73146,KELLIE ADESINA,0.2825,0.025,umap,
lobbyist_73539,MELANIE BOWEN,-0.7576,0.8283,umap,no_issue_data
lobbyist_79388,RICHARD ENGLAND,0.992,-0.5469,umap,no_issue_data
lobbyist_94356,JOHN GRIFFIN,0.1772,-0.996,umap,no_issue_data
lobbyist_109580,BRYAN WOOD,-0.0133,0.293,umap,
lobbyist_121769,JASON STVERAK,-0.0361,-0.0431,umap,
lobbyist_137549,VINCE HALL,0.3425,-0.0429,umap,
lobbyist_138148,ALI BEDFORD,-0.036,-0.0028,umap,
lobbyist_138297,JOSHUA CARON,-0.047,0.1459,umap,
lobbyist_138300,RONALD DEAN,-0.6022,0.657,umap,no_issue_data
lobbyist_138895,CHRISTA LUCAS,0.2195,0.0665,umap,
lobbyist_139950,DOUGLAS LEE,-0.047,0.0447,umap,
lobbyist_141559,JODI CHANDLER,0.0449,-0.0644,umap,
lobbyist_147215,JOSHUA ROGIN,0.1298,0.1176,umap,
lobbyist_148416,ELIZABETH HORNER,0.0529,-0.0555,umap,
lobbyist_151423,REV DR CHRISTINA CLEMENT,-0.0854,-0.0665,umap,
lobbyist_51346,MAGGIE ELEHWANY,0.3073,-0.2903,umap,
lobbyist_55689,MICHAEL HAMOND,-0.0192,0.1045,umap,
lobbyist_55938,PREEYA PINTO,0.0571,-0.2237,umap,
lobbyist_62073,MEGHAN JOHNSON,0.0,-0.0715,umap,
lobbyist_63542,WILLIAM HILLEARY,-0.6015,0.6545,umap,no_issue_data
lobbyist_67395,ALEXANDER SCHENCK,0.1413,-0.0512,umap,
lobbyist_70168,LISA LEVINE UROVITCH,-0.601,0.6581,umap,no_issue_data
lobbyist_71264,SARAH JONES,0.2964,-0.1414,umap,
lobbyist_72238,JENNIFER MALLARD,-0.2485,-0.5319,umap,
lobbyist_72485,GARTH SPENCER,0.0728,0.0348,umap,
lobbyist_73549,MATTHEW SCHUMAKER,-0.0222,-0.2829,umap,
lobbyist_77707,DONALD DAVIDSON,0.0748,0.0958,umap,
lobbyist_79339,MICHAEL CAPUANO,0.0675,-0.1929,umap,
lobbyist_92811,KEVIN O'KEEFE,-0.1435,-0.1385,umap,
lobbyist_108224,DAVID DUNLAP,0.3592,0.133,umap,
lobbyist_121635,JAMES BAILEY,0.5393,0.107,umap,
lobbyist_140931,QUINTON CARROLL,-0.6009,0.6576,umap,no_issue_data
lobbyist_140953,DESIREE COLE,-0.0223,-0.283,umap,
lobbyist_142885,BRANDON PALUMBO,0.078,0.0781,umap,
lobbyist_144318,BRET STROGEN,-0.2832,0.994,umap,no_issue_data
lobbyist_147139,KIMBERLY CORBIN,0.3426,-0.0429,umap,
lobbyist_147163,JOHN ADAIR,-0.7851,-0.6217,umap,no_issue_data
lobbyist_150453,TODD WILLENS,-0.0252,-0.1357,umap,
lobbyist_32138,MELODY FENNEL,0.0129,0.319,umap,
lobbyist_52898,ELIZABETH GORE,0.0353,-0.0381,umap,
lobbyist_64421,PETER GOODLOE,0.0801,-0.1917,umap,
lobbyist_64876,JOHN HOLEVOET,0.3405,0.0214,umap,
lobbyist_65047,NATHAN PICK,-0.7846,-0.622,umap,no_issue_data
lobbyist_65264,JOHN GREISSING,0.482,-0.3967,umap,
lobbyist_67323,EDWARD COX,0.0761,-0.0353,umap,
lobbyist_69815,LEO MUNOZ,-0.2813,0.9935,umap,no_issue_data
lobbyist_71397,ANNA MARIE MALLOY,-0.0677,0.6632,umap,
lobbyist_71550,DANIELLE GIANNANTONIO,-0.7528,0.8328,umap,no_issue_data
lobbyist_72077,LAWRENCE MCANALLEN,0.1301,-0.0449,umap,
lobbyist_75194,BRIAN YOUNG,0.9982,-0.5435,umap,
lobbyist_79375,SARAH PAUL,-0.1197,0.1018,umap,
lobbyist_83888,EVAN WILLIAMS,-0.1345,-0.6302,umap,
lobbyist_102484,JENNIFER GOODALE,-0.1119,-0.087,umap,
lobbyist_102613,BRENDEN MCMAHON,-0.1128,-0.0882,umap,
lobbyist_107711,JOHN SAWYER,0.994,-0.5484,umap,no_issue_data
lobbyist_111286,MICHAEL MAITLAND,-0.1267,-0.325,umap,
lobbyist_138131,PETER CLEVELAND,0.0335,0.0648,umap,
lobbyist_138466,JEFFREY GARY,0.0303,-0.0239,umap,
lobbyist_138566,AARON WASSERMAN,0.0733,0.0338,umap,
lobbyist_138605,CHRISTOPHER DAWSON,-0.9971,-0.197,umap,no_issue_data
lobbyist_139571,CAROL FOWLER,-0.9949,-0.1977,umap,no_issue_data
lobbyist_139659,KATHARINE BOND,-0.0426,-0.155,umap,
lobbyist_140381,ABIGAIL BARNES,-0.9495,0.2661,umap,no_issue_data
lobbyist_140677,MONICA CLOUD,-0.1577,-0.3334,umap,
lobbyist_140682,JULIE NICKSON,-0.7586,0.8277,umap,no_issue_data
lobbyist_141479,SARAH ARBES,-0.995,-0.1993,umap,no_issue_data
lobbyist_141491,BRENDON ARCURI,-0.9499,0.2691,umap,no_issue_data
lobbyist_144377,HUNTER STRUPP,0.0431,-0.0878,umap,
lobbyist_145044,KYLE MARINELLI,-0.9501,0.2695,umap,no_issue_data
lobbyist_147242,WINFIELD HERNDON,0.3379,0.0217,umap,
lobbyist_148149,THEODORE NASTASE,-0.9493,0.2692,umap,no_issue_data
lobbyist_151297,TAMIKA HILL,-0.7578,0.8282,umap,no_issue_data
lobbyist_42463,DIRK VANDONGEN,-0.7861,-0.6229,umap,no_issue_data
lobbyist_57945,SHANA MARCHIO,0.1833,0.0071,umap,
lobbyist_67716,JOSHUA LEWIS,0.5354,-0.4178,umap,
lobbyist_69487,PETER ROBERSON,0.1812,-0.9929,umap,no_issue_data
lobbyist_69561,EVAN JURKOVICH,0.3002,0.0545,umap,
lobbyist_69914,STEVEN WILSON,0.2103,0.1701,umap,
lobbyist_70522,JEREMY WOODRUM,0.4499,0.1421,umap,
lobbyist_94398,BETH CLAY,-0.2832,0.9917,umap,no_issue_data
lobbyist_98616,RON HAMMOND,0.1782,-0.9956,umap,no_issue_data
lobbyist_105974,BRIAN KERKHOVEN,0.1297,-0.0497,umap,
lobbyist_121948,KATHLEEN O'NEILL,0.0905,0.2009,umap,
lobbyist_126234,JOHN TOMLIN,-0.2814,0.9933,umap,no_issue_data
lobbyist_138096,BRITTANY MASALOSALO,-0.9495,0.2689,umap,no_issue_data
lobbyist_139617,ZACHARY MARSHALL,0.083,0.0068,umap,
lobbyist_141063,ALEX WARD,0.2809,0.0626,umap,
lobbyist_141196,MATTHEW GRILL,-0.2829,0.9918,umap,no_issue_data
lobbyist_141763,MARK LEWIS,-0.0913,-0.1354,umap,
lobbyist_141980,SATYA THALLAM,-0.0227,-0.0438,umap,
lobbyist_145219,DEANNE MILLISON,0.1629,0.02,umap,
lobbyist_145648,SCOTT EISNER,-0.0175,-0.1795,umap,
lobbyist_148235,NICOLE BERTSCH,0.1365,0.1231,umap,
lobbyist_149002,CONNER BRACE,0.9921,-0.547,umap,no_issue_data
lobbyist_149338,RYAN JARMULA,0.1675,-0.6076,umap,
lobbyist_8373,FRANCIS GRAB,0.0157,-0.0112,umap,
lobbyist_58217,LOUIS CELLI,-0.1386,-0.1263,umap,
lobbyist_60008,DENNY REHBERG,0.1688,-0.3237,umap,
lobbyist_68393,CHRISTIAN WHITON,0.282,-0.1259,umap,
lobbyist_68670,ELI SCHOOLEY,0.0591,-0.1424,umap,
lobbyist_72360,SEAN DUFFY,-0.0504,0.0488,umap,
lobbyist_72613,BRYAN GREENE,0.0575,-0.0392,umap,
lobbyist_73037,BRANDON RENZ,0.3633,0.2212,umap,
lobbyist_73560,KARL RUSSO,-0.0366,-0.0029,umap,
lobbyist_101206,KAT MONTGOMERY,-0.7577,0.8283,umap,no_issue_data
lobbyist_108288,MELANIE STEELE,0.3341,0.201,umap,
lobbyist_115117,BRENDAN BELAIR,-0.3269,-0.0459,umap,
lobbyist_133750,JULIAN YOWELL,-0.025,-0.1066,umap,
lobbyist_138272,TIMOTHY DRUMM,0.0376,-0.2349,umap,
lobbyist_139522,BILL BODE,0.5415,-0.4058,umap,
lobbyist_141773,ETHAN WITT,-0.9489,0.2687,umap,no_issue_data
lobbyist_141874,JOSHUA PREST,-0.9951,-0.199,umap,no_issue_data
lobbyist_142147,LEILANI GONZALEZ,0.1931,0.1288,umap,
lobbyist_142931,STEPHEN HOFMANN,-0.6036,0.6556,umap,no_issue_data
lobbyist_145218,GRANT KERR,-0.6028,0.6563,umap,no_issue_data
lobbyist_147999,CHADWICK CARLOUGH,0.1044,-0.0581,umap,
lobbyist_149199,JAMES KUNGEL,0.0576,0.0176,umap,
lobbyist_149889,CAMERON SEWARD,0.0392,-0.0375,umap,
lobbyist_51522,C. CANADY,0.174,-0.9995,umap,no_issue_data
lobbyist_61308,BENJAMIN MOSELY,-0.2815,0.993,umap,no_issue_data
lobbyist_63980,LEE TERRY,0.001,-0.006,umap,
lobbyist_66258,JEFFREY ANDRADE,-0.1761,-0.1249,umap,
lobbyist_66778,DINA ELLIS ROCHKIND,0.1776,-0.9961,umap,no_issue_data
lobbyist_67568,MARCUS PEACOCK,-0.5593,0.0741,umap,
lobbyist_69461,ERYN WAGNON,-0.1129,-0.0882,umap,
lobbyist_69727,JOHN DRAKE,-0.1345,-0.6302,umap,
lobbyist_70515,KASEY GILLETTE,0.2827,0.025,umap,
lobbyist_72646,OWEN URECH,0.3549,-0.2845,umap,
lobbyist_79389,SYDNEY FINCHER,-0.7653,0.83,umap,no_issue_data
lobbyist_92855,MICHAEL O'LEARY,-0.6015,0.6582,umap,no_issue_data
lobbyist_93263,JOHN DONNELLY,-0.9955,-0.1986,umap,no_issue_data
lobbyist_101406,ALEX BEATON,0.1879,0.0289,umap,
lobbyist_107366,JOHN GASTRIGHT,-0.0751,-0.1477,umap,
lobbyist_117357,BRANDI PENSONEAU,0.4665,-0.2098,umap,
lobbyist_139135,CLAIRE ONYECHI,0.059,-0.2343,umap,
lobbyist_139800,REID DAGUL,0.539,0.1066,umap,
lobbyist_142204,ARIELLE THOMAS,-0.2876,0.9975,umap,no_issue_data
lobbyist_144849,ANDREW KORST,0.0914,0.1992,umap,
lobbyist_144982,ZACHARY ISAKOWITZ,-0.1122,-0.0912,umap,
lobbyist_146444,CHRISTINA JOLLEY,0.9945,-0.5459,umap,no_issue_data
lobbyist_148423,DAVID CLEARY,0.0402,-0.1332,umap,
lobbyist_148993,SARA PETERS,0.1167,-0.0723,umap,
lobbyist_149123,RYAN CRUMPLER,-0.6036,0.6556,umap,no_issue_data
lobbyist_150345,LAUREN REAMY,0.0994,-0.0268,umap,
lobbyist_151083,WILLIAM KILLION,-0.0225,-0.2833,umap,
lobbyist_36137,ALFONSO POLLARD,0.1792,-0.9976,umap,no_issue_data
lobbyist_47378,PETER KIRSCH,0.3533,-0.1164,umap,
lobbyist_51980,ROBERT MALONEY,0.0069,0.121,umap,
lobbyist_52691,MARY KUSLER,-0.6012,0.6579,umap,no_issue_data
lobbyist_54857,SHELBY HAGENAUER,0.0522,-0.0668,umap,
lobbyist_68569,MARK MORGAN,0.1847,0.027,umap,
lobbyist_70321,SHELLEY SU,-0.6012,0.6578,umap,no_issue_data
lobbyist_70364,BRENDAN ADAMS,-0.3481,-0.0442,umap,
lobbyist_73070,FRANKLIN HYRE,0.2689,-0.0542,umap,
lobbyist_90662,STEVEN SILVESTRI,0.3027,-0.2903,umap,
lobbyist_138340,KASIA WITKOWSKI,0.6123,0.5022,umap,
lobbyist_139402,JOEL MILLER,0.9938,-0.5483,umap,no_issue_data
lobbyist_142330,WILLIAM PALMER,0.0888,-0.0016,umap,
lobbyist_144431,NEIL QUINTER,-0.0386,0.1565,umap,
lobbyist_146932,HEATHER ENDRES,-0.9533,0.2716,umap,no_issue_data
lobbyist_149886,BLAKE CENTER,-0.0219,-0.2841,umap,
lobbyist_150424,JORDAN HAAS,-0.759,0.8268,umap,no_issue_data
lobbyist_150477,SEAN SWEENEY,0.0575,0.01,umap,
lobbyist_61505,NATHANIEL TIPTON,-0.0227,-0.2841,umap,
lobbyist_65057,JASON GOGGINS,-0.0973,0.0857,umap,
lobbyist_70074,KYLE GLENN,-0.1122,0.0933,umap,
lobbyist_70562,ELISSA ALBEN,-0.7569,0.8267,umap,no_issue_data
lobbyist_71381,MICHAEL BOYD,0.5417,-0.4057,umap,
lobbyist_71749,JOEL ELLIOTT,-0.1219,0.3001,umap,
lobbyist_71813,DONALD MCINTOSH,-0.5593,0.0741,umap,
lobbyist_73116,LAUREN VALAINIS,0.2964,-0.1413,umap,
lobbyist_101015,THOMAS MARQUEZ,0.9959,-0.5494,umap,no_issue_data
lobbyist_107392,JONATHAN OEHMEN,-0.9522,0.2718,umap,no_issue_data
lobbyist_122058,NICOLE BRENER-SCHMITZ,-0.7857,-0.6219,umap,no_issue_data
lobbyist_137906,ALEX WONG,0.6181,-0.0408,umap,
lobbyist_138552,EDWARD BURGESS,-0.0851,0.0761,umap,
lobbyist_139476,JAMES GREENWOOD,-0.0831,-0.2966,umap,
lobbyist_139720,ANDREW SHINE,-0.2017,-0.0428,umap,
lobbyist_141493,CHRISTOPHER SMITH,0.1632,0.0193,umap,
lobbyist_143356,KRISTEN SHATYNSKI,0.0607,-0.1956,umap,
lobbyist_147607,TWINKLE PATEL,-0.0011,-0.0368,umap,
lobbyist_148272,DANIEL GOMEZ,0.0711,0.021,umap,
lobbyist_148638,CHRISTOPHER PHALEN,0.1757,-0.9978,umap,no_issue_data
lobbyist_149007,REED CRADDOCK,-0.9955,-0.1985,umap,no_issue_data
lobbyist_14097,SLADE GORTON,0.0338,-0.0587,umap,
lobbyist_56597,JAMES HENSLER,-0.2806,0.9878,umap,no_issue_data
lobbyist_58890,WILLIAM CROZER,0.0775,-0.1105,umap,
lobbyist_67652,NICK FIMEK,0.2698,-0.2147,umap,
lobbyist_67726,JESSICA LAWRENCE-VACA,-0.7848,-0.6221,umap,no_issue_data
lobbyist_67872,ERNEST GONZALEZ,-0.7829,-0.6239,umap,no_issue_data
lobbyist_68271,CASEY STREET,0.2819,0.148,umap,
lobbyist_68308,KYLE COLEMAN,-0.951,0.2679,umap,no_issue_data
lobbyist_69744,ADAM ELIAS,0.1349,-0.3791,umap,
lobbyist_71037,JOSEPH KALMIN,-0.0883,-0.1332,umap,
lobbyist_71072,NATALIE BURKHALTER,0.5183,-0.0673,umap,
lobbyist_72284,WILLIAM DECARLO,0.2224,0.0719,umap,
lobbyist_72950,ELENA BRENNAN,0.1152,0.0195,umap,
lobbyist_73251,TAMI PLOFCHAN,-0.9497,0.269,umap,no_issue_data
lobbyist_73479,BRIDGET DOBYAN,0.3233,-0.307,umap,
lobbyist_79250,JESSICA TYSON,0.1759,-0.9977,umap,no_issue_data
lobbyist_89313,ELIZABETH STEIN,0.9973,-0.5449,umap,no_issue_data
lobbyist_107190,JILLIEN FLORES,-0.7629,0.8233,umap,no_issue_data
lobbyist_114220,UDAI ROHATGI,-0.1714,0.046,umap,
lobbyist_121038,MIMI BRANIFF,-0.6013,0.6567,umap,no_issue_data
lobbyist_138150,SARA BARBA,-0.036,-0.0028,umap,
lobbyist_138745,BRIAN LOOSER,0.0755,-0.2395,umap,
lobbyist_140816,PIERSON STOECKLEIN,-0.2835,0.991,umap,no_issue_data
lobbyist_141456,ADAM BERG,0.0349,0.0104,umap,
lobbyist_141842,MARY DIETRICH,-0.0654,-0.1504,umap,
lobbyist_143723,CHARLES DYJAK,0.0686,-0.527,umap,
lobbyist_145701,AMY RUTKIN,0.1924,0.4745,umap,
lobbyist_147216,JASON SWINSON,-0.0454,-0.0983,umap,
lobbyist_150302,JEAN ROEHRENBECK,-0.2125,0.0383,umap,
lobbyist_20884,DIANN HOWLAND,-0.7581,0.8278,umap,no_issue_data
lobbyist_35887,PAGE KRANBUHL,-0.0229,-0.2842,umap,
lobbyist_45141,ROBERT KAPLA,0.1035,0.0121,umap,
lobbyist_57181,ELENA TOMPKINS,-0.0229,-0.2844,umap,
lobbyist_61702,DAVID LEE,-0.0232,-0.2843,umap,
lobbyist_66323,RYAN KAAT,0.5188,-0.0671,umap,
lobbyist_67099,DERRON PARKS,-0.1254,-0.0286,umap,
lobbyist_70510,DUANE SIMPSON,0.2833,0.0251,umap,
lobbyist_70514,RICK KENDUST,-0.9498,0.269,umap,no_issue_data
lobbyist_70833,JOHN VERSAGGI,-0.1679,-0.3392,umap,
lobbyist_71671,MEGAN SCHNEIDER,-0.013,0.1033,umap,
lobbyist_103538,RACHELLE CELEBREZZE,-0.9943,-0.1997,umap,no_issue_data
lobbyist_116242,ERIK FLODEN,-0.0947,-0.0591,umap,
lobbyist_138463,ADAM SALERNO,-0.5195,-0.4965,umap,
lobbyist_139306,ELIZABETH (LIZ) BANICKI,-0.1208,0.3058,umap,
lobbyist_139317,TREVOR JONES,0.9935,-0.5476,umap,no_issue_data
lobbyist_139546,CHRISTOPHER HOWELL,0.6123,0.5022,umap,
lobbyist_140218,JAMES CHRISTOFERSON,-0.7597,0.8254,umap,no_issue_data
lobbyist_140753,STEVEN PETERSEN,-0.9519,0.2709,umap,no_issue_data
lobbyist_140841,DIVIJ PANDYA,-0.3218,-0.1206,umap,
lobbyist_141371,JOSEPH LASALLE,-0.0509,-0.046,umap,
lobbyist_143427,AARON CUMMINGS,0.061,-0.0027,umap,
lobbyist_144605,ANDREW HASEK,-0.9921,-0.1951,umap,no_issue_data
lobbyist_147092,KELSEY CONRADI,-0.1255,-0.0286,umap,
lobbyist_148096,ADAM YEZERSKI,0.0027,-0.0743,umap,
lobbyist_148246,NICK IAROSSI,0.0593,-0.0099,umap,
lobbyist_148999,ANDREW HOGIN,0.2784,0.062,umap,
lobbyist_151175,EMMA DOYLE,-0.1741,0.0787,umap,
lobbyist_8719,EDWARD EDENS,0.9976,-0.548,umap,no_issue_data
lobbyist_39233,DENA SHER,-0.2502,-0.534,umap,
lobbyist_56432,STEVEN CRANE,0.0304,-0.1376,umap,
lobbyist_63588,SAMANTHA MARTIN,0.0612,-0.0009,umap,
lobbyist_65986,SHELLEY LANDRY,0.0743,0.0959,umap,
lobbyist_68283,WENDY SUSSMAN,-0.0234,-0.2326,umap,
lobbyist_69920,JESSICA JACOBY LEMOS,-0.4225,-0.1367,umap,
lobbyist_70069,DARRIN MUNOZ,0.208,0.1636,umap,
lobbyist_70581,JOHN MASON,0.0039,0.0884,umap,
lobbyist_71384,ELIZABETH THOMAS,-0.4901,0.3333,umap,
lobbyist_71778,ROSEMARIE LUTTENBERGER,0.3187,-0.0271,umap,
lobbyist_73155,PHILIP NEWMAN,-0.0169,0.0766,umap,
lobbyist_73467,TRACE ROLLER,0.2426,-0.1634,umap,
lobbyist_78118,KAITLYN LANE,0.5573,0.407,umap,
lobbyist_92665,EMILY SHETTY,-0.2822,0.9929,umap,no_issue_data
lobbyist_103803,MARTA MCLELLAN ROSS,-0.009,0.0997,umap,
lobbyist_108345,AMANDA KASPER,-0.9951,-0.1983,umap,no_issue_data
lobbyist_139656,JOCELYN ULRICH,0.5183,-0.0673,umap,
lobbyist_139754,ANTHONY LEMMA,0.1882,-0.0176,umap,
lobbyist_139909,KATIE PEAKE,-0.0953,-0.1379,umap,
lobbyist_141739,LADAN AHMADI,-0.1121,0.0929,umap,
lobbyist_145324,STEVEN BALES,-0.3682,0.4385,umap,
lobbyist_145630,ADAM WILCZEWSKI,-0.7858,-0.6213,umap,no_issue_data
lobbyist_149070,JACOB HOCHBERG,0.2854,-0.1324,umap,
lobbyist_149092,MICHAEL HAYES,0.0691,-0.1133,umap,
lobbyist_149700,GRACE BODWELL,0.1774,-0.9964,umap,no_issue_data
lobbyist_43633,WALTER SANDERS,-0.5992,0.6594,umap,no_issue_data
lobbyist_48294,AMANDA NEELY,0.2132,0.1659,umap,
lobbyist_50704,JEFFREY BENSING,-0.1942,-0.124,umap,
lobbyist_57783,MICHAEL GRUBER,0.3198,-0.026,umap,
lobbyist_65231,RUSS MOLLOY,-0.2813,0.9923,umap,no_issue_data
lobbyist_66957,JENNIFER DALE,-0.9503,0.2699,umap,no_issue_data
lobbyist_67027,JOHN HEBERT,-0.0023,-0.0672,umap,
lobbyist_67676,ARIANA REKS,-0.3574,-0.4086,umap,
lobbyist_68492,DAN KRAMER,-0.0107,0.2947,umap,
lobbyist_68556,ROGER SHERMAN,-0.7852,-0.6227,umap,no_issue_data
lobbyist_68874,KATHY MITCHELL,0.1763,-0.9952,umap,no_issue_data
lobbyist_69016,DONALD ITZKOFF,0.1509,-0.1126,umap,
lobbyist_70458,BRODERICK JOHNSON,0.1874,-0.0373,umap,
lobbyist_72887,CHRISTOPHER YIANILOS,0.1467,-0.1153,umap,
lobbyist_73501,JULIA SMITH,-0.0008,-0.1252,umap,
lobbyist_76528,ANDRES DHOKAI,-0.7873,-0.6247,umap,no_issue_data
lobbyist_86804,HANNA ABOU-EL-SEOUD,-0.7581,0.8278,umap,no_issue_data
lobbyist_94687,TAYLOR ARMENTROUT,0.1865,-0.0469,umap,
lobbyist_100885,JONATHON FREYE,-0.1716,0.0457,umap,
lobbyist_107639,CAMERON KRIER MASSEY,0.0775,-0.2412,umap,
lobbyist_109328,KIMBERLY BEER,-0.9507,0.2698,umap,no_issue_data
lobbyist_116240,BRIAN SCHAFFNER,-0.406,-0.0136,umap,
lobbyist_119678,JAELON MOANEY,0.1773,-0.9963,umap,no_issue_data
lobbyist_135064,BRAD QUEISSER,0.1795,-0.9974,umap,no_issue_data
lobbyist_139332,ROBERT WARBINTON,0.5573,0.407,umap,
lobbyist_141349,LAURA PINSKY,0.9931,-0.5494,umap,no_issue_data
lobbyist_144001,BRETT GIBSON,0.0841,0.0196,umap,
lobbyist_144800,MATTHEW BISENIUS,-0.3517,-0.0452,umap,
lobbyist_144979,ALEXIS ANICAMA,-0.2222,0.163,umap,
lobbyist_145221,LUKE SULLIVAN,-0.9508,0.2699,umap,no_issue_data
lobbyist_147650,MARK BURNS,0.1942,-0.1596,umap,
lobbyist_150520,JIMMY PEACOCK,0.0535,-0.0141,umap,
lobbyist_11030,WARREN MARUYAMA,0.0067,-0.007,umap,
lobbyist_41562,GEORGE CRAWFORD,0.081,-0.1367,umap,
lobbyist_54835,ROBERT SCHELLHAS,0.0025,0.0101,umap,
lobbyist_55837,THOMAS STOHLER,-0.0415,0.1546,umap,
lobbyist_64140,JERE GLOVER,-0.9942,-0.1976,umap,no_issue_data
lobbyist_64666,BRIAN REARDON,-0.0362,-0.0027,umap,
lobbyist_64747,JANELLE DILUCCIA,0.994,-0.5481,umap,no_issue_data
lobbyist_65924,SARAH HAMLETT,0.0777,-0.1828,umap,
lobbyist_66448,TYLER COWARD,0.994,-0.548,umap,no_issue_data
lobbyist_67629,ADO MACHIDA,0.0449,-0.0193,umap,
lobbyist_68742,ROBERT HOFFMAN,0.1878,0.0288,umap,
lobbyist_69356,THEDA KHRESTIN,-0.9501,0.2693,umap,no_issue_data
lobbyist_69473,JONATHAN SCHWEPPE,-0.7849,-0.6224,umap,no_issue_data
lobbyist_70312,KEVIN RYAN,0.2616,-0.2084,umap,
lobbyist_71132,AMENA ROSS,-0.0363,-0.0035,umap,
lobbyist_72102,BRETT TOLMAN,0.1314,0.2119,umap,
lobbyist_78965,MARY GAYDOS,-0.1946,-0.1245,umap,
lobbyist_85789,JARED STOUT,-0.0771,-0.125,umap,
lobbyist_93467,TRISTAN BREAUX,-0.0168,0.1019,umap,
lobbyist_95974,JULIE BABAYAN,0.1256,0.2052,umap,
lobbyist_108834,JED PERRY,-0.2508,-0.5343,umap,
lobbyist_139208,EBBIE YAZDANI,-0.1212,0.3004,umap,
lobbyist_139409,NICHOLAS LISOWSKI,0.5183,-0.0673,umap,
lobbyist_139436,JUSTIN LIVESEY,-0.0184,0.0067,umap,
lobbyist_139499,DANIEL JENSEN,-0.2806,0.9916,umap,no_issue_data
lobbyist_140774,CHRISTOPHER LYDON,0.9934,-0.5485,umap,no_issue_data
lobbyist_141393,JELANI MURRAIN,-0.2836,0.9899,umap,no_issue_data
lobbyist_147277,RICHARD WARD,0.0483,-0.1078,umap,
lobbyist_150852,KATHERINE WOOD,-0.1339,-0.6297,umap,
lobbyist_22268,WILLIAM OWEN,-0.2818,0.9926,umap,no_issue_data
lobbyist_64864,SUZANNE BENTZEL,0.28,0.1755,umap,
lobbyist_65460,PETER HENRY,0.5959,0.1776,umap,
lobbyist_66600,LAUREN COWLES,-0.0333,-0.1139,umap,
lobbyist_67339,DONALD LARSON,-0.7589,0.8269,umap,no_issue_data
lobbyist_67416,MARY GRACE SCHLEY,-0.2837,0.9908,umap,no_issue_data
lobbyist_68372,DANIEL HARDER,-0.6033,0.6557,umap,no_issue_data
lobbyist_69956,WILLIAM T. IRBY,-0.6022,0.6568,umap,no_issue_data
lobbyist_70322,SAMANTHA CLARK,0.1921,-0.037,umap,
lobbyist_70369,MADISON STRADER,-0.0715,0.6547,umap,
lobbyist_70597,LADAVIA DRANE,0.6123,0.5022,umap,
lobbyist_70945,CAMILLE COOPER,-0.0222,-0.1088,umap,
lobbyist_73276,BENJAMIN MASON,-0.1146,-0.3167,umap,
lobbyist_83909,NATHAN MORRIS,-0.1344,-0.6302,umap,
lobbyist_85533,TIMOTHY DELGIUDICE,-0.5195,-0.4965,umap,
lobbyist_98815,YUJIN LEE,0.5573,0.407,umap,
lobbyist_100433,DUSTIN DAVIDSON,0.3102,0.5761,umap,
lobbyist_100915,ANDREA RICCIO,-0.0233,-0.2845,umap,
lobbyist_112885,JOHN NAPPI,0.5184,-0.0673,umap,
lobbyist_137985,RONALD RICE,-0.7569,0.8265,umap,no_issue_data
lobbyist_138151,GRANT BERKSHIRE,-0.6011,0.6578,umap,no_issue_data
lobbyist_138404,MATTHEW SOWARDS,0.1882,-0.0768,umap,
lobbyist_139303,ANNA JONES,0.277,0.0027,umap,
lobbyist_139310,KATIE KENTFIELD HILL,0.1359,-0.0775,umap,
lobbyist_141351,DAVID HONG,0.3127,-0.0469,umap,
lobbyist_141391,ERIK PRINCE,-0.3825,-0.6188,umap,
lobbyist_143080,BRUCE HEINE,-0.9967,-0.2,umap,no_issue_data
lobbyist_143891,LAUREN MCGRATH CONABOY,-0.759,0.8267,umap,no_issue_data
lobbyist_145929,ERIN WALDRON,-0.5993,0.6592,umap,no_issue_data
lobbyist_145931,STEPHEN COFFEY,-0.0828,-0.1346,umap,
lobbyist_146746,KARA SHEEHAN,0.488,-0.3909,umap,
lobbyist_149059,CHRIS STEWART,-0.7861,-0.6226,umap,no_issue_data
lobbyist_150135,JOHN BARSA,0.994,-0.548,umap,no_issue_data
lobbyist_150435,NINIO FETALVO,0.0471,-0.154,umap,
lobbyist_150558,CAITLIN KOVALKOSKI,0.0792,0.0045,umap,
lobbyist_151903,HOLT EDWARDS,0.1242,0.026,umap,
lobbyist_53398,SHEILA WALCOFF,0.0074,0.184,umap,
lobbyist_55986,KAREN THURMAN,-0.0235,-0.2847,umap,
lobbyist_57555,SHANA CHRISTRUP,0.0421,-0.2277,umap,
lobbyist_67257,BRIAN HEINDL,0.1055,-0.0184,umap,
lobbyist_70332,LAURA SCHROEDER,-0.0497,-0.0456,umap,
lobbyist_70690,RACHAEL MARX,-0.0712,0.6542,umap,
lobbyist_70841,CHANIN NUNTAVONG,-0.1344,-0.1222,umap,
lobbyist_71875,MAGGIE GAGE,-0.7864,-0.6238,umap,no_issue_data
lobbyist_71909,DAVID HANKE,0.0131,-0.0452,umap,
lobbyist_72062,KRISTEN RAGER,0.1748,-0.9988,umap,no_issue_data
lobbyist_73248,MORLEY GREENE,-0.9508,0.2688,umap,no_issue_data
lobbyist_106078,RYAN EHLY,-0.9503,0.2694,umap,no_issue_data
lobbyist_113234,AKSHAI DATTA,0.1772,-0.9964,umap,no_issue_data
lobbyist_138931,RYAN BOWLEY,0.1775,-0.9971,umap,no_issue_data
lobbyist_139143,BRAD GREENBERG,-0.0071,0.1025,umap,
lobbyist_139460,WILLIAM WEBER,-0.0364,-0.0433,umap,
lobbyist_139602,MINI TIMMARAJU,0.0911,0.1957,umap,
lobbyist_144247,ALEXANDRE FORD,-0.9903,-0.2034,umap,no_issue_data
lobbyist_145060,ZACHARY SCHULZ,0.0455,-0.1822,umap,
lobbyist_145084,MATTHEW KEENAN,0.0912,0.1992,umap,
lobbyist_145778,NEIL SIMON,0.1757,-0.9977,umap,no_issue_data
lobbyist_146291,EVAN VIAU,0.2674,-0.1994,umap,
lobbyist_151058,JACKSON HOUSE,0.0687,0.0135,umap,
lobbyist_151219,BLAKE THELANDER,0.0287,-0.1194,umap,
lobbyist_151316,ALLEN WATSON,-0.95,0.2682,umap,no_issue_data
lobbyist_151499,MACKIE TATE TYGART,0.3293,0.018,umap,
lobbyist_13226,MARJORIE PRICE,-0.9476,0.2668,umap,no_issue_data
lobbyist_29313,J HOWLETT,-0.9501,0.2692,umap,no_issue_data
lobbyist_50589,MICHAEL BEARD,0.3127,-0.0469,umap,
lobbyist_58401,COREY WILLIAMS,-0.6029,0.6552,umap,no_issue_data
lobbyist_60590,SARA STRUWE,-0.1015,-0.284,umap,
lobbyist_64815,BRITTANY MEYER,-0.2806,0.9901,umap,no_issue_data
lobbyist_66304,BEN PENDERGRASS,-0.9502,0.2692,umap,no_issue_data
lobbyist_67400,CHARLES BRERETON,0.0674,-0.187,umap,
lobbyist_68038,MICHAEL MARSH,-0.5965,0.6539,umap,no_issue_data
lobbyist_70457,JOHN BEZDEK,-0.2817,0.9924,umap,no_issue_data
lobbyist_71601,CHRISTOPHER GARCIA,-0.599,0.6594,umap,no_issue_data
lobbyist_71839,ADAM FROMM,0.0588,-0.1228,umap,
lobbyist_72841,THOMAS SHEEHY,0.1758,-0.9978,umap,no_issue_data
lobbyist_98733,WENDY KIRCHOFF,-0.7578,0.8273,umap,no_issue_data
lobbyist_115362,NICHOLAS FLOCKEN,-0.9939,-0.1974,umap,no_issue_data
lobbyist_121710,ALEXANDER ROOT,0.1775,-0.9961,umap,no_issue_data
lobbyist_122436,DANIEL SAKURA,-0.6025,0.6563,umap,no_issue_data
lobbyist_138487,PATRICK DONOVAN,-0.2823,0.9908,umap,no_issue_data
lobbyist_139435,ELLICIA SANCHEZ,-0.9917,-0.2022,umap,no_issue_data
lobbyist_139700,SCOTT WILSON,0.0336,0.0646,umap,
lobbyist_140538,CHELSEA ARNONE,0.0273,-0.1821,umap,
lobbyist_140597,MICHAEL DOWNING,-0.786,-0.6217,umap,no_issue_data
lobbyist_140782,DUSTIN VAUGHAN,0.1764,-0.9971,umap,no_issue_data
lobbyist_140867,DONALD WALLER,-0.9953,-0.1989,umap,no_issue_data
lobbyist_143999,SCOTT HOMMEL,-0.7805,-0.6268,umap,no_issue_data
lobbyist_147210,REBECCA HEILIG LIRA,0.9959,-0.5458,umap,no_issue_data
lobbyist_147723,JENNIFER NEUSCHELER,-0.0217,-0.1061,umap,
lobbyist_147943,ADAM PUGH,0.5389,0.1064,umap,
lobbyist_149172,PRESCOTT MARTIN,0.3084,0.0028,umap,
lobbyist_150421,CRAIG CARBONE,0.0899,-0.0051,umap,
lobbyist_42799,NILS JOHNSON,-0.9536,0.2723,umap,no_issue_data
lobbyist_59405,PUNEET VERMA,0.4656,0.0058,umap,
lobbyist_59661,MICHAEL CORREIA,-0.7575,0.8274,umap,no_issue_data
lobbyist_62519,JACQUELINE QUINONES,0.318,-0.0467,umap,
lobbyist_65046,BETH LUDWIG,0.213,0.1646,umap,
lobbyist_67266,GREGORY DAHLBERG,-0.9964,-0.2,umap,no_issue_data
lobbyist_68460,NATHANIEL NORRIS,0.3939,-0.0331,umap,
lobbyist_69738,GARRETT BESS,0.0899,0.1976,umap,
lobbyist_72044,CICELY SIMPSON,0.9946,-0.5473,umap,no_issue_data
lobbyist_101019,JACLYN JESTER,-0.7877,-0.6231,umap,no_issue_data
lobbyist_102108,FAITH CRISTOL,0.4822,-0.3965,umap,
lobbyist_105641,MIRANDA STRONG,-0.758,0.8275,umap,no_issue_data
lobbyist_106114,ERIC FELDMAN,-0.1086,0.0459,umap,
lobbyist_113186,CHARLES BOLDEN,0.4481,0.1442,umap,
lobbyist_113723,SHANNON WU,0.0237,-0.3091,umap,
lobbyist_114126,NICHOLAS XENAKIS,0.0793,-0.0325,umap,
lobbyist_114481,JENNIFER TYLER,0.1778,-0.9957,umap,no_issue_data
lobbyist_138979,MICHAEL BLOOMQUIST,-0.9506,0.2692,umap,no_issue_data
lobbyist_139417,KARA ADAME,0.003,0.0802,umap,
lobbyist_140185,MEGHAN PEARCE,-0.121,0.3005,umap,
lobbyist_140234,ANDREW VOGT,0.0421,-0.2311,umap,
lobbyist_141320,MAGGIE WOODIN,-0.1344,-0.6302,umap,
lobbyist_141639,JESSICA MOORE,0.059,-0.1225,umap,
lobbyist_141759,CISSY JACKSON,0.022,-0.123,umap,
lobbyist_142494,KRISTINA KO,0.04,-0.2952,umap,
lobbyist_147067,CATHERINE FUCHS,-0.1112,0.0923,umap,
lobbyist_151407,PATRICK FLOOD,-0.0498,-0.1213,umap,
lobbyist_42531,MARGARET GARRETT,-0.2502,-0.534,umap,
lobbyist_55440,MICHELE WYMER,-0.3574,-0.4086,umap,
lobbyist_59013,LAWRENCE NAVIN,-0.951,0.2691,umap,no_issue_data
lobbyist_67334,JOCELYN ZIEMIAN,-0.0659,0.6615,umap,
lobbyist_68173,DANIELLE BURR,0.086,0.1395,umap,
lobbyist_68969,MARK AITKEN,0.1858,-0.0379,umap,
lobbyist_69439,COURTNEY HOUSTON-CARTER,0.2425,-0.1631,umap,
lobbyist_69575,ALLEN JAMERSON,0.1782,-0.9954,umap,no_issue_data
lobbyist_70328,KEVIN KLEIN,-0.6003,0.6599,umap,no_issue_data
lobbyist_72512,STEPHEN CLAEYS,-0.2818,0.9924,umap,no_issue_data
lobbyist_73963,STEFANIE DEARIE,-0.0535,-0.047,umap,
lobbyist_79175,JOSH JORGENSEN,0.3059,-0.2904,umap,
lobbyist_79394,ANNE ESPOSITO,0.5184,-0.0673,umap,
lobbyist_79820,KATIE MADDOCKS,0.1731,-0.9928,umap,no_issue_data
lobbyist_89314,THOMAS BOWMAN,0.176,-0.9973,umap,no_issue_data
lobbyist_92102,REBEKAH ARMSTRONG,-0.2032,-0.0416,umap,
lobbyist_92757,JENNIFER CAREY,0.5417,-0.4059,umap,
lobbyist_96988,PAUL GAGE,0.5184,-0.0673,umap,
lobbyist_98414,KEVIN KANE,0.1964,-0.0592,umap,
lobbyist_102616,ALLISON REILLY,-0.1133,-0.0871,umap,
lobbyist_106502,LEM SMITH,-0.9534,0.2699,umap,no_issue_data
lobbyist_107194,BRIAN SIMON,-0.0408,-0.0768,umap,
lobbyist_107363,JAMES O'NEILL,-0.9923,-0.2016,umap,no_issue_data
lobbyist_108477,SKYLAR SOWDER,0.2683,-0.0492,umap,
lobbyist_138026,MARK GALLAGHER,-0.5975,0.6587,umap,no_issue_data
lobbyist_139066,SARAH MINEIRO,-0.0842,-0.1407,umap,
lobbyist_139072,TERENCE MCCULLEY,-0.9518,0.2706,umap,no_issue_data
lobbyist_139361,PEGGY RAMIN,0.9939,-0.5457,umap,no_issue_data
lobbyist_139398,ALEXANDRA TRAN,-0.1212,0.3048,umap,
lobbyist_140344,CORY BULLOCK,-0.1283,-0.1219,umap,
lobbyist_140652,KATHERINA DIMENSTEIN,-0.2847,0.9948,umap,no_issue_data
lobbyist_141223,ANDREW OKUYIGA,0.9903,-0.5481,umap,no_issue_data
lobbyist_143729,WILLIAM DUHNKE,0.059,-0.0107,umap,
lobbyist_144960,KIMBERLY LOVE,0.0743,-0.2403,umap,
lobbyist_145936,JAMIYL PETERS,0.1762,-0.9948,umap,no_issue_data
lobbyist_146059,JOHN NORTHINGTON,0.0925,-0.0294,umap,
lobbyist_146290,ALYSON SINCAVAGE,0.2652,-0.202,umap,
lobbyist_146972,ADRIELLE CHURCHILL WIESE,-0.1408,-0.1617,umap,
lobbyist_147155,ALEXANDRA KING,-0.1436,-0.1371,umap,
lobbyist_149372,ALEXANDRA FOLEY,-0.9505,0.2694,umap,no_issue_data
lobbyist_150663,JUAN BUHIGAS PALINKASEV,-0.049,-0.1249,umap,
lobbyist_151063,DAVID HEITLINGER,-0.1261,-0.1263,umap,
lobbyist_4416,LAURA LINDERMAN BARKER,-0.1556,-0.2316,umap,
lobbyist_57029,RYAN ROBICHAUX,-0.2818,0.9923,umap,no_issue_data
lobbyist_65063,MICHAEL STALEY,-0.0239,-0.2852,umap,
lobbyist_66071,DALE NELLOR,0.2793,-0.0206,umap,
lobbyist_67508,MATT BECKWITH,-0.5988,0.6595,umap,no_issue_data
lobbyist_67608,PETER KLENSCH,-0.1181,0.3011,umap,
lobbyist_69774,CATHERINE ROBINSON,-0.9491,0.2712,umap,no_issue_data
lobbyist_70189,ALISON ESQUEA,-0.1848,-0.0495,umap,
lobbyist_70777,CATHERINE MEIER,-0.7594,0.826,umap,no_issue_data
lobbyist_71417,ALEXANDER HUTKIN,-0.2194,-0.2246,umap,
lobbyist_72227,STEVE GONZALEZ,0.1305,-0.1056,umap,
lobbyist_72550,ERIN NEILL,0.1874,0.0291,umap,
lobbyist_72618,ROBERT MINEHART,-0.2137,-0.3904,umap,
lobbyist_72790,ARNAB DATTA,-0.7863,-0.6216,umap,no_issue_data
lobbyist_74191,JOHN TANNER,0.1374,0.217,umap,
lobbyist_93387,LARRY PUCCIO,0.3838,0.2356,umap,
lobbyist_107189,ANGEL MOORE,0.3847,0.2363,umap,
lobbyist_138081,HEBA ABDELAAL,0.1773,-0.996,umap,no_issue_data
lobbyist_139185,JORDAN BONFITTO,-0.9898,-0.204,umap,no_issue_data
lobbyist_139333,MICHAEL O'REILLY,-0.7587,0.8267,umap,no_issue_data
lobbyist_139631,ANDRES BASCUMBE,0.1772,-0.9961,umap,no_issue_data
lobbyist_139712,AMY MURPHY,0.0755,0.0849,umap,
lobbyist_145330,NICHOLAS STEWART,-0.0151,-0.0736,umap,
lobbyist_147417,JENNESS SIMLER,-0.5999,0.6586,umap,no_issue_data
lobbyist_149054,PETER LEWIS,0.0774,0.0438,umap,
lobbyist_149207,THOMAS WOTKA,0.1019,0.0147,umap,
lobbyist_150662,AUSTIN GAGE,-0.0533,-0.0846,umap,
lobbyist_2567,ED REDFERN,0.175,-0.9982,umap,no_issue_data
lobbyist_55721,MICHAEL TELSON,-0.995,-0.1991,umap,no_issue_data
lobbyist_56351,DENISE EDWARDS,-0.1124,-0.0444,umap,
lobbyist_62273,KEITH NELSON,-0.2837,0.994,umap,no_issue_data
lobbyist_62627,KATHERINE ANDERSON,0.0973,-0.0704,umap,
lobbyist_64796,SARAH ABERNATHY,0.1682,-0.3236,umap,
lobbyist_66833,CYNTHIA BENS,-0.758,0.8274,umap,no_issue_data
lobbyist_67118,JENNIFER PODKUL,-0.0504,-0.0457,umap,
lobbyist_67120,CORY SHINDEL,-0.0502,-0.0459,umap,
lobbyist_67263,PHILIP KLEIN,-0.2824,0.9915,umap,no_issue_data
lobbyist_69750,ALICIA HENNIE,-0.7597,0.8258,umap,no_issue_data
lobbyist_70840,JUAN RANGEL,0.4737,-0.5773,umap,
lobbyist_70994,JERRY WHITE,-0.0893,-0.2825,umap,
lobbyist_71425,CHRISTINE CASTILLO,0.1366,0.1241,umap,
lobbyist_72508,GWEN FLEMING,-0.0244,0.0401,umap,
lobbyist_72634,ANGELA ARBOLEDA,0.004,0.0885,umap,
lobbyist_72891,ERIN MCCONNELL,-0.9953,-0.1998,umap,no_issue_data
lobbyist_73293,WAYNE KING,-0.6003,0.6604,umap,no_issue_data
lobbyist_86517,MEGHAN MCNAMARA,0.5596,-0.4066,umap,
lobbyist_92487,KATHRYN VERONA,0.1775,-0.9958,umap,no_issue_data
lobbyist_99232,WILL YEPEZ,-0.3095,-0.0491,umap,
lobbyist_120628,JASON KLEINMAN,0.0244,-0.3085,umap,
lobbyist_121775,PETE GIAMBASTIANI,0.0589,-0.1225,umap,
lobbyist_123757,PETER LEPSCH,-0.2811,0.9917,umap,no_issue_data
lobbyist_137891,DAVID GRIMALDI,-0.7853,-0.6225,umap,no_issue_data
lobbyist_141448,GREGORY WILCOXEN,0.9932,-0.5486,umap,no_issue_data
lobbyist_142564,BETSY FLORES,0.2795,-0.0192,umap,
lobbyist_144071,JEANNETTE WINDON,-0.7853,-0.6224,umap,no_issue_data
lobbyist_144599,KARIN JACOBY,0.1768,-0.9936,umap,no_issue_data
lobbyist_145631,RAUL ALVILLAR,-0.2808,0.9931,umap,no_issue_data
lobbyist_145870,RICHARD VAN BUREN,0.0713,-0.1867,umap,
lobbyist_146566,MARGARET MANNION,-0.0365,0.1588,umap,
lobbyist_146963,ZACHARY SPENCER,0.2781,0.0652,umap,
lobbyist_147533,LAURA KENT,0.0517,-0.2096,umap,
lobbyist_149658,JACK SCHULER,-0.0526,-0.1114,umap,
lobbyist_150689,JARED KARBOWSKY,-0.9505,0.2696,umap,no_issue_data
lobbyist_150909,LINDSEY SEIDMAN,0.0449,-0.0705,umap,
lobbyist_414,RAYMOND NATTER,-0.1815,0.0834,umap,
lobbyist_10468,ALFONSE D'AMATO,0.0132,-0.0923,umap,
lobbyist_15445,SCOTT MCCANDLESS,0.4631,-0.1986,umap,
lobbyist_44346,JOHN TRUMBORE,0.2398,-0.0383,umap,
lobbyist_49298,KIMBERLY GREEN,0.1775,-0.9958,umap,no_issue_data
lobbyist_55161,JAMES GAUTHIER,-0.0867,-0.1314,umap,
lobbyist_56466,CAROLINE ELIASSEN,0.1524,-0.0415,umap,
lobbyist_57142,THOMAS HEBERT,0.9986,-0.5517,umap,no_issue_data
lobbyist_59869,SUNIL MANSUKHANI,0.174,-0.9992,umap,no_issue_data
lobbyist_67034,PORTIA REDDICK WHITE,-0.6024,0.6556,umap,no_issue_data
lobbyist_67302,PETER HERZOG,-0.9951,-0.1992,umap,no_issue_data
lobbyist_68148,ALLISON KENNEDY,0.2282,0.0687,umap,
lobbyist_68210,CRYSTAL MARTINEZ,0.1371,0.1242,umap,
lobbyist_69188,TOM MCDONALD,-0.9929,-0.1971,umap,no_issue_data
lobbyist_72344,ALEXIS AAFEDT,-0.9957,-0.1987,umap,no_issue_data
lobbyist_73221,ANDREW FISHER,-0.7603,0.8265,umap,no_issue_data
lobbyist_80292,PRESTON RUTLEDGE,0.1774,-0.996,umap,no_issue_data
lobbyist_92663,GRANT GARDNER,0.1656,0.1548,umap,
lobbyist_99818,LEON BUCK,0.6115,0.5015,umap,
lobbyist_113050,ROBERT BISSEN,0.1688,-0.3241,umap,
lobbyist_113733,MEGHAN STRINGER,-0.2034,-0.0413,umap,
lobbyist_137871,BRADLEY MANNION,-0.1182,0.3011,umap,
lobbyist_138025,TOBY MCGRATH,-0.9524,0.2711,umap,no_issue_data
lobbyist_138693,KEVIN WASHINGTON,-0.9945,-0.1999,umap,no_issue_data
lobbyist_139524,ERIK JOHNSON,-0.7558,0.8294,umap,no_issue_data
lobbyist_139775,HILARY HALPERN,0.9985,-0.544,umap,no_issue_data
lobbyist_139854,JILIAN SOUZA,0.0038,0.0892,umap,
lobbyist_139867,MATT GRINNEY,-0.0364,-0.0027,umap,
lobbyist_140002,INDIA MCKINNEY,0.9947,-0.5474,umap,no_issue_data
lobbyist_140745,CHARLYN STANBERRY,0.994,-0.5474,umap,no_issue_data
lobbyist_141471,JAYMI LIGHT,-0.9504,0.2684,umap,no_issue_data
lobbyist_143291,ALISA CASAVANT,0.3029,-0.2906,umap,
lobbyist_146060,ANDREA ZUNIGA,-0.7575,0.827,umap,no_issue_data
lobbyist_146962,SEAN FINNERTY,0.4464,0.1584,umap,
lobbyist_147622,CHRISTOPHER MILES,-0.1273,-0.3246,umap,
lobbyist_147641,KEITH STERN,0.05,-0.0938,umap,
lobbyist_148055,BRETT BAILEY,-0.7867,-0.6204,umap,no_issue_data
lobbyist_148288,JESSICA STEFFENS,-0.1156,-0.1288,umap,
lobbyist_148857,MIMI BAIR,0.0754,-0.2386,umap,
lobbyist_149543,ALEJANDRO CISNEROS,-0.0588,0.0455,umap,
lobbyist_22888,GEORGE HOCHBRUECKNER,-0.9951,-0.1992,umap,no_issue_data
lobbyist_29801,LINDSAY MCLAUGHLIN,-0.3103,-0.0487,umap,
lobbyist_43153,ABIGAIL BLUNT,-0.348,-0.0441,umap,
lobbyist_43188,ELISABETH ROSS,-0.2792,0.9898,umap,no_issue_data
lobbyist_55368,KELLY REED,-0.1859,0.4556,umap,
lobbyist_57769,RICHARD KAELIN,-0.7873,-0.6215,umap,no_issue_data
lobbyist_57779,RON PHILLIPS,-0.6009,0.6587,umap,no_issue_data
lobbyist_58977,ALEXANDER SHIVELY,-0.9505,0.2697,umap,no_issue_data
lobbyist_61690,STACIA STANEK,-0.1859,0.4556,umap,
lobbyist_61778,DORA HUGHES,-0.0247,-0.286,umap,
lobbyist_64797,JOHN NEWTON,0.0112,0.1229,umap,
lobbyist_65846,SARA SINGLETON,0.0071,0.1838,umap,
lobbyist_66360,LUCAS TOMANELLI,0.2826,0.0243,umap,
lobbyist_68023,TREVOR PEARSON,0.2928,0.1436,umap,
lobbyist_68268,MICHAEL DANIELS,0.2769,-0.0125,umap,
lobbyist_69117,EMMETT O'KEEFE,0.2053,-0.0464,umap,
lobbyist_69435,VIRGINIA ZIGRAS,-0.0936,-0.1343,umap,
lobbyist_69897,JOHN RAYBURN,0.5955,0.1771,umap,
lobbyist_70970,ADAM BRAND,0.9943,-0.5477,umap,no_issue_data
lobbyist_71207,RYAN CANFIELD,0.128,0.0095,umap,
lobbyist_72116,FRANK HOWELL,0.2239,0.0093,umap,
lobbyist_77473,ALEXANDER WHITTINGTON,0.291,-0.1366,umap,
lobbyist_78651,HEIDI ROSS,0.3555,-0.2788,umap,
lobbyist_80321,ERIK RUST,-0.5987,0.6595,umap,no_issue_data
lobbyist_93728,JORDAN COX,-0.351,-0.0443,umap,
lobbyist_101987,ERIC MAUS,-0.118,0.3011,umap,
lobbyist_106094,RAPHAEL GOODSTEIN,0.124,0.0267,umap,
lobbyist_106984,EMILY BUCKMAN,0.0104,0.1211,umap,
lobbyist_107866,MICHAEL SMAHA,-0.7595,0.8258,umap,no_issue_data
lobbyist_108177,VALERIE JEWETT,0.597,0.1786,umap,
lobbyist_116488,MELISSA NETRAM,-0.0514,0.039,umap,
lobbyist_121433,CAMILLE LEPIRE,0.0454,-0.1871,umap,
lobbyist_140056,STEPHEN GALOWITZ,0.2815,0.0632,umap,
lobbyist_145507,BERNARD ROTHSCHILD,0.2691,-0.4958,umap,
lobbyist_145962,COLIN WHITNEY,0.1802,-0.9934,umap,no_issue_data
lobbyist_146184,CRAIG ROBERTS,-0.0049,-0.1029,umap,
lobbyist_146724,ANDREW SEDDIGHI,0.1753,-0.9979,umap,no_issue_data
lobbyist_147127,MICHAEL KOTSOVOS,-0.7598,0.8256,umap,no_issue_data
lobbyist_148047,KIMBERLY SULLIVAN,-0.3574,-0.4086,umap,
lobbyist_149692,IHNA VARNER,0.0631,-0.048,umap,
lobbyist_52685,ROBERT BENNETT,-0.3233,0.1414,umap,
lobbyist_68343,CHRISTOPHER ADAMO,0.3389,0.0222,umap,
lobbyist_69081,JASON ISAKOVIC,-0.5961,0.6617,umap,no_issue_data
lobbyist_69443,MARK DIPLACIDO,0.0903,0.1981,umap,
lobbyist_69758,TODD ENNENGA,-0.6003,0.6583,umap,no_issue_data
lobbyist_70258,NATHAN ROBINSON,0.9989,-0.5517,umap,no_issue_data
lobbyist_70726,DANTE CUTRONA,0.259,0.0114,umap,
lobbyist_80298,MARK DUNN,0.9959,-0.5467,umap,no_issue_data
lobbyist_84394,ADAM HUFTALEN,-0.1284,-0.3255,umap,
lobbyist_109150,JASON KRATOVIL,-0.7841,-0.6211,umap,no_issue_data
lobbyist_112456,GERRY REGEP,-0.5987,0.6596,umap,no_issue_data
lobbyist_115763,EOIN MCKENNA,0.126,0.2066,umap,
lobbyist_120812,MARLISS MCMANUS,-0.0363,-0.0423,umap,
lobbyist_121844,CAROLINE HURLEY,-0.2801,0.9906,umap,no_issue_data
lobbyist_133265,MELISSA BURNISON,-0.6002,0.6584,umap,no_issue_data
lobbyist_139371,JOSEPH VAUGHAN,-0.0364,0.0293,umap,
lobbyist_139489,BRAD BISHOP,0.0772,-0.1246,umap,
lobbyist_139547,BRANTLEY SEIFERS,-0.3683,0.4385,umap,
lobbyist_140419,CARLA HURT MINTZ,0.358,-0.2824,umap,
lobbyist_140672,DEBORAH KOOLBECK,-0.7554,0.8248,umap,no_issue_data
lobbyist_141338,DARIN GURIES,-0.012,0.2936,umap,
lobbyist_145120,ANNA PRZEBINDA,-0.9953,-0.1993,umap,no_issue_data
lobbyist_146704,LILLIAN ADELSTEIN,-0.0194,-0.1138,umap,
lobbyist_148957,JORDAN BROSSI,0.0584,-0.1906,umap,
lobbyist_4067,THOMAS GLASS,-0.7854,-0.6223,umap,no_issue_data
lobbyist_39694,GREGORY DOLAN,-0.758,0.8272,umap,no_issue_data
lobbyist_41357,DAVID ISRAELITE,-0.7563,0.8289,umap,no_issue_data
lobbyist_48265,LINDA DASCHLE,-0.2861,0.9878,umap,no_issue_data
lobbyist_49587,CHRISTOPHER KOPPEN,0.0762,-0.2372,umap,
lobbyist_52518,ROBERT FREEMAN,0.1259,-0.1041,umap,
lobbyist_53432,HAROON KHAN,0.178,-0.9955,umap,no_issue_data
lobbyist_55882,COURTNEY YOHE SAVAGE,0.4868,-0.3928,umap,
lobbyist_60824,PAUL DELANEY,0.1783,-0.0338,umap,
lobbyist_64139,TIM BISHOP,0.0988,-0.168,umap,
lobbyist_67239,SHANE GOETTLE,-0.5976,0.6606,umap,no_issue_data
lobbyist_67927,JULIA PEEBLES,0.9915,-0.5505,umap,no_issue_data
lobbyist_70807,EARL SCOTT FLOOD,-0.7868,-0.6231,umap,no_issue_data
lobbyist_87686,CLAIRE RICHER,-0.7587,0.8266,umap,no_issue_data
lobbyist_91957,JENNIFER BARBLAN,-0.9466,0.2723,umap,no_issue_data
lobbyist_101055,JAYSON SCHIMMENTI,0.3456,-0.1106,umap,
lobbyist_106068,EVA HAMPL,-0.1093,0.0445,umap,
lobbyist_119541,COURTNEY BRIGGS,0.0111,0.1221,umap,
lobbyist_121156,JOSEPH PETRZELKA,-0.9952,-0.1992,umap,no_issue_data
lobbyist_137028,KAITLIN D'AMATO,-0.9521,0.2711,umap,no_issue_data
lobbyist_137932,STEPHANIE SALVADOR,-0.2787,0.9935,umap,no_issue_data
lobbyist_139575,DAVID CARLUCCI,-0.7909,-0.6274,umap,no_issue_data
lobbyist_139830,BRAD WILSON,-0.7579,0.8273,umap,no_issue_data
lobbyist_140083,ERIC HANNIS,-0.5195,-0.4966,umap,
lobbyist_140329,JOBY YOUNG,0.0117,0.1221,umap,
lobbyist_140543,ROBERT EMMETT,-0.9936,-0.2007,umap,no_issue_data
lobbyist_140719,CHELSEA AQUINO-FENSTERMAKER,-0.2815,0.9919,umap,no_issue_data
lobbyist_141370,VICTOR SARMIENTO,0.282,0.1476,umap,
lobbyist_143715,MACKENSIE BURT,-0.0386,-0.1542,umap,
lobbyist_145207,KATE DOMANSKI,-0.0588,-0.1676,umap,
lobbyist_145372,KAREN CONWELL SMITH,-0.1142,0.2987,umap,
lobbyist_146242,DANE BAHNSEN,0.1775,-0.9958,umap,no_issue_data
lobbyist_147808,AMANDA SCHAUMBURG,-0.9957,-0.2021,umap,no_issue_data
lobbyist_149015,KEVIN HOLLINGER,-0.2777,0.9882,umap,no_issue_data
lobbyist_149141,DOUGLAS JORDAN,-0.9485,0.2682,umap,no_issue_data
lobbyist_150500,MOLLY FROMM,0.0649,-0.0758,umap,
lobbyist_49340,JAMES PERICOLA,-0.1276,-0.325,umap,
lobbyist_54812,TOMMIE CARDIN,0.12,-0.0259,umap,
lobbyist_59339,LAURA PICKARD,-0.9523,0.2682,umap,no_issue_data
lobbyist_60537,SEAN KING,0.1777,-0.9957,umap,no_issue_data
lobbyist_62576,JEFFREY MERRIFIELD,0.37,0.2244,umap,
lobbyist_64198,JOHN SHADEGG,0.3048,-0.2988,umap,
lobbyist_65080,DAVID EATON,0.271,-0.2139,umap,
lobbyist_66040,SARAH BROWN,-0.0232,0.0249,umap,
lobbyist_69948,KAITLYN BOECKER,-0.9952,-0.1993,umap,no_issue_data
lobbyist_70793,JEFFREY DRESSLER,0.298,-0.1427,umap,
lobbyist_71120,JONATHON LEHMAN,-0.2819,0.9911,umap,no_issue_data
lobbyist_71490,KARA TOWNSEND,0.2991,-0.3002,umap,
lobbyist_71726,ALEX NOFFSINGER,0.3043,-0.0006,umap,
lobbyist_72626,ERIN ENNIS,-0.1092,0.0446,umap,
lobbyist_72890,KODIAK HILL-DAVIS,0.3508,-0.1139,umap,
lobbyist_73108,WILLIAM DEVINE,-0.0497,0.0471,umap,
lobbyist_83911,JAMES LOCKE,-0.1345,-0.6302,umap,
lobbyist_93712,GRANT COUCH,0.0755,-0.2012,umap,
lobbyist_100039,JOO-JIN ONG,0.1797,-0.9932,umap,no_issue_data
lobbyist_102368,MYKEL WEDIG BICKHAM,0.3385,0.0221,umap,
lobbyist_108232,ROBERT CLARK,-0.7568,0.8282,umap,no_issue_data
lobbyist_112583,JOURDAN LEWIS,0.2984,0.0428,umap,
lobbyist_114770,CHRISTOPHER HUDGINS,-0.9942,-0.2004,umap,no_issue_data
lobbyist_137951,NORBERTO SALINAS,-0.1816,0.0833,umap,
lobbyist_138344,MICHAEL COPHER,-0.3098,-0.049,umap,
lobbyist_139062,EDWARD MURRAY,-0.783,-0.6204,umap,no_issue_data
lobbyist_139805,JENNIFER MAGGIORE,-0.2814,0.9918,umap,no_issue_data
lobbyist_139911,JESSICA LENARD,0.0869,-0.1441,umap,
lobbyist_140294,JAMES CONWAY,0.1059,-0.0196,umap,
lobbyist_140907,ALLISON CRITTENDEN,0.2704,-0.0704,umap,
lobbyist_141203,RACHEL BISSEX,0.0768,0.0797,umap,
lobbyist_145174,ANNA WALDMAN,-0.3233,0.1414,umap,
lobbyist_146245,TAYLOR GARCIA,-0.5195,-0.4965,umap,
lobbyist_146517,WILLIAM SHERMAN,0.4496,0.1429,umap,
lobbyist_148828,MEGHAN SCHMIDTLEIN,0.1142,-0.0513,umap,
lobbyist_148961,JOHN RUPPERT,-1.0,-0.2037,umap,no_issue_data
lobbyist_150082,DEAN THOMAS,-0.6026,0.6563,umap,no_issue_data
lobbyist_150469,WILLIAM SITTON,0.3009,0.0013,umap,
lobbyist_150563,MICHAEL SNIDER,0.0865,-0.0654,umap,
lobbyist_14199,DAVID KARNES,-0.9954,-0.1995,umap,no_issue_data
lobbyist_24477,ROBERT SANER,-0.7578,0.8274,umap,no_issue_data
lobbyist_32379,DAVID MANNS,-0.7582,0.8278,umap,no_issue_data
lobbyist_33665,MICHAEL LEVY,-0.0253,0.0308,umap,
lobbyist_54675,REBECCA MOND,0.0737,0.0935,umap,
lobbyist_56074,JOSEPH COHN,-0.7557,0.826,umap,no_issue_data
lobbyist_58471,CARON WHITAKER,-0.9999,-0.1954,umap,no_issue_data
lobbyist_59286,RYAN QUINN,-0.7561,0.829,umap,no_issue_data
lobbyist_65333,MILES BAKER,0.5399,0.1075,umap,
lobbyist_66513,NICHOLAS BEEK,0.4869,-0.3929,umap,
lobbyist_71580,VICKI CHRISTOPHERSEN,-0.9521,0.2713,umap,no_issue_data
lobbyist_72937,RICHARD TESORIERO,-0.6001,0.6584,umap,no_issue_data
lobbyist_74387,AMI SANCHEZ,-0.9503,0.2711,umap,no_issue_data
lobbyist_80278,CARYN SCHENEWERK,-0.2832,0.9918,umap,no_issue_data
lobbyist_99039,JACK FRYE,-0.9515,0.2709,umap,no_issue_data
lobbyist_106750,SEAN PUGH,0.6123,0.5022,umap,
lobbyist_138188,SHANNON HINES,-0.7558,0.8254,umap,no_issue_data
lobbyist_138505,SPENCER TALLEY,0.2793,0.0638,umap,
lobbyist_138742,SALLY SULLIVAN,-0.5195,-0.4965,umap,
lobbyist_139390,LAUREN COHEN,-0.5987,0.6597,umap,no_issue_data
lobbyist_140697,BRYDON ROSS,0.5393,0.107,umap,
lobbyist_141167,JASMINE THEOBAL,-0.1215,0.3055,umap,
lobbyist_142614,JAN BRUNNER,0.3475,0.2019,umap,
lobbyist_143057,LAYLA OGHABIAN,-0.1213,0.306,umap,
lobbyist_145385,CONNOR VARGO,0.2219,0.0722,umap,
lobbyist_145639,JOHN NOONAN,-0.7856,-0.6224,umap,no_issue_data
lobbyist_146508,CASEY FITZPATRICK,-0.9504,0.2699,umap,no_issue_data
lobbyist_148463,TYLER GRASSMEYER,0.1786,-0.9946,umap,no_issue_data
lobbyist_148875,JASON THIELMAN,0.0437,-0.0492,umap,
lobbyist_149409,TRAVIS MARTINEZ,-0.1054,0.548,umap,
lobbyist_149907,REUBEN SHORTNACY,0.9937,-0.547,umap,no_issue_data
lobbyist_150240,MATTHEW HAYDEN,-0.9965,-0.1994,umap,no_issue_data
lobbyist_150712,ANDREW DONNELLY,-0.7576,0.8274,umap,no_issue_data
lobbyist_5935,SHAWN GALLAGHER,0.0685,-0.527,umap,
lobbyist_21993,BOBBY SILVERSTEIN,-0.996,-0.1997,umap,no_issue_data
lobbyist_50755,MICHAEL KANS,0.2365,-0.0084,umap,
lobbyist_54875,BRANDON GRYDE,-0.9981,-0.2017,umap,no_issue_data
lobbyist_55611,RACHEL MEYER,-0.0306,-0.2854,umap,
lobbyist_62424,MATT MANDEL,-0.9511,0.2696,umap,no_issue_data
lobbyist_64423,BRIAN DEMPSEY,-0.406,-0.0134,umap,
lobbyist_66432,RENEE JONES,0.4659,0.0054,umap,
lobbyist_67504,JASON LEMIEUX,0.9954,-0.5486,umap,no_issue_data
lobbyist_68554,ANDREW THARP,-0.11,-0.0908,umap,
lobbyist_68765,JESSICA ZIELKE,0.1777,-0.9956,umap,no_issue_data
lobbyist_69243,MAUREEN ONEILL,-0.1134,-0.284,umap,
lobbyist_69448,TIFFANY HAAS,0.1785,-0.9949,umap,no_issue_data
lobbyist_69834,JEE LEE,0.1516,0.1045,umap,
lobbyist_69946,LISA ELLMAN,0.0467,0.0014,umap,
lobbyist_70012,CAITLIN BERNI,-0.5982,0.6573,umap,no_issue_data
lobbyist_70717,CELESTE DRAKE,-0.0399,0.1555,umap,
lobbyist_71047,GUNEEV SHARMA,0.5301,0.0999,umap,
lobbyist_71155,CHARLES DENT,0.0154,-0.0868,umap,
lobbyist_71584,MARK DANN,-0.2296,0.1684,umap,
lobbyist_71870,MARCUS JADOTTE,-0.5195,-0.4965,umap,
lobbyist_72133,THOMAS GREEN,-0.7557,0.8291,umap,no_issue_data
lobbyist_72180,MARK HOPSON,-0.7575,0.8275,umap,no_issue_data
lobbyist_73513,JASON MILLER,0.1521,-0.1103,umap,
lobbyist_79887,NEIL BJORKMAN,0.0506,0.0626,umap,
lobbyist_90141,GRACE KOH,0.1954,-0.1622,umap,
lobbyist_120822,VERONICA JACKSON,-0.7544,0.8291,umap,no_issue_data
lobbyist_121910,MARY CRONIN,0.4603,0.0204,umap,
lobbyist_135432,ANDREW EARL,-0.9972,-0.1971,umap,no_issue_data
lobbyist_138640,ERIC MAY,-0.0134,0.293,umap,
lobbyist_139047,ZACHARY JONAS,-0.5995,0.6588,umap,no_issue_data
lobbyist_140663,NATALIE MCGARRY,0.2554,-0.2181,umap,
lobbyist_140664,DANIELLE BARRETT,0.258,-0.2165,umap,
lobbyist_141415,JANELLE RELFE,-0.9505,0.2699,umap,no_issue_data
lobbyist_142590,DANIEL SMITH,0.2133,0.1659,umap,
lobbyist_143032,SUSANNA HASTINGS,-0.5983,0.6599,umap,no_issue_data
lobbyist_143912,SIMON COON,-0.0884,-0.1578,umap,
lobbyist_146326,KATHERINE BYERS,-0.7544,0.8304,umap,no_issue_data
lobbyist_147696,KRISTOPHER BREAUX,-0.0877,-0.1437,umap,
lobbyist_148485,MARK CLACK,0.0069,0.1013,umap,
lobbyist_148529,JACK FINNEGAN,-1e-04,-0.0706,umap,
lobbyist_149306,NICHOLAS NASTASI,-0.18,-0.0509,umap,
lobbyist_7887,PATRICK MALONE,0.1756,-0.9976,umap,no_issue_data
lobbyist_43031,LEVON BOYAGIAN,-0.5998,0.6585,umap,no_issue_data
lobbyist_53810,RYAN CARROLL,-0.7573,0.8277,umap,no_issue_data
lobbyist_56858,FREDERICK GESSNER,-0.1381,-0.1244,umap,
lobbyist_60924,ZACHARY CLARK,-0.3683,0.4385,umap,
lobbyist_64906,TODD SMITH,-0.7827,-0.6251,umap,no_issue_data
lobbyist_66872,JACK QUINN,0.0822,0.0066,umap,
lobbyist_67612,ALLEN JOHNSON,-0.1202,0.2991,umap,
lobbyist_69196,TRALONNE SHORTER,-0.95,0.2705,umap,no_issue_data
lobbyist_69453,KEVIN FROMER,-0.5993,0.659,umap,no_issue_data
